2026-06-23 21:24:01,918 - INFO - --- Drogal Scraper Starting ---
2026-06-23 21:24:01,919 - INFO - Iniciando teste com 500 URLs
2026-06-23 21:24:01,919 - INFO - Extraindo sitemap base: https://www.drogal.com.br/sitemap.xml
2026-06-23 21:24:04,311 - INFO - Baixando sitemap: https://www.drogal.com.br/sitemap/product-0.xml
2026-06-23 21:24:06,906 - INFO - Baixando sitemap: https://www.drogal.com.br/sitemap/product-1.xml
2026-06-23 21:24:09,219 - INFO - Baixando sitemap: https://www.drogal.com.br/sitemap/product-10.xml
2026-06-23 21:24:11,680 - INFO - Baixando sitemap: https://www.drogal.com.br/sitemap/product-11.xml
2026-06-23 21:24:14,333 - INFO - Baixando sitemap: https://www.drogal.com.br/sitemap/product-12.xml
2026-06-23 21:24:16,720 - INFO - Baixando sitemap: https://www.drogal.com.br/sitemap/product-13.xml
2026-06-23 21:24:19,280 - INFO - Baixando sitemap: https://www.drogal.com.br/sitemap/product-14.xml
2026-06-23 21:24:21,603 - INFO - Baixando sitemap: https://www.drogal.com.br/sitemap/product-15.xml
2026-06-23 21:24:24,315 - INFO - Baixando sitemap: https://www.drogal.com.br/sitemap/product-16.xml
2026-06-23 21:24:26,647 - INFO - Baixando sitemap: https://www.drogal.com.br/sitemap/product-17.xml
2026-06-23 21:24:28,988 - INFO - Baixando sitemap: https://www.drogal.com.br/sitemap/product-18.xml
2026-06-23 21:24:31,302 - INFO - Baixando sitemap: https://www.drogal.com.br/sitemap/product-19.xml
2026-06-23 21:24:33,631 - INFO - Baixando sitemap: https://www.drogal.com.br/sitemap/product-2.xml
2026-06-23 21:24:35,933 - INFO - Baixando sitemap: https://www.drogal.com.br/sitemap/product-20.xml
2026-06-23 21:24:38,328 - INFO - Baixando sitemap: https://www.drogal.com.br/sitemap/product-3.xml
2026-06-23 21:24:40,963 - INFO - Baixando sitemap: https://www.drogal.com.br/sitemap/product-4.xml
2026-06-23 21:24:43,268 - INFO - Baixando sitemap: https://www.drogal.com.br/sitemap/product-5.xml
2026-06-23 21:24:45,684 - INFO - Baixando sitemap: https://www.drogal.com.br/sitemap/product-6.xml
2026-06-23 21:24:48,651 - INFO - Baixando sitemap: https://www.drogal.com.br/sitemap/product-7.xml
2026-06-23 21:24:50,934 - INFO - Baixando sitemap: https://www.drogal.com.br/sitemap/product-8.xml
2026-06-23 21:24:53,289 - INFO - Baixando sitemap: https://www.drogal.com.br/sitemap/product-9.xml
2026-06-23 21:24:56,012 - INFO - Encontradas 20659 URLs de produtos.
2026-06-23 21:24:56,013 - INFO - Extraindo 500 URLs de produtos para teste...
2026-06-23 21:25:33,861 - INFO - Dados salvos em JSON: c:\Users\Fabio\Git\drogacentro\output\Scrape_Drogal_2026-06-23.json
2026-06-23 21:25:33,861 - WARNING - Nenhum dado para salvar.
2026-06-23 21:25:33,861 - INFO - --- Drogal Finish ---
2026-06-23 21:25:33,861 - INFO - Tempo total: 91.94 segundos
2026-06-23 21:25:33,861 - INFO - Total de produtos com sucesso: 0
2026-06-23 21:25:33,861 - INFO - Total de produtos sem EAN: 0
2026-06-23 21:25:33,861 - INFO - Total de produtos com falha: 500
2026-06-23 21:34:56,281 - INFO - --- Drogal Scraper Starting ---
2026-06-23 21:34:56,281 - INFO - Iniciando teste com 500 URLs
2026-06-23 21:34:56,281 - INFO - Extraindo sitemap base: https://www.drogal.com.br/sitemap.xml
2026-06-23 21:34:58,521 - INFO - Baixando sitemap: https://www.drogal.com.br/sitemap/product-0.xml
2026-06-23 21:35:01,063 - INFO - Baixando sitemap: https://www.drogal.com.br/sitemap/product-1.xml
2026-06-23 21:35:03,381 - INFO - Baixando sitemap: https://www.drogal.com.br/sitemap/product-10.xml
2026-06-23 21:35:05,596 - INFO - Baixando sitemap: https://www.drogal.com.br/sitemap/product-11.xml
2026-06-23 21:35:08,312 - INFO - Baixando sitemap: https://www.drogal.com.br/sitemap/product-12.xml
2026-06-23 21:35:10,982 - INFO - Baixando sitemap: https://www.drogal.com.br/sitemap/product-13.xml
2026-06-23 21:35:13,358 - INFO - Baixando sitemap: https://www.drogal.com.br/sitemap/product-14.xml
2026-06-23 21:35:15,742 - INFO - Baixando sitemap: https://www.drogal.com.br/sitemap/product-15.xml
2026-06-23 21:35:17,952 - INFO - Baixando sitemap: https://www.drogal.com.br/sitemap/product-16.xml
2026-06-23 21:35:20,373 - INFO - Baixando sitemap: https://www.drogal.com.br/sitemap/product-17.xml
2026-06-23 21:35:23,066 - INFO - Baixando sitemap: https://www.drogal.com.br/sitemap/product-18.xml
2026-06-23 21:35:25,669 - INFO - Baixando sitemap: https://www.drogal.com.br/sitemap/product-19.xml
2026-06-23 21:35:28,315 - INFO - Baixando sitemap: https://www.drogal.com.br/sitemap/product-2.xml
2026-06-23 21:35:30,751 - INFO - Baixando sitemap: https://www.drogal.com.br/sitemap/product-20.xml
2026-06-23 21:35:33,088 - INFO - Baixando sitemap: https://www.drogal.com.br/sitemap/product-3.xml
2026-06-23 21:35:35,814 - INFO - Baixando sitemap: https://www.drogal.com.br/sitemap/product-4.xml
2026-06-23 21:35:38,034 - INFO - Baixando sitemap: https://www.drogal.com.br/sitemap/product-5.xml
2026-06-23 21:35:40,321 - INFO - Baixando sitemap: https://www.drogal.com.br/sitemap/product-6.xml
2026-06-23 21:35:42,819 - INFO - Baixando sitemap: https://www.drogal.com.br/sitemap/product-7.xml
2026-06-23 21:35:45,353 - INFO - Baixando sitemap: https://www.drogal.com.br/sitemap/product-8.xml
2026-06-23 21:35:47,709 - INFO - Baixando sitemap: https://www.drogal.com.br/sitemap/product-9.xml
2026-06-23 21:35:50,086 - INFO - Encontradas 20659 URLs de produtos.
2026-06-23 21:35:50,086 - INFO - Extraindo 500 URLs de produtos para teste...
2026-06-23 21:35:50,535 - WARNING - Price tag not found (selector: meta[property="product:price:amount"]) for https://www.drogal.com.br/protetor-solar-neutrogena-sun-fresh-fps50-120ml/p
2026-06-23 21:35:50,539 - WARNING - Product data has EAN/Name but invalid price: {'url': 'https://www.drogal.com.br/protetor-solar-neutrogena-sun-fresh-fps50-120ml/p', 'price': None, 'ean': '7891010510985', 'name': 'Protetor Solar Neutrogena Sun Fresh FPS50 120ml'} for https://www.drogal.com.br/protetor-solar-neutrogena-sun-fresh-fps50-120ml/p
2026-06-23 21:35:50,564 - WARNING - Price tag not found (selector: meta[property="product:price:amount"]) for https://www.drogal.com.br/suplemento-alimentar-sany-d-solucao-gotas-sabor-maca-verde-10ml/p
2026-06-23 21:35:50,567 - WARNING - Product data has EAN/Name but invalid price: {'url': 'https://www.drogal.com.br/suplemento-alimentar-sany-d-solucao-gotas-sabor-maca-verde-10ml/p', 'price': None, 'ean': '7896658038730', 'name': 'Suplemento Alimentar Sany D Solução Gotas Sabor Maça Verde 10ml'} for https://www.drogal.com.br/suplemento-alimentar-sany-d-solucao-gotas-sabor-maca-verde-10ml/p
2026-06-23 21:35:50,746 - WARNING - Price tag not found (selector: meta[property="product:price:amount"]) for https://www.drogal.com.br/fentizol-20mgml-solucao-spray-30ml/p
2026-06-23 21:35:50,749 - WARNING - Product data has EAN/Name but invalid price: {'url': 'https://www.drogal.com.br/fentizol-20mgml-solucao-spray-30ml/p', 'price': None, 'ean': '7896658001390', 'name': 'Fentizol 20mg/ml Solução Spray 30ml'} for https://www.drogal.com.br/fentizol-20mgml-solucao-spray-30ml/p
2026-06-23 21:35:50,773 - WARNING - Price tag not found (selector: meta[property="product:price:amount"]) for https://www.drogal.com.br/kit-desodorante-antitranspirante-aerosol-rexona-men-impacto-xtracool-vini-jr-72h-150ml-cada-figurinhas-copa-do-mundo-fifa-2026-2-pacotes/p
2026-06-23 21:35:50,775 - WARNING - Product data has EAN/Name but invalid price: {'url': 'https://www.drogal.com.br/kit-desodorante-antitranspirante-aerosol-rexona-men-impacto-xtracool-vini-jr-72h-150ml-cada-figurinhas-copa-do-mundo-fifa-2026-2-pacotes/p', 'price': None, 'ean': '7891150108288', 'name': 'Kit Desodorante Antitranspirante Aerosol Rexona Men Impacto + Xtracool Vini Jr 72h 150ml Cada + Figurinhas Copa do Mundo FIFA 2026 2 Pacotes'} for https://www.drogal.com.br/kit-desodorante-antitranspirante-aerosol-rexona-men-impacto-xtracool-vini-jr-72h-150ml-cada-figurinhas-copa-do-mundo-fifa-2026-2-pacotes/p
2026-06-23 21:35:50,804 - WARNING - Price tag not found (selector: meta[property="product:price:amount"]) for https://www.drogal.com.br/neosoro-fluid-alto-volume-09-po-para-solucao-nasal-30-saches-frasco-aplicador/p
2026-06-23 21:35:50,807 - WARNING - Product data has EAN/Name but invalid price: {'url': 'https://www.drogal.com.br/neosoro-fluid-alto-volume-09-po-para-solucao-nasal-30-saches-frasco-aplicador/p', 'price': None, 'ean': '7896714295305', 'name': 'Descongestionante Nasal Neosoro Fluid Alto Volume 0,9% Pó Para Solução Nasal 30 Sachês + Frasco Aplicador 240ml'} for https://www.drogal.com.br/neosoro-fluid-alto-volume-09-po-para-solucao-nasal-30-saches-frasco-aplicador/p
2026-06-23 21:35:50,837 - WARNING - Price tag not found (selector: meta[property="product:price:amount"]) for https://www.drogal.com.br/shampoo-dove-bond-intense-repair-350ml/p
2026-06-23 21:35:50,840 - WARNING - Product data has EAN/Name but invalid price: {'url': 'https://www.drogal.com.br/shampoo-dove-bond-intense-repair-350ml/p', 'price': None, 'ean': '7891150095588', 'name': 'Shampoo Dove Bond Intense Repair + Peptídeo 350ml'} for https://www.drogal.com.br/shampoo-dove-bond-intense-repair-350ml/p
2026-06-23 21:35:50,863 - WARNING - Price tag not found (selector: meta[property="product:price:amount"]) for https://www.drogal.com.br/refil-para-escova-eletrica-oral-b-disney-princesas-2-unidades/p
2026-06-23 21:35:50,866 - WARNING - Product data has EAN/Name but invalid price: {'url': 'https://www.drogal.com.br/refil-para-escova-eletrica-oral-b-disney-princesas-2-unidades/p', 'price': None, 'ean': '4210201338444', 'name': 'Refil para Escova Elétrica Oral-B Disney Princesas 2 Unidades'} for https://www.drogal.com.br/refil-para-escova-eletrica-oral-b-disney-princesas-2-unidades/p
2026-06-23 21:35:50,889 - WARNING - Price tag not found (selector: meta[property="product:price:amount"]) for https://www.drogal.com.br/zitromax-500mg-2-comprimidos-revestidos/p
2026-06-23 21:35:50,892 - WARNING - Product data has EAN/Name but invalid price: {'url': 'https://www.drogal.com.br/zitromax-500mg-2-comprimidos-revestidos/p', 'price': None, 'ean': '7891268130072', 'name': 'Zitromax 500mg 2 Comprimidos Revestidos'} for https://www.drogal.com.br/zitromax-500mg-2-comprimidos-revestidos/p
2026-06-23 21:35:50,918 - WARNING - Price tag not found (selector: meta[property="product:price:amount"]) for https://www.drogal.com.br/decadron-injetavel-2mgml-2-ampolas-1ml/p
2026-06-23 21:35:50,932 - WARNING - Product data has EAN/Name but invalid price: {'url': 'https://www.drogal.com.br/decadron-injetavel-2mgml-2-ampolas-1ml/p', 'price': None, 'ean': '7896658003172', 'name': 'Decadron Injetável 2mg/ml 2 Ampolas 1ml'} for https://www.drogal.com.br/decadron-injetavel-2mgml-2-ampolas-1ml/p
2026-06-23 21:35:50,946 - WARNING - Price tag not found (selector: meta[property="product:price:amount"]) for https://www.drogal.com.br/creme-vaginal-100mg5g-gino-canesten-20g-3-aplicadores/p
2026-06-23 21:35:50,950 - WARNING - Product data has EAN/Name but invalid price: {'url': 'https://www.drogal.com.br/creme-vaginal-100mg5g-gino-canesten-20g-3-aplicadores/p', 'price': None, 'ean': '7891106003230', 'name': 'Creme Vaginal 100mg/5g Gino-Canesten 20g + 3 Aplicadores'} for https://www.drogal.com.br/creme-vaginal-100mg5g-gino-canesten-20g-3-aplicadores/p
2026-06-23 21:35:50,977 - WARNING - Price tag not found (selector: meta[property="product:price:amount"]) for https://www.drogal.com.br/refil-sabonete-liquido-para-as-maos-protex-nutri-protect-vitamina-e-900ml/p
2026-06-23 21:35:50,980 - WARNING - Product data has EAN/Name but invalid price: {'url': 'https://www.drogal.com.br/refil-sabonete-liquido-para-as-maos-protex-nutri-protect-vitamina-e-900ml/p', 'price': None, 'ean': '7509546666792', 'name': 'Refil Sabonete Líquido Para as Mãos Protex Nutri Protect Vitamina E 900ml'} for https://www.drogal.com.br/refil-sabonete-liquido-para-as-maos-protex-nutri-protect-vitamina-e-900ml/p
2026-06-23 21:35:51,007 - WARNING - Price tag not found (selector: meta[property="product:price:amount"]) for https://www.drogal.com.br/topiramato-50mg-zydus-60-comprimidos-revestidos/p
2026-06-23 21:35:51,010 - WARNING - Product data has EAN/Name but invalid price: {'url': 'https://www.drogal.com.br/topiramato-50mg-zydus-60-comprimidos-revestidos/p', 'price': None, 'ean': '7898927562298', 'name': 'Topiramato 50mg Zydus 60 Comprimidos Revestidos'} for https://www.drogal.com.br/topiramato-50mg-zydus-60-comprimidos-revestidos/p
2026-06-23 21:35:51,207 - WARNING - Price tag not found (selector: meta[property="product:price:amount"]) for https://www.drogal.com.br/valsartana-160mg-germed-30-comprimidos-revestidos/p
2026-06-23 21:35:51,210 - WARNING - Product data has EAN/Name but invalid price: {'url': 'https://www.drogal.com.br/valsartana-160mg-germed-30-comprimidos-revestidos/p', 'price': None, 'ean': '7896004732916', 'name': 'Valsartana 160mg Germed 30 Comprimidos Revestidos'} for https://www.drogal.com.br/valsartana-160mg-germed-30-comprimidos-revestidos/p
2026-06-23 21:35:51,286 - WARNING - Price tag not found (selector: meta[property="product:price:amount"]) for https://www.drogal.com.br/primosiston-30-comprimidos/p
2026-06-23 21:35:51,291 - WARNING - Product data has EAN/Name but invalid price: {'url': 'https://www.drogal.com.br/primosiston-30-comprimidos/p', 'price': None, 'ean': '7896006201731', 'name': 'Primosiston 30 Comprimidos'} for https://www.drogal.com.br/primosiston-30-comprimidos/p
2026-06-23 21:35:51,321 - WARNING - Price tag not found (selector: meta[property="product:price:amount"]) for https://www.drogal.com.br/cloridrato-de-sertralina-biosintetica-25mg-30-comprimidos-revestidos/p
2026-06-23 21:35:51,325 - WARNING - Product data has EAN/Name but invalid price: {'url': 'https://www.drogal.com.br/cloridrato-de-sertralina-biosintetica-25mg-30-comprimidos-revestidos/p', 'price': None, 'ean': '7896658049460', 'name': 'Cloridrato de Sertralina Biosintética 25mg 30 Comprimidos Revestidos'} for https://www.drogal.com.br/cloridrato-de-sertralina-biosintetica-25mg-30-comprimidos-revestidos/p
2026-06-23 21:35:51,355 - WARNING - Price tag not found (selector: meta[property="product:price:amount"]) for https://www.drogal.com.br/pantoprazol-sodico-sesqui-hidratado-40mg-medley-28-comprimidos-revestidos-de-liberacao-prolongada/p
2026-06-23 21:35:51,359 - WARNING - Product data has EAN/Name but invalid price: {'url': 'https://www.drogal.com.br/pantoprazol-sodico-sesqui-hidratado-40mg-medley-28-comprimidos-revestidos-de-liberacao-prolongada/p', 'price': None, 'ean': '7891058005979', 'name': 'Pantoprazol Sódico Sesqui-hidratado 40mg Medley 28 Comprimidos Revestidos de Liberação Prolongada'} for https://www.drogal.com.br/pantoprazol-sodico-sesqui-hidratado-40mg-medley-28-comprimidos-revestidos-de-liberacao-prolongada/p
2026-06-23 21:35:51,390 - WARNING - Price tag not found (selector: meta[property="product:price:amount"]) for https://www.drogal.com.br/condicionador-johnsons-kids-blackinho-poderoso-380ml/p
2026-06-23 21:35:51,393 - WARNING - Product data has EAN/Name but invalid price: {'url': 'https://www.drogal.com.br/condicionador-johnsons-kids-blackinho-poderoso-380ml/p', 'price': None, 'ean': '7891010255022', 'name': 'Condicionador e Máscara Infantil Para Cabelos Crespos Johnson’s Kids Blackinho Poderoso 380ml'} for https://www.drogal.com.br/condicionador-johnsons-kids-blackinho-poderoso-380ml/p
2026-06-23 21:35:51,421 - WARNING - Price tag not found (selector: meta[property="product:price:amount"]) for https://www.drogal.com.br/creme-hidratante-corporal-principia-ch-02-250g/p
2026-06-23 21:35:51,425 - WARNING - Product data has EAN/Name but invalid price: {'url': 'https://www.drogal.com.br/creme-hidratante-corporal-principia-ch-02-250g/p', 'price': None, 'ean': '0042882100683', 'name': 'Creme Hidratante Corporal Principia CH-02 250g'} for https://www.drogal.com.br/creme-hidratante-corporal-principia-ch-02-250g/p
2026-06-23 21:35:51,463 - WARNING - Price tag not found (selector: meta[property="product:price:amount"]) for https://www.drogal.com.br/protetor-labial-vult-melancia-35g/p
2026-06-23 21:35:51,466 - WARNING - Product data has EAN/Name but invalid price: {'url': 'https://www.drogal.com.br/protetor-labial-vult-melancia-35g/p', 'price': None, 'ean': '7899852020051', 'name': 'Protetor Labial Vult Melancia 3,5g'} for https://www.drogal.com.br/protetor-labial-vult-melancia-35g/p
2026-06-23 21:35:51,494 - WARNING - Price tag not found (selector: meta[property="product:price:amount"]) for https://www.drogal.com.br/biofenac-11mgg-gel-60g/p
2026-06-23 21:35:51,497 - WARNING - Product data has EAN/Name but invalid price: {'url': 'https://www.drogal.com.br/biofenac-11mgg-gel-60g/p', 'price': None, 'ean': '7896658026171', 'name': 'Biofenac 11mg/g Gel 60g'} for https://www.drogal.com.br/biofenac-11mgg-gel-60g/p
2026-06-23 21:35:51,521 - WARNING - Price tag not found (selector: meta[property="product:price:amount"]) for https://www.drogal.com.br/cloridrato-de-donepezila-10mg-torrent-30-comprimidos-revestidos/p
2026-06-23 21:35:51,524 - WARNING - Product data has EAN/Name but invalid price: {'url': 'https://www.drogal.com.br/cloridrato-de-donepezila-10mg-torrent-30-comprimidos-revestidos/p', 'price': None, 'ean': '8902220108721', 'name': 'Cloridrato de Donepezila 10mg Torrent 30 Comprimidos Revestidos'} for https://www.drogal.com.br/cloridrato-de-donepezila-10mg-torrent-30-comprimidos-revestidos/p
2026-06-23 21:35:51,552 - WARNING - Price tag not found (selector: meta[property="product:price:amount"]) for https://www.drogal.com.br/oleo-de-amendoas-johnsons-baby-200ml/p
2026-06-23 21:35:51,580 - WARNING - Price tag not found (selector: meta[property="product:price:amount"]) for https://www.drogal.com.br/acular-ls-04-solucao-oftalmica-esteril-10ml/p
2026-06-23 21:35:51,583 - WARNING - Product data has EAN/Name but invalid price: {'url': 'https://www.drogal.com.br/oleo-de-amendoas-johnsons-baby-200ml/p', 'price': None, 'ean': '7891010878016', 'name': 'Óleo de Amêndoas Johnson&apos;s Baby 200ml'} for https://www.drogal.com.br/oleo-de-amendoas-johnsons-baby-200ml/p
2026-06-23 21:35:51,607 - WARNING - Price tag not found (selector: meta[property="product:price:amount"]) for https://www.drogal.com.br/brilinta-90mg-60-cpr/p
2026-06-23 21:35:51,610 - WARNING - Product data has EAN/Name but invalid price: {'url': 'https://www.drogal.com.br/acular-ls-04-solucao-oftalmica-esteril-10ml/p', 'price': None, 'ean': '7897316804742', 'name': 'Acular LS Solução Oftálmica Estéril 0,4% 10ml'} for https://www.drogal.com.br/acular-ls-04-solucao-oftalmica-esteril-10ml/p
2026-06-23 21:35:51,616 - WARNING - Product data has EAN/Name but invalid price: {'url': 'https://www.drogal.com.br/brilinta-90mg-60-cpr/p', 'price': None, 'ean': '7896206403409', 'name': 'Brilinta 90mg 60 Comprimidos Revestidos'} for https://www.drogal.com.br/brilinta-90mg-60-cpr/p
2026-06-23 21:35:51,647 - WARNING - Price tag not found (selector: meta[property="product:price:amount"]) for https://www.drogal.com.br/vibral-3mgml-sabor-framboesa-120ml-copo-medida/p
2026-06-23 21:35:51,650 - WARNING - Product data has EAN/Name but invalid price: {'url': 'https://www.drogal.com.br/vibral-3mgml-sabor-framboesa-120ml-copo-medida/p', 'price': None, 'ean': '7896253900920', 'name': 'Vibral 3mg/ml Sabor Framboesa 120ml + Copo Medida'} for https://www.drogal.com.br/vibral-3mgml-sabor-framboesa-120ml-copo-medida/p
2026-06-23 21:35:51,678 - WARNING - Price tag not found (selector: meta[property="product:price:amount"]) for https://www.drogal.com.br/alfajor-dr-peanut-sabor-leite-em-po-35g/p
2026-06-23 21:35:51,681 - WARNING - Product data has EAN/Name but invalid price: {'url': 'https://www.drogal.com.br/alfajor-dr-peanut-sabor-leite-em-po-35g/p', 'price': None, 'ean': '0042882532668', 'name': 'Alfajor Dr Peanut Sabor Leite em Pó 35g'} for https://www.drogal.com.br/alfajor-dr-peanut-sabor-leite-em-po-35g/p
2026-06-23 21:35:51,710 - WARNING - Price tag not found (selector: meta[property="product:price:amount"]) for https://www.drogal.com.br/norvasc5mgcaixacom30comprimidos/p
2026-06-23 21:35:51,714 - WARNING - Product data has EAN/Name but invalid price: {'url': 'https://www.drogal.com.br/norvasc5mgcaixacom30comprimidos/p', 'price': None, 'ean': '7908236800322', 'name': 'Norvasc 5mg 30 Comprimidos'} for https://www.drogal.com.br/norvasc5mgcaixacom30comprimidos/p
2026-06-23 21:35:51,744 - WARNING - Price tag not found (selector: meta[property="product:price:amount"]) for https://www.drogal.com.br/perfume-eau-de-toilette-feminino-good-kind-pure-wild-peony-30ml/p
2026-06-23 21:35:51,770 - WARNING - Price tag not found (selector: meta[property="product:price:amount"]) for https://www.drogal.com.br/fralda-geriatrica-tena-slip-dermacare-g-16-unidades/p
2026-06-23 21:35:51,774 - WARNING - Product data has EAN/Name but invalid price: {'url': 'https://www.drogal.com.br/perfume-eau-de-toilette-feminino-good-kind-pure-wild-peony-30ml/p', 'price': None, 'ean': '3616301797630', 'name': 'Perfume Eau de Toilette Feminino Good Kind Pure Wild Peony 30ml'} for https://www.drogal.com.br/perfume-eau-de-toilette-feminino-good-kind-pure-wild-peony-30ml/p
2026-06-23 21:35:51,778 - WARNING - Product data has EAN/Name but invalid price: {'url': 'https://www.drogal.com.br/fralda-geriatrica-tena-slip-dermacare-g-16-unidades/p', 'price': None, 'ean': '7896770980849', 'name': 'Fralda Geriátrica Tena Slip Dermacare G 16 Unidades'} for https://www.drogal.com.br/fralda-geriatrica-tena-slip-dermacare-g-16-unidades/p
2026-06-23 21:35:51,805 - WARNING - Price tag not found (selector: meta[property="product:price:amount"]) for https://www.drogal.com.br/utrogestan-100mg-30-capsulas-gelatinosas-moles/p
2026-06-23 21:35:51,809 - WARNING - Product data has EAN/Name but invalid price: {'url': 'https://www.drogal.com.br/utrogestan-100mg-30-capsulas-gelatinosas-moles/p', 'price': None, 'ean': '7898948648131', 'name': 'Utrogestan 100mg 30 Cápsulas Gelatinosas Moles'} for https://www.drogal.com.br/utrogestan-100mg-30-capsulas-gelatinosas-moles/p
2026-06-23 21:35:51,839 - WARNING - Price tag not found (selector: meta[property="product:price:amount"]) for https://www.drogal.com.br/enxaguantebucalplaxicefusion250ml/p
2026-06-23 21:35:51,842 - WARNING - Product data has EAN/Name but invalid price: {'url': 'https://www.drogal.com.br/enxaguantebucalplaxicefusion250ml/p', 'price': None, 'ean': '7891024040560', 'name': 'Enxaguante Bucal Colgate Plax Ice Fusion Cold Mint 250ml'} for https://www.drogal.com.br/enxaguantebucalplaxicefusion250ml/p
2026-06-23 21:35:51,887 - WARNING - Price tag not found (selector: meta[property="product:price:amount"]) for https://www.drogal.com.br/fusor-15mg-30-comprimidos-revestidos/p
2026-06-23 21:35:51,892 - WARNING - Price tag not found (selector: meta[property="product:price:amount"]) for https://www.drogal.com.br/chocolate-garotao-ao-leite-amendoim-150g/p
2026-06-23 21:35:51,895 - WARNING - Product data has EAN/Name but invalid price: {'url': 'https://www.drogal.com.br/fusor-15mg-30-comprimidos-revestidos/p', 'price': None, 'ean': '7896658039249', 'name': 'Fusor 15mg 30 Comprimidos Revestidos'} for https://www.drogal.com.br/fusor-15mg-30-comprimidos-revestidos/p
2026-06-23 21:35:51,901 - WARNING - Product data has EAN/Name but invalid price: {'url': 'https://www.drogal.com.br/chocolate-garotao-ao-leite-amendoim-150g/p', 'price': None, 'ean': '7891008125719', 'name': 'Chocolate Garoto ao Leite Amendoim 150g'} for https://www.drogal.com.br/chocolate-garotao-ao-leite-amendoim-150g/p
2026-06-23 21:35:51,950 - WARNING - Price tag not found (selector: meta[property="product:price:amount"]) for https://www.drogal.com.br/isotonico-powerade-sabor-uva-500ml/p
2026-06-23 21:35:51,958 - WARNING - Product data has EAN/Name but invalid price: {'url': 'https://www.drogal.com.br/isotonico-powerade-sabor-uva-500ml/p', 'price': None, 'ean': '43844', 'name': 'Isotônico Powerade Sabor Uva 500ml'} for https://www.drogal.com.br/isotonico-powerade-sabor-uva-500ml/p
2026-06-23 21:35:51,984 - WARNING - Price tag not found (selector: meta[property="product:price:amount"]) for https://www.drogal.com.br/esmalte-cremoso-impala-a-cor-da-sua-moda-admire-75ml/p
2026-06-23 21:35:51,989 - WARNING - Product data has EAN/Name but invalid price: {'url': 'https://www.drogal.com.br/esmalte-cremoso-impala-a-cor-da-sua-moda-admire-75ml/p', 'price': None, 'ean': '7896111995303', 'name': 'Esmalte Cremoso Impala A Cor da Sua Moda Admire 7,5ml'} for https://www.drogal.com.br/esmalte-cremoso-impala-a-cor-da-sua-moda-admire-75ml/p
2026-06-23 21:35:52,015 - WARNING - Price tag not found (selector: meta[property="product:price:amount"]) for https://www.drogal.com.br/condicionador-salon-line-meu-liso-coco-hidratacao-300ml/p
2026-06-23 21:35:52,020 - WARNING - Product data has EAN/Name but invalid price: {'url': 'https://www.drogal.com.br/condicionador-salon-line-meu-liso-coco-hidratacao-300ml/p', 'price': None, 'ean': '7898623954557', 'name': 'Condicionador Salon Line Meu Liso Óleo de Coco Hidratação 300ml'} for https://www.drogal.com.br/condicionador-salon-line-meu-liso-coco-hidratacao-300ml/p
2026-06-23 21:35:52,048 - WARNING - Price tag not found (selector: meta[property="product:price:amount"]) for https://www.drogal.com.br/poviztra-1mg-solucao-injetavel-subcutanea-1-sistema-de-aplicacao-preenchido-30ml-4-agulhas-descartaveis/p
2026-06-23 21:35:52,072 - WARNING - Price tag not found (selector: meta[property="product:price:amount"]) for https://www.drogal.com.br/suplemento-alimentar-cogni-mais-60-comprimidos/p
2026-06-23 21:35:52,075 - WARNING - Product data has EAN/Name but invalid price: {'url': 'https://www.drogal.com.br/poviztra-1mg-solucao-injetavel-subcutanea-1-sistema-de-aplicacao-preenchido-30ml-4-agulhas-descartaveis/p', 'price': None, 'ean': '7897705203620', 'name': 'Poviztra 1mg Solução Injetável Subcutânea 1 Sistema de Aplicação Preenchido 3,0ml + 4 Agulhas Descartáveis'} for https://www.drogal.com.br/poviztra-1mg-solucao-injetavel-subcutanea-1-sistema-de-aplicacao-preenchido-30ml-4-agulhas-descartaveis/p
2026-06-23 21:35:52,079 - WARNING - Product data has EAN/Name but invalid price: {'url': 'https://www.drogal.com.br/suplemento-alimentar-cogni-mais-60-comprimidos/p', 'price': None, 'ean': '7898040329563', 'name': 'Suplemento Alimentar Cogni Mais 60 Comprimidos Revestidos'} for https://www.drogal.com.br/suplemento-alimentar-cogni-mais-60-comprimidos/p
2026-06-23 21:35:52,115 - WARNING - Price tag not found (selector: meta[property="product:price:amount"]) for https://www.drogal.com.br/nitrato-de-butoconazol-20mg-g-neo-quimica-creme-vaginal-65g-aplicador/p
2026-06-23 21:35:52,131 - WARNING - Price tag not found (selector: meta[property="product:price:amount"]) for https://www.drogal.com.br/shampoo-alta-performance-revita-densidade-capilar-antiqueda-205ml/p
2026-06-23 21:35:52,137 - WARNING - Product data has EAN/Name but invalid price: {'url': 'https://www.drogal.com.br/nitrato-de-butoconazol-20mg-g-neo-quimica-creme-vaginal-65g-aplicador/p', 'price': None, 'ean': '7896714262321', 'name': 'Nitrato de Butoconazol 20mg/g Neo Química Creme Vaginal 6,5g + Aplicador'} for https://www.drogal.com.br/nitrato-de-butoconazol-20mg-g-neo-quimica-creme-vaginal-65g-aplicador/p
2026-06-23 21:35:52,141 - WARNING - Product data has EAN/Name but invalid price: {'url': 'https://www.drogal.com.br/shampoo-alta-performance-revita-densidade-capilar-antiqueda-205ml/p', 'price': None, 'ean': '7896026173285', 'name': 'Shampoo Alta Performance Revita Densidade Capilar Antiqueda 205ml'} for https://www.drogal.com.br/shampoo-alta-performance-revita-densidade-capilar-antiqueda-205ml/p
2026-06-23 21:35:52,180 - WARNING - Price tag not found (selector: meta[property="product:price:amount"]) for https://www.drogal.com.br/esc-10mg-30-comprimidos-revestidos/p
2026-06-23 21:35:52,183 - WARNING - Product data has EAN/Name but invalid price: {'url': 'https://www.drogal.com.br/esc-10mg-30-comprimidos-revestidos/p', 'price': None, 'ean': '7891317476588', 'name': 'Esc 10mg 30 Comprimidos Revestidos'} for https://www.drogal.com.br/esc-10mg-30-comprimidos-revestidos/p
2026-06-23 21:35:52,207 - WARNING - Price tag not found (selector: meta[property="product:price:amount"]) for https://www.drogal.com.br/spray-seda-boom-day-after-125m/p
2026-06-23 21:35:52,210 - WARNING - Product data has EAN/Name but invalid price: {'url': 'https://www.drogal.com.br/spray-seda-boom-day-after-125m/p', 'price': None, 'ean': '7891150053939', 'name': 'Spray Seda Boom Day After 125ml'} for https://www.drogal.com.br/spray-seda-boom-day-after-125m/p
2026-06-23 21:35:52,241 - WARNING - Price tag not found (selector: meta[property="product:price:amount"]) for https://www.drogal.com.br/hidratante-facial-urby-men-pos-barba-60ml/p
2026-06-23 21:35:52,247 - WARNING - Product data has EAN/Name but invalid price: {'url': 'https://www.drogal.com.br/hidratante-facial-urby-men-pos-barba-60ml/p', 'price': None, 'ean': '7891142205285', 'name': 'Hidratante Facial Urby Men Pós Barba 60ml'} for https://www.drogal.com.br/hidratante-facial-urby-men-pos-barba-60ml/p
2026-06-23 21:35:52,410 - WARNING - Price tag not found (selector: meta[property="product:price:amount"]) for https://www.drogal.com.br/cloridrato-de-ciclobenzaprina-10mg-cimed-30-comprimidos-revestidos/p
2026-06-23 21:35:52,412 - WARNING - Product data has EAN/Name but invalid price: {'url': 'https://www.drogal.com.br/cloridrato-de-ciclobenzaprina-10mg-cimed-30-comprimidos-revestidos/p', 'price': None, 'ean': '7896523214658', 'name': 'Cloridrato de Ciclobenzaprina 10mg Cimed 30 Comprimidos'} for https://www.drogal.com.br/cloridrato-de-ciclobenzaprina-10mg-cimed-30-comprimidos-revestidos/p
2026-06-23 21:35:52,437 - WARNING - Price tag not found (selector: meta[property="product:price:amount"]) for https://www.drogal.com.br/escova-dental-oral-nexter-macia-eco-refil-1-escova-2-refil/p
2026-06-23 21:35:52,440 - WARNING - Product data has EAN/Name but invalid price: {'url': 'https://www.drogal.com.br/escova-dental-oral-nexter-macia-eco-refil-1-escova-2-refil/p', 'price': None, 'ean': '7908079509796', 'name': 'Escova Dental Oral Nexter Macia Eco Refil 1 Escova + 2 Refil'} for https://www.drogal.com.br/escova-dental-oral-nexter-macia-eco-refil-1-escova-2-refil/p
2026-06-23 21:35:52,482 - WARNING - Price tag not found (selector: meta[property="product:price:amount"]) for https://www.drogal.com.br/locao-hidratante-para-maos-dove-oleo-de-abacate-75ml/p
2026-06-23 21:35:52,485 - WARNING - Product data has EAN/Name but invalid price: {'url': 'https://www.drogal.com.br/locao-hidratante-para-maos-dove-oleo-de-abacate-75ml/p', 'price': None, 'ean': '7891150077720', 'name': 'Loção Hidratante para Mãos Dove Óleo de Abacate 75ml'} for https://www.drogal.com.br/locao-hidratante-para-maos-dove-oleo-de-abacate-75ml/p
2026-06-23 21:35:52,679 - WARNING - Price tag not found (selector: meta[property="product:price:amount"]) for https://www.drogal.com.br/dozoito-25mg-30-comprimidos/p
2026-06-23 21:35:52,682 - WARNING - Product data has EAN/Name but invalid price: {'url': 'https://www.drogal.com.br/dozoito-25mg-30-comprimidos/p', 'price': None, 'ean': '7896112402664', 'name': 'Dozoito 25mg 30 Comprimidos'} for https://www.drogal.com.br/dozoito-25mg-30-comprimidos/p
2026-06-23 21:35:52,745 - WARNING - Price tag not found (selector: meta[property="product:price:amount"]) for https://www.drogal.com.br/depakote-er-500mg-30-cpr-c1/p
2026-06-23 21:35:52,748 - WARNING - Product data has EAN/Name but invalid price: {'url': 'https://www.drogal.com.br/depakote-er-500mg-30-cpr-c1/p', 'price': None, 'ean': '7896255762991', 'name': 'Depakote ER 500mg 30 Comprimidos Revestidos'} for https://www.drogal.com.br/depakote-er-500mg-30-cpr-c1/p
2026-06-23 21:35:52,920 - WARNING - Price tag not found (selector: meta[property="product:price:amount"]) for https://www.drogal.com.br/escilex-15mg-30-comprimidos-revestidos/p
2026-06-23 21:35:52,924 - WARNING - Product data has EAN/Name but invalid price: {'url': 'https://www.drogal.com.br/escilex-15mg-30-comprimidos-revestidos/p', 'price': None, 'ean': '7894916509626', 'name': 'Escilex 15mg 30 Comprimidos Revestidos'} for https://www.drogal.com.br/escilex-15mg-30-comprimidos-revestidos/p
2026-06-23 21:35:53,016 - WARNING - Price tag not found (selector: meta[property="product:price:amount"]) for https://www.drogal.com.br/sorvete-benjerrys-strawberry-cheesecake-458ml/p
2026-06-23 21:35:53,019 - WARNING - Product data has EAN/Name but invalid price: {'url': 'https://www.drogal.com.br/sorvete-benjerrys-strawberry-cheesecake-458ml/p', 'price': None, 'ean': '076840376810', 'name': 'Sorvete Ben&amp;Jerry&apos;s Strawberry Cheesecake 458ml'} for https://www.drogal.com.br/sorvete-benjerrys-strawberry-cheesecake-458ml/p
2026-06-23 21:35:53,048 - WARNING - Price tag not found (selector: meta[property="product:price:amount"]) for https://www.drogal.com.br/flancox-500mg-14-comprimidos-revestidos/p
2026-06-23 21:35:53,052 - WARNING - Product data has EAN/Name but invalid price: {'url': 'https://www.drogal.com.br/flancox-500mg-14-comprimidos-revestidos/p', 'price': None, 'ean': '7896637023238', 'name': 'Flancox 500mg 14 Comprimidos Revestidos'} for https://www.drogal.com.br/flancox-500mg-14-comprimidos-revestidos/p
2026-06-23 21:35:53,081 - WARNING - Price tag not found (selector: meta[property="product:price:amount"]) for https://www.drogal.com.br/kit-creme-dental-sensodyne-branqueador-extra-fresh-3-unidades-50g-cada/p
2026-06-23 21:35:53,085 - WARNING - Product data has EAN/Name but invalid price: {'url': 'https://www.drogal.com.br/kit-creme-dental-sensodyne-branqueador-extra-fresh-3-unidades-50g-cada/p', 'price': None, 'ean': '7896015521462', 'name': 'Kit Creme Dental Sensodyne Branqueador Extra Fresh 3 Unidades 50g Cada'} for https://www.drogal.com.br/kit-creme-dental-sensodyne-branqueador-extra-fresh-3-unidades-50g-cada/p
2026-06-23 21:35:53,118 - WARNING - Price tag not found (selector: meta[property="product:price:amount"]) for https://www.drogal.com.br/tadalafila-5mg-eurofarma-30-comprimidos-revestidos/p
2026-06-23 21:35:53,123 - WARNING - Product data has EAN/Name but invalid price: {'url': 'https://www.drogal.com.br/tadalafila-5mg-eurofarma-30-comprimidos-revestidos/p', 'price': None, 'ean': '7891317127725', 'name': 'Tadalafila 5mg Eurofarma 30 Comprimidos Revestidos'} for https://www.drogal.com.br/tadalafila-5mg-eurofarma-30-comprimidos-revestidos/p
2026-06-23 21:35:53,151 - WARNING - Price tag not found (selector: meta[property="product:price:amount"]) for https://www.drogal.com.br/mascara-facial-garnier-skinactive-calmante-camomila-hidra-bomb-28g/p
2026-06-23 21:35:53,155 - WARNING - Product data has EAN/Name but invalid price: {'url': 'https://www.drogal.com.br/mascara-facial-garnier-skinactive-calmante-camomila-hidra-bomb-28g/p', 'price': None, 'ean': '7509552806441', 'name': 'Máscara Facial Garnier SkinActive Calmante Camomila Hidra Bomb 28g'} for https://www.drogal.com.br/mascara-facial-garnier-skinactive-calmante-camomila-hidra-bomb-28g/p
2026-06-23 21:35:53,183 - WARNING - Price tag not found (selector: meta[property="product:price:amount"]) for https://www.drogal.com.br/perivasc-1000mg-30-comprimidos/p
2026-06-23 21:35:53,189 - WARNING - Product data has EAN/Name but invalid price: {'url': 'https://www.drogal.com.br/perivasc-1000mg-30-comprimidos/p', 'price': None, 'ean': '7891317004965', 'name': 'Perivasc 1000mg 30 Comprimidos'} for https://www.drogal.com.br/perivasc-1000mg-30-comprimidos/p
2026-06-23 21:35:53,216 - WARNING - Price tag not found (selector: meta[property="product:price:amount"]) for https://www.drogal.com.br/cymbalta-30mg-30-caps-c1/p
2026-06-23 21:35:53,220 - WARNING - Product data has EAN/Name but invalid price: {'url': 'https://www.drogal.com.br/cymbalta-30mg-30-caps-c1/p', 'price': None, 'ean': '7896382706721', 'name': 'Cymbalta 30mg 30 cápsulas em gel dura microganuladas de liberação retardada'} for https://www.drogal.com.br/cymbalta-30mg-30-caps-c1/p
2026-06-23 21:35:53,264 - WARNING - Price tag not found (selector: meta[property="product:price:amount"]) for https://www.drogal.com.br/cloridratodeciclobenzaprinaems10mgcaixacom10comprimidosrevestidos/p
2026-06-23 21:35:53,275 - WARNING - Price tag not found (selector: meta[property="product:price:amount"]) for https://www.drogal.com.br/desodorante-antitranspirante-aerosol-rexona-invisible-72h-150ml/p
2026-06-23 21:35:53,280 - WARNING - Product data has EAN/Name but invalid price: {'url': 'https://www.drogal.com.br/cloridratodeciclobenzaprinaems10mgcaixacom10comprimidosrevestidos/p', 'price': None, 'ean': '7896004726908', 'name': 'Cloridrato de Ciclobenzaprina - EMS 10mg caixa com 10 comprimidos revestidos'} for https://www.drogal.com.br/cloridratodeciclobenzaprinaems10mgcaixacom10comprimidosrevestidos/p
2026-06-23 21:35:53,283 - WARNING - Product data has EAN/Name but invalid price: {'url': 'https://www.drogal.com.br/desodorante-antitranspirante-aerosol-rexona-invisible-72h-150ml/p', 'price': None, 'ean': '7791293032481', 'name': 'Desodorante Antitranspirante Aerosol Rexona Invisible 72h 150ml'} for https://www.drogal.com.br/desodorante-antitranspirante-aerosol-rexona-invisible-72h-150ml/p
2026-06-23 21:35:53,311 - WARNING - Price tag not found (selector: meta[property="product:price:amount"]) for https://www.drogal.com.br/bimatoprosta-03mg-ml-germed-solucao-oftalmica-esteril-3ml/p
2026-06-23 21:35:53,316 - WARNING - Product data has EAN/Name but invalid price: {'url': 'https://www.drogal.com.br/bimatoprosta-03mg-ml-germed-solucao-oftalmica-esteril-3ml/p', 'price': None, 'ean': '7896004724706', 'name': 'Bimatoprosta 0,3mg/ml Germed Solução Oftálmica Estéril 3ml'} for https://www.drogal.com.br/bimatoprosta-03mg-ml-germed-solucao-oftalmica-esteril-3ml/p
2026-06-23 21:35:53,345 - WARNING - Price tag not found (selector: meta[property="product:price:amount"]) for https://www.drogal.com.br/suplemento-alimentar-lavitan-50-mulher-super-formula-60-comprimidos-revestidos/p
2026-06-23 21:35:53,350 - WARNING - Product data has EAN/Name but invalid price: {'url': 'https://www.drogal.com.br/suplemento-alimentar-lavitan-50-mulher-super-formula-60-comprimidos-revestidos/p', 'price': None, 'ean': '7897947617315', 'name': 'Suplemento Alimentar Lavitan 50+ Mulher Super Fórmula 60 Comprimidos Revestidos'} for https://www.drogal.com.br/suplemento-alimentar-lavitan-50-mulher-super-formula-60-comprimidos-revestidos/p
2026-06-23 21:35:53,377 - WARNING - Price tag not found (selector: meta[property="product:price:amount"]) for https://www.drogal.com.br/ebix-10mg-28-cpr-c1/p
2026-06-23 21:35:53,380 - WARNING - Product data has EAN/Name but invalid price: {'url': 'https://www.drogal.com.br/ebix-10mg-28-cpr-c1/p', 'price': None, 'ean': '5702157127054', 'name': 'Ebix 10mg caixa com 28 comprimidos'} for https://www.drogal.com.br/ebix-10mg-28-cpr-c1/p
2026-06-23 21:35:53,423 - WARNING - Price tag not found (selector: meta[property="product:price:amount"]) for https://www.drogal.com.br/suplemento-alimentar-centrum-homem-de-a-a-zinco-60-comprimidos/p
2026-06-23 21:35:53,437 - WARNING - Price tag not found (selector: meta[property="product:price:amount"]) for https://www.drogal.com.br/gesico-50mg-10-capsulas-duras/p
2026-06-23 21:35:53,440 - WARNING - Product data has EAN/Name but invalid price: {'url': 'https://www.drogal.com.br/suplemento-alimentar-centrum-homem-de-a-a-zinco-60-comprimidos/p', 'price': None, 'ean': '7896009498626', 'name': 'Suplemento Alimentar Centrum Homem De A a Zinco 60 Comprimidos'} for https://www.drogal.com.br/suplemento-alimentar-centrum-homem-de-a-a-zinco-60-comprimidos/p
2026-06-23 21:35:53,475 - WARNING - Price tag not found (selector: meta[property="product:price:amount"]) for https://www.drogal.com.br/prednisolona-20mg-eurofarma-10-comprimidos/p
2026-06-23 21:35:53,498 - WARNING - Price tag not found (selector: meta[property="product:price:amount"]) for https://www.drogal.com.br/cha-leao-mamae-serena-alcaravia-funcho-e-melissa-10-saches-20g/p
2026-06-23 21:35:53,508 - WARNING - Product data has EAN/Name but invalid price: {'url': 'https://www.drogal.com.br/prednisolona-20mg-eurofarma-10-comprimidos/p', 'price': None, 'ean': '7891317004323', 'name': 'Prednisolona 20mg Eurofarma 10 Comprimidos'} for https://www.drogal.com.br/prednisolona-20mg-eurofarma-10-comprimidos/p
2026-06-23 21:35:53,513 - WARNING - Product data has EAN/Name but invalid price: {'url': 'https://www.drogal.com.br/gesico-50mg-10-capsulas-duras/p', 'price': None, 'ean': '7891317009069', 'name': 'Gesico 50mg 10 Cápsulas Duras'} for https://www.drogal.com.br/gesico-50mg-10-capsulas-duras/p
2026-06-23 21:35:53,517 - WARNING - Product data has EAN/Name but invalid price: {'url': 'https://www.drogal.com.br/cha-leao-mamae-serena-alcaravia-funcho-e-melissa-10-saches-20g/p', 'price': None, 'ean': '7891098042262', 'name': 'Chá Leão Mamãe Serena Alcarávia, Funcho e Melissa 10 Sachês 20g'} for https://www.drogal.com.br/cha-leao-mamae-serena-alcaravia-funcho-e-melissa-10-saches-20g/p
2026-06-23 21:35:53,546 - WARNING - Price tag not found (selector: meta[property="product:price:amount"]) for https://www.drogal.com.br/condicionador-tresemme-blindagem-antiumidade-650ml/p
2026-06-23 21:35:53,552 - WARNING - Product data has EAN/Name but invalid price: {'url': 'https://www.drogal.com.br/condicionador-tresemme-blindagem-antiumidade-650ml/p', 'price': None, 'ean': '7891150100367', 'name': 'Condicionador Tresemmé Blindagem Antiumidade 650ml'} for https://www.drogal.com.br/condicionador-tresemme-blindagem-antiumidade-650ml/p
2026-06-23 21:35:53,573 - WARNING - Price tag not found (selector: meta[property="product:price:amount"]) for https://www.drogal.com.br/aromatizante-veicular-folha-cherry-1-unidade/p
2026-06-23 21:35:53,599 - WARNING - Price tag not found (selector: meta[property="product:price:amount"]) for https://www.drogal.com.br/gummy-kids-vitamin-delicious-fruit-flavor-gummies-60-gomas/p
2026-06-23 21:35:53,607 - WARNING - Product data has EAN/Name but invalid price: {'url': 'https://www.drogal.com.br/aromatizante-veicular-folha-cherry-1-unidade/p', 'price': None, 'ean': '705632956311', 'name': 'Aromatizante Veicular Folha Cherry 1 Unidade'} for https://www.drogal.com.br/aromatizante-veicular-folha-cherry-1-unidade/p
2026-06-23 21:35:53,613 - WARNING - Product data has EAN/Name but invalid price: {'url': 'https://www.drogal.com.br/gummy-kids-vitamin-delicious-fruit-flavor-gummies-60-gomas/p', 'price': None, 'ean': '7896321020178', 'name': 'Suplemento Alimentar Gummy Original Kids Sabor Mix de Frutas 60 Unidades'} for https://www.drogal.com.br/gummy-kids-vitamin-delicious-fruit-flavor-gummies-60-gomas/p
2026-06-23 21:35:53,640 - WARNING - Price tag not found (selector: meta[property="product:price:amount"]) for https://www.drogal.com.br/suplemento-vitaminico-protovit-plus-solucao-oral-gotas-20ml/p
2026-06-23 21:35:53,649 - WARNING - Product data has EAN/Name but invalid price: {'url': 'https://www.drogal.com.br/suplemento-vitaminico-protovit-plus-solucao-oral-gotas-20ml/p', 'price': None, 'ean': '7891106006132', 'name': 'Suplemento Vitamínico Protovit Plus Solução Oral Gotas 20ml'} for https://www.drogal.com.br/suplemento-vitaminico-protovit-plus-solucao-oral-gotas-20ml/p
2026-06-23 21:35:53,677 - WARNING - Price tag not found (selector: meta[property="product:price:amount"]) for https://www.drogal.com.br/serum-facial-antioxidante-avene-a-oxitive-30ml/p
2026-06-23 21:35:53,703 - WARNING - Price tag not found (selector: meta[property="product:price:amount"]) for https://www.drogal.com.br/spray-de-propolis-premium-assiflora-sabor-gengibre-30ml/p
2026-06-23 21:35:53,706 - WARNING - Product data has EAN/Name but invalid price: {'url': 'https://www.drogal.com.br/serum-facial-antioxidante-avene-a-oxitive-30ml/p', 'price': None, 'ean': '3282770101669', 'name': 'Sérum Facial Antioxidante Avene A-Oxitive 30ml'} for https://www.drogal.com.br/serum-facial-antioxidante-avene-a-oxitive-30ml/p
2026-06-23 21:35:53,730 - WARNING - Price tag not found (selector: meta[property="product:price:amount"]) for https://www.drogal.com.br/sorvete-kibon-magnum-branco-pote-440ml/p
2026-06-23 21:35:53,753 - WARNING - Price tag not found (selector: meta[property="product:price:amount"]) for https://www.drogal.com.br/nactali-75mcg-84-comprimidos-revestidos/p
2026-06-23 21:35:53,781 - WARNING - Price tag not found (selector: meta[property="product:price:amount"]) for https://www.drogal.com.br/mousse-modeladora-karina-fixacao-normal-12-horas-de-fixacao-150ml/p
2026-06-23 21:35:53,803 - WARNING - Price tag not found (selector: meta[property="product:price:amount"]) for https://www.drogal.com.br/shampoo-em-creme-mustela-cachos-desembaracados-200ml/p
2026-06-23 21:35:53,829 - WARNING - Price tag not found (selector: meta[property="product:price:amount"]) for https://www.drogal.com.br/cloridrato-de-memantina-10mg-30-comprimido/p
2026-06-23 21:35:53,857 - WARNING - Price tag not found (selector: meta[property="product:price:amount"]) for https://www.drogal.com.br/copo-infantil-lillo-colors-minnie-300ml/p
2026-06-23 21:35:53,865 - WARNING - Product data has EAN/Name but invalid price: {'url': 'https://www.drogal.com.br/sorvete-kibon-magnum-branco-pote-440ml/p', 'price': None, 'ean': '7891150067615', 'name': 'Sorvete Kibon Magnum Branco Pote 440ml'} for https://www.drogal.com.br/sorvete-kibon-magnum-branco-pote-440ml/p
2026-06-23 21:35:53,870 - WARNING - Product data has EAN/Name but invalid price: {'url': 'https://www.drogal.com.br/nactali-75mcg-84-comprimidos-revestidos/p', 'price': None, 'ean': '7896094208124', 'name': 'Nactali 75mcg 84 Comprimidos Revestidos'} for https://www.drogal.com.br/nactali-75mcg-84-comprimidos-revestidos/p
2026-06-23 21:35:53,897 - WARNING - Price tag not found (selector: meta[property="product:price:amount"]) for https://www.drogal.com.br/shampoodimension2em1200ml/p
2026-06-23 21:35:53,901 - WARNING - Product data has EAN/Name but invalid price: {'url': 'https://www.drogal.com.br/mousse-modeladora-karina-fixacao-normal-12-horas-de-fixacao-150ml/p', 'price': None, 'ean': '7908324407105', 'name': 'Mousse Modeladora Karina Fixação Normal 12 Horas de Fixação 150ml'} for https://www.drogal.com.br/mousse-modeladora-karina-fixacao-normal-12-horas-de-fixacao-150ml/p
2026-06-23 21:35:53,909 - WARNING - Product data has EAN/Name but invalid price: {'url': 'https://www.drogal.com.br/shampoo-em-creme-mustela-cachos-desembaracados-200ml/p', 'price': None, 'ean': '3504105043452', 'name': 'Shampoo em Creme Mustela Cachos Desembaraçados 200ml'} for https://www.drogal.com.br/shampoo-em-creme-mustela-cachos-desembaracados-200ml/p
2026-06-23 21:35:53,913 - WARNING - Product data has EAN/Name but invalid price: {'url': 'https://www.drogal.com.br/cloridrato-de-memantina-10mg-30-comprimido/p', 'price': None, 'ean': '7899547508420', 'name': 'Cloridrato De Memantina 10mg 30 Comprimido'} for https://www.drogal.com.br/cloridrato-de-memantina-10mg-30-comprimido/p
2026-06-23 21:35:53,922 - WARNING - Product data has EAN/Name but invalid price: {'url': 'https://www.drogal.com.br/spray-de-propolis-premium-assiflora-sabor-gengibre-30ml/p', 'price': None, 'ean': '7908079503916', 'name': 'Spray de Própolis Premium Assiflora Sabor Gengibre 30ml'} for https://www.drogal.com.br/spray-de-propolis-premium-assiflora-sabor-gengibre-30ml/p
2026-06-23 21:35:53,926 - WARNING - Product data has EAN/Name but invalid price: {'url': 'https://www.drogal.com.br/copo-infantil-lillo-colors-minnie-300ml/p', 'price': None, 'ean': '7896033231909', 'name': 'Copo Colors Lillo Disney Minnie 300ml'} for https://www.drogal.com.br/copo-infantil-lillo-colors-minnie-300ml/p
2026-06-23 21:35:53,992 - WARNING - Price tag not found (selector: meta[property="product:price:amount"]) for https://www.drogal.com.br/serum-facial-la-roche-posay-pure-vitamin-c12-oil-control-30ml/p
2026-06-23 21:35:54,003 - WARNING - Price tag not found (selector: meta[property="product:price:amount"]) for https://www.drogal.com.br/protetor-solar-facial-vichy-hydra-matte-fps50-cor-60-30g/p
2026-06-23 21:35:54,045 - WARNING - Price tag not found (selector: meta[property="product:price:amount"]) for https://www.drogal.com.br/oleo-secante-impala-tratamento-75ml/p
2026-06-23 21:35:54,048 - WARNING - Price tag not found (selector: meta[property="product:price:amount"]) for https://www.drogal.com.br/saco-para-presente-infantil-tamanho-m-sortido-1-unidade-laco/p
2026-06-23 21:35:54,052 - WARNING - Product data has EAN/Name but invalid price: {'url': 'https://www.drogal.com.br/shampoodimension2em1200ml/p', 'price': None, 'ean': '7891037169258', 'name': 'Shampoo Dimension 2 em 1  200ml'} for https://www.drogal.com.br/shampoodimension2em1200ml/p
2026-06-23 21:35:54,090 - WARNING - Price tag not found (selector: meta[property="product:price:amount"]) for https://www.drogal.com.br/protetor-solar-facial-avene-cleanance-uv-antioleosidade-cor-medio-fps70-40g/p
2026-06-23 21:35:54,123 - WARNING - Price tag not found (selector: meta[property="product:price:amount"]) for https://www.drogal.com.br/protetor-solar-infantil-avene-spray-fps50-200ml/p
2026-06-23 21:35:54,144 - WARNING - Price tag not found (selector: meta[property="product:price:amount"]) for https://www.drogal.com.br/nidue-100mg-20mg-12-comprimidos/p
2026-06-23 21:35:54,173 - WARNING - Price tag not found (selector: meta[property="product:price:amount"]) for https://www.drogal.com.br/desodorante-colonia-masculino-gusttavo-lima-embaixador-100ml/p
2026-06-23 21:35:54,199 - WARNING - Price tag not found (selector: meta[property="product:price:amount"]) for https://www.drogal.com.br/snacks-natures-heart-sabor-maracuja-com-cacau-25g/p
2026-06-23 21:35:54,247 - WARNING - Price tag not found (selector: meta[property="product:price:amount"]) for https://www.drogal.com.br/hidraplex-po-natulab-sabor-uva-4-envelopes-de-279g/p
2026-06-23 21:35:54,273 - WARNING - Price tag not found (selector: meta[property="product:price:amount"]) for https://www.drogal.com.br/alprazolam-1mg-medley-30-comprimidos/p
2026-06-23 21:35:54,221 - WARNING - Price tag not found (selector: meta[property="product:price:amount"]) for https://www.drogal.com.br/fralda-descartavel-bigfral-derma-plus-noturna-g-7-unidades/p
2026-06-23 21:35:54,278 - WARNING - Product data has EAN/Name but invalid price: {'url': 'https://www.drogal.com.br/serum-facial-la-roche-posay-pure-vitamin-c12-oil-control-30ml/p', 'price': None, 'ean': '7908615086514', 'name': 'Sérum Facial La Roche-Posay Pure Vitamin C12 Oil Control 30ml'} for https://www.drogal.com.br/serum-facial-la-roche-posay-pure-vitamin-c12-oil-control-30ml/p
2026-06-23 21:35:54,353 - WARNING - Price tag not found (selector: meta[property="product:price:amount"]) for https://www.drogal.com.br/sabonete-em-barra-nivea-flor-de-cerejeira-oleos-essenciais-85g/p
2026-06-23 21:35:54,362 - WARNING - Price tag not found (selector: meta[property="product:price:amount"]) for https://www.drogal.com.br/estreva-01-gel-50g/p
2026-06-23 21:35:54,374 - WARNING - Price tag not found (selector: meta[property="product:price:amount"]) for https://www.drogal.com.br/lixa-soft-line-eva-para-pes-sveda-1-unidade/p
2026-06-23 21:35:54,422 - WARNING - Price tag not found (selector: meta[property="product:price:amount"]) for https://www.drogal.com.br/primera-30-0150mg-0030mg-63-comprimidos/p
2026-06-23 21:35:54,430 - WARNING - Price tag not found (selector: meta[property="product:price:amount"]) for https://www.drogal.com.br/triancil-20mgml-frasco-5ml-uso-intra-articular/p
2026-06-23 21:35:54,434 - WARNING - Product data has EAN/Name but invalid price: {'url': 'https://www.drogal.com.br/protetor-solar-facial-vichy-hydra-matte-fps50-cor-60-30g/p', 'price': None, 'ean': '7908615018171', 'name': 'Protetor Solar Facial Vichy Hydra-Matte FPS50 Cor 6.0 30g'} for https://www.drogal.com.br/protetor-solar-facial-vichy-hydra-matte-fps50-cor-60-30g/p
2026-06-23 21:35:54,465 - WARNING - Price tag not found (selector: meta[property="product:price:amount"]) for https://www.drogal.com.br/humulin-r-100-ui-ml-solucao-injetavel-2-refis-3ml/p
2026-06-23 21:35:54,494 - WARNING - Price tag not found (selector: meta[property="product:price:amount"]) for https://www.drogal.com.br/cloridrato-de-venlafaxina-75mg-torrent-30-comprimidos/p
2026-06-23 21:35:54,498 - WARNING - Product data has EAN/Name but invalid price: {'url': 'https://www.drogal.com.br/oleo-secante-impala-tratamento-75ml/p', 'price': None, 'ean': '7896111913789', 'name': 'Óleo Secante Impala Tratamento 7,5ml'} for https://www.drogal.com.br/oleo-secante-impala-tratamento-75ml/p
2026-06-23 21:35:54,538 - WARNING - Product data has EAN/Name but invalid price: {'url': 'https://www.drogal.com.br/saco-para-presente-infantil-tamanho-m-sortido-1-unidade-laco/p', 'price': None, 'ean': '7901036703008', 'name': 'Saco para Presente Infantil Tamanho M Sortido 1 Unidade + Laço'} for https://www.drogal.com.br/saco-para-presente-infantil-tamanho-m-sortido-1-unidade-laco/p
2026-06-23 21:35:54,552 - WARNING - Price tag not found (selector: meta[property="product:price:amount"]) for https://www.drogal.com.br/massa-de-eva-magic-pula-molda-e-princesa-70g/p
2026-06-23 21:35:54,578 - WARNING - Price tag not found (selector: meta[property="product:price:amount"]) for https://www.drogal.com.br/fralda-pampers-super-sequinha-super-xxg-50-unidades/p
2026-06-23 21:35:54,590 - WARNING - Price tag not found (selector: meta[property="product:price:amount"]) for https://www.drogal.com.br/dexilant-60mg-60-capsulas-duras-de-liberacao-retardada/p
2026-06-23 21:35:54,594 - WARNING - Product data has EAN/Name but invalid price: {'url': 'https://www.drogal.com.br/protetor-solar-facial-avene-cleanance-uv-antioleosidade-cor-medio-fps70-40g/p', 'price': None, 'ean': '3282770154825', 'name': 'Protetor Solar Facial Avène Cleanance UV Antioleosidade Cor Médio FPS70 40g'} for https://www.drogal.com.br/protetor-solar-facial-avene-cleanance-uv-antioleosidade-cor-medio-fps70-40g/p
2026-06-23 21:35:54,602 - WARNING - Product data has EAN/Name but invalid price: {'url': 'https://www.drogal.com.br/protetor-solar-infantil-avene-spray-fps50-200ml/p', 'price': None, 'ean': '3282770396317', 'name': 'Protetor Solar Infantil Avène Spray FPS50+ 200ml'} for https://www.drogal.com.br/protetor-solar-infantil-avene-spray-fps50-200ml/p
2026-06-23 21:35:54,656 - WARNING - Price tag not found (selector: meta[property="product:price:amount"]) for https://www.drogal.com.br/symbicort-turb-6200mcg-60-dos/p
2026-06-23 21:35:54,657 - WARNING - Price tag not found (selector: meta[property="product:price:amount"]) for https://www.drogal.com.br/lencos-de-papel-elite-softys-maxima-suavidade-folha-tripla-60-unidades/p
2026-06-23 21:35:54,699 - WARNING - Price tag not found (selector: meta[property="product:price:amount"]) for https://www.drogal.com.br/suplemento-alimentar-centrum-adulto-30-comprimidos/p
2026-06-23 21:35:54,706 - WARNING - Price tag not found (selector: meta[property="product:price:amount"]) for https://www.drogal.com.br/gel-arnica-e-calendula-bio-mustela-100ml/p
2026-06-23 21:35:54,764 - WARNING - Price tag not found (selector: meta[property="product:price:amount"]) for https://www.drogal.com.br/suplemento-alimentar-cooper-energy-creatina-monohidratada-100-300g/p
2026-06-23 21:35:54,767 - WARNING - Product data has EAN/Name but invalid price: {'url': 'https://www.drogal.com.br/nidue-100mg-20mg-12-comprimidos/p', 'price': None, 'ean': '7896004775623', 'name': 'Nidue 100mg + 20mg 12 Comprimidos'} for https://www.drogal.com.br/nidue-100mg-20mg-12-comprimidos/p
2026-06-23 21:35:54,779 - WARNING - Price tag not found (selector: meta[property="product:price:amount"]) for https://www.drogal.com.br/maxidex-1mg-g-pomada-oftalmica-esteril-35g/p
2026-06-23 21:35:54,802 - WARNING - Price tag not found (selector: meta[property="product:price:amount"]) for https://www.drogal.com.br/macarrao-instantaneo-cup-noodles-sabor-carne-defumada-85g/p
2026-06-23 21:35:54,810 - WARNING - Product data has EAN/Name but invalid price: {'url': 'https://www.drogal.com.br/desodorante-colonia-masculino-gusttavo-lima-embaixador-100ml/p', 'price': None, 'ean': '749355833726', 'name': 'Desodorante Colônia Masculino Gusttavo Lima Embaixador 100ml'} for https://www.drogal.com.br/desodorante-colonia-masculino-gusttavo-lima-embaixador-100ml/p
2026-06-23 21:35:54,839 - WARNING - Price tag not found (selector: meta[property="product:price:amount"]) for https://www.drogal.com.br/sabonete-liquido-protex-baby-lavanda-400ml/p
2026-06-23 21:35:54,863 - WARNING - Price tag not found (selector: meta[property="product:price:amount"]) for https://www.drogal.com.br/esmalte-vult-efeito-gel-5free-camila-loures-oi-familia-8ml/p
2026-06-23 21:35:54,865 - WARNING - Product data has EAN/Name but invalid price: {'url': 'https://www.drogal.com.br/snacks-natures-heart-sabor-maracuja-com-cacau-25g/p', 'price': None, 'ean': '7891000374160', 'name': 'Snacks Nature&apos;s Heart Sabor Maracujá com Cacau 25g'} for https://www.drogal.com.br/snacks-natures-heart-sabor-maracuja-com-cacau-25g/p
2026-06-23 21:35:54,920 - WARNING - Price tag not found (selector: meta[property="product:price:amount"]) for https://www.drogal.com.br/gel-hidratante-facial-preenchedor-garnier-hialuronico-toque-seco-85g/p
2026-06-23 21:35:54,924 - WARNING - Price tag not found (selector: meta[property="product:price:amount"]) for https://www.drogal.com.br/oleo-serum-corporal-dove-tom-uniforme-150ml/p
2026-06-23 21:35:54,951 - WARNING - Price tag not found (selector: meta[property="product:price:amount"]) for https://www.drogal.com.br/metronidazol-400mg-teuto-24-comprimidos/p
2026-06-23 21:35:54,954 - WARNING - Product data has EAN/Name but invalid price: {'url': 'https://www.drogal.com.br/hidraplex-po-natulab-sabor-uva-4-envelopes-de-279g/p', 'price': None, 'ean': '7898133137358', 'name': 'Hidraplex Pó Natulab Sabor Uva 4 Envelopes de 27,9g'} for https://www.drogal.com.br/hidraplex-po-natulab-sabor-uva-4-envelopes-de-279g/p
2026-06-23 21:35:54,980 - WARNING - Price tag not found (selector: meta[property="product:price:amount"]) for https://www.drogal.com.br/perlatte-10000-fcc-30-comprimidos-mastigaveis/p
2026-06-23 21:35:54,987 - WARNING - Product data has EAN/Name but invalid price: {'url': 'https://www.drogal.com.br/alprazolam-1mg-medley-30-comprimidos/p', 'price': None, 'ean': '7896422517034', 'name': 'Alprazolam 1mg Medley 30 Comprimidos'} for https://www.drogal.com.br/alprazolam-1mg-medley-30-comprimidos/p
2026-06-23 21:35:55,019 - WARNING - Product data has EAN/Name but invalid price: {'url': 'https://www.drogal.com.br/fralda-descartavel-bigfral-derma-plus-noturna-g-7-unidades/p', 'price': None, 'ean': '7896012801895', 'name': 'Fralda Descartável Bigfral Derma Plus Noturna G 7 Unidades'} for https://www.drogal.com.br/fralda-descartavel-bigfral-derma-plus-noturna-g-7-unidades/p
2026-06-23 21:35:55,044 - WARNING - Price tag not found (selector: meta[property="product:price:amount"]) for https://www.drogal.com.br/sabonetepheboodorderosasbarra90g/p
2026-06-23 21:35:55,047 - WARNING - Price tag not found (selector: meta[property="product:price:amount"]) for https://www.drogal.com.br/kalyamon-kids-250ml-suspensao-oral--copo-medidor/p
2026-06-23 21:35:55,076 - WARNING - Price tag not found (selector: meta[property="product:price:amount"]) for https://www.drogal.com.br/adocante-liquido-zero-cal-eritritol-65ml/p
2026-06-23 21:35:55,106 - WARNING - Price tag not found (selector: meta[property="product:price:amount"]) for https://www.drogal.com.br/spray-acidificante-elseve-glycolic-gloss-200ml/p
2026-06-23 21:35:55,109 - WARNING - Product data has EAN/Name but invalid price: {'url': 'https://www.drogal.com.br/sabonete-em-barra-nivea-flor-de-cerejeira-oleos-essenciais-85g/p', 'price': None, 'ean': '4005900696823', 'name': 'Sabonete em Barra Nivea Flor de Cerejeira &amp; Óleos Essenciais 85g'} for https://www.drogal.com.br/sabonete-em-barra-nivea-flor-de-cerejeira-oleos-essenciais-85g/p
2026-06-23 21:35:55,144 - WARNING - Price tag not found (selector: meta[property="product:price:amount"]) for https://www.drogal.com.br/condicionador-desamarelador-flores-e-vegetais-cinza-platinado-310ml/p
2026-06-23 21:35:55,147 - WARNING - Product data has EAN/Name but invalid price: {'url': 'https://www.drogal.com.br/estreva-01-gel-50g/p', 'price': None, 'ean': '5060632500878', 'name': 'Estreva 0,1% Gel 50g'} for https://www.drogal.com.br/estreva-01-gel-50g/p
2026-06-23 21:35:55,203 - WARNING - Price tag not found (selector: meta[property="product:price:amount"]) for https://www.drogal.com.br/levofloxacino-500mg10cpgem/p
2026-06-23 21:35:55,208 - WARNING - Price tag not found (selector: meta[property="product:price:amount"]) for https://www.drogal.com.br/suplemento-alimentar-blumel-imune-kids-sabor-morango-e-mel-30-gomas/p
2026-06-23 21:35:55,239 - WARNING - Price tag not found (selector: meta[property="product:price:amount"]) for https://www.drogal.com.br/hidratante-labial-carmed-os-smurfs-surpresa-sabor-blueberry-incolor-10g/p
2026-06-23 21:35:55,261 - WARNING - Product data has EAN/Name but invalid price: {'url': 'https://www.drogal.com.br/lixa-soft-line-eva-para-pes-sveda-1-unidade/p', 'price': None, 'ean': '7908079502964', 'name': 'Lixa Soft Line E.v.a para Pés Sveda 1 Unidade'} for https://www.drogal.com.br/lixa-soft-line-eva-para-pes-sveda-1-unidade/p
2026-06-23 21:35:55,275 - WARNING - Price tag not found (selector: meta[property="product:price:amount"]) for https://www.drogal.com.br/solucao-capilar-pant-50mgml-3-frascos-50ml-1-valvula-spray/p
2026-06-23 21:35:55,337 - WARNING - Price tag not found (selector: meta[property="product:price:amount"]) for https://www.drogal.com.br/protetor-solar-facial-nivea-sun-tripla-protecao-fluido-antissinais-fps65-40ml/p
2026-06-23 21:35:55,338 - WARNING - Price tag not found (selector: meta[property="product:price:amount"]) for https://www.drogal.com.br/noctiden-10mg-30-cpr-c1/p
2026-06-23 21:35:55,342 - WARNING - Product data has EAN/Name but invalid price: {'url': 'https://www.drogal.com.br/primera-30-0150mg-0030mg-63-comprimidos/p', 'price': None, 'ean': '7891317177683', 'name': 'Primera 30 0,150mg + 0,030mg 63 Comprimidos'} for https://www.drogal.com.br/primera-30-0150mg-0030mg-63-comprimidos/p
2026-06-23 21:35:55,373 - WARNING - Price tag not found (selector: meta[property="product:price:amount"]) for https://www.drogal.com.br/buscofem-200mgml-suspensao-gotas-sabor-tutti-frutti-20ml/p
2026-06-23 21:35:55,427 - WARNING - Price tag not found (selector: meta[property="product:price:amount"]) for https://www.drogal.com.br/esmalte-cremoso-dailus-queridinhos-merengue-8ml/p
2026-06-23 21:35:55,474 - WARNING - Price tag not found (selector: meta[property="product:price:amount"]) for https://www.drogal.com.br/mamadeira-avent-petala-260ml/p
2026-06-23 21:35:55,474 - WARNING - Price tag not found (selector: meta[property="product:price:amount"]) for https://www.drogal.com.br/lencos-umedecidos-johnsons-recem-nascido-sem-perfume-192-unidades/p
2026-06-23 21:35:55,488 - WARNING - Price tag not found (selector: meta[property="product:price:amount"]) for https://www.drogal.com.br/cloridrato-de-venlafaxina-150mg-ems-30-capsulas-duras-liberacao-prolongada/p
2026-06-23 21:35:55,491 - WARNING - Product data has EAN/Name but invalid price: {'url': 'https://www.drogal.com.br/triancil-20mgml-frasco-5ml-uso-intra-articular/p', 'price': None, 'ean': '7896637022804', 'name': 'Triancil 20mg/ml Frasco 5ml Uso Intra-articular'} for https://www.drogal.com.br/triancil-20mgml-frasco-5ml-uso-intra-articular/p
2026-06-23 21:35:55,519 - WARNING - Price tag not found (selector: meta[property="product:price:amount"]) for https://www.drogal.com.br/esmalte-lack-luminus-nascida-para-brilhar-fortune-8ml/p
2026-06-23 21:35:55,550 - WARNING - Price tag not found (selector: meta[property="product:price:amount"]) for https://www.drogal.com.br/sorvete-gelatier-sabor-macadamia-caramelizada-473ml/p
2026-06-23 21:35:55,574 - WARNING - Price tag not found (selector: meta[property="product:price:amount"]) for https://www.drogal.com.br/vasogard-50mg-60-comprimidos/p
2026-06-23 21:35:55,577 - WARNING - Product data has EAN/Name but invalid price: {'url': 'https://www.drogal.com.br/humulin-r-100-ui-ml-solucao-injetavel-2-refis-3ml/p', 'price': None, 'ean': '7896382703300', 'name': 'Humulin R 100 UI/ml Solução Injetável 2 Refis 3ml'} for https://www.drogal.com.br/humulin-r-100-ui-ml-solucao-injetavel-2-refis-3ml/p
2026-06-23 21:35:55,608 - WARNING - Product data has EAN/Name but invalid price: {'url': 'https://www.drogal.com.br/cloridrato-de-venlafaxina-75mg-torrent-30-comprimidos/p', 'price': None, 'ean': '8903855073118', 'name': 'Cloridrato de Venlafaxina 75mg Torrent 30 Comprimidos'} for https://www.drogal.com.br/cloridrato-de-venlafaxina-75mg-torrent-30-comprimidos/p
2026-06-23 21:35:55,619 - WARNING - Price tag not found (selector: meta[property="product:price:amount"]) for https://www.drogal.com.br/esmalte-transparente-impala-a-cor-da-sua-moda-top-pop-75ml/p
2026-06-23 21:35:55,675 - WARNING - Price tag not found (selector: meta[property="product:price:amount"]) for https://www.drogal.com.br/spidufen-1155mg-granulado-para-solucao-oral-sabor-menta-anis-10-envelopes-3g/p
2026-06-23 21:35:55,704 - WARNING - Price tag not found (selector: meta[property="product:price:amount"]) for https://www.drogal.com.br/esmalte-cremoso-colorama-sol-em-fini-8ml/p
2026-06-23 21:35:55,737 - WARNING - Price tag not found (selector: meta[property="product:price:amount"]) for https://www.drogal.com.br/bamifix-600mg-20-comprimidos-revestidos/p
2026-06-23 21:35:55,764 - WARNING - Price tag not found (selector: meta[property="product:price:amount"]) for https://www.drogal.com.br/traumeel-s-50-comprimidos-sublinguais/p
2026-06-23 21:35:55,778 - WARNING - Price tag not found (selector: meta[property="product:price:amount"]) for https://www.drogal.com.br/tibolona-25mg-germed-30-comprimidos/p
2026-06-23 21:35:55,827 - WARNING - Price tag not found (selector: meta[property="product:price:amount"]) for https://www.drogal.com.br/serum-facial-asepxia-gen-oil-free-30ml/p
2026-06-23 21:35:55,830 - WARNING - Price tag not found (selector: meta[property="product:price:amount"]) for https://www.drogal.com.br/suplemento-alimentar-moviben-cal-60-comprimidos/p
2026-06-23 21:35:55,876 - WARNING - Price tag not found (selector: meta[property="product:price:amount"]) for https://www.drogal.com.br/kit-suplemento-adulto-nutridrink-compact-protein-nutricao-enteral-e-oral-sabor-morango-4-unidades-125ml/p
2026-06-23 21:35:55,887 - WARNING - Price tag not found (selector: meta[property="product:price:amount"]) for https://www.drogal.com.br/desodorante-antitranspirante-aerosol-nivea-tom-natural-150ml/p
2026-06-23 21:35:55,892 - WARNING - Product data has EAN/Name but invalid price: {'url': 'https://www.drogal.com.br/massa-de-eva-magic-pula-molda-e-princesa-70g/p', 'price': None, 'ean': '7899550901898', 'name': 'Massa de EVA Magic Pula &amp; Molda Princesa 70g'} for https://www.drogal.com.br/massa-de-eva-magic-pula-molda-e-princesa-70g/p
2026-06-23 21:35:55,914 - WARNING - Price tag not found (selector: meta[property="product:price:amount"]) for https://www.drogal.com.br/tintura-creme-imedia-excellence-loreal-blonde-supreme-louro-clarissimo-perola-1012/p
2026-06-23 21:35:55,938 - WARNING - Price tag not found (selector: meta[property="product:price:amount"]) for https://www.drogal.com.br/esc-20mg-30-comprimidos-revestidos/p
2026-06-23 21:35:55,973 - WARNING - Price tag not found (selector: meta[property="product:price:amount"]) for https://www.drogal.com.br/fralda-huggies-roupinha-supreme-care-m-72-unidades/p
2026-06-23 21:35:55,983 - WARNING - Product data has EAN/Name but invalid price: {'url': 'https://www.drogal.com.br/fralda-pampers-super-sequinha-super-xxg-50-unidades/p', 'price': None, 'ean': '7500435250191', 'name': 'Fralda Pampers Super Sequinha Super XXG 50 Unidades'} for https://www.drogal.com.br/fralda-pampers-super-sequinha-super-xxg-50-unidades/p
2026-06-23 21:35:55,988 - WARNING - Product data has EAN/Name but invalid price: {'url': 'https://www.drogal.com.br/dexilant-60mg-60-capsulas-duras-de-liberacao-retardada/p', 'price': None, 'ean': '7896641809033', 'name': 'Dexilant 60mg 60 Cápsulas Duras de Liberação Retardada'} for https://www.drogal.com.br/dexilant-60mg-60-capsulas-duras-de-liberacao-retardada/p
2026-06-23 21:35:56,031 - WARNING - Price tag not found (selector: meta[property="product:price:amount"]) for https://www.drogal.com.br/condicionador-dove-nutritive-secrets-ritual-de-reparacao-400ml/p
2026-06-23 21:35:56,075 - WARNING - Price tag not found (selector: meta[property="product:price:amount"]) for https://www.drogal.com.br/perfume-eau-de-toilette-masculino-david-beckham-classic-50ml/p
2026-06-23 21:35:56,084 - WARNING - Price tag not found (selector: meta[property="product:price:amount"]) for https://www.drogal.com.br/protetor-labial-hidratante-nexter-essencia-de-morango-36g/p
2026-06-23 21:35:56,098 - WARNING - Price tag not found (selector: meta[property="product:price:amount"]) for https://www.drogal.com.br/coloracao-nutrisse-creme-garnier-20-preto-amora/p
2026-06-23 21:35:56,108 - WARNING - Product data has EAN/Name but invalid price: {'url': 'https://www.drogal.com.br/symbicort-turb-6200mcg-60-dos/p', 'price': None, 'ean': '7896206402211', 'name': 'Symbicort Turb 6/200mcg pó para inalação 60 doses'} for https://www.drogal.com.br/symbicort-turb-6200mcg-60-dos/p
2026-06-23 21:35:56,115 - WARNING - Product data has EAN/Name but invalid price: {'url': 'https://www.drogal.com.br/lencos-de-papel-elite-softys-maxima-suavidade-folha-tripla-60-unidades/p', 'price': None, 'ean': '7790250000358', 'name': 'Lenços de Papel Elite Softy&apos;s Máxima Suavidade Folha Tripla 60 Unidades'} for https://www.drogal.com.br/lencos-de-papel-elite-softys-maxima-suavidade-folha-tripla-60-unidades/p
2026-06-23 21:35:56,145 - WARNING - Price tag not found (selector: meta[property="product:price:amount"]) for https://www.drogal.com.br/ebatz-2mg-90-cpr-rev-or/p
2026-06-23 21:35:56,150 - WARNING - Product data has EAN/Name but invalid price: {'url': 'https://www.drogal.com.br/suplemento-alimentar-centrum-adulto-30-comprimidos/p', 'price': None, 'ean': '7896009498121', 'name': 'Suplemento Alimentar Centrum Adulto 30 Comprimidos'} for https://www.drogal.com.br/suplemento-alimentar-centrum-adulto-30-comprimidos/p
2026-06-23 21:35:56,182 - WARNING - Price tag not found (selector: meta[property="product:price:amount"]) for https://www.drogal.com.br/protetor-solar-facial-minesol-pigment-correct-fps70-cor-20-40g/p
2026-06-23 21:35:56,185 - WARNING - Product data has EAN/Name but invalid price: {'url': 'https://www.drogal.com.br/gel-arnica-e-calendula-bio-mustela-100ml/p', 'price': None, 'ean': '3504105036409', 'name': 'Gel Arnica e Calêndula Bio Mustela 100ml'} for https://www.drogal.com.br/gel-arnica-e-calendula-bio-mustela-100ml/p
2026-06-23 21:35:56,188 - WARNING - Product data has EAN/Name but invalid price: {'url': 'https://www.drogal.com.br/suplemento-alimentar-cooper-energy-creatina-monohidratada-100-300g/p', 'price': None, 'ean': '7908079513755', 'name': 'Suplemento Alimentar Cooper Energy Creatina Monohidratada 100% 300g'} for https://www.drogal.com.br/suplemento-alimentar-cooper-energy-creatina-monohidratada-100-300g/p
2026-06-23 21:35:56,226 - WARNING - Price tag not found (selector: meta[property="product:price:amount"]) for https://www.drogal.com.br/veepi-750mg-30-comprimidos-revestidos/p
2026-06-23 21:35:56,229 - WARNING - Product data has EAN/Name but invalid price: {'url': 'https://www.drogal.com.br/maxidex-1mg-g-pomada-oftalmica-esteril-35g/p', 'price': None, 'ean': '7896548198292', 'name': 'Maxidex 1mg/g Pomada Oftálmica 3,5g'} for https://www.drogal.com.br/maxidex-1mg-g-pomada-oftalmica-esteril-35g/p
2026-06-23 21:35:56,261 - WARNING - Price tag not found (selector: meta[property="product:price:amount"]) for https://www.drogal.com.br/addera-d3-50000ui-4-capsulas-moles/p
2026-06-23 21:35:56,281 - WARNING - Product data has EAN/Name but invalid price: {'url': 'https://www.drogal.com.br/macarrao-instantaneo-cup-noodles-sabor-carne-defumada-85g/p', 'price': None, 'ean': '7891079013052', 'name': 'Macarrão Instantâneo Cup Noodles Sabor Carne Defumada 85g'} for https://www.drogal.com.br/macarrao-instantaneo-cup-noodles-sabor-carne-defumada-85g/p
2026-06-23 21:35:56,304 - WARNING - Price tag not found (selector: meta[property="product:price:amount"]) for https://www.drogal.com.br/maleato-de-dexclorfeniramina-2mg-neo-quimica-20-comprimidos/p
2026-06-23 21:35:56,314 - WARNING - Price tag not found (selector: meta[property="product:price:amount"]) for https://www.drogal.com.br/desodorante-antitranspirante-aerosol-rexona-men-clinical-clean-55ml/p
2026-06-23 21:35:56,376 - WARNING - Product data has EAN/Name but invalid price: {'url': 'https://www.drogal.com.br/sabonete-liquido-protex-baby-lavanda-400ml/p', 'price': None, 'ean': '7509546687896', 'name': 'Sabonete Líquido Protex Baby Lavanda 400ml'} for https://www.drogal.com.br/sabonete-liquido-protex-baby-lavanda-400ml/p
2026-06-23 21:35:56,395 - WARNING - Price tag not found (selector: meta[property="product:price:amount"]) for https://www.drogal.com.br/kit-enxaguante-bucal-colgate-plax-ice-infinity-500ml-enxaguante-bucal-colgate-plax-ice-infinity-250ml/p
2026-06-23 21:35:56,397 - WARNING - Product data has EAN/Name but invalid price: {'url': 'https://www.drogal.com.br/esmalte-vult-efeito-gel-5free-camila-loures-oi-familia-8ml/p', 'price': None, 'ean': '7899852024387', 'name': 'Esmalte Vult Efeito Gel 5Free Camila Loures Oi, Família 8ml'} for https://www.drogal.com.br/esmalte-vult-efeito-gel-5free-camila-loures-oi-familia-8ml/p
2026-06-23 21:35:56,422 - WARNING - Price tag not found (selector: meta[property="product:price:amount"]) for https://www.drogal.com.br/creme-preventivo-de-assaduras-neopantol-baby-30g/p
2026-06-23 21:35:56,445 - WARNING - Price tag not found (selector: meta[property="product:price:amount"]) for https://www.drogal.com.br/shampoo-elseve-loreal-oleo-extraordinario-200ml/p
2026-06-23 21:35:56,469 - WARNING - Price tag not found (selector: meta[property="product:price:amount"]) for https://www.drogal.com.br/benegrip-multi-febre-e-dor-sabor-frutas-frasco-15ml/p
2026-06-23 21:35:56,474 - WARNING - Product data has EAN/Name but invalid price: {'url': 'https://www.drogal.com.br/gel-hidratante-facial-preenchedor-garnier-hialuronico-toque-seco-85g/p', 'price': None, 'ean': None, 'name': 'Gel Hidratante Facial Preenchedor Garnier Hialurônico Toque Seco 85g'} for https://www.drogal.com.br/gel-hidratante-facial-preenchedor-garnier-hialuronico-toque-seco-85g/p
2026-06-23 21:35:56,479 - WARNING - Product data has EAN/Name but invalid price: {'url': 'https://www.drogal.com.br/oleo-serum-corporal-dove-tom-uniforme-150ml/p', 'price': None, 'ean': '7891150104860', 'name': 'Óleo Sérum Corporal Dove Tom Uniforme 150ml'} for https://www.drogal.com.br/oleo-serum-corporal-dove-tom-uniforme-150ml/p
2026-06-23 21:35:56,483 - WARNING - Product data has EAN/Name but invalid price: {'url': 'https://www.drogal.com.br/metronidazol-400mg-teuto-24-comprimidos/p', 'price': None, 'ean': '7896112102663', 'name': 'Metronidazol 400mg Teuto 24 Comprimidos'} for https://www.drogal.com.br/metronidazol-400mg-teuto-24-comprimidos/p
2026-06-23 21:35:56,507 - WARNING - Price tag not found (selector: meta[property="product:price:amount"]) for https://www.drogal.com.br/kit-shampoo-tio-nacho-engrossador-415ml/p
2026-06-23 21:35:56,510 - WARNING - Product data has EAN/Name but invalid price: {'url': 'https://www.drogal.com.br/perlatte-10000-fcc-30-comprimidos-mastigaveis/p', 'price': None, 'ean': '7891317038571', 'name': 'Perlatte 10.000 FCC 30 Comprimidos Mastigáveis'} for https://www.drogal.com.br/perlatte-10000-fcc-30-comprimidos-mastigaveis/p
2026-06-23 21:35:56,539 - WARNING - Price tag not found (selector: meta[property="product:price:amount"]) for https://www.drogal.com.br/snifair-adulto-alto-volume-9mg-ml-po-para-solucao-3-saches-de-2160-cada-1-frasco-240ml-1-bico-de-intensidade-media-1-bico-de-intensidade-alta/p
2026-06-23 21:35:56,564 - WARNING - Price tag not found (selector: meta[property="product:price:amount"]) for https://www.drogal.com.br/fita-microporosa-cremer-branca-5cm-x-45m-1-unidade/p
2026-06-23 21:35:56,588 - WARNING - Product data has EAN/Name but invalid price: {'url': 'https://www.drogal.com.br/sabonetepheboodorderosasbarra90g/p', 'price': None, 'ean': '7896512909787', 'name': 'Sabonete barra Phebo Odor De Rosas 90g'} for https://www.drogal.com.br/sabonetepheboodorderosasbarra90g/p
2026-06-23 21:35:56,591 - WARNING - Price tag not found (selector: meta[property="product:price:amount"]) for https://www.drogal.com.br/dostinex-05mg-8-comprimidos/p
2026-06-23 21:35:56,615 - WARNING - Price tag not found (selector: meta[property="product:price:amount"]) for https://www.drogal.com.br/flebodia-600mg-15-comprimidos-revestidos/p
2026-06-23 21:35:56,618 - WARNING - Product data has EAN/Name but invalid price: {'url': 'https://www.drogal.com.br/kalyamon-kids-250ml-suspensao-oral--copo-medidor/p', 'price': None, 'ean': '7896212422562', 'name': 'Kalyamon Kids 250ml Suspensão Oral + Copo Medidor'} for https://www.drogal.com.br/kalyamon-kids-250ml-suspensao-oral--copo-medidor/p
2026-06-23 21:35:56,657 - WARNING - Price tag not found (selector: meta[property="product:price:amount"]) for https://www.drogal.com.br/desodorante-antitranspirante-aerosol-nivea-active-dry-comfort-2-unidades-150ml-cada/p
2026-06-23 21:35:56,671 - WARNING - Price tag not found (selector: meta[property="product:price:amount"]) for https://www.drogal.com.br/amoxicilina-clavulanato-de-potassio-500mg-sandoz-30-comprimidos/p
2026-06-23 21:35:56,676 - WARNING - Product data has EAN/Name but invalid price: {'url': 'https://www.drogal.com.br/adocante-liquido-zero-cal-eritritol-65ml/p', 'price': None, 'ean': '7896094919136', 'name': 'Adoçante Líquido Zero-Cal Eritritol 65ml'} for https://www.drogal.com.br/adocante-liquido-zero-cal-eritritol-65ml/p
2026-06-23 21:35:56,716 - WARNING - Price tag not found (selector: meta[property="product:price:amount"]) for https://www.drogal.com.br/cetoconazol-20mg-ml-cimed-shampoo-anticaspa-100ml/p
2026-06-23 21:35:56,719 - WARNING - Product data has EAN/Name but invalid price: {'url': 'https://www.drogal.com.br/spray-acidificante-elseve-glycolic-gloss-200ml/p', 'price': None, 'ean': '7908615060347', 'name': 'Spray Acidificante Elseve Glycolic Gloss 200ml'} for https://www.drogal.com.br/spray-acidificante-elseve-glycolic-gloss-200ml/p
2026-06-23 21:35:56,727 - WARNING - Price tag not found (selector: meta[property="product:price:amount"]) for https://www.drogal.com.br/bromazepam-6mg30cpgmdl-b1/p
2026-06-23 21:35:56,747 - WARNING - Price tag not found (selector: meta[property="product:price:amount"]) for https://www.drogal.com.br/caixa-de-som-bluetooth-kimaster-k400/p
2026-06-23 21:35:56,772 - WARNING - Product data has EAN/Name but invalid price: {'url': 'https://www.drogal.com.br/condicionador-desamarelador-flores-e-vegetais-cinza-platinado-310ml/p', 'price': None, 'ean': '7896671692834', 'name': 'Condicionador Flores e Vegetais Cinza Platinado 310ml'} for https://www.drogal.com.br/condicionador-desamarelador-flores-e-vegetais-cinza-platinado-310ml/p
2026-06-23 21:35:56,775 - WARNING - Price tag not found (selector: meta[property="product:price:amount"]) for https://www.drogal.com.br/formula-infantil-enfamil-premium-2-pro-evolut-800g/p
2026-06-23 21:35:56,799 - WARNING - Price tag not found (selector: meta[property="product:price:amount"]) for https://www.drogal.com.br/oxalato-de-excitalopram-10mg-30-comprimidos-revestidos-novartis/p
2026-06-23 21:35:56,825 - WARNING - Price tag not found (selector: meta[property="product:price:amount"]) for https://www.drogal.com.br/serum-facial-principia-ah-2-acido-hialuronico--vitamina-b5-30ml/p
2026-06-23 21:35:56,848 - WARNING - Price tag not found (selector: meta[property="product:price:amount"]) for https://www.drogal.com.br/trometamol-cetorolaco-10mg-eurofarma-10-comprimidos-sublinguais/p
2026-06-23 21:35:56,871 - WARNING - Price tag not found (selector: meta[property="product:price:amount"]) for https://www.drogal.com.br/pre-treino-em-po-sabor-frutas-vermelhas-30-saches/p
2026-06-23 21:35:56,916 - WARNING - Price tag not found (selector: meta[property="product:price:amount"]) for https://www.drogal.com.br/kronel-gel-ginec-60g-10apl/p
2026-06-23 21:35:56,917 - WARNING - Price tag not found (selector: meta[property="product:price:amount"]) for https://www.drogal.com.br/po-compacto-episol-color-pele-morena-fps30/p
2026-06-23 21:35:56,944 - WARNING - Price tag not found (selector: meta[property="product:price:amount"]) for https://www.drogal.com.br/creme-antiestrias-luciara-200ml/p
2026-06-23 21:35:56,971 - WARNING - Price tag not found (selector: meta[property="product:price:amount"]) for https://www.drogal.com.br/klev-15mg-14-comprimidos-revestidos/p
2026-06-23 21:35:56,975 - WARNING - Product data has EAN/Name but invalid price: {'url': 'https://www.drogal.com.br/levofloxacino-500mg10cpgem/p', 'price': None, 'ean': '7896004713120', 'name': 'Levofloxacino - EMS 500mg caixa com 10 comprimidos revestidos'} for https://www.drogal.com.br/levofloxacino-500mg10cpgem/p
2026-06-23 21:35:56,980 - WARNING - Product data has EAN/Name but invalid price: {'url': 'https://www.drogal.com.br/suplemento-alimentar-blumel-imune-kids-sabor-morango-e-mel-30-gomas/p', 'price': None, 'ean': '7896714290218', 'name': 'Suplemento Alimentar Blumel Imune Kids Sabor Morango e Mel 30 Gomas'} for https://www.drogal.com.br/suplemento-alimentar-blumel-imune-kids-sabor-morango-e-mel-30-gomas/p
2026-06-23 21:35:57,006 - WARNING - Price tag not found (selector: meta[property="product:price:amount"]) for https://www.drogal.com.br/esmalte-vult-cremoso-efeito-5free-gel-fruit-tella-cheirinho-da-bala-blueberry-8ml/p
2026-06-23 21:35:57,009 - WARNING - Product data has EAN/Name but invalid price: {'url': 'https://www.drogal.com.br/hidratante-labial-carmed-os-smurfs-surpresa-sabor-blueberry-incolor-10g/p', 'price': None, 'ean': '7897947621176', 'name': 'Hidratante Labial Carmed Os Smurfs Surpresa Sabor Blueberry Incolor 10g'} for https://www.drogal.com.br/hidratante-labial-carmed-os-smurfs-surpresa-sabor-blueberry-incolor-10g/p
2026-06-23 21:35:57,039 - WARNING - Price tag not found (selector: meta[property="product:price:amount"]) for https://www.drogal.com.br/creme-reparador-calmante-la-roche-posay-cicaplast-baume-b5-fps50-40ml/p
2026-06-23 21:35:57,066 - WARNING - Price tag not found (selector: meta[property="product:price:amount"]) for https://www.drogal.com.br/saco-para-presente-infantil-tamanho-g-sortido-1-unidade-laco/p
2026-06-23 21:35:57,069 - WARNING - Product data has EAN/Name but invalid price: {'url': 'https://www.drogal.com.br/solucao-capilar-pant-50mgml-3-frascos-50ml-1-valvula-spray/p', 'price': None, 'ean': '7896658035340', 'name': 'Solução Capilar Pant 50mg/ml 3 Frascos 50ml + 1 Válvula Spray'} for https://www.drogal.com.br/solucao-capilar-pant-50mgml-3-frascos-50ml-1-valvula-spray/p
2026-06-23 21:35:57,076 - WARNING - Product data has EAN/Name but invalid price: {'url': 'https://www.drogal.com.br/protetor-solar-facial-nivea-sun-tripla-protecao-fluido-antissinais-fps65-40ml/p', 'price': None, 'ean': '42429753', 'name': 'Protetor Solar Facial Nivea Sun Tripla Proteção Fluido Antissinais FPS65 40ml'} for https://www.drogal.com.br/protetor-solar-facial-nivea-sun-tripla-protecao-fluido-antissinais-fps65-40ml/p
2026-06-23 21:35:57,079 - WARNING - Product data has EAN/Name but invalid price: {'url': 'https://www.drogal.com.br/noctiden-10mg-30-cpr-c1/p', 'price': None, 'ean': '7896112401025', 'name': 'Noctiden 10mg 30 Comprimidos Revestidos'} for https://www.drogal.com.br/noctiden-10mg-30-cpr-c1/p
2026-06-23 21:35:57,103 - WARNING - Price tag not found (selector: meta[property="product:price:amount"]) for https://www.drogal.com.br/alfajor-cooper-energy-sabor-leite-em-po-55g/p
2026-06-23 21:35:57,111 - WARNING - Product data has EAN/Name but invalid price: {'url': 'https://www.drogal.com.br/buscofem-200mgml-suspensao-gotas-sabor-tutti-frutti-20ml/p', 'price': None, 'ean': '7896094925915', 'name': 'Analgésico Buscofem 200mg/ml Suspensão Gotas Sabor Tutti-Frutti 20ml'} for https://www.drogal.com.br/buscofem-200mgml-suspensao-gotas-sabor-tutti-frutti-20ml/p
2026-06-23 21:35:57,115 - WARNING - Product data has EAN/Name but invalid price: {'url': 'https://www.drogal.com.br/esmalte-cremoso-dailus-queridinhos-merengue-8ml/p', 'price': None, 'ean': '7894222010007', 'name': 'Esmalte Cremoso Dailus Queridinhos Merengue 8ml'} for https://www.drogal.com.br/esmalte-cremoso-dailus-queridinhos-merengue-8ml/p
2026-06-23 21:35:57,119 - WARNING - Product data has EAN/Name but invalid price: {'url': 'https://www.drogal.com.br/mamadeira-avent-petala-260ml/p', 'price': None, 'ean': '8710103872238', 'name': 'Mamadeira Avent Pétala 260ml'} for https://www.drogal.com.br/mamadeira-avent-petala-260ml/p
2026-06-23 21:35:57,144 - WARNING - Price tag not found (selector: meta[property="product:price:amount"]) for https://www.drogal.com.br/lacto-purga-5mg-16-comprimidos-revestidos/p
2026-06-23 21:35:57,148 - WARNING - Product data has EAN/Name but invalid price: {'url': 'https://www.drogal.com.br/lencos-umedecidos-johnsons-recem-nascido-sem-perfume-192-unidades/p', 'price': None, 'ean': '7891010253486', 'name': 'Lenços Umedecidos Johnson&apos;s Recém-Nascido Sem Perfume 192 Unidades'} for https://www.drogal.com.br/lencos-umedecidos-johnsons-recem-nascido-sem-perfume-192-unidades/p
2026-06-23 21:35:57,172 - WARNING - Product data has EAN/Name but invalid price: {'url': 'https://www.drogal.com.br/cloridrato-de-venlafaxina-150mg-ems-30-capsulas-duras-liberacao-prolongada/p', 'price': None, 'ean': '7896004728612', 'name': 'Cloridrato de Venlafaxina 150mg EMS 30 Cápsulas Duras Liberação Prolongada'} for https://www.drogal.com.br/cloridrato-de-venlafaxina-150mg-ems-30-capsulas-duras-liberacao-prolongada/p
2026-06-23 21:35:57,197 - WARNING - Price tag not found (selector: meta[property="product:price:amount"]) for https://www.drogal.com.br/nitrato-de-miconazol-20mg-g-prati-donaduzzi-creme-dermatologico-28g/p
2026-06-23 21:35:57,203 - WARNING - Price tag not found (selector: meta[property="product:price:amount"]) for https://www.drogal.com.br/lisador-dip-500mgml-solucao-gotas-20ml/p
2026-06-23 21:35:57,234 - WARNING - Product data has EAN/Name but invalid price: {'url': 'https://www.drogal.com.br/esmalte-lack-luminus-nascida-para-brilhar-fortune-8ml/p', 'price': None, 'ean': '7908079511454', 'name': 'Esmalte Lack Luminus Nascida para Brilhar Fortune 8ml'} for https://www.drogal.com.br/esmalte-lack-luminus-nascida-para-brilhar-fortune-8ml/p
2026-06-23 21:35:57,244 - WARNING - Price tag not found (selector: meta[property="product:price:amount"]) for https://www.drogal.com.br/gel-de-limpeza-facial-darrow-actine-oil-control-peles-mistas-a-oleosas-400g/p
2026-06-23 21:35:57,258 - WARNING - Price tag not found (selector: meta[property="product:price:amount"]) for https://www.drogal.com.br/holmes-h-40mg-125mg-30-comprimidos/p
2026-06-23 21:35:57,262 - WARNING - Product data has EAN/Name but invalid price: {'url': 'https://www.drogal.com.br/sorvete-gelatier-sabor-macadamia-caramelizada-473ml/p', 'price': None, 'ean': '7891150087316', 'name': 'Sorvete Gelatier Sabor Macadâmia Caramelizada 473ml'} for https://www.drogal.com.br/sorvete-gelatier-sabor-macadamia-caramelizada-473ml/p
2026-06-23 21:35:57,281 - WARNING - Product data has EAN/Name but invalid price: {'url': 'https://www.drogal.com.br/vasogard-50mg-60-comprimidos/p', 'price': None, 'ean': '7896181907626', 'name': 'Vasogard 50mg 60 Comprimidos'} for https://www.drogal.com.br/vasogard-50mg-60-comprimidos/p
2026-06-23 21:35:57,290 - WARNING - Price tag not found (selector: meta[property="product:price:amount"]) for https://www.drogal.com.br/reform-tabs-30-comprimidos/p
2026-06-23 21:35:57,319 - WARNING - Price tag not found (selector: meta[property="product:price:amount"]) for https://www.drogal.com.br/livro-para-colorir-fun-football-1-unidade/p
2026-06-23 21:35:57,322 - WARNING - Product data has EAN/Name but invalid price: {'url': 'https://www.drogal.com.br/esmalte-transparente-impala-a-cor-da-sua-moda-top-pop-75ml/p', 'price': None, 'ean': '7896111944998', 'name': 'Esmalte Transparente Impala A Cor da Sua Moda Top Pop 7,5ml'} for https://www.drogal.com.br/esmalte-transparente-impala-a-cor-da-sua-moda-top-pop-75ml/p
2026-06-23 21:35:57,326 - WARNING - Product data has EAN/Name but invalid price: {'url': 'https://www.drogal.com.br/spidufen-1155mg-granulado-para-solucao-oral-sabor-menta-anis-10-envelopes-3g/p', 'price': None, 'ean': '7898074610880', 'name': 'Spidufen 1155mg Granulado Para Solução Oral Sabor Menta Anis 10 Envelopes 3g'} for https://www.drogal.com.br/spidufen-1155mg-granulado-para-solucao-oral-sabor-menta-anis-10-envelopes-3g/p
2026-06-23 21:35:57,329 - WARNING - Product data has EAN/Name but invalid price: {'url': 'https://www.drogal.com.br/esmalte-cremoso-colorama-sol-em-fini-8ml/p', 'price': None, 'ean': '7899706239400', 'name': 'Esmalte Cremoso Colorama Sol em Fini 8ml'} for https://www.drogal.com.br/esmalte-cremoso-colorama-sol-em-fini-8ml/p
2026-06-23 21:35:57,333 - WARNING - Product data has EAN/Name but invalid price: {'url': 'https://www.drogal.com.br/bamifix-600mg-20-comprimidos-revestidos/p', 'price': None, 'ean': '7896672201882', 'name': 'Bamifix 600mg 20 Comprimidos Revestidos'} for https://www.drogal.com.br/bamifix-600mg-20-comprimidos-revestidos/p
2026-06-23 21:35:57,337 - WARNING - Product data has EAN/Name but invalid price: {'url': 'https://www.drogal.com.br/traumeel-s-50-comprimidos-sublinguais/p', 'price': None, 'ean': '7898908753141', 'name': 'Traumeel S 50 Comprimidos Sublinguais'} for https://www.drogal.com.br/traumeel-s-50-comprimidos-sublinguais/p
2026-06-23 21:35:57,358 - WARNING - Name selector not found or empty (selector: script[type="application/ld+json"]) for https://www.drogal.com.br/tibolona-25mg-germed-30-comprimidos/p
2026-06-23 21:35:57,365 - WARNING - Price tag not found (selector: meta[property="product:price:amount"]) for https://www.drogal.com.br/mascara-hidratante-pantene-pro-v-colageno-550ml/p
2026-06-23 21:35:57,368 - WARNING - Product data has EAN/Name but invalid price: {'url': 'https://www.drogal.com.br/serum-facial-asepxia-gen-oil-free-30ml/p', 'price': None, 'ean': '7898636192557', 'name': 'Sérum Corretor Facial Asepxia Gen para Pele Oleosa 30ml'} for https://www.drogal.com.br/serum-facial-asepxia-gen-oil-free-30ml/p
2026-06-23 21:35:57,396 - WARNING - Price tag not found (selector: meta[property="product:price:amount"]) for https://www.drogal.com.br/laclev-9000-fcc-alu-6-comprimidos/p
2026-06-23 21:35:57,423 - WARNING - Price tag not found (selector: meta[property="product:price:amount"]) for https://www.drogal.com.br/antialergico-allegra-6mgml-xarope-pediatrico-uso-oral-60ml-copinho-dosador/p
2026-06-23 21:35:57,425 - WARNING - Product data has EAN/Name but invalid price: {'url': 'https://www.drogal.com.br/suplemento-alimentar-moviben-cal-60-comprimidos/p', 'price': None, 'ean': '7908733203350', 'name': 'Suplemento Alimentar Moviben Cal 60 Comprimidos'} for https://www.drogal.com.br/suplemento-alimentar-moviben-cal-60-comprimidos/p
2026-06-23 21:35:57,453 - WARNING - Product data has EAN/Name but invalid price: {'url': 'https://www.drogal.com.br/kit-suplemento-adulto-nutridrink-compact-protein-nutricao-enteral-e-oral-sabor-morango-4-unidades-125ml/p', 'price': None, 'ean': None, 'name': 'Kit Suplemento Adulto Nutridrink Compact Protein Nutrição Enteral e Oral Sabor Morango 4 Unidades 125ml'} for https://www.drogal.com.br/kit-suplemento-adulto-nutridrink-compact-protein-nutricao-enteral-e-oral-sabor-morango-4-unidades-125ml/p
2026-06-23 21:35:57,458 - WARNING - Price tag not found (selector: meta[property="product:price:amount"]) for https://www.drogal.com.br/flavenos-900mg-100mg-granulados-para-suspensao-oral-30-envelopes-de-5g/p
2026-06-23 21:35:57,481 - WARNING - Price tag not found (selector: meta[property="product:price:amount"]) for https://www.drogal.com.br/sustain-junior-sabor-vitamina-de-frutas-zero-acucar-350g/p
2026-06-23 21:35:57,508 - WARNING - Price tag not found (selector: meta[property="product:price:amount"]) for https://www.drogal.com.br/suplemento-alimentar-mag-quelatus-175mg-60-comprimidos/p
2026-06-23 21:35:57,512 - WARNING - Product data has EAN/Name but invalid price: {'url': 'https://www.drogal.com.br/desodorante-antitranspirante-aerosol-nivea-tom-natural-150ml/p', 'price': None, 'ean': '4005808631322', 'name': 'Desodorante Antitranspirante Aerosol Nivea Tom Natural 150ml'} for https://www.drogal.com.br/desodorante-antitranspirante-aerosol-nivea-tom-natural-150ml/p
2026-06-23 21:35:57,518 - WARNING - Product data has EAN/Name but invalid price: {'url': 'https://www.drogal.com.br/tintura-creme-imedia-excellence-loreal-blonde-supreme-louro-clarissimo-perola-1012/p', 'price': None, 'ean': '7899706182553', 'name': 'Tintura Creme Imédia Excellence L&apos;Oréal Blonde Suprême Louro Claríssimo Pérola 10.12'} for https://www.drogal.com.br/tintura-creme-imedia-excellence-loreal-blonde-supreme-louro-clarissimo-perola-1012/p
2026-06-23 21:35:57,547 - WARNING - Product data has EAN/Name but invalid price: {'url': 'https://www.drogal.com.br/esc-20mg-30-comprimidos-revestidos/p', 'price': None, 'ean': '7891317476649', 'name': 'Esc 20mg 30 Comprimidos Revestidos'} for https://www.drogal.com.br/esc-20mg-30-comprimidos-revestidos/p
2026-06-23 21:35:57,551 - WARNING - Price tag not found (selector: meta[property="product:price:amount"]) for https://www.drogal.com.br/hidratante-corporal-neutrogena-body-care-intensive-hidrata-suaviza-400ml/p
2026-06-23 21:35:57,556 - WARNING - Product data has EAN/Name but invalid price: {'url': 'https://www.drogal.com.br/fralda-huggies-roupinha-supreme-care-m-72-unidades/p', 'price': None, 'ean': '7896007551262', 'name': 'Fralda Huggies Roupinha Pants Proteção Acolchoada M 72 Unidades'} for https://www.drogal.com.br/fralda-huggies-roupinha-supreme-care-m-72-unidades/p
2026-06-23 21:35:57,560 - WARNING - Product data has EAN/Name but invalid price: {'url': 'https://www.drogal.com.br/condicionador-dove-nutritive-secrets-ritual-de-reparacao-400ml/p', 'price': None, 'ean': '7891150050112', 'name': 'Condicionador Dove Nutritive Secrets Ritual de Reparação 400ml'} for https://www.drogal.com.br/condicionador-dove-nutritive-secrets-ritual-de-reparacao-400ml/p
2026-06-23 21:35:57,565 - WARNING - Product data has EAN/Name but invalid price: {'url': 'https://www.drogal.com.br/perfume-eau-de-toilette-masculino-david-beckham-classic-50ml/p', 'price': None, 'ean': '3616303461959', 'name': 'Perfume Eau de Toilette Masculino David Beckham Classic 50ml'} for https://www.drogal.com.br/perfume-eau-de-toilette-masculino-david-beckham-classic-50ml/p
2026-06-23 21:35:57,602 - WARNING - Price tag not found (selector: meta[property="product:price:amount"]) for https://www.drogal.com.br/esmalte-cremoso-dailus-queridinhos-rose-8ml/p
2026-06-23 21:35:57,618 - WARNING - Price tag not found (selector: meta[property="product:price:amount"]) for https://www.drogal.com.br/vurtuoso-10mg-30-comprimidos/p
2026-06-23 21:35:57,620 - WARNING - Product data has EAN/Name but invalid price: {'url': 'https://www.drogal.com.br/protetor-labial-hidratante-nexter-essencia-de-morango-36g/p', 'price': None, 'ean': '7908079506764', 'name': 'Protetor Labial Hidratante Nexter Essência de Morango 3,6g'} for https://www.drogal.com.br/protetor-labial-hidratante-nexter-essencia-de-morango-36g/p
2026-06-23 21:35:57,626 - WARNING - Product data has EAN/Name but invalid price: {'url': 'https://www.drogal.com.br/coloracao-nutrisse-creme-garnier-20-preto-amora/p', 'price': None, 'ean': '7899026475250', 'name': 'Coloração Garnier Nutrisse Creme 20 Preto Amora'} for https://www.drogal.com.br/coloracao-nutrisse-creme-garnier-20-preto-amora/p
2026-06-23 21:35:57,661 - WARNING - Price tag not found (selector: meta[property="product:price:amount"]) for https://www.drogal.com.br/sabonete-liquido-para-as-maos-giorno-casa-alecrim-350ml/p
2026-06-23 21:35:57,666 - WARNING - Product data has EAN/Name but invalid price: {'url': 'https://www.drogal.com.br/ebatz-2mg-90-cpr-rev-or/p', 'price': None, 'ean': '7896094209961', 'name': 'Ebatz 2mg 90 Comprimidos Revestidos'} for https://www.drogal.com.br/ebatz-2mg-90-cpr-rev-or/p
2026-06-23 21:35:57,713 - WARNING - Price tag not found (selector: meta[property="product:price:amount"]) for https://www.drogal.com.br/agua-perfumada-corporal-andiroba-140ml/p
2026-06-23 21:35:57,723 - WARNING - Price tag not found (selector: meta[property="product:price:amount"]) for https://www.drogal.com.br/bastao-bengala-indaia-pop-b405-aluminio-com-regulagem/p
2026-06-23 21:35:57,727 - WARNING - Product data has EAN/Name but invalid price: {'url': 'https://www.drogal.com.br/protetor-solar-facial-minesol-pigment-correct-fps70-cor-20-40g/p', 'price': None, 'ean': '7891010257965', 'name': 'Protetor Solar Facial Minesol Pigment Correct FPS70 Cor 2.0 40g'} for https://www.drogal.com.br/protetor-solar-facial-minesol-pigment-correct-fps70-cor-20-40g/p
2026-06-23 21:35:57,752 - WARNING - Price tag not found (selector: meta[property="product:price:amount"]) for https://www.drogal.com.br/piascledine-300mg-30-capsulas-gelatinosas-duras/p
2026-06-23 21:35:57,802 - WARNING - Price tag not found (selector: meta[property="product:price:amount"]) for https://www.drogal.com.br/gel-dental-infantil-com-fluor-dentalclean-bluey-sabor-bubble-gum-50g/p
2026-06-23 21:35:57,805 - WARNING - Product data has EAN/Name but invalid price: {'url': 'https://www.drogal.com.br/veepi-750mg-30-comprimidos-revestidos/p', 'price': None, 'ean': '8903855084978', 'name': 'Veepi 750mg 30 Comprimidos Revestidos'} for https://www.drogal.com.br/veepi-750mg-30-comprimidos-revestidos/p
2026-06-23 21:35:57,812 - WARNING - Price tag not found (selector: meta[property="product:price:amount"]) for https://www.drogal.com.br/clomid50mgcaixacom10comprimidos/p
2026-06-23 21:35:57,835 - WARNING - Price tag not found (selector: meta[property="product:price:amount"]) for https://www.drogal.com.br/orlistate-120mg-germed-42-capsulas-duras/p
2026-06-23 21:35:57,860 - WARNING - Price tag not found (selector: meta[property="product:price:amount"]) for https://www.drogal.com.br/quet-25mg-60-comprimidos-revestidos/p
2026-06-23 21:35:57,864 - WARNING - Product data has EAN/Name but invalid price: {'url': 'https://www.drogal.com.br/addera-d3-50000ui-4-capsulas-moles/p', 'price': None, 'ean': '7897322709758', 'name': 'Addera D3 50.000ui 4 Cápsulas Moles'} for https://www.drogal.com.br/addera-d3-50000ui-4-capsulas-moles/p
2026-06-23 21:35:57,890 - WARNING - Price tag not found (selector: meta[property="product:price:amount"]) for https://www.drogal.com.br/refil-sabonete-liquido-granado-calendula-300ml/p
2026-06-23 21:35:57,917 - WARNING - Price tag not found (selector: meta[property="product:price:amount"]) for https://www.drogal.com.br/glifage-xr-850mg-30-comprimidos-de-liberacao-prolongada/p
2026-06-23 21:35:57,921 - WARNING - Product data has EAN/Name but invalid price: {'url': 'https://www.drogal.com.br/maleato-de-dexclorfeniramina-2mg-neo-quimica-20-comprimidos/p', 'price': None, 'ean': '7896714201498', 'name': 'Maleato de Dexclorfeniramina 2mg Neo Química 20 Comprimidos'} for https://www.drogal.com.br/maleato-de-dexclorfeniramina-2mg-neo-quimica-20-comprimidos/p
2026-06-23 21:35:57,925 - WARNING - Product data has EAN/Name but invalid price: {'url': 'https://www.drogal.com.br/desodorante-antitranspirante-aerosol-rexona-men-clinical-clean-55ml/p', 'price': None, 'ean': '7791293038261', 'name': 'Desodorante Antitranspirante Aerosol Rexona Men Clinical Clean 55ml'} for https://www.drogal.com.br/desodorante-antitranspirante-aerosol-rexona-men-clinical-clean-55ml/p
2026-06-23 21:35:57,930 - WARNING - Product data has EAN/Name but invalid price: {'url': 'https://www.drogal.com.br/kit-enxaguante-bucal-colgate-plax-ice-infinity-500ml-enxaguante-bucal-colgate-plax-ice-infinity-250ml/p', 'price': None, 'ean': '7891024030134', 'name': 'Kit Enxaguante Bucal Colgate Plax Ice Infinity 500ml + Enxaguante Bucal Colgate Plax Ice Infinity 250ml'} for https://www.drogal.com.br/kit-enxaguante-bucal-colgate-plax-ice-infinity-500ml-enxaguante-bucal-colgate-plax-ice-infinity-250ml/p
2026-06-23 21:35:57,955 - WARNING - Price tag not found (selector: meta[property="product:price:amount"]) for https://www.drogal.com.br/chocolate-twix-triplo-40g/p
2026-06-23 21:35:57,982 - WARNING - Price tag not found (selector: meta[property="product:price:amount"]) for https://www.drogal.com.br/tartarato-de-brimonidina-maleato-de-timolol-2mgml-5mgml-neo-quimica-solucao-oftalmica-gotas-5ml/p
2026-06-23 21:35:57,985 - WARNING - Product data has EAN/Name but invalid price: {'url': 'https://www.drogal.com.br/creme-preventivo-de-assaduras-neopantol-baby-30g/p', 'price': None, 'ean': '7896714293127', 'name': 'Creme Antiassaduras Neopantol Baby 30g'} for https://www.drogal.com.br/creme-preventivo-de-assaduras-neopantol-baby-30g/p
2026-06-23 21:35:58,011 - WARNING - Price tag not found (selector: meta[property="product:price:amount"]) for https://www.drogal.com.br/repelente-sbp-advanced-kids-protecao-12-horas-90ml/p
2026-06-23 21:35:58,014 - WARNING - Product data has EAN/Name but invalid price: {'url': 'https://www.drogal.com.br/shampoo-elseve-loreal-oleo-extraordinario-200ml/p', 'price': None, 'ean': '7898587774314', 'name': 'Shampoo Elseve L&apos;Oréal Óleo Extraordinário 200ml'} for https://www.drogal.com.br/shampoo-elseve-loreal-oleo-extraordinario-200ml/p
2026-06-23 21:35:58,017 - WARNING - Product data has EAN/Name but invalid price: {'url': 'https://www.drogal.com.br/benegrip-multi-febre-e-dor-sabor-frutas-frasco-15ml/p', 'price': None, 'ean': '7896094928169', 'name': 'Antigripal Benegrip Multi Febre e Dor Pediátrico Suspensão Gotas Sabor Frutas 15ml'} for https://www.drogal.com.br/benegrip-multi-febre-e-dor-sabor-frutas-frasco-15ml/p
2026-06-23 21:35:58,041 - WARNING - Price tag not found (selector: meta[property="product:price:amount"]) for https://www.drogal.com.br/carvedilol-125mg-30-comprimidos-medley/p
2026-06-23 21:35:58,107 - WARNING - Price tag not found (selector: meta[property="product:price:amount"]) for https://www.drogal.com.br/sabonete-liquido-dermotivin-salix-120ml/p
2026-06-23 21:35:58,133 - WARNING - Price tag not found (selector: meta[property="product:price:amount"]) for https://www.drogal.com.br/desodorante-antitraspirante-em-stick-rexona-powder-dry-72h-feminino-45g/p
2026-06-23 21:35:58,157 - WARNING - Price tag not found (selector: meta[property="product:price:amount"]) for https://www.drogal.com.br/mascara-de-tratamento-dove-60-fator-de-nutricao-300g/p
2026-06-23 21:35:58,160 - WARNING - Product data has EAN/Name but invalid price: {'url': 'https://www.drogal.com.br/kit-shampoo-tio-nacho-engrossador-415ml/p', 'price': None, 'ean': '7898636192496', 'name': 'Kit Shampoo Tio Nacho Engrossador 415ml'} for https://www.drogal.com.br/kit-shampoo-tio-nacho-engrossador-415ml/p
2026-06-23 21:35:58,208 - WARNING - Price tag not found (selector: meta[property="product:price:amount"]) for https://www.drogal.com.br/protetor-solar-hidratante-facial-epidrat-calm-b5-pele-sensivel-50ml/p
2026-06-23 21:35:58,210 - WARNING - Price tag not found (selector: meta[property="product:price:amount"]) for https://www.drogal.com.br/batom-liquido-ruby-rose-duo-kiss-cor-dk12-5g/p
2026-06-23 21:35:58,216 - WARNING - Product data has EAN/Name but invalid price: {'url': 'https://www.drogal.com.br/snifair-adulto-alto-volume-9mg-ml-po-para-solucao-3-saches-de-2160-cada-1-frasco-240ml-1-bico-de-intensidade-media-1-bico-de-intensidade-alta/p', 'price': None, 'ean': '7891317035112', 'name': 'SnifAir Adulto Alto Volume 9mg/ml Pó para Solução 3 Sachês de 2,160 Cada + 1 Frasco 240ml + 1 Bico de Intensidade Média + 1 Bico de Intensidade Alta'} for https://www.drogal.com.br/snifair-adulto-alto-volume-9mg-ml-po-para-solucao-3-saches-de-2160-cada-1-frasco-240ml-1-bico-de-intensidade-media-1-bico-de-intensidade-alta/p
2026-06-23 21:35:58,239 - WARNING - Price tag not found (selector: meta[property="product:price:amount"]) for https://www.drogal.com.br/biscoito-integral-mae-terra-maizena-choco-biscoito-58g/p
2026-06-23 21:35:58,242 - WARNING - Product data has EAN/Name but invalid price: {'url': 'https://www.drogal.com.br/fita-microporosa-cremer-branca-5cm-x-45m-1-unidade/p', 'price': None, 'ean': '7891800662139', 'name': 'Fita Microporosa Cremer Branca 5cm x 4,5m 1 Unidade'} for https://www.drogal.com.br/fita-microporosa-cremer-branca-5cm-x-45m-1-unidade/p
2026-06-23 21:35:58,272 - WARNING - Price tag not found (selector: meta[property="product:price:amount"]) for https://www.drogal.com.br/amato-50mg-60-comprimidos-revestidos/p
2026-06-23 21:35:58,298 - WARNING - Price tag not found (selector: meta[property="product:price:amount"]) for https://www.drogal.com.br/creme-de-tratamento-capilar-salon-line-cachos-dos-sonhos-multy-extraordinario-3-em-1-morango-e-oleo-de-macadamia-1kg/p
2026-06-23 21:35:58,302 - WARNING - Product data has EAN/Name but invalid price: {'url': 'https://www.drogal.com.br/dostinex-05mg-8-comprimidos/p', 'price': None, 'ean': '7891045166515', 'name': 'Dostinex 0,5mg 8 Comprimidos'} for https://www.drogal.com.br/dostinex-05mg-8-comprimidos/p
2026-06-23 21:35:58,305 - WARNING - Product data has EAN/Name but invalid price: {'url': 'https://www.drogal.com.br/flebodia-600mg-15-comprimidos-revestidos/p', 'price': None, 'ean': '3400970002139', 'name': 'Flebodia 600mg 15 Comprimidos Revestidos'} for https://www.drogal.com.br/flebodia-600mg-15-comprimidos-revestidos/p
2026-06-23 21:35:58,331 - WARNING - Price tag not found (selector: meta[property="product:price:amount"]) for https://www.drogal.com.br/livro-sonic-aquarela-cores-e-aventura-1-unidade/p
2026-06-23 21:35:58,334 - WARNING - Product data has EAN/Name but invalid price: {'url': 'https://www.drogal.com.br/desodorante-antitranspirante-aerosol-nivea-active-dry-comfort-2-unidades-150ml-cada/p', 'price': None, 'ean': '4005900662095', 'name': 'Desodorante Antitranspirante Aerosol Nivea Active Dry Comfort 2 Unidades - 150ml Cada'} for https://www.drogal.com.br/desodorante-antitranspirante-aerosol-nivea-active-dry-comfort-2-unidades-150ml-cada/p
2026-06-23 21:35:58,337 - WARNING - Product data has EAN/Name but invalid price: {'url': 'https://www.drogal.com.br/amoxicilina-clavulanato-de-potassio-500mg-sandoz-30-comprimidos/p', 'price': None, 'ean': '7897595637161', 'name': 'Amoxicilina 500mg + Clavulanato de Potássio 125mg Sandoz 30 Comprimidos Revestidos'} for https://www.drogal.com.br/amoxicilina-clavulanato-de-potassio-500mg-sandoz-30-comprimidos/p
2026-06-23 21:35:58,341 - WARNING - Product data has EAN/Name but invalid price: {'url': 'https://www.drogal.com.br/cetoconazol-20mg-ml-cimed-shampoo-anticaspa-100ml/p', 'price': None, 'ean': '7896523201801', 'name': 'Shampoo Anticaspa Cetoconazol 20mg/ml Cimed 100ml'} for https://www.drogal.com.br/cetoconazol-20mg-ml-cimed-shampoo-anticaspa-100ml/p
2026-06-23 21:35:58,345 - WARNING - Product data has EAN/Name but invalid price: {'url': 'https://www.drogal.com.br/bromazepam-6mg30cpgmdl-b1/p', 'price': None, 'ean': '7896422505970', 'name': 'Bromazepam - Medley 6mg caixa com 30 comprimidos'} for https://www.drogal.com.br/bromazepam-6mg30cpgmdl-b1/p
2026-06-23 21:35:58,347 - WARNING - Product data has EAN/Name but invalid price: {'url': 'https://www.drogal.com.br/caixa-de-som-bluetooth-kimaster-k400/p', 'price': None, 'ean': '7899090160809', 'name': 'Caixa De Som Bluetooth Kimaster K400'} for https://www.drogal.com.br/caixa-de-som-bluetooth-kimaster-k400/p
2026-06-23 21:35:58,354 - WARNING - Product data has EAN/Name but invalid price: {'url': 'https://www.drogal.com.br/formula-infantil-enfamil-premium-2-pro-evolut-800g/p', 'price': None, 'ean': '7898941911850', 'name': 'Fórmula Infantil Enfamil Premium 2 Pro Evolut 800g'} for https://www.drogal.com.br/formula-infantil-enfamil-premium-2-pro-evolut-800g/p
2026-06-23 21:35:58,408 - WARNING - Price tag not found (selector: meta[property="product:price:amount"]) for https://www.drogal.com.br/aspirador-nasal-eletrico-multikids-baby/p
2026-06-23 21:35:58,410 - WARNING - Product data has EAN/Name but invalid price: {'url': 'https://www.drogal.com.br/oxalato-de-excitalopram-10mg-30-comprimidos-revestidos-novartis/p', 'price': None, 'ean': '7897595638021', 'name': 'Oxalato De Excitalopram 10mg 30 Comprimidos Revestidos - Novartis'} for https://www.drogal.com.br/oxalato-de-excitalopram-10mg-30-comprimidos-revestidos-novartis/p
2026-06-23 21:35:58,414 - WARNING - Price tag not found (selector: meta[property="product:price:amount"]) for https://www.drogal.com.br/sabonete-liquido-asepxia-carvao-detox-purificante-150ml/p
2026-06-23 21:35:58,418 - WARNING - Product data has EAN/Name but invalid price: {'url': 'https://www.drogal.com.br/serum-facial-principia-ah-2-acido-hialuronico--vitamina-b5-30ml/p', 'price': None, 'ean': '0736532824844', 'name': 'Sérum Facial Principia AH-2 Composição de Ácidos Hialurônicos + Vitaminas B5 30ml'} for https://www.drogal.com.br/serum-facial-principia-ah-2-acido-hialuronico--vitamina-b5-30ml/p
2026-06-23 21:35:58,432 - WARNING - Product data has EAN/Name but invalid price: {'url': 'https://www.drogal.com.br/trometamol-cetorolaco-10mg-eurofarma-10-comprimidos-sublinguais/p', 'price': None, 'ean': '7891317028237', 'name': 'Trometamol Cetorolaco 10mg Eurofarma 10 Comprimidos Sublinguais'} for https://www.drogal.com.br/trometamol-cetorolaco-10mg-eurofarma-10-comprimidos-sublinguais/p
2026-06-23 21:35:58,448 - WARNING - Price tag not found (selector: meta[property="product:price:amount"]) for https://www.drogal.com.br/locao-hidratante-corporal-neutrogena-tecnologia-reparadora-200ml/p
2026-06-23 21:35:58,451 - WARNING - Product data has EAN/Name but invalid price: {'url': 'https://www.drogal.com.br/pre-treino-em-po-sabor-frutas-vermelhas-30-saches/p', 'price': None, 'ean': '76808', 'name': 'Pré-Treino em Pó Sabor Frutas Vermelhas 30 Sachês'} for https://www.drogal.com.br/pre-treino-em-po-sabor-frutas-vermelhas-30-saches/p
2026-06-23 21:35:58,455 - WARNING - Product data has EAN/Name but invalid price: {'url': 'https://www.drogal.com.br/kronel-gel-ginec-60g-10apl/p', 'price': None, 'ean': '7896685300657', 'name': 'Kronel Gel Vaginal 60g + 10 Aplicadores'} for https://www.drogal.com.br/kronel-gel-ginec-60g-10apl/p
2026-06-23 21:35:58,482 - WARNING - Price tag not found (selector: meta[property="product:price:amount"]) for https://www.drogal.com.br/escova-de-limpeza-para-mamadeira-cor-azul/p
2026-06-23 21:35:58,504 - WARNING - Price tag not found (selector: meta[property="product:price:amount"]) for https://www.drogal.com.br/suplemento-alimentar-fertisop-q10-60-saches-4g-cada/p
2026-06-23 21:35:58,507 - WARNING - Product data has EAN/Name but invalid price: {'url': 'https://www.drogal.com.br/po-compacto-episol-color-pele-morena-fps30/p', 'price': None, 'ean': '7891142145468', 'name': 'Pó Compacto Episol Color Pele Morena FPS30 10g'} for https://www.drogal.com.br/po-compacto-episol-color-pele-morena-fps30/p
2026-06-23 21:35:58,531 - WARNING - Price tag not found (selector: meta[property="product:price:amount"]) for https://www.drogal.com.br/condicionador-matizador-amend-specialist-blonde-250ml/p
2026-06-23 21:35:58,534 - WARNING - Product data has EAN/Name but invalid price: {'url': 'https://www.drogal.com.br/creme-antiestrias-luciara-200ml/p', 'price': None, 'ean': '7892953002933', 'name': 'Luciara Creme Antiestrias Sem Perfume 200ml'} for https://www.drogal.com.br/creme-antiestrias-luciara-200ml/p
2026-06-23 21:35:58,539 - WARNING - Product data has EAN/Name but invalid price: {'url': 'https://www.drogal.com.br/klev-15mg-14-comprimidos-revestidos/p', 'price': None, 'ean': '7896658038983', 'name': 'Klev 15mg 14 Comprimidos Revestidos'} for https://www.drogal.com.br/klev-15mg-14-comprimidos-revestidos/p
2026-06-23 21:35:58,565 - WARNING - Price tag not found (selector: meta[property="product:price:amount"]) for https://www.drogal.com.br/isotonico-moving-hydro-protein-20g-sabor-tangerina-500ml/p
2026-06-23 21:35:58,568 - WARNING - Product data has EAN/Name but invalid price: {'url': 'https://www.drogal.com.br/esmalte-vult-cremoso-efeito-5free-gel-fruit-tella-cheirinho-da-bala-blueberry-8ml/p', 'price': None, 'ean': '7899852026466', 'name': 'Esmalte Vult Cremoso Efeito 5Free Gel Fruit-tella Cheirinho da Bala Blueberry 8ml'} for https://www.drogal.com.br/esmalte-vult-cremoso-efeito-5free-gel-fruit-tella-cheirinho-da-bala-blueberry-8ml/p
2026-06-23 21:35:58,595 - WARNING - Price tag not found (selector: meta[property="product:price:amount"]) for https://www.drogal.com.br/esmalte-perolado-impala-a-cor-da-sua-moda-dengo-75ml/p
2026-06-23 21:35:58,599 - WARNING - Product data has EAN/Name but invalid price: {'url': 'https://www.drogal.com.br/creme-reparador-calmante-la-roche-posay-cicaplast-baume-b5-fps50-40ml/p', 'price': None, 'ean': '7908785456032', 'name': 'Creme Reparador Calmante La Roche-Posay Cicaplast Baume B5 + FPS50 40ml'} for https://www.drogal.com.br/creme-reparador-calmante-la-roche-posay-cicaplast-baume-b5-fps50-40ml/p
2026-06-23 21:35:58,601 - WARNING - Product data has EAN/Name but invalid price: {'url': 'https://www.drogal.com.br/saco-para-presente-infantil-tamanho-g-sortido-1-unidade-laco/p', 'price': None, 'ean': '7901036703046', 'name': 'Saco para Presente Infantil Tamanho G Sortido 1 Unidade + Laço'} for https://www.drogal.com.br/saco-para-presente-infantil-tamanho-g-sortido-1-unidade-laco/p
2026-06-23 21:35:58,605 - WARNING - Product data has EAN/Name but invalid price: {'url': 'https://www.drogal.com.br/alfajor-cooper-energy-sabor-leite-em-po-55g/p', 'price': None, 'ean': '7908079515407', 'name': 'Alfajor Cooper Energy Sabor Leite em Pó 55g'} for https://www.drogal.com.br/alfajor-cooper-energy-sabor-leite-em-po-55g/p
2026-06-23 21:35:58,608 - WARNING - Product data has EAN/Name but invalid price: {'url': 'https://www.drogal.com.br/lacto-purga-5mg-16-comprimidos-revestidos/p', 'price': None, 'ean': '7896094904118', 'name': 'Laxante Lacto Purga 5mg 16 Comprimidos Revestidos'} for https://www.drogal.com.br/lacto-purga-5mg-16-comprimidos-revestidos/p
2026-06-23 21:35:58,612 - WARNING - Product data has EAN/Name but invalid price: {'url': 'https://www.drogal.com.br/nitrato-de-miconazol-20mg-g-prati-donaduzzi-creme-dermatologico-28g/p', 'price': None, 'ean': '7899547543919', 'name': 'Nitrato de Miconazol 20mg/g Prati-Donaduzzi Creme Dermatológico 28g'} for https://www.drogal.com.br/nitrato-de-miconazol-20mg-g-prati-donaduzzi-creme-dermatologico-28g/p
2026-06-23 21:35:58,614 - WARNING - Product data has EAN/Name but invalid price: {'url': 'https://www.drogal.com.br/lisador-dip-500mgml-solucao-gotas-20ml/p', 'price': None, 'ean': '7891142984951', 'name': 'Lisador Dip 500mg/ml Solução Gotas 20ml'} for https://www.drogal.com.br/lisador-dip-500mgml-solucao-gotas-20ml/p
2026-06-23 21:35:58,618 - WARNING - Product data has EAN/Name but invalid price: {'url': 'https://www.drogal.com.br/gel-de-limpeza-facial-darrow-actine-oil-control-peles-mistas-a-oleosas-400g/p', 'price': None, 'ean': '3282770395822', 'name': 'Gel de Limpeza Facial Darrow Actine Oil Control Peles Mistas a Oleosas 400g'} for https://www.drogal.com.br/gel-de-limpeza-facial-darrow-actine-oil-control-peles-mistas-a-oleosas-400g/p
2026-06-23 21:35:58,633 - WARNING - Product data has EAN/Name but invalid price: {'url': 'https://www.drogal.com.br/holmes-h-40mg-125mg-30-comprimidos/p', 'price': None, 'ean': '7891317124281', 'name': 'Holmes H 40mg + 12,5mg 30 Comprimidos'} for https://www.drogal.com.br/holmes-h-40mg-125mg-30-comprimidos/p
2026-06-23 21:35:58,643 - WARNING - Price tag not found (selector: meta[property="product:price:amount"]) for https://www.drogal.com.br/desloratadina-5mg-30cprgn-v/p
2026-06-23 21:35:58,647 - WARNING - Product data has EAN/Name but invalid price: {'url': 'https://www.drogal.com.br/reform-tabs-30-comprimidos/p', 'price': None, 'ean': '7898074615908', 'name': 'Suplemento Alimentar Reform Tabs 30 Comprimidos Revestidos'} for https://www.drogal.com.br/reform-tabs-30-comprimidos/p
2026-06-23 21:35:58,650 - WARNING - Product data has EAN/Name but invalid price: {'url': 'https://www.drogal.com.br/livro-para-colorir-fun-football-1-unidade/p', 'price': None, 'ean': '9786526124062', 'name': 'Livro para Colorir Fun Football 1 Unidade'} for https://www.drogal.com.br/livro-para-colorir-fun-football-1-unidade/p
2026-06-23 21:35:58,652 - WARNING - Product data has EAN/Name but invalid price: {'url': 'https://www.drogal.com.br/tibolona-25mg-germed-30-comprimidos/p', 'price': None, 'ean': '7896004742212', 'name': None} for https://www.drogal.com.br/tibolona-25mg-germed-30-comprimidos/p
2026-06-23 21:35:58,654 - WARNING - Product data has EAN/Name but invalid price: {'url': 'https://www.drogal.com.br/mascara-hidratante-pantene-pro-v-colageno-550ml/p', 'price': None, 'ean': '7500435197014', 'name': 'Máscara Hidratante Pantene Pro-V Colágeno 550ml'} for https://www.drogal.com.br/mascara-hidratante-pantene-pro-v-colageno-550ml/p
2026-06-23 21:35:58,657 - WARNING - Product data has EAN/Name but invalid price: {'url': 'https://www.drogal.com.br/laclev-9000-fcc-alu-6-comprimidos/p', 'price': None, 'ean': '7896083411665', 'name': 'Laclev 9.000FCC ALU Sabor Baunilha 6 Comprimidos Mastigáveis'} for https://www.drogal.com.br/laclev-9000-fcc-alu-6-comprimidos/p
2026-06-23 21:35:58,660 - WARNING - Product data has EAN/Name but invalid price: {'url': 'https://www.drogal.com.br/antialergico-allegra-6mgml-xarope-pediatrico-uso-oral-60ml-copinho-dosador/p', 'price': None, 'ean': '7891058002589', 'name': 'Antialérgico Allegra 6mg/ml Xarope Pediátrico Uso Oral 60ml + Copinho Dosador'} for https://www.drogal.com.br/antialergico-allegra-6mgml-xarope-pediatrico-uso-oral-60ml-copinho-dosador/p
2026-06-23 21:35:58,663 - WARNING - Product data has EAN/Name but invalid price: {'url': 'https://www.drogal.com.br/flavenos-900mg-100mg-granulados-para-suspensao-oral-30-envelopes-de-5g/p', 'price': None, 'ean': '7896112407515', 'name': 'Flavenos 900mg + 100mg Granulados Para Suspensão Oral 30 Envelopes de 5g'} for https://www.drogal.com.br/flavenos-900mg-100mg-granulados-para-suspensao-oral-30-envelopes-de-5g/p
2026-06-23 21:35:58,666 - WARNING - Product data has EAN/Name but invalid price: {'url': 'https://www.drogal.com.br/sustain-junior-sabor-vitamina-de-frutas-zero-acucar-350g/p', 'price': None, 'ean': '7891025107590', 'name': 'Sustain Júnior Sabor Vitamina de Frutas Zero Açúcar 350g'} for https://www.drogal.com.br/sustain-junior-sabor-vitamina-de-frutas-zero-acucar-350g/p
2026-06-23 21:35:58,668 - WARNING - Product data has EAN/Name but invalid price: {'url': 'https://www.drogal.com.br/suplemento-alimentar-mag-quelatus-175mg-60-comprimidos/p', 'price': None, 'ean': '7891317045579', 'name': 'Suplemento Alimentar Mag+ Quelatus 175mg 60 Comprimidos'} for https://www.drogal.com.br/suplemento-alimentar-mag-quelatus-175mg-60-comprimidos/p
2026-06-23 21:35:58,671 - WARNING - Product data has EAN/Name but invalid price: {'url': 'https://www.drogal.com.br/hidratante-corporal-neutrogena-body-care-intensive-hidrata-suaviza-400ml/p', 'price': None, 'ean': '7891010253936', 'name': 'Hidratante Corporal Neutrogena Body Care Intensive Hidrata &amp; Suaviza 400ml'} for https://www.drogal.com.br/hidratante-corporal-neutrogena-body-care-intensive-hidrata-suaviza-400ml/p
2026-06-23 21:35:58,674 - WARNING - Product data has EAN/Name but invalid price: {'url': 'https://www.drogal.com.br/esmalte-cremoso-dailus-queridinhos-rose-8ml/p', 'price': None, 'ean': '7894222010717', 'name': 'Esmalte Cremoso Dailus Queridinhos Rose 8ml'} for https://www.drogal.com.br/esmalte-cremoso-dailus-queridinhos-rose-8ml/p
2026-06-23 21:35:58,677 - WARNING - Product data has EAN/Name but invalid price: {'url': 'https://www.drogal.com.br/vurtuoso-10mg-30-comprimidos/p', 'price': None, 'ean': '5702150153883', 'name': 'Vurtuoso 10mg 30 Comprimidos'} for https://www.drogal.com.br/vurtuoso-10mg-30-comprimidos/p
2026-06-23 21:35:58,680 - WARNING - Product data has EAN/Name but invalid price: {'url': 'https://www.drogal.com.br/sabonete-liquido-para-as-maos-giorno-casa-alecrim-350ml/p', 'price': None, 'ean': '7896183313746', 'name': 'Sabonete Líquido para as Mãos Giorno Casa Alecrim 350ml'} for https://www.drogal.com.br/sabonete-liquido-para-as-maos-giorno-casa-alecrim-350ml/p
2026-06-23 21:35:58,683 - WARNING - Product data has EAN/Name but invalid price: {'url': 'https://www.drogal.com.br/agua-perfumada-corporal-andiroba-140ml/p', 'price': None, 'ean': '65825', 'name': 'Água Perfumada Corporal Andiroba 140ml'} for https://www.drogal.com.br/agua-perfumada-corporal-andiroba-140ml/p
2026-06-23 21:35:58,685 - WARNING - Product data has EAN/Name but invalid price: {'url': 'https://www.drogal.com.br/bastao-bengala-indaia-pop-b405-aluminio-com-regulagem/p', 'price': None, 'ean': '7898391072880', 'name': 'Bastão Bengala Indaiá Pop B405 Alumínio com Regulagem'} for https://www.drogal.com.br/bastao-bengala-indaia-pop-b405-aluminio-com-regulagem/p
2026-06-23 21:35:58,688 - WARNING - Product data has EAN/Name but invalid price: {'url': 'https://www.drogal.com.br/piascledine-300mg-30-capsulas-gelatinosas-duras/p', 'price': None, 'ean': '7896255766906', 'name': 'Piascledine 300mg 30 Cápsulas Gelatinosas Duras'} for https://www.drogal.com.br/piascledine-300mg-30-capsulas-gelatinosas-duras/p
2026-06-23 21:35:58,691 - WARNING - Product data has EAN/Name but invalid price: {'url': 'https://www.drogal.com.br/gel-dental-infantil-com-fluor-dentalclean-bluey-sabor-bubble-gum-50g/p', 'price': None, 'ean': '7898185416869', 'name': 'Gel Dental Infantil com Flúor Dentalclean Bluey Sabor Bubble Gum 50g'} for https://www.drogal.com.br/gel-dental-infantil-com-fluor-dentalclean-bluey-sabor-bubble-gum-50g/p
2026-06-23 21:35:58,693 - WARNING - Product data has EAN/Name but invalid price: {'url': 'https://www.drogal.com.br/clomid50mgcaixacom10comprimidos/p', 'price': None, 'ean': '7896422513098', 'name': 'Clomid 50mg caixa com 10 comprimidos'} for https://www.drogal.com.br/clomid50mgcaixacom10comprimidos/p
2026-06-23 21:35:58,696 - WARNING - Product data has EAN/Name but invalid price: {'url': 'https://www.drogal.com.br/orlistate-120mg-germed-42-capsulas-duras/p', 'price': None, 'ean': '7896004745626', 'name': 'Orlistate 120mg Germed 42  Cápsulas Duras'} for https://www.drogal.com.br/orlistate-120mg-germed-42-capsulas-duras/p
2026-06-23 21:35:58,698 - WARNING - Product data has EAN/Name but invalid price: {'url': 'https://www.drogal.com.br/quet-25mg-60-comprimidos-revestidos/p', 'price': None, 'ean': '7891317038977', 'name': 'Quet 25mg 60 Comprimidos Revestidos'} for https://www.drogal.com.br/quet-25mg-60-comprimidos-revestidos/p
2026-06-23 21:35:58,701 - WARNING - Product data has EAN/Name but invalid price: {'url': 'https://www.drogal.com.br/refil-sabonete-liquido-granado-calendula-300ml/p', 'price': None, 'ean': '7896512949899', 'name': 'Refil Sabonete Líquido Granado Calêndula 300ml'} for https://www.drogal.com.br/refil-sabonete-liquido-granado-calendula-300ml/p
2026-06-23 21:35:58,704 - WARNING - Product data has EAN/Name but invalid price: {'url': 'https://www.drogal.com.br/glifage-xr-850mg-30-comprimidos-de-liberacao-prolongada/p', 'price': None, 'ean': '7891721201530', 'name': 'Glifage XR 850mg 30 Comprimidos de Liberação Prolongada'} for https://www.drogal.com.br/glifage-xr-850mg-30-comprimidos-de-liberacao-prolongada/p
2026-06-23 21:35:58,707 - WARNING - Product data has EAN/Name but invalid price: {'url': 'https://www.drogal.com.br/chocolate-twix-triplo-40g/p', 'price': None, 'ean': '7896423405491', 'name': 'Chocolate Twix Triplo 40g'} for https://www.drogal.com.br/chocolate-twix-triplo-40g/p
2026-06-23 21:35:58,709 - WARNING - Product data has EAN/Name but invalid price: {'url': 'https://www.drogal.com.br/tartarato-de-brimonidina-maleato-de-timolol-2mgml-5mgml-neo-quimica-solucao-oftalmica-gotas-5ml/p', 'price': None, 'ean': '7896714241647', 'name': 'Tartarato de Brimonidina 2mg/ml + Maleato de Timolol 5mg/ml Solução Oftálmica 5ml'} for https://www.drogal.com.br/tartarato-de-brimonidina-maleato-de-timolol-2mgml-5mgml-neo-quimica-solucao-oftalmica-gotas-5ml/p
2026-06-23 21:35:58,712 - WARNING - Product data has EAN/Name but invalid price: {'url': 'https://www.drogal.com.br/repelente-sbp-advanced-kids-protecao-12-horas-90ml/p', 'price': None, 'ean': '7891035618581', 'name': 'Repelente SBP Advanced Kids Proteção 12 Horas 90ml'} for https://www.drogal.com.br/repelente-sbp-advanced-kids-protecao-12-horas-90ml/p
2026-06-23 21:35:58,715 - WARNING - Product data has EAN/Name but invalid price: {'url': 'https://www.drogal.com.br/carvedilol-125mg-30-comprimidos-medley/p', 'price': None, 'ean': '7896422519373', 'name': 'Carvedilol 12,5mg 30 Comprimidos - Medley'} for https://www.drogal.com.br/carvedilol-125mg-30-comprimidos-medley/p
2026-06-23 21:35:58,718 - WARNING - Product data has EAN/Name but invalid price: {'url': 'https://www.drogal.com.br/sabonete-liquido-dermotivin-salix-120ml/p', 'price': None, 'ean': '7897930777378', 'name': 'Sabonete Líquido Dermotivin Salix 120ml'} for https://www.drogal.com.br/sabonete-liquido-dermotivin-salix-120ml/p
2026-06-23 21:35:58,721 - WARNING - Product data has EAN/Name but invalid price: {'url': 'https://www.drogal.com.br/desodorante-antitraspirante-em-stick-rexona-powder-dry-72h-feminino-45g/p', 'price': None, 'ean': '75082833', 'name': 'Desodorante Antitranspirante em Stick Rexona Powder Dry 72h Feminino 45g'} for https://www.drogal.com.br/desodorante-antitraspirante-em-stick-rexona-powder-dry-72h-feminino-45g/p
2026-06-23 21:35:58,724 - WARNING - Product data has EAN/Name but invalid price: {'url': 'https://www.drogal.com.br/mascara-de-tratamento-dove-60-fator-de-nutricao-300g/p', 'price': None, 'ean': '7891150058231', 'name': 'Máscara de Tratamento Dove 60+ Fator de Nutrição 300g'} for https://www.drogal.com.br/mascara-de-tratamento-dove-60-fator-de-nutricao-300g/p
2026-06-23 21:35:58,727 - WARNING - Product data has EAN/Name but invalid price: {'url': 'https://www.drogal.com.br/protetor-solar-hidratante-facial-epidrat-calm-b5-pele-sensivel-50ml/p', 'price': None, 'ean': '7891142982957', 'name': 'Protetor Solar Facial Epidrat Calm B5 FPS50 50ml'} for https://www.drogal.com.br/protetor-solar-hidratante-facial-epidrat-calm-b5-pele-sensivel-50ml/p
2026-06-23 21:35:58,730 - WARNING - Product data has EAN/Name but invalid price: {'url': 'https://www.drogal.com.br/batom-liquido-ruby-rose-duo-kiss-cor-dk12-5g/p', 'price': None, 'ean': '7900083013153', 'name': 'Batom Líquido Ruby Rose Duo Kiss Cor DK12 5g'} for https://www.drogal.com.br/batom-liquido-ruby-rose-duo-kiss-cor-dk12-5g/p
2026-06-23 21:35:58,733 - WARNING - Product data has EAN/Name but invalid price: {'url': 'https://www.drogal.com.br/biscoito-integral-mae-terra-maizena-choco-biscoito-58g/p', 'price': None, 'ean': '7891150089181', 'name': 'Biscoito Integral Mãe Terra Maizena Choco Biscoito 58g'} for https://www.drogal.com.br/biscoito-integral-mae-terra-maizena-choco-biscoito-58g/p
2026-06-23 21:35:58,736 - WARNING - Product data has EAN/Name but invalid price: {'url': 'https://www.drogal.com.br/amato-50mg-60-comprimidos-revestidos/p', 'price': None, 'ean': '7891317443382', 'name': 'Amato 50mg 60 Comprimidos Revestidos'} for https://www.drogal.com.br/amato-50mg-60-comprimidos-revestidos/p
2026-06-23 21:35:58,738 - WARNING - Product data has EAN/Name but invalid price: {'url': 'https://www.drogal.com.br/creme-de-tratamento-capilar-salon-line-cachos-dos-sonhos-multy-extraordinario-3-em-1-morango-e-oleo-de-macadamia-1kg/p', 'price': None, 'ean': '7908458326228', 'name': 'Creme de Tratamento Capilar Salon Line Cachos dos Sonhos Multy Extraordinário 3 em 1 Morango e Óleo de Macadâmia 1kg'} for https://www.drogal.com.br/creme-de-tratamento-capilar-salon-line-cachos-dos-sonhos-multy-extraordinario-3-em-1-morango-e-oleo-de-macadamia-1kg/p
2026-06-23 21:35:58,741 - WARNING - Product data has EAN/Name but invalid price: {'url': 'https://www.drogal.com.br/livro-sonic-aquarela-cores-e-aventura-1-unidade/p', 'price': None, 'ean': '9786526107300', 'name': 'Livro Sonic Aquarela Cores e Aventura 1 Unidade'} for https://www.drogal.com.br/livro-sonic-aquarela-cores-e-aventura-1-unidade/p
2026-06-23 21:35:58,744 - WARNING - Product data has EAN/Name but invalid price: {'url': 'https://www.drogal.com.br/aspirador-nasal-eletrico-multikids-baby/p', 'price': None, 'ean': '7908414420830', 'name': 'Aspirador Nasal Elétrico Multikids Baby'} for https://www.drogal.com.br/aspirador-nasal-eletrico-multikids-baby/p
2026-06-23 21:35:58,747 - WARNING - Product data has EAN/Name but invalid price: {'url': 'https://www.drogal.com.br/sabonete-liquido-asepxia-carvao-detox-purificante-150ml/p', 'price': None, 'ean': '7898636192458', 'name': 'Sabonete Líquido Asepxia Carvão Detox Purificante 150ml'} for https://www.drogal.com.br/sabonete-liquido-asepxia-carvao-detox-purificante-150ml/p
2026-06-23 21:35:58,750 - WARNING - Product data has EAN/Name but invalid price: {'url': 'https://www.drogal.com.br/locao-hidratante-corporal-neutrogena-tecnologia-reparadora-200ml/p', 'price': None, 'ean': '7891010254964', 'name': 'Loção Intensiva Hidratante Neutrogena Norwegian Com Fragrância 200ml'} for https://www.drogal.com.br/locao-hidratante-corporal-neutrogena-tecnologia-reparadora-200ml/p
2026-06-23 21:35:58,753 - WARNING - Product data has EAN/Name but invalid price: {'url': 'https://www.drogal.com.br/escova-de-limpeza-para-mamadeira-cor-azul/p', 'price': None, 'ean': '7896000672056', 'name': 'Escova de Limpeza para Mamadeira Cor Azul'} for https://www.drogal.com.br/escova-de-limpeza-para-mamadeira-cor-azul/p
2026-06-23 21:35:58,755 - WARNING - Product data has EAN/Name but invalid price: {'url': 'https://www.drogal.com.br/suplemento-alimentar-fertisop-q10-60-saches-4g-cada/p', 'price': None, 'ean': '7898430194344', 'name': 'Suplemento Alimentar FertiSop Q10 60 Sachês 4g Cada'} for https://www.drogal.com.br/suplemento-alimentar-fertisop-q10-60-saches-4g-cada/p
2026-06-23 21:35:58,758 - WARNING - Product data has EAN/Name but invalid price: {'url': 'https://www.drogal.com.br/condicionador-matizador-amend-specialist-blonde-250ml/p', 'price': None, 'ean': '7896852616963', 'name': 'Condicionador Matizador Amend Specialist Blonde 250ml'} for https://www.drogal.com.br/condicionador-matizador-amend-specialist-blonde-250ml/p
2026-06-23 21:35:58,762 - WARNING - Product data has EAN/Name but invalid price: {'url': 'https://www.drogal.com.br/isotonico-moving-hydro-protein-20g-sabor-tangerina-500ml/p', 'price': None, 'ean': '7896050201756', 'name': 'Isotônico Moving Hydro Protein 20g Sabor Tangerina 500ml'} for https://www.drogal.com.br/isotonico-moving-hydro-protein-20g-sabor-tangerina-500ml/p
2026-06-23 21:35:58,764 - WARNING - Product data has EAN/Name but invalid price: {'url': 'https://www.drogal.com.br/esmalte-perolado-impala-a-cor-da-sua-moda-dengo-75ml/p', 'price': None, 'ean': '7896111913833', 'name': 'Esmalte Perolado Impala A Cor da Sua Moda Dengo 7,5ml'} for https://www.drogal.com.br/esmalte-perolado-impala-a-cor-da-sua-moda-dengo-75ml/p
2026-06-23 21:35:58,768 - WARNING - Product data has EAN/Name but invalid price: {'url': 'https://www.drogal.com.br/desloratadina-5mg-30cprgn-v/p', 'price': None, 'ean': '7895296045063', 'name': 'Desloratadina - Nova Química 5mg caixa com 30 comprimidos revestidos'} for https://www.drogal.com.br/desloratadina-5mg-30cprgn-v/p
2026-06-23 21:35:59,081 - WARNING - Price tag not found (selector: meta[property="product:price:amount"]) for https://www.drogal.com.br/adocante-liquido-linea-sucralose-75ml/p
2026-06-23 21:35:59,084 - WARNING - Product data has EAN/Name but invalid price: {'url': 'https://www.drogal.com.br/adocante-liquido-linea-sucralose-75ml/p', 'price': None, 'ean': '7896001250628', 'name': 'Adoçante Líquido Linea Sucralose 75ml'} for https://www.drogal.com.br/adocante-liquido-linea-sucralose-75ml/p
2026-06-23 21:35:59,250 - WARNING - Price tag not found (selector: meta[property="product:price:amount"]) for https://www.drogal.com.br/albendazol-400mg-prati-donaduzzi-5-comprimidos-mastigaveis/p
2026-06-23 21:35:59,253 - WARNING - Product data has EAN/Name but invalid price: {'url': 'https://www.drogal.com.br/albendazol-400mg-prati-donaduzzi-5-comprimidos-mastigaveis/p', 'price': None, 'ean': '7899547527681', 'name': 'Albendazol 400mg Prati-Donaduzzi 5 Comprimidos Mastigáveis'} for https://www.drogal.com.br/albendazol-400mg-prati-donaduzzi-5-comprimidos-mastigaveis/p
2026-06-23 21:35:59,462 - WARNING - Price tag not found (selector: meta[property="product:price:amount"]) for https://www.drogal.com.br/tylenol-750mg-20-comprimidos-revestidos/p
2026-06-23 21:35:59,465 - WARNING - Product data has EAN/Name but invalid price: {'url': 'https://www.drogal.com.br/tylenol-750mg-20-comprimidos-revestidos/p', 'price': None, 'ean': '7891010256708', 'name': 'Tylenol Múltiplas Dores 750mg 20 Comprimidos Revestidos'} for https://www.drogal.com.br/tylenol-750mg-20-comprimidos-revestidos/p
2026-06-23 21:35:59,560 - WARNING - Price tag not found (selector: meta[property="product:price:amount"]) for https://www.drogal.com.br/imense-50mg-60-comprimidos/p
2026-06-23 21:35:59,563 - WARNING - Product data has EAN/Name but invalid price: {'url': 'https://www.drogal.com.br/imense-50mg-60-comprimidos/p', 'price': None, 'ean': '7894916513012', 'name': 'Imense 50mg 60 Comprimidos'} for https://www.drogal.com.br/imense-50mg-60-comprimidos/p
2026-06-23 21:35:59,671 - WARNING - Price tag not found (selector: meta[property="product:price:amount"]) for https://www.drogal.com.br/coenzima-q10-50mg-60-capsulas/p
2026-06-23 21:35:59,675 - WARNING - Product data has EAN/Name but invalid price: {'url': 'https://www.drogal.com.br/coenzima-q10-50mg-60-capsulas/p', 'price': None, 'ean': '7898593050570', 'name': 'Coenzima Q10 50mg 60 Cápsulas'} for https://www.drogal.com.br/coenzima-q10-50mg-60-capsulas/p
2026-06-23 21:35:59,724 - WARNING - Price tag not found (selector: meta[property="product:price:amount"]) for https://www.drogal.com.br/descon-12mg-15mg-4-comprimidos/p
2026-06-23 21:35:59,726 - WARNING - Product data has EAN/Name but invalid price: {'url': 'https://www.drogal.com.br/descon-12mg-15mg-4-comprimidos/p', 'price': None, 'ean': '7896094932104', 'name': 'Descon 4 Comprimidos'} for https://www.drogal.com.br/descon-12mg-15mg-4-comprimidos/p
2026-06-23 21:35:59,779 - WARNING - Price tag not found (selector: meta[property="product:price:amount"]) for https://www.drogal.com.br/arcoxia-60mg-14-comprimidos-revestidos/p
2026-06-23 21:35:59,782 - WARNING - Product data has EAN/Name but invalid price: {'url': 'https://www.drogal.com.br/arcoxia-60mg-14-comprimidos-revestidos/p', 'price': None, 'ean': '7897337704977', 'name': 'Arcoxia 60mg 14 Comprimidos Revestidos'} for https://www.drogal.com.br/arcoxia-60mg-14-comprimidos-revestidos/p
2026-06-23 21:35:59,808 - WARNING - Price tag not found (selector: meta[property="product:price:amount"]) for https://www.drogal.com.br/revipel-50mg-ml-solucao-spray-capilar-refil-50ml/p
2026-06-23 21:35:59,810 - WARNING - Product data has EAN/Name but invalid price: {'url': 'https://www.drogal.com.br/revipel-50mg-ml-solucao-spray-capilar-refil-50ml/p', 'price': None, 'ean': '7896006298700', 'name': 'Revipel 50mg/ml Solução Spray Capilar Refil 50ml'} for https://www.drogal.com.br/revipel-50mg-ml-solucao-spray-capilar-refil-50ml/p
2026-06-23 21:35:59,847 - WARNING - Price tag not found (selector: meta[property="product:price:amount"]) for https://www.drogal.com.br/kit-perfume-eau-de-parfum-masculino-david-beckham-bold-instinct-50ml-necessaire/p
2026-06-23 21:35:59,850 - WARNING - Product data has EAN/Name but invalid price: {'url': 'https://www.drogal.com.br/kit-perfume-eau-de-parfum-masculino-david-beckham-bold-instinct-50ml-necessaire/p', 'price': None, 'ean': '7891350047264', 'name': 'Kit Perfume Eau de Parfum Masculino David Beckham Bold Instinct 50ml + Nécessaire'} for https://www.drogal.com.br/kit-perfume-eau-de-parfum-masculino-david-beckham-bold-instinct-50ml-necessaire/p
2026-06-23 21:36:00,033 - WARNING - Price tag not found (selector: meta[property="product:price:amount"]) for https://www.drogal.com.br/kit-shampoo-niely-gold-homem-cabelo-e-barba-275ml-condicionador-cabelo-e-barba-175ml/p
2026-06-23 21:36:00,035 - WARNING - Product data has EAN/Name but invalid price: {'url': 'https://www.drogal.com.br/kit-shampoo-niely-gold-homem-cabelo-e-barba-275ml-condicionador-cabelo-e-barba-175ml/p', 'price': None, 'ean': '7896000715326', 'name': 'Kit Shampoo Niely Gold Homem Cabelo e Barba 275ml + Condicionador  Cabelo e Barba 175ml'} for https://www.drogal.com.br/kit-shampoo-niely-gold-homem-cabelo-e-barba-275ml-condicionador-cabelo-e-barba-175ml/p
2026-06-23 21:36:00,062 - WARNING - Price tag not found (selector: meta[property="product:price:amount"]) for https://www.drogal.com.br/hpmix-40mg-ml-suspensao-oral-125ml/p
2026-06-23 21:36:00,065 - WARNING - Product data has EAN/Name but invalid price: {'url': 'https://www.drogal.com.br/hpmix-40mg-ml-suspensao-oral-125ml/p', 'price': None, 'ean': '7896658048340', 'name': 'HPMix 40mg/ml Suspensão Oral 125ml'} for https://www.drogal.com.br/hpmix-40mg-ml-suspensao-oral-125ml/p
2026-06-23 21:36:00,090 - WARNING - Price tag not found (selector: meta[property="product:price:amount"]) for https://www.drogal.com.br/oleo-bronzeador-spray-cenoura-bronze-fps6-110ml/p
2026-06-23 21:36:00,093 - WARNING - Product data has EAN/Name but invalid price: {'url': 'https://www.drogal.com.br/oleo-bronzeador-spray-cenoura-bronze-fps6-110ml/p', 'price': None, 'ean': '7896108560347', 'name': 'Óleo Bronzeador Spray Cenoura &amp; Bronze FPS6 110ml'} for https://www.drogal.com.br/oleo-bronzeador-spray-cenoura-bronze-fps6-110ml/p
2026-06-23 21:36:00,125 - WARNING - Price tag not found (selector: meta[property="product:price:amount"]) for https://www.drogal.com.br/zeropin-75mg-28-capsulas-duras/p
2026-06-23 21:36:00,128 - WARNING - Product data has EAN/Name but invalid price: {'url': 'https://www.drogal.com.br/zeropin-75mg-28-capsulas-duras/p', 'price': None, 'ean': '7891158106262', 'name': 'Zeropin 75mg 28 Cápsulas Duras'} for https://www.drogal.com.br/zeropin-75mg-28-capsulas-duras/p
2026-06-23 21:36:00,168 - WARNING - Price tag not found (selector: meta[property="product:price:amount"]) for https://www.drogal.com.br/viagra50mgcaixacom2comprimidosrevestidos/p
2026-06-23 21:36:00,171 - WARNING - Product data has EAN/Name but invalid price: {'url': 'https://www.drogal.com.br/viagra50mgcaixacom2comprimidosrevestidos/p', 'price': None, 'ean': '7908236800186', 'name': 'Viagra 50mg 2 Comprimidos Revestidos'} for https://www.drogal.com.br/viagra50mgcaixacom2comprimidosrevestidos/p
2026-06-23 21:36:00,264 - WARNING - Price tag not found (selector: meta[property="product:price:amount"]) for https://www.drogal.com.br/sabonete-em-barra-salisoap-80g/p
2026-06-23 21:36:00,266 - WARNING - Product data has EAN/Name but invalid price: {'url': 'https://www.drogal.com.br/sabonete-em-barra-salisoap-80g/p', 'price': None, 'ean': '7897930750098', 'name': 'Sabonete em Barra Salisoap 80g'} for https://www.drogal.com.br/sabonete-em-barra-salisoap-80g/p
2026-06-23 21:36:00,295 - WARNING - Price tag not found (selector: meta[property="product:price:amount"]) for https://www.drogal.com.br/suplemento-alimentar-probiotico-neogermina-flora-6-capsulas-duras/p
2026-06-23 21:36:00,298 - WARNING - Product data has EAN/Name but invalid price: {'url': 'https://www.drogal.com.br/suplemento-alimentar-probiotico-neogermina-flora-6-capsulas-duras/p', 'price': None, 'ean': '7896714295817', 'name': 'Suplemento Alimentar Probiótico Neogermina Flora 6 Cápsulas Duras'} for https://www.drogal.com.br/suplemento-alimentar-probiotico-neogermina-flora-6-capsulas-duras/p
2026-06-23 21:36:00,516 - WARNING - Price tag not found (selector: meta[property="product:price:amount"]) for https://www.drogal.com.br/esmalte-risque-diamond-gel-bloody-mary-vibes-95ml/p
2026-06-23 21:36:00,518 - WARNING - Product data has EAN/Name but invalid price: {'url': 'https://www.drogal.com.br/esmalte-risque-diamond-gel-bloody-mary-vibes-95ml/p', 'price': None, 'ean': '7891350038569', 'name': 'Esmalte Risqué Diamond Gel Bloody Mary Vibes 9,5ml'} for https://www.drogal.com.br/esmalte-risque-diamond-gel-bloody-mary-vibes-95ml/p
2026-06-23 21:36:00,562 - WARNING - Price tag not found (selector: meta[property="product:price:amount"]) for https://www.drogal.com.br/vitamina-c-vitamina-d-zinco-quelato-sabor-laranja-30-saches/p
2026-06-23 21:36:00,566 - WARNING - Product data has EAN/Name but invalid price: {'url': 'https://www.drogal.com.br/vitamina-c-vitamina-d-zinco-quelato-sabor-laranja-30-saches/p', 'price': None, 'ean': '68306', 'name': 'Vitamina C, Vitamina D, Zinco Quelato Sabor Laranja 30 Sachês'} for https://www.drogal.com.br/vitamina-c-vitamina-d-zinco-quelato-sabor-laranja-30-saches/p
2026-06-23 21:36:00,593 - WARNING - Price tag not found (selector: meta[property="product:price:amount"]) for https://www.drogal.com.br/suplemento-alimentar-carti-master-colageno-tipo-ii-acido-hialuronico-60-capsulas-softgel/p
2026-06-23 21:36:00,595 - WARNING - Product data has EAN/Name but invalid price: {'url': 'https://www.drogal.com.br/suplemento-alimentar-carti-master-colageno-tipo-ii-acido-hialuronico-60-capsulas-softgel/p', 'price': None, 'ean': '7908079508737', 'name': 'Suplemento Alimentar Carti Master Colágeno Tipo II + Ácido Hialurônico 60 Cápsulas Softgel'} for https://www.drogal.com.br/suplemento-alimentar-carti-master-colageno-tipo-ii-acido-hialuronico-60-capsulas-softgel/p
2026-06-23 21:36:00,627 - WARNING - Price tag not found (selector: meta[property="product:price:amount"]) for https://www.drogal.com.br/esmalte-colorama-som-na-caixa-sobe-no-trio-8ml/p
2026-06-23 21:36:00,631 - WARNING - Product data has EAN/Name but invalid price: {'url': 'https://www.drogal.com.br/esmalte-colorama-som-na-caixa-sobe-no-trio-8ml/p', 'price': None, 'ean': '7899706203593', 'name': 'Esmalte Colorama Som na Caixa Sobe no Trio 8ml'} for https://www.drogal.com.br/esmalte-colorama-som-na-caixa-sobe-no-trio-8ml/p
2026-06-23 21:36:00,662 - WARNING - Price tag not found (selector: meta[property="product:price:amount"]) for https://www.drogal.com.br/pastilha-tic-tac-sabor-menta-145g/p
2026-06-23 21:36:00,666 - WARNING - Product data has EAN/Name but invalid price: {'url': 'https://www.drogal.com.br/pastilha-tic-tac-sabor-menta-145g/p', 'price': None, 'ean': '78945449', 'name': 'Pastilha Tic Tac Sabor Menta 14,5g'} for https://www.drogal.com.br/pastilha-tic-tac-sabor-menta-145g/p
2026-06-23 21:36:00,737 - WARNING - Price tag not found (selector: meta[property="product:price:amount"]) for https://www.drogal.com.br/dipirona-monoidratada-500mg-medley-10-comprimidos/p
2026-06-23 21:36:00,749 - WARNING - Product data has EAN/Name but invalid price: {'url': 'https://www.drogal.com.br/dipirona-monoidratada-500mg-medley-10-comprimidos/p', 'price': None, 'ean': '7891058005733', 'name': 'Dipirona Monoidratada 500mg Medley 10 Comprimidos'} for https://www.drogal.com.br/dipirona-monoidratada-500mg-medley-10-comprimidos/p
2026-06-23 21:36:00,792 - WARNING - Price tag not found (selector: meta[property="product:price:amount"]) for https://www.drogal.com.br/pyridium-200mg-18-drageas/p
2026-06-23 21:36:00,808 - WARNING - Product data has EAN/Name but invalid price: {'url': 'https://www.drogal.com.br/pyridium-200mg-18-drageas/p', 'price': None, 'ean': '7892953001387', 'name': 'Pyridium 200mg 18 Drágeas'} for https://www.drogal.com.br/pyridium-200mg-18-drageas/p
2026-06-23 21:36:00,883 - WARNING - Price tag not found (selector: meta[property="product:price:amount"]) for https://www.drogal.com.br/restasis-005-emulsao-oftalmica-esteril-30-flaconetes-04ml/p
2026-06-23 21:36:00,887 - WARNING - Product data has EAN/Name but invalid price: {'url': 'https://www.drogal.com.br/restasis-005-emulsao-oftalmica-esteril-30-flaconetes-04ml/p', 'price': None, 'ean': '7897316805077', 'name': 'Restasis 0,05% Emulsão Oftálmica Estéril 30 Flaconetes 0,4ml'} for https://www.drogal.com.br/restasis-005-emulsao-oftalmica-esteril-30-flaconetes-04ml/p
2026-06-23 21:36:00,927 - WARNING - Price tag not found (selector: meta[property="product:price:amount"]) for https://www.drogal.com.br/floratil-at-250mg-sabor-tutti-frutti-6-saches-125g-cada/p
2026-06-23 21:36:00,961 - WARNING - Product data has EAN/Name but invalid price: {'url': 'https://www.drogal.com.br/floratil-at-250mg-sabor-tutti-frutti-6-saches-125g-cada/p', 'price': None, 'ean': '7898040329600', 'name': 'Floratil AT 250mg Sabor Tutti Frutti 6 Sachês de 1,25g Cada'} for https://www.drogal.com.br/floratil-at-250mg-sabor-tutti-frutti-6-saches-125g-cada/p
2026-06-23 21:36:00,990 - WARNING - Price tag not found (selector: meta[property="product:price:amount"]) for https://www.drogal.com.br/deo-colonia-intima-puzzy-by-anitta-se-envolve-25ml/p
2026-06-23 21:36:01,026 - WARNING - Product data has EAN/Name but invalid price: {'url': 'https://www.drogal.com.br/deo-colonia-intima-puzzy-by-anitta-se-envolve-25ml/p', 'price': None, 'ean': '7897947601543', 'name': 'Deo Colônia Íntima Puzzy By Anitta Se Envolve 25ml'} for https://www.drogal.com.br/deo-colonia-intima-puzzy-by-anitta-se-envolve-25ml/p
2026-06-23 21:36:01,033 - WARNING - Price tag not found (selector: meta[property="product:price:amount"]) for https://www.drogal.com.br/pastilha-valda-classic-sabor-mentol-eucaliptol-e-timol-12g/p
2026-06-23 21:36:01,037 - WARNING - Product data has EAN/Name but invalid price: {'url': 'https://www.drogal.com.br/pastilha-valda-classic-sabor-mentol-eucaliptol-e-timol-12g/p', 'price': None, 'ean': '78906884', 'name': 'Pastilhas Valda Classic Sabor Mentol, Eucaliptol e Timol 12g'} for https://www.drogal.com.br/pastilha-valda-classic-sabor-mentol-eucaliptol-e-timol-12g/p
2026-06-23 21:36:01,061 - WARNING - Price tag not found (selector: meta[property="product:price:amount"]) for https://www.drogal.com.br/pastilhas-para-garganta-strepsils-875mg-sabor-mel-e-limao-24-pastilhas/p
2026-06-23 21:36:01,068 - WARNING - Product data has EAN/Name but invalid price: {'url': 'https://www.drogal.com.br/pastilhas-para-garganta-strepsils-875mg-sabor-mel-e-limao-24-pastilhas/p', 'price': None, 'ean': '7896222720863', 'name': 'Pastilhas para Garganta Strepsils 8,75mg Sabor Mel e Limão 24 Pastilhas'} for https://www.drogal.com.br/pastilhas-para-garganta-strepsils-875mg-sabor-mel-e-limao-24-pastilhas/p
2026-06-23 21:36:01,095 - WARNING - Price tag not found (selector: meta[property="product:price:amount"]) for https://www.drogal.com.br/paracetamol-crianca-32mg-ml-germed-60ml-copo-dosador/p
2026-06-23 21:36:01,100 - WARNING - Product data has EAN/Name but invalid price: {'url': 'https://www.drogal.com.br/paracetamol-crianca-32mg-ml-germed-60ml-copo-dosador/p', 'price': None, 'ean': '7896004716312', 'name': 'Paracetamol Criança 32mg/ml Germed 60ml + Copo Dosador'} for https://www.drogal.com.br/paracetamol-crianca-32mg-ml-germed-60ml-copo-dosador/p
2026-06-23 21:36:01,128 - WARNING - Price tag not found (selector: meta[property="product:price:amount"]) for https://www.drogal.com.br/doss-50000ui-12-capsulas/p
2026-06-23 21:36:01,132 - WARNING - Product data has EAN/Name but invalid price: {'url': 'https://www.drogal.com.br/doss-50000ui-12-capsulas/p', 'price': None, 'ean': '7896112400189', 'name': 'Doss 50.000UI 12 Cápsulas'} for https://www.drogal.com.br/doss-50000ui-12-capsulas/p
2026-06-23 21:36:01,163 - WARNING - Price tag not found (selector: meta[property="product:price:amount"]) for https://www.drogal.com.br/tramal-ret-100mg-20-cpr-a2/p
2026-06-23 21:36:01,168 - WARNING - Product data has EAN/Name but invalid price: {'url': 'https://www.drogal.com.br/tramal-ret-100mg-20-cpr-a2/p', 'price': None, 'ean': '7898582380312', 'name': 'Tramal Retard 100mg 20 Comprimidos Revestidos de Liberação Prolongada'} for https://www.drogal.com.br/tramal-ret-100mg-20-cpr-a2/p
2026-06-23 21:36:01,365 - WARNING - Price tag not found (selector: meta[property="product:price:amount"]) for https://www.drogal.com.br/dastene-duo-05mg-04mg-30-capsulas-duras-de-liberacao-prolongada/p
2026-06-23 21:36:01,385 - WARNING - Price tag not found (selector: meta[property="product:price:amount"]) for https://www.drogal.com.br/torsilax-10-comprimidos/p
2026-06-23 21:36:01,390 - WARNING - Product data has EAN/Name but invalid price: {'url': 'https://www.drogal.com.br/dastene-duo-05mg-04mg-30-capsulas-duras-de-liberacao-prolongada/p', 'price': None, 'ean': '7896658053924', 'name': 'Dastene Duo 0,5mg + 0,4mg 30 Cápsulas Duras de Liberação Prolongada'} for https://www.drogal.com.br/dastene-duo-05mg-04mg-30-capsulas-duras-de-liberacao-prolongada/p
2026-06-23 21:36:01,394 - WARNING - Product data has EAN/Name but invalid price: {'url': 'https://www.drogal.com.br/torsilax-10-comprimidos/p', 'price': None, 'ean': '63265', 'name': 'Torsilax 10 Comprimidos'} for https://www.drogal.com.br/torsilax-10-comprimidos/p
2026-06-23 21:36:01,426 - WARNING - Price tag not found (selector: meta[property="product:price:amount"]) for https://www.drogal.com.br/hemifumarato-de-bisoprolol-10mg-germed-30-comprimidos-revestidos/p
2026-06-23 21:36:01,429 - WARNING - Product data has EAN/Name but invalid price: {'url': 'https://www.drogal.com.br/hemifumarato-de-bisoprolol-10mg-germed-30-comprimidos-revestidos/p', 'price': None, 'ean': '7896004820538', 'name': 'Hemifumarato de Bisoprolol 10mg Germed 30 Comprimidos Revestidos'} for https://www.drogal.com.br/hemifumarato-de-bisoprolol-10mg-germed-30-comprimidos-revestidos/p
2026-06-23 21:36:01,460 - WARNING - Price tag not found (selector: meta[property="product:price:amount"]) for https://www.drogal.com.br/escova-dental-infantil-eletrica-philips-colgate-sonicpro-kids-series-10-1-unidade/p
2026-06-23 21:36:01,463 - WARNING - Product data has EAN/Name but invalid price: {'url': 'https://www.drogal.com.br/escova-dental-infantil-eletrica-philips-colgate-sonicpro-kids-series-10-1-unidade/p', 'price': None, 'ean': '8720689034678', 'name': 'Escova Dental Infantil Elétrica Philips Colgate Sonicpro Kids Series 10 1 Unidade'} for https://www.drogal.com.br/escova-dental-infantil-eletrica-philips-colgate-sonicpro-kids-series-10-1-unidade/p
2026-06-23 21:36:01,491 - WARNING - Price tag not found (selector: meta[property="product:price:amount"]) for https://www.drogal.com.br/cloridrato-de-donepezila-10mg-30-comprimidos-revestidos-ache/p
2026-06-23 21:36:01,495 - WARNING - Product data has EAN/Name but invalid price: {'url': 'https://www.drogal.com.br/cloridrato-de-donepezila-10mg-30-comprimidos-revestidos-ache/p', 'price': None, 'ean': '7896658038310', 'name': 'Cloridrato de Donepezila 10mg 30 Comprimidos Revestidos - Aché'} for https://www.drogal.com.br/cloridrato-de-donepezila-10mg-30-comprimidos-revestidos-ache/p
2026-06-23 21:36:01,522 - WARNING - Price tag not found (selector: meta[property="product:price:amount"]) for https://www.drogal.com.br/refil-shampoo-repositor-vichy-dercos-kera-solutions-200ml/p
2026-06-23 21:36:01,526 - WARNING - Product data has EAN/Name but invalid price: {'url': 'https://www.drogal.com.br/refil-shampoo-repositor-vichy-dercos-kera-solutions-200ml/p', 'price': None, 'ean': '7899706192071', 'name': 'Refil Shampoo Repositor Vichy Dercos Kera-Solutions 200ml'} for https://www.drogal.com.br/refil-shampoo-repositor-vichy-dercos-kera-solutions-200ml/p
2026-06-23 21:36:01,552 - WARNING - Price tag not found (selector: meta[property="product:price:amount"]) for https://www.drogal.com.br/shampoo-anticaspa-darrow-klinse-140ml/p
2026-06-23 21:36:01,556 - WARNING - Product data has EAN/Name but invalid price: {'url': 'https://www.drogal.com.br/shampoo-anticaspa-darrow-klinse-140ml/p', 'price': None, 'ean': '7896290401800', 'name': 'Shampoo Anticaspa Darrow Klinse 140ml'} for https://www.drogal.com.br/shampoo-anticaspa-darrow-klinse-140ml/p
2026-06-23 21:36:01,592 - WARNING - Price tag not found (selector: meta[property="product:price:amount"]) for https://www.drogal.com.br/mascara-hidratante-salon-line-meu-liso-loiro-matizador-300g/p
2026-06-23 21:36:01,596 - WARNING - Product data has EAN/Name but invalid price: {'url': 'https://www.drogal.com.br/mascara-hidratante-salon-line-meu-liso-loiro-matizador-300g/p', 'price': None, 'ean': '7898623951921', 'name': 'Máscara Hidratante Salon Line Meu Liso Loiro Desamareladora 300g'} for https://www.drogal.com.br/mascara-hidratante-salon-line-meu-liso-loiro-matizador-300g/p
2026-06-23 21:36:01,625 - WARNING - Price tag not found (selector: meta[property="product:price:amount"]) for https://www.drogal.com.br/gloss-labial-vult-hidra-gloss-247-rosado-4g/p
2026-06-23 21:36:01,641 - WARNING - Product data has EAN/Name but invalid price: {'url': 'https://www.drogal.com.br/gloss-labial-vult-hidra-gloss-247-rosado-4g/p', 'price': None, 'ean': '7899852020334', 'name': 'Gloss Labial Vult Hidra Gloss 24/7 Rosado 4g'} for https://www.drogal.com.br/gloss-labial-vult-hidra-gloss-247-rosado-4g/p
2026-06-23 21:36:01,658 - WARNING - Price tag not found (selector: meta[property="product:price:amount"]) for https://www.drogal.com.br/esmalte-risque-diamond-gel-creme-pitaya-rosa-cremoso-95ml/p
2026-06-23 21:36:01,662 - WARNING - Product data has EAN/Name but invalid price: {'url': 'https://www.drogal.com.br/esmalte-risque-diamond-gel-creme-pitaya-rosa-cremoso-95ml/p', 'price': None, 'ean': '7891350037104', 'name': 'Esmalte Risqué Diamond Gel Creme Pitaya Rosa Cremoso 9,5ml'} for https://www.drogal.com.br/esmalte-risque-diamond-gel-creme-pitaya-rosa-cremoso-95ml/p
2026-06-23 21:36:01,699 - WARNING - Price tag not found (selector: meta[property="product:price:amount"]) for https://www.drogal.com.br/chocolate-garoto-chocotrio-bono-morango-90g/p
2026-06-23 21:36:01,703 - WARNING - Product data has EAN/Name but invalid price: {'url': 'https://www.drogal.com.br/chocolate-garoto-chocotrio-bono-morango-90g/p', 'price': None, 'ean': '7891000395509', 'name': 'Chocolate Garoto Chocotrio Bono Morango 90g'} for https://www.drogal.com.br/chocolate-garoto-chocotrio-bono-morango-90g/p
2026-06-23 21:36:01,739 - WARNING - Price tag not found (selector: meta[property="product:price:amount"]) for https://www.drogal.com.br/suplemento-alimentar-artrogen-plus-d-sem-sabor-30-saches-115g-cada/p
2026-06-23 21:36:01,743 - WARNING - Product data has EAN/Name but invalid price: {'url': 'https://www.drogal.com.br/suplemento-alimentar-artrogen-plus-d-sem-sabor-30-saches-115g-cada/p', 'price': None, 'ean': '7896658039874', 'name': 'Suplemento Alimentar Artrogen Plus D Colágeno + MSM Sem Sabor 30 Sachês 11,5g Cada'} for https://www.drogal.com.br/suplemento-alimentar-artrogen-plus-d-sem-sabor-30-saches-115g-cada/p
2026-06-23 21:36:01,777 - WARNING - Price tag not found (selector: meta[property="product:price:amount"]) for https://www.drogal.com.br/aciclovir-200mg-pharlab-25-comprimidos/p
2026-06-23 21:36:01,782 - WARNING - Product data has EAN/Name but invalid price: {'url': 'https://www.drogal.com.br/aciclovir-200mg-pharlab-25-comprimidos/p', 'price': None, 'ean': '7898216367429', 'name': 'Aciclovir 200mg Pharlab 25 Comprimidos'} for https://www.drogal.com.br/aciclovir-200mg-pharlab-25-comprimidos/p
2026-06-23 21:36:01,814 - WARNING - Price tag not found (selector: meta[property="product:price:amount"]) for https://www.drogal.com.br/suplemento-vitaminico-perosteo-30-comprimidos/p
2026-06-23 21:36:01,818 - WARNING - Product data has EAN/Name but invalid price: {'url': 'https://www.drogal.com.br/suplemento-vitaminico-perosteo-30-comprimidos/p', 'price': None, 'ean': '7891317029814', 'name': 'Suplemento Vitamínico Perosteo 30 Comprimidos'} for https://www.drogal.com.br/suplemento-vitaminico-perosteo-30-comprimidos/p
2026-06-23 21:36:01,849 - WARNING - Price tag not found (selector: meta[property="product:price:amount"]) for https://www.drogal.com.br/escova-de-cabelo-ricca-basic-color-oval-1-unidade/p
2026-06-23 21:36:01,853 - WARNING - Product data has EAN/Name but invalid price: {'url': 'https://www.drogal.com.br/escova-de-cabelo-ricca-basic-color-oval-1-unidade/p', 'price': None, 'ean': '7897517901325', 'name': 'Escova de Cabelo Ricca Basic Color Oval 1 Unidade'} for https://www.drogal.com.br/escova-de-cabelo-ricca-basic-color-oval-1-unidade/p
2026-06-23 21:36:01,883 - WARNING - Price tag not found (selector: meta[property="product:price:amount"]) for https://www.drogal.com.br/gliclazida-60mg-30-comprimidos-pharlab/p
2026-06-23 21:36:01,890 - WARNING - Product data has EAN/Name but invalid price: {'url': 'https://www.drogal.com.br/gliclazida-60mg-30-comprimidos-pharlab/p', 'price': None, 'ean': '7898216360635', 'name': 'Gliclazida 60mg Pharlab 30 Comprimidos'} for https://www.drogal.com.br/gliclazida-60mg-30-comprimidos-pharlab/p
2026-06-23 21:36:01,919 - WARNING - Price tag not found (selector: meta[property="product:price:amount"]) for https://www.drogal.com.br/empozze-60mg-6-comprimidos-revestidos/p
2026-06-23 21:36:01,924 - WARNING - Product data has EAN/Name but invalid price: {'url': 'https://www.drogal.com.br/empozze-60mg-6-comprimidos-revestidos/p', 'price': None, 'ean': '7896004792729', 'name': 'Empozze 60mg 6 Comprimidos Revestidos'} for https://www.drogal.com.br/empozze-60mg-6-comprimidos-revestidos/p
2026-06-23 21:36:01,962 - WARNING - Price tag not found (selector: meta[property="product:price:amount"]) for https://www.drogal.com.br/melora-c-10-monoderma-c28/p
2026-06-23 21:36:01,965 - WARNING - Product data has EAN/Name but invalid price: {'url': 'https://www.drogal.com.br/melora-c-10-monoderma-c28/p', 'price': None, 'ean': '7898934336257', 'name': 'Melora Monoderma Creme Anti Rugas com 28 Cápsulas'} for https://www.drogal.com.br/melora-c-10-monoderma-c28/p
2026-06-23 21:36:01,997 - WARNING - Price tag not found (selector: meta[property="product:price:amount"]) for https://www.drogal.com.br/folavive-15mg-60-comprimidos-revestidos/p
2026-06-23 21:36:02,001 - WARNING - Product data has EAN/Name but invalid price: {'url': 'https://www.drogal.com.br/folavive-15mg-60-comprimidos-revestidos/p', 'price': None, 'ean': '7896004795492', 'name': 'Folavive 15mg 60 Comprimidos Revestidos'} for https://www.drogal.com.br/folavive-15mg-60-comprimidos-revestidos/p
2026-06-23 21:36:02,030 - WARNING - Price tag not found (selector: meta[property="product:price:amount"]) for https://www.drogal.com.br/lune-sl-5mg-30-comprimidos-sublinguais/p
2026-06-23 21:36:02,034 - WARNING - Product data has EAN/Name but invalid price: {'url': 'https://www.drogal.com.br/lune-sl-5mg-30-comprimidos-sublinguais/p', 'price': None, 'ean': '7896094920545', 'name': 'Lune SL 5mg 30 Comprimidos Sublinguais'} for https://www.drogal.com.br/lune-sl-5mg-30-comprimidos-sublinguais/p
2026-06-23 21:36:02,066 - WARNING - Price tag not found (selector: meta[property="product:price:amount"]) for https://www.drogal.com.br/desodorante-aerosol-antiperspirante-gb-men-power-150ml/p
2026-06-23 21:36:02,098 - WARNING - Price tag not found (selector: meta[property="product:price:amount"]) for https://www.drogal.com.br/curativo-transparente-nexcare-tegaderm-pad-a-prova-dagua-3-unidades/p
2026-06-23 21:36:02,105 - WARNING - Product data has EAN/Name but invalid price: {'url': 'https://www.drogal.com.br/desodorante-aerosol-antiperspirante-gb-men-power-150ml/p', 'price': None, 'ean': '7896044994787', 'name': 'Desodorante Aerosol Antiperspirante GB-Men Power 150ml'} for https://www.drogal.com.br/desodorante-aerosol-antiperspirante-gb-men-power-150ml/p
2026-06-23 21:36:02,110 - WARNING - Product data has EAN/Name but invalid price: {'url': 'https://www.drogal.com.br/curativo-transparente-nexcare-tegaderm-pad-a-prova-dagua-3-unidades/p', 'price': None, 'ean': '7891040212897', 'name': 'Curativo Transparente Nexcare Tegaderm + Pad À Prova D&apos;Água 3 unidades'} for https://www.drogal.com.br/curativo-transparente-nexcare-tegaderm-pad-a-prova-dagua-3-unidades/p
2026-06-23 21:36:02,142 - WARNING - Price tag not found (selector: meta[property="product:price:amount"]) for https://www.drogal.com.br/fralda-pampers-confort-sec-max-g-92-unidades/p
2026-06-23 21:36:02,172 - WARNING - Price tag not found (selector: meta[property="product:price:amount"]) for https://www.drogal.com.br/fertisop-30-envelopes/p
2026-06-23 21:36:02,177 - WARNING - Product data has EAN/Name but invalid price: {'url': 'https://www.drogal.com.br/fralda-pampers-confort-sec-max-g-92-unidades/p', 'price': None, 'ean': '7500435264716', 'name': 'Fralda Pampers Confort Sec Max G 92 Unidades'} for https://www.drogal.com.br/fralda-pampers-confort-sec-max-g-92-unidades/p
2026-06-23 21:36:02,181 - WARNING - Product data has EAN/Name but invalid price: {'url': 'https://www.drogal.com.br/fertisop-30-envelopes/p', 'price': None, 'ean': '7898430193576', 'name': 'Suplemento Alimentar em Pó FertiSop 30 Envelopes'} for https://www.drogal.com.br/fertisop-30-envelopes/p
2026-06-23 21:36:02,210 - WARNING - Price tag not found (selector: meta[property="product:price:amount"]) for https://www.drogal.com.br/nimesulida-20mg-neo-quimica-gel-40g/p
2026-06-23 21:36:02,215 - WARNING - Product data has EAN/Name but invalid price: {'url': 'https://www.drogal.com.br/nimesulida-20mg-neo-quimica-gel-40g/p', 'price': None, 'ean': '7896714229829', 'name': 'Nimesulida 20mg/g Neo Química Gel 40g'} for https://www.drogal.com.br/nimesulida-20mg-neo-quimica-gel-40g/p
2026-06-23 21:36:02,248 - WARNING - Price tag not found (selector: meta[property="product:price:amount"]) for https://www.drogal.com.br/creme-dental-com-digluconato-de-clorexidina-80g/p
2026-06-23 21:36:02,275 - WARNING - Price tag not found (selector: meta[property="product:price:amount"]) for https://www.drogal.com.br/lapis-de-olhos-vult-cor-marrom-quente-11g/p
2026-06-23 21:36:02,284 - WARNING - Product data has EAN/Name but invalid price: {'url': 'https://www.drogal.com.br/lapis-de-olhos-vult-cor-marrom-quente-11g/p', 'price': None, 'ean': '7899852022383', 'name': 'Lápis de Olhos Vult Cor Marrom Quente 1,1g'} for https://www.drogal.com.br/lapis-de-olhos-vult-cor-marrom-quente-11g/p
2026-06-23 21:36:02,279 - WARNING - Product data has EAN/Name but invalid price: {'url': 'https://www.drogal.com.br/creme-dental-com-digluconato-de-clorexidina-80g/p', 'price': None, 'ean': '75316', 'name': 'Creme Dental com Digluconato de Clorexidina 80g'} for https://www.drogal.com.br/creme-dental-com-digluconato-de-clorexidina-80g/p
2026-06-23 21:36:02,332 - WARNING - Price tag not found (selector: meta[property="product:price:amount"]) for https://www.drogal.com.br/dipr-bet-sulf-gentamicina-cr-30g-g-eur/p
2026-06-23 21:36:02,349 - WARNING - Price tag not found (selector: meta[property="product:price:amount"]) for https://www.drogal.com.br/serum-la-roche-posay-effaclar-ultra-concentrado-antiacne-30ml/p
2026-06-23 21:36:02,353 - WARNING - Product data has EAN/Name but invalid price: {'url': 'https://www.drogal.com.br/dipr-bet-sulf-gentamicina-cr-30g-g-eur/p', 'price': None, 'ean': '7891317025793', 'name': 'Dipropionato de Betametasona 0,64mg/g + Sulfato de Gentamicina 1mg/g Eurofarma Creme 30g'} for https://www.drogal.com.br/dipr-bet-sulf-gentamicina-cr-30g-g-eur/p
2026-06-23 21:36:02,370 - WARNING - Product data has EAN/Name but invalid price: {'url': 'https://www.drogal.com.br/serum-la-roche-posay-effaclar-ultra-concentrado-antiacne-30ml/p', 'price': None, 'ean': '7899706191951', 'name': 'Sérum Facial La Roche-Posay Effaclar Ultra Concentrado Antiacne 30ml'} for https://www.drogal.com.br/serum-la-roche-posay-effaclar-ultra-concentrado-antiacne-30ml/p
2026-06-23 21:36:02,424 - WARNING - Price tag not found (selector: meta[property="product:price:amount"]) for https://www.drogal.com.br/suplemento-alimentar-sonozzz-melatonina-sabor-menta-30-comprimidos-sublinguais/p
2026-06-23 21:36:02,427 - WARNING - Price tag not found (selector: meta[property="product:price:amount"]) for https://www.drogal.com.br/risperidona-2mg30cg-san-c1/p
2026-06-23 21:36:02,438 - WARNING - Price tag not found (selector: meta[property="product:price:amount"]) for https://www.drogal.com.br/shampoo-dove-ultra-cachos-com-oleo-de-buriti-200ml/p
2026-06-23 21:36:02,444 - WARNING - Product data has EAN/Name but invalid price: {'url': 'https://www.drogal.com.br/suplemento-alimentar-sonozzz-melatonina-sabor-menta-30-comprimidos-sublinguais/p', 'price': None, 'ean': '7500435209069', 'name': 'Suplemento Alimentar Sonozzz Melatonina Sabor Menta 30 Comprimidos Sublinguais'} for https://www.drogal.com.br/suplemento-alimentar-sonozzz-melatonina-sabor-menta-30-comprimidos-sublinguais/p
2026-06-23 21:36:02,447 - WARNING - Product data has EAN/Name but invalid price: {'url': 'https://www.drogal.com.br/risperidona-2mg30cg-san-c1/p', 'price': None, 'ean': '7897595611437', 'name': 'Risperidona - Sandoz 2mg com 30 comprimidos revestidos'} for https://www.drogal.com.br/risperidona-2mg30cg-san-c1/p
2026-06-23 21:36:02,452 - WARNING - Product data has EAN/Name but invalid price: {'url': 'https://www.drogal.com.br/shampoo-dove-ultra-cachos-com-oleo-de-buriti-200ml/p', 'price': None, 'ean': '7891150044203', 'name': 'Shampoo Dove Ultra Cachos com Óleo de Buriti 200ml'} for https://www.drogal.com.br/shampoo-dove-ultra-cachos-com-oleo-de-buriti-200ml/p
2026-06-23 21:36:02,482 - WARNING - Price tag not found (selector: meta[property="product:price:amount"]) for https://www.drogal.com.br/marshmallows-fini-pipoca-doce-80g/p
2026-06-23 21:36:02,486 - WARNING - Product data has EAN/Name but invalid price: {'url': 'https://www.drogal.com.br/marshmallows-fini-pipoca-doce-80g/p', 'price': None, 'ean': '7908228804956', 'name': 'Marshmallows Fini Pipoca Doce 80g'} for https://www.drogal.com.br/marshmallows-fini-pipoca-doce-80g/p
2026-06-23 21:36:02,514 - WARNING - Price tag not found (selector: meta[property="product:price:amount"]) for https://www.drogal.com.br/semble-reverse-60-capsulas-softgels/p
2026-06-23 21:36:02,518 - WARNING - Product data has EAN/Name but invalid price: {'url': 'https://www.drogal.com.br/semble-reverse-60-capsulas-softgels/p', 'price': None, 'ean': '7896658034206', 'name': 'Semblé Reverse 60 Cápsulas Softgels'} for https://www.drogal.com.br/semble-reverse-60-capsulas-softgels/p
2026-06-23 21:36:02,548 - WARNING - Price tag not found (selector: meta[property="product:price:amount"]) for https://www.drogal.com.br/sabonete-liquido-infantil-kronel-natural-250ml/p
2026-06-23 21:36:02,552 - WARNING - Product data has EAN/Name but invalid price: {'url': 'https://www.drogal.com.br/sabonete-liquido-infantil-kronel-natural-250ml/p', 'price': None, 'ean': '7896685301494', 'name': 'Sabonete Líquido Infantil Kronel O Show da Luna 250ml'} for https://www.drogal.com.br/sabonete-liquido-infantil-kronel-natural-250ml/p
2026-06-23 21:36:02,578 - WARNING - Price tag not found (selector: meta[property="product:price:amount"]) for https://www.drogal.com.br/vitergyl-zinco-1g-10mg-30-comprimidos-efervescentes/p
2026-06-23 21:36:02,601 - WARNING - Product data has EAN/Name but invalid price: {'url': 'https://www.drogal.com.br/vitergyl-zinco-1g-10mg-30-comprimidos-efervescentes/p', 'price': None, 'ean': '7908020504450', 'name': 'Suplemento Alimentar Vitergyl Zinco 1g + 10mg 30 Comprimidos Efervescentes'} for https://www.drogal.com.br/vitergyl-zinco-1g-10mg-30-comprimidos-efervescentes/p
2026-06-23 21:36:02,609 - WARNING - Price tag not found (selector: meta[property="product:price:amount"]) for https://www.drogal.com.br/creme-dental-oral-b-4-em-1-70g/p
2026-06-23 21:36:02,613 - WARNING - Product data has EAN/Name but invalid price: {'url': 'https://www.drogal.com.br/creme-dental-oral-b-4-em-1-70g/p', 'price': None, 'ean': '7500435122764', 'name': 'Creme Dental Oral-B 4 em 1 Menta Fresca 70g'} for https://www.drogal.com.br/creme-dental-oral-b-4-em-1-70g/p
2026-06-23 21:36:02,728 - WARNING - Price tag not found (selector: meta[property="product:price:amount"]) for https://www.drogal.com.br/base-serum-facial-ruby-rose-feels-mood-fps20-cor-e153/p
2026-06-23 21:36:02,731 - WARNING - Product data has EAN/Name but invalid price: {'url': 'https://www.drogal.com.br/base-serum-facial-ruby-rose-feels-mood-fps20-cor-e153/p', 'price': None, 'ean': '7898671422428', 'name': 'Base Sérum Facial Ruby Rose Feels Mood FPS20 Cor E153'} for https://www.drogal.com.br/base-serum-facial-ruby-rose-feels-mood-fps20-cor-e153/p
2026-06-23 21:36:02,803 - WARNING - Price tag not found (selector: meta[property="product:price:amount"]) for https://www.drogal.com.br/protetor-labial-sveda-fps20-36g/p
2026-06-23 21:36:02,809 - WARNING - Product data has EAN/Name but invalid price: {'url': 'https://www.drogal.com.br/protetor-labial-sveda-fps20-36g/p', 'price': None, 'ean': '7898556032230', 'name': 'Protetor Labial Sveda FPS20 3,6g'} for https://www.drogal.com.br/protetor-labial-sveda-fps20-36g/p
2026-06-23 21:36:03,068 - WARNING - Price tag not found (selector: meta[property="product:price:amount"]) for https://www.drogal.com.br/agua-perfumada-corporal-vert-140ml/p
2026-06-23 21:36:03,073 - WARNING - Product data has EAN/Name but invalid price: {'url': 'https://www.drogal.com.br/agua-perfumada-corporal-vert-140ml/p', 'price': None, 'ean': '80088', 'name': 'Água Perfumada Corporal Vert 140ml'} for https://www.drogal.com.br/agua-perfumada-corporal-vert-140ml/p
2026-06-23 21:36:03,120 - WARNING - Price tag not found (selector: meta[property="product:price:amount"]) for https://www.drogal.com.br/solucaofarmaxabasedeacetona500ml/p
2026-06-23 21:36:03,123 - WARNING - Product data has EAN/Name but invalid price: {'url': 'https://www.drogal.com.br/solucaofarmaxabasedeacetona500ml/p', 'price': None, 'ean': '7896902209138', 'name': 'Solução Farmax à Base de Acetona 500ml'} for https://www.drogal.com.br/solucaofarmaxabasedeacetona500ml/p
2026-06-23 21:36:03,166 - WARNING - Price tag not found (selector: meta[property="product:price:amount"]) for https://www.drogal.com.br/dutam-30-capsulas-duras-de-liberacao-prolongada/p
2026-06-23 21:36:03,170 - WARNING - Product data has EAN/Name but invalid price: {'url': 'https://www.drogal.com.br/dutam-30-capsulas-duras-de-liberacao-prolongada/p', 'price': None, 'ean': '7892953003558', 'name': 'Dutam 30 Cápsulas Duras de Liberação Prolongada'} for https://www.drogal.com.br/dutam-30-capsulas-duras-de-liberacao-prolongada/p
2026-06-23 21:36:03,206 - WARNING - Price tag not found (selector: meta[property="product:price:amount"]) for https://www.drogal.com.br/concerta-54mg-30-cpr-a3/p
2026-06-23 21:36:03,210 - WARNING - Product data has EAN/Name but invalid price: {'url': 'https://www.drogal.com.br/concerta-54mg-30-cpr-a3/p', 'price': None, 'ean': '7896212420124', 'name': 'Concerta 54mg frasco com 30 comprimidos'} for https://www.drogal.com.br/concerta-54mg-30-cpr-a3/p
2026-06-23 21:36:03,248 - WARNING - Price tag not found (selector: meta[property="product:price:amount"]) for https://www.drogal.com.br/colirio-neo-brasil-solucao-oftalmica-20ml/p
2026-06-23 21:36:03,251 - WARNING - Product data has EAN/Name but invalid price: {'url': 'https://www.drogal.com.br/colirio-neo-brasil-solucao-oftalmica-20ml/p', 'price': None, 'ean': '7896714224459', 'name': 'Colírio Neo Brasil Solução Oftálmica 20ml'} for https://www.drogal.com.br/colirio-neo-brasil-solucao-oftalmica-20ml/p
2026-06-23 21:36:03,340 - WARNING - Price tag not found (selector: meta[property="product:price:amount"]) for https://www.drogal.com.br/desodorante-antitranspirante-aerosol-bozzano-extreme-sport-72h-masculino-200ml/p
2026-06-23 21:36:03,344 - WARNING - Product data has EAN/Name but invalid price: {'url': 'https://www.drogal.com.br/desodorante-antitranspirante-aerosol-bozzano-extreme-sport-72h-masculino-200ml/p', 'price': None, 'ean': '7891350041408', 'name': 'Desodorante Antitranspirante Aerossol Masculino Bozzano Extreme Sport 72h 200ml'} for https://www.drogal.com.br/desodorante-antitranspirante-aerosol-bozzano-extreme-sport-72h-masculino-200ml/p
2026-06-23 21:36:03,372 - WARNING - Price tag not found (selector: meta[property="product:price:amount"]) for https://www.drogal.com.br/rosuvastatina-calcica-20mg-medley-30-comprimidos-revestidos/p
2026-06-23 21:36:03,376 - WARNING - Product data has EAN/Name but invalid price: {'url': 'https://www.drogal.com.br/rosuvastatina-calcica-20mg-medley-30-comprimidos-revestidos/p', 'price': None, 'ean': '7896422528627', 'name': 'Rosuvastatina Cálcica 20mg Medley 30 Comprimidos Revestidos'} for https://www.drogal.com.br/rosuvastatina-calcica-20mg-medley-30-comprimidos-revestidos/p
2026-06-23 21:36:03,422 - WARNING - Price tag not found (selector: meta[property="product:price:amount"]) for https://www.drogal.com.br/escova-dental-infantil-colgate-extra-suave-e-macia-teen-titans-go-6-anos/p
2026-06-23 21:36:03,427 - WARNING - Product data has EAN/Name but invalid price: {'url': 'https://www.drogal.com.br/escova-dental-infantil-colgate-extra-suave-e-macia-teen-titans-go-6-anos/p', 'price': None, 'ean': '7509546665047', 'name': 'Escova Dental Infantil Colgate Smiles Teen Titans Go! +6 Anos Extra Macia 1 Unidade'} for https://www.drogal.com.br/escova-dental-infantil-colgate-extra-suave-e-macia-teen-titans-go-6-anos/p
2026-06-23 21:36:03,454 - WARNING - Price tag not found (selector: meta[property="product:price:amount"]) for https://www.drogal.com.br/esmalte-risque-bio-16free-gengibre-9ml/p
2026-06-23 21:36:03,458 - WARNING - Product data has EAN/Name but invalid price: {'url': 'https://www.drogal.com.br/esmalte-risque-bio-16free-gengibre-9ml/p', 'price': None, 'ean': '7891350039535', 'name': 'Esmalte Risqué Bio 16Free Gengibre 9ml'} for https://www.drogal.com.br/esmalte-risque-bio-16free-gengibre-9ml/p
2026-06-23 21:36:03,500 - WARNING - Price tag not found (selector: meta[property="product:price:amount"]) for https://www.drogal.com.br/flotac-70mg-10-caps/p
2026-06-23 21:36:03,512 - WARNING - Price tag not found (selector: meta[property="product:price:amount"]) for https://www.drogal.com.br/suplemento-alimentar-hidralyte-eff-sabor-laranja-10-comprimidos-efervescentes/p
2026-06-23 21:36:03,517 - WARNING - Product data has EAN/Name but invalid price: {'url': 'https://www.drogal.com.br/flotac-70mg-10-caps/p', 'price': None, 'ean': '7896261003996', 'name': 'Flotac 70mg caixa com 10 cápsulas'} for https://www.drogal.com.br/flotac-70mg-10-caps/p
2026-06-23 21:36:03,549 - WARNING - Price tag not found (selector: meta[property="product:price:amount"]) for https://www.drogal.com.br/maca-peruana-em-po-maca-ultra-maxinutri-100g/p
2026-06-23 21:36:03,552 - WARNING - Product data has EAN/Name but invalid price: {'url': 'https://www.drogal.com.br/suplemento-alimentar-hidralyte-eff-sabor-laranja-10-comprimidos-efervescentes/p', 'price': None, 'ean': '7899898602174', 'name': 'Suplemento Alimentar Hidralyte EFF Sabor Laranja 10 Comprimidos Efervescentes'} for https://www.drogal.com.br/suplemento-alimentar-hidralyte-eff-sabor-laranja-10-comprimidos-efervescentes/p
2026-06-23 21:36:03,558 - WARNING - Product data has EAN/Name but invalid price: {'url': 'https://www.drogal.com.br/maca-peruana-em-po-maca-ultra-maxinutri-100g/p', 'price': None, 'ean': '7898593053434', 'name': 'Maca Peruana em Pó Maca Ultra Maxinutri 100g'} for https://www.drogal.com.br/maca-peruana-em-po-maca-ultra-maxinutri-100g/p
2026-06-23 21:36:03,594 - WARNING - Price tag not found (selector: meta[property="product:price:amount"]) for https://www.drogal.com.br/shampoo-anticaspa-darrow-doctar-sensi-couro-cabeludo-sensivel-120ml/p
2026-06-23 21:36:03,621 - WARNING - Price tag not found (selector: meta[property="product:price:amount"]) for https://www.drogal.com.br/gamaline-v-30-caps/p
2026-06-23 21:36:03,630 - WARNING - Product data has EAN/Name but invalid price: {'url': 'https://www.drogal.com.br/gamaline-v-30-caps/p', 'price': None, 'ean': '7896083402557', 'name': 'Gamaline V 900mg caixa com 30 cápsulas'} for https://www.drogal.com.br/gamaline-v-30-caps/p
2026-06-23 21:36:03,626 - WARNING - Product data has EAN/Name but invalid price: {'url': 'https://www.drogal.com.br/shampoo-anticaspa-darrow-doctar-sensi-couro-cabeludo-sensivel-120ml/p', 'price': None, 'ean': None, 'name': 'Shampoo Anticaspa Darrow Doctar Sensi Couro Cabeludo Sensível 120ml'} for https://www.drogal.com.br/shampoo-anticaspa-darrow-doctar-sensi-couro-cabeludo-sensivel-120ml/p
2026-06-23 21:36:03,687 - WARNING - Price tag not found (selector: meta[property="product:price:amount"]) for https://www.drogal.com.br/levofloxacino-750mg-sandoz-5-comprimidos-revestidos/p
2026-06-23 21:36:03,690 - WARNING - Product data has EAN/Name but invalid price: {'url': 'https://www.drogal.com.br/levofloxacino-750mg-sandoz-5-comprimidos-revestidos/p', 'price': None, 'ean': '7897595637505', 'name': 'Levofloxacino 750mg Sandoz 5 Comprimidos Revestidos'} for https://www.drogal.com.br/levofloxacino-750mg-sandoz-5-comprimidos-revestidos/p
2026-06-23 21:36:03,692 - WARNING - Price tag not found (selector: meta[property="product:price:amount"]) for https://www.drogal.com.br/lubrificante-intimo-intragel-aloe-vera-e-camomila-100g/p
2026-06-23 21:36:03,701 - WARNING - Product data has EAN/Name but invalid price: {'url': 'https://www.drogal.com.br/lubrificante-intimo-intragel-aloe-vera-e-camomila-100g/p', 'price': None, 'ean': '7891317028473', 'name': 'Lubrificante Íntimo Intragel Aloe Vera e Camomila 100g'} for https://www.drogal.com.br/lubrificante-intimo-intragel-aloe-vera-e-camomila-100g/p
2026-06-23 21:36:03,736 - WARNING - Price tag not found (selector: meta[property="product:price:amount"]) for https://www.drogal.com.br/protetor-solar-hidratante-infantil-la-roche-posay-anthelios-uvmune-400-dermo-pediatrics-fps60-75ml/p
2026-06-23 21:36:03,739 - WARNING - Product data has EAN/Name but invalid price: {'url': 'https://www.drogal.com.br/protetor-solar-hidratante-infantil-la-roche-posay-anthelios-uvmune-400-dermo-pediatrics-fps60-75ml/p', 'price': None, 'ean': '3337875888899', 'name': 'Protetor Solar Hidratante Infantil La Roche-Posay Anthelios UVMune 400 Dermo-Pediatrics FPS60 75ml'} for https://www.drogal.com.br/protetor-solar-hidratante-infantil-la-roche-posay-anthelios-uvmune-400-dermo-pediatrics-fps60-75ml/p
2026-06-23 21:36:03,772 - WARNING - Price tag not found (selector: meta[property="product:price:amount"]) for https://www.drogal.com.br/kit-sabonete-lux-flor-verbena-4-unidades-85g/p
2026-06-23 21:36:03,775 - WARNING - Product data has EAN/Name but invalid price: {'url': 'https://www.drogal.com.br/kit-sabonete-lux-flor-verbena-4-unidades-85g/p', 'price': None, 'ean': '7891150060463', 'name': 'Kit Sabonete em Barra Lux Botanicals Flor Verbena 4 Unidades 85g'} for https://www.drogal.com.br/kit-sabonete-lux-flor-verbena-4-unidades-85g/p
2026-06-23 21:36:03,811 - WARNING - Price tag not found (selector: meta[property="product:price:amount"]) for https://www.drogal.com.br/peridal-10mg-30-cpr/p
2026-06-23 21:36:03,839 - WARNING - Price tag not found (selector: meta[property="product:price:amount"]) for https://www.drogal.com.br/creme-hidratante-cerave-pele-seca-e-extra-seca-50g/p
2026-06-23 21:36:03,848 - WARNING - Product data has EAN/Name but invalid price: {'url': 'https://www.drogal.com.br/peridal-10mg-30-cpr/p', 'price': None, 'ean': '7896714274645', 'name': 'Peridal 10mg caixa com 30 comprimidos'} for https://www.drogal.com.br/peridal-10mg-30-cpr/p
2026-06-23 21:36:03,855 - WARNING - Product data has EAN/Name but invalid price: {'url': 'https://www.drogal.com.br/creme-hidratante-cerave-pele-seca-e-extra-seca-50g/p', 'price': None, 'ean': '7899706182980', 'name': 'Creme  Cerave Hidratante Pele Seca e Extra Seca 50g'} for https://www.drogal.com.br/creme-hidratante-cerave-pele-seca-e-extra-seca-50g/p
2026-06-23 21:36:03,887 - WARNING - Price tag not found (selector: meta[property="product:price:amount"]) for https://www.drogal.com.br/shampoo-pantene-pro-v-science-molecular-bond-repair-510ml/p
2026-06-23 21:36:03,897 - WARNING - Product data has EAN/Name but invalid price: {'url': 'https://www.drogal.com.br/shampoo-pantene-pro-v-science-molecular-bond-repair-510ml/p', 'price': None, 'ean': '7500435260312', 'name': 'Shampoo Pantene Pro-V Science Molecular Bond Repair 510ml'} for https://www.drogal.com.br/shampoo-pantene-pro-v-science-molecular-bond-repair-510ml/p
2026-06-23 21:36:03,930 - WARNING - Price tag not found (selector: meta[property="product:price:amount"]) for https://www.drogal.com.br/cloridrato-de-duloxetina-60mg-ems-30-capsulas-duras-de-liberacao-retardada/p
2026-06-23 21:36:03,935 - WARNING - Product data has EAN/Name but invalid price: {'url': 'https://www.drogal.com.br/cloridrato-de-duloxetina-60mg-ems-30-capsulas-duras-de-liberacao-retardada/p', 'price': None, 'ean': '7896004747774', 'name': 'Cloridrato de Duloxetina 60mg EMS 30 Cápsulas Duras de Liberação Retardada'} for https://www.drogal.com.br/cloridrato-de-duloxetina-60mg-ems-30-capsulas-duras-de-liberacao-retardada/p
2026-06-23 21:36:03,966 - WARNING - Price tag not found (selector: meta[property="product:price:amount"]) for https://www.drogal.com.br/gel-hidratante-intimo-hyalufem-acido-hialuronico-1-bisnaga-24g--8-aplicadores-de-uso-unico/p
2026-06-23 21:36:03,973 - WARNING - Product data has EAN/Name but invalid price: {'url': 'https://www.drogal.com.br/gel-hidratante-intimo-hyalufem-acido-hialuronico-1-bisnaga-24g--8-aplicadores-de-uso-unico/p', 'price': None, 'ean': '7896083411412', 'name': 'Gel Hidratante Íntimo Hyalufem Ácido Hialurônico 1 Bisnaga 24g + 8 Aplicadores de Uso Único'} for https://www.drogal.com.br/gel-hidratante-intimo-hyalufem-acido-hialuronico-1-bisnaga-24g--8-aplicadores-de-uso-unico/p
2026-06-23 21:36:04,006 - WARNING - Price tag not found (selector: meta[property="product:price:amount"]) for https://www.drogal.com.br/ateroma-10mg-30-comprimidos-revestidos/p
2026-06-23 21:36:04,012 - WARNING - Product data has EAN/Name but invalid price: {'url': 'https://www.drogal.com.br/ateroma-10mg-30-comprimidos-revestidos/p', 'price': None, 'ean': '7898943707024', 'name': 'Ateroma 10mg 30 Comprimidos Revestidos'} for https://www.drogal.com.br/ateroma-10mg-30-comprimidos-revestidos/p
2026-06-23 21:36:04,037 - WARNING - Price tag not found (selector: meta[property="product:price:amount"]) for https://www.drogal.com.br/booster-acidcolor-eudora-siage-hair-plastia-100ml/p
2026-06-23 21:36:04,046 - WARNING - Product data has EAN/Name but invalid price: {'url': 'https://www.drogal.com.br/booster-acidcolor-eudora-siage-hair-plastia-100ml/p', 'price': None, 'ean': '7891033017287', 'name': 'Booster Acidcolor Eudora Siàge Hair Plastia 100ml'} for https://www.drogal.com.br/booster-acidcolor-eudora-siage-hair-plastia-100ml/p
2026-06-23 21:36:04,071 - WARNING - Price tag not found (selector: meta[property="product:price:amount"]) for https://www.drogal.com.br/base-liquida-vult-basic-2em1-cor-21-30ml/p
2026-06-23 21:36:04,103 - WARNING - Price tag not found (selector: meta[property="product:price:amount"]) for https://www.drogal.com.br/glimepirida-2mg-cimed-30-comprimidos/p
2026-06-23 21:36:04,154 - WARNING - Price tag not found (selector: meta[property="product:price:amount"]) for https://www.drogal.com.br/zoladex-depot-36mg-solucao-injetavel-subcutanea-de-liberacao-prolongada-1-sistema-de-aplicacao-36ml/p
2026-06-23 21:36:04,164 - WARNING - Price tag not found (selector: meta[property="product:price:amount"]) for https://www.drogal.com.br/somalgin-cardio-325mg-32-comprimidos-revestidos-com-dupla-camada/p
2026-06-23 21:36:04,194 - WARNING - Price tag not found (selector: meta[property="product:price:amount"]) for https://www.drogal.com.br/protetor-solar-facial-cicatricure-antissinais-toque-seco-fps50-cor-escura-40g/p
2026-06-23 21:36:04,220 - WARNING - Product data has EAN/Name but invalid price: {'url': 'https://www.drogal.com.br/base-liquida-vult-basic-2em1-cor-21-30ml/p', 'price': None, 'ean': '7899852014906', 'name': 'Base Líquida Vult Basic 2 em 1 Cor 21 30ml'} for https://www.drogal.com.br/base-liquida-vult-basic-2em1-cor-21-30ml/p
2026-06-23 21:36:04,240 - WARNING - Price tag not found (selector: meta[property="product:price:amount"]) for https://www.drogal.com.br/combiwave-25mcg-125mcg-suspensao-aerossol-120-doses/p
2026-06-23 21:36:04,265 - WARNING - Price tag not found (selector: meta[property="product:price:amount"]) for https://www.drogal.com.br/copo-aprendizado-lillo-360-12-meses-266ml/p
2026-06-23 21:36:04,269 - WARNING - Product data has EAN/Name but invalid price: {'url': 'https://www.drogal.com.br/glimepirida-2mg-cimed-30-comprimidos/p', 'price': None, 'ean': '7896523210926', 'name': 'Glimepirida 2mg Cimed 30 Comprimidos'} for https://www.drogal.com.br/glimepirida-2mg-cimed-30-comprimidos/p
2026-06-23 21:36:04,274 - WARNING - Product data has EAN/Name but invalid price: {'url': 'https://www.drogal.com.br/zoladex-depot-36mg-solucao-injetavel-subcutanea-de-liberacao-prolongada-1-sistema-de-aplicacao-36ml/p', 'price': None, 'ean': '5000456057547', 'name': 'Zoladex Depot 3,6mg Solução Injetável Subcutânea de Liberação Prolongada 1 Sistema de Aplicação 3,6ml'} for https://www.drogal.com.br/zoladex-depot-36mg-solucao-injetavel-subcutanea-de-liberacao-prolongada-1-sistema-de-aplicacao-36ml/p
2026-06-23 21:36:04,301 - WARNING - Price tag not found (selector: meta[property="product:price:amount"]) for https://www.drogal.com.br/iluminador-baked-ruby-rose-crystal-glow-cherry-red-65g/p
2026-06-23 21:36:04,307 - WARNING - Product data has EAN/Name but invalid price: {'url': 'https://www.drogal.com.br/somalgin-cardio-325mg-32-comprimidos-revestidos-com-dupla-camada/p', 'price': None, 'ean': '7894916207546', 'name': 'Somalgin Cardio 325mg 32 Comprimidos Revestidos Com Dupla Camada'} for https://www.drogal.com.br/somalgin-cardio-325mg-32-comprimidos-revestidos-com-dupla-camada/p
2026-06-23 21:36:04,333 - WARNING - Price tag not found (selector: meta[property="product:price:amount"]) for https://www.drogal.com.br/janumet-501000mg-56-comprimidos-revestidos/p
2026-06-23 21:36:04,377 - WARNING - Price tag not found (selector: meta[property="product:price:amount"]) for https://www.drogal.com.br/escova-dental-oral-b-ultrafino-detox-3-unidades/p
2026-06-23 21:36:04,380 - WARNING - Price tag not found (selector: meta[property="product:price:amount"]) for https://www.drogal.com.br/venlift-od-150mg-30-capsulas-duras-de-liberacao-prolongada/p
2026-06-23 21:36:04,383 - WARNING - Product data has EAN/Name but invalid price: {'url': 'https://www.drogal.com.br/protetor-solar-facial-cicatricure-antissinais-toque-seco-fps50-cor-escura-40g/p', 'price': None, 'ean': '7898636194230', 'name': 'Protetor Solar Facial Cicatricure Antissinais Toque Seco FPS50 Cor Escura 40g'} for https://www.drogal.com.br/protetor-solar-facial-cicatricure-antissinais-toque-seco-fps50-cor-escura-40g/p
2026-06-23 21:36:04,406 - WARNING - Price tag not found (selector: meta[property="product:price:amount"]) for https://www.drogal.com.br/refrigerante-sprite-lemon-fresh-510ml/p
2026-06-23 21:36:04,429 - WARNING - Price tag not found (selector: meta[property="product:price:amount"]) for https://www.drogal.com.br/restitue-40mg-com-30-comprimidos-de-liberacao-retardada/p
2026-06-23 21:36:04,469 - WARNING - Product data has EAN/Name but invalid price: {'url': 'https://www.drogal.com.br/combiwave-25mcg-125mcg-suspensao-aerossol-120-doses/p', 'price': None, 'ean': '7897473200036', 'name': 'Combiwave 25mcg/125mcg Suspensão Aerossol 120 Doses'} for https://www.drogal.com.br/combiwave-25mcg-125mcg-suspensao-aerossol-120-doses/p
2026-06-23 21:36:04,480 - WARNING - Product data has EAN/Name but invalid price: {'url': 'https://www.drogal.com.br/copo-aprendizado-lillo-360-12-meses-266ml/p', 'price': None, 'ean': '7896033232678', 'name': 'Copo Aprendizado Lillo 360° +12 Meses 266ml'} for https://www.drogal.com.br/copo-aprendizado-lillo-360-12-meses-266ml/p
2026-06-23 21:36:04,481 - WARNING - Price tag not found (selector: meta[property="product:price:amount"]) for https://www.drogal.com.br/escova-dental-colgate-ultra-soft-1-unidade/p
2026-06-23 21:36:04,515 - WARNING - Price tag not found (selector: meta[property="product:price:amount"]) for https://www.drogal.com.br/reparador-labial-la-roche-posay-cicaplast-labios-75ml/p
2026-06-23 21:36:04,544 - WARNING - Price tag not found (selector: meta[property="product:price:amount"]) for https://www.drogal.com.br/pregabalina-75mg-germed-30-capsulas/p
2026-06-23 21:36:04,550 - WARNING - Product data has EAN/Name but invalid price: {'url': 'https://www.drogal.com.br/iluminador-baked-ruby-rose-crystal-glow-cherry-red-65g/p', 'price': None, 'ean': '7900083011265', 'name': 'Iluminador Baked Ruby Rose Crystal Glow Cherry Red 6,5g'} for https://www.drogal.com.br/iluminador-baked-ruby-rose-crystal-glow-cherry-red-65g/p
2026-06-23 21:36:04,574 - WARNING - Price tag not found (selector: meta[property="product:price:amount"]) for https://www.drogal.com.br/protetor-solar-facial-avene-mat-perfect-anti-idade-fps60-tom-2-medio-40g/p
2026-06-23 21:36:04,603 - WARNING - Price tag not found (selector: meta[property="product:price:amount"]) for https://www.drogal.com.br/impere-10mg-60-comprimidos-revestidos/p
2026-06-23 21:36:04,645 - WARNING - Price tag not found (selector: meta[property="product:price:amount"]) for https://www.drogal.com.br/cloridrato-de-ondansetrona-di-hidratado-4mg-neo-quimica-10-comprimidos-orodispersiveis/p
2026-06-23 21:36:04,651 - WARNING - Price tag not found (selector: meta[property="product:price:amount"]) for https://www.drogal.com.br/copo-termico-aco-inox-fisher-price-hot-cold-rosa-candy-cane/p
2026-06-23 21:36:04,655 - WARNING - Product data has EAN/Name but invalid price: {'url': 'https://www.drogal.com.br/janumet-501000mg-56-comprimidos-revestidos/p', 'price': None, 'ean': '7897572020191', 'name': 'Janumet 50/1.000mg 56 Comprimidos Revestidos'} for https://www.drogal.com.br/janumet-501000mg-56-comprimidos-revestidos/p
2026-06-23 21:36:04,691 - WARNING - Price tag not found (selector: meta[property="product:price:amount"]) for https://www.drogal.com.br/tobracin-3mgg-latinofarma-solucao-oftalmica-5ml/p
2026-06-23 21:36:04,693 - WARNING - Product data has EAN/Name but invalid price: {'url': 'https://www.drogal.com.br/escova-dental-oral-b-ultrafino-detox-3-unidades/p', 'price': None, 'ean': '7500435138703', 'name': 'Escova Dental Oral-B Ultrafino Detox 3 Unidades'} for https://www.drogal.com.br/escova-dental-oral-b-ultrafino-detox-3-unidades/p
2026-06-23 21:36:04,714 - WARNING - Price tag not found (selector: meta[property="product:price:amount"]) for https://www.drogal.com.br/mascara-matizadora-eudora-siage-loiro-expert-250g/p
2026-06-23 21:36:04,737 - WARNING - Price tag not found (selector: meta[property="product:price:amount"]) for https://www.drogal.com.br/agua-termal-la-roche-posay-150ml/p
2026-06-23 21:36:04,761 - WARNING - Price tag not found (selector: meta[property="product:price:amount"]) for https://www.drogal.com.br/creme-contra-assaduras-nebacetin-baby-prevencao-60g/p
2026-06-23 21:36:04,768 - WARNING - Product data has EAN/Name but invalid price: {'url': 'https://www.drogal.com.br/venlift-od-150mg-30-capsulas-duras-de-liberacao-prolongada/p', 'price': None, 'ean': '8903855062822', 'name': 'Venlift OD 150mg 30 Cápsulas Duras de Liberação Prolongada'} for https://www.drogal.com.br/venlift-od-150mg-30-capsulas-duras-de-liberacao-prolongada/p
2026-06-23 21:36:04,792 - WARNING - Price tag not found (selector: meta[property="product:price:amount"]) for https://www.drogal.com.br/melocox-15mg-10-comprimidos/p
2026-06-23 21:36:04,804 - WARNING - Price tag not found (selector: meta[property="product:price:amount"]) for https://www.drogal.com.br/creme-hidratante-facial-anti-idade-loreal-paris-revitalift-laser-x3-cicatri-correct-fps25-30ml/p
2026-06-23 21:36:04,830 - WARNING - Price tag not found (selector: meta[property="product:price:amount"]) for https://www.drogal.com.br/whey-protein-iso-integralmedica-triple-zero-sabor-chocolate-900g/p
2026-06-23 21:36:04,853 - WARNING - Price tag not found (selector: meta[property="product:price:amount"]) for https://www.drogal.com.br/cha-de-bolso-dr-oetker-10-unidades/p
2026-06-23 21:36:04,879 - WARNING - Price tag not found (selector: meta[property="product:price:amount"]) for https://www.drogal.com.br/oleo-corporal-flores-e-vegetais-balsamo-de-copaiba-120ml/p
2026-06-23 21:36:04,941 - WARNING - Price tag not found (selector: meta[property="product:price:amount"]) for https://www.drogal.com.br/fiasp-penfill-100-u-ml-solucao-injetavel-5-carpules-3ml/p
2026-06-23 21:36:04,949 - WARNING - Price tag not found (selector: meta[property="product:price:amount"]) for https://www.drogal.com.br/neosaldina-30-comprimidos-revestidos/p
2026-06-23 21:36:04,963 - WARNING - Price tag not found (selector: meta[property="product:price:amount"]) for https://www.drogal.com.br/carbamazepina-200mg-germed-20-comprimidos/p
2026-06-23 21:36:04,991 - WARNING - Price tag not found (selector: meta[property="product:price:amount"]) for https://www.drogal.com.br/monax-50mcg-suspensao-spray-nasal-60-acionamentos-9ml/p
2026-06-23 21:36:05,036 - WARNING - Price tag not found (selector: meta[property="product:price:amount"]) for https://www.drogal.com.br/zolpaz-10mg-30-cpr-c1/p
2026-06-23 21:36:05,040 - WARNING - Product data has EAN/Name but invalid price: {'url': 'https://www.drogal.com.br/refrigerante-sprite-lemon-fresh-510ml/p', 'price': None, 'ean': '7894900680508', 'name': 'Refrigerante Sprite Lemon Fresh 510ml'} for https://www.drogal.com.br/refrigerante-sprite-lemon-fresh-510ml/p
2026-06-23 21:36:05,066 - WARNING - Price tag not found (selector: meta[property="product:price:amount"]) for https://www.drogal.com.br/cloridrato-de-amitriptilina-25mg-medley-30-comprimidos-revestidos/p
2026-06-23 21:36:05,069 - WARNING - Product data has EAN/Name but invalid price: {'url': 'https://www.drogal.com.br/restitue-40mg-com-30-comprimidos-de-liberacao-retardada/p', 'price': None, 'ean': '7894916512923', 'name': 'Restitue 40mg 30 Comprimidos'} for https://www.drogal.com.br/restitue-40mg-com-30-comprimidos-de-liberacao-retardada/p
2026-06-23 21:36:05,098 - WARNING - Price tag not found (selector: meta[property="product:price:amount"]) for https://www.drogal.com.br/suplemento-alimentar-kioto-super-cabelos-e-unhas-60-capsulas/p
2026-06-23 21:36:05,128 - WARNING - Price tag not found (selector: meta[property="product:price:amount"]) for https://www.drogal.com.br/clavulin-30-comprimidos-revestidos/p
2026-06-23 21:36:05,138 - WARNING - Price tag not found (selector: meta[property="product:price:amount"]) for https://www.drogal.com.br/dexfer-100mgml-solucao-gotas-sabor-doce-de-leite-30ml-adaptador/p
2026-06-23 21:36:05,142 - WARNING - Product data has EAN/Name but invalid price: {'url': 'https://www.drogal.com.br/escova-dental-colgate-ultra-soft-1-unidade/p', 'price': None, 'ean': '7891024021590', 'name': 'Escova de Dente Colgate Ultra Soft 1 Unidade'} for https://www.drogal.com.br/escova-dental-colgate-ultra-soft-1-unidade/p
2026-06-23 21:36:05,172 - WARNING - Price tag not found (selector: meta[property="product:price:amount"]) for https://www.drogal.com.br/desodorante-antitranspirante-aerosol-giovanna-baby-candy-72h-150ml/p
2026-06-23 21:36:05,175 - WARNING - Product data has EAN/Name but invalid price: {'url': 'https://www.drogal.com.br/reparador-labial-la-roche-posay-cicaplast-labios-75ml/p', 'price': None, 'ean': '7899706124874', 'name': 'Reparador Labial La Roche-Posay Cicaplast Lábios 7,5ml'} for https://www.drogal.com.br/reparador-labial-la-roche-posay-cicaplast-labios-75ml/p
2026-06-23 21:36:05,205 - WARNING - Price tag not found (selector: meta[property="product:price:amount"]) for https://www.drogal.com.br/ciloxan-35mgml-solucao-oftalmica-esteril-5ml/p
2026-06-23 21:36:05,233 - WARNING - Product data has EAN/Name but invalid price: {'url': 'https://www.drogal.com.br/pregabalina-75mg-germed-30-capsulas/p', 'price': None, 'ean': '7896004776279', 'name': 'Pregabalina 75mg Germed 30 Cápsulas'} for https://www.drogal.com.br/pregabalina-75mg-germed-30-capsulas/p
2026-06-23 21:36:05,241 - WARNING - Price tag not found (selector: meta[property="product:price:amount"]) for https://www.drogal.com.br/itraspor-100mg-4-caps/p
2026-06-23 21:36:05,277 - WARNING - Product data has EAN/Name but invalid price: {'url': 'https://www.drogal.com.br/protetor-solar-facial-avene-mat-perfect-anti-idade-fps60-tom-2-medio-40g/p', 'price': None, 'ean': '3282770395518', 'name': 'Protetor Solar Facial Avène Mat Perfect Anti-Idade+ FPS60 Tom 2 Médio 40g'} for https://www.drogal.com.br/protetor-solar-facial-avene-mat-perfect-anti-idade-fps60-tom-2-medio-40g/p
2026-06-23 21:36:05,308 - WARNING - Price tag not found (selector: meta[property="product:price:amount"]) for https://www.drogal.com.br/kit-tinta-imedia-excellence-loreal-creme-louro-claro-8-creme-milagroso-50ml/p
2026-06-23 21:36:05,333 - WARNING - Price tag not found (selector: meta[property="product:price:amount"]) for https://www.drogal.com.br/untral-25mg-30-capsulas-duras/p
2026-06-23 21:36:05,337 - WARNING - Product data has EAN/Name but invalid price: {'url': 'https://www.drogal.com.br/impere-10mg-60-comprimidos-revestidos/p', 'price': None, 'ean': '7896004794709', 'name': 'Impere 10mg 60 Comprimidos Revestidos'} for https://www.drogal.com.br/impere-10mg-60-comprimidos-revestidos/p
2026-06-23 21:36:05,341 - WARNING - Product data has EAN/Name but invalid price: {'url': 'https://www.drogal.com.br/cloridrato-de-ondansetrona-di-hidratado-4mg-neo-quimica-10-comprimidos-orodispersiveis/p', 'price': None, 'ean': '7896714292472', 'name': 'Cloridrato de Ondansetrona Di-hidratado 4mg Neo Química 10 Comprimidos Orodispersíveis'} for https://www.drogal.com.br/cloridrato-de-ondansetrona-di-hidratado-4mg-neo-quimica-10-comprimidos-orodispersiveis/p
2026-06-23 21:36:05,373 - WARNING - Price tag not found (selector: meta[property="product:price:amount"]) for https://www.drogal.com.br/cebion-1g-sac-lar-10-cpr-ef/p
2026-06-23 21:36:05,376 - WARNING - Product data has EAN/Name but invalid price: {'url': 'https://www.drogal.com.br/copo-termico-aco-inox-fisher-price-hot-cold-rosa-candy-cane/p', 'price': None, 'ean': '7898149180720', 'name': 'Copo Térmico Aço Inox Fisher Price Hot Cold Rosa Candy Cane'} for https://www.drogal.com.br/copo-termico-aco-inox-fisher-price-hot-cold-rosa-candy-cane/p
2026-06-23 21:36:05,382 - WARNING - Price tag not found (selector: meta[property="product:price:amount"]) for https://www.drogal.com.br/naproxeno-sodico-550mg-germed-10-comprimidos/p
2026-06-23 21:36:05,443 - WARNING - Price tag not found (selector: meta[property="product:price:amount"]) for https://www.drogal.com.br/chupeta-mam-air-night-6-meses-cor-rosa-1-unidade/p
2026-06-23 21:36:05,465 - WARNING - Price tag not found (selector: meta[property="product:price:amount"]) for https://www.drogal.com.br/protetor-solar-facial-nivea-sun-tripla-protecao-fluido-controle-de-oleosidade-fps65-40ml/p
2026-06-23 21:36:05,477 - WARNING - Price tag not found (selector: meta[property="product:price:amount"]) for https://www.drogal.com.br/gel-dental-colgate-natural-extracts-carvao-ativado-e-menta-140g/p
2026-06-23 21:36:05,503 - WARNING - Price tag not found (selector: meta[property="product:price:amount"]) for https://www.drogal.com.br/base-endurecedora-impala-casco-de-cavalo-75ml/p
2026-06-23 21:36:05,506 - WARNING - Product data has EAN/Name but invalid price: {'url': 'https://www.drogal.com.br/tobracin-3mgg-latinofarma-solucao-oftalmica-5ml/p', 'price': None, 'ean': '7896676433395', 'name': 'Tobracin 3mg/g Latinofarma Solução Oftálmica 5ml'} for https://www.drogal.com.br/tobracin-3mgg-latinofarma-solucao-oftalmica-5ml/p
2026-06-23 21:36:05,538 - WARNING - Price tag not found (selector: meta[property="product:price:amount"]) for https://www.drogal.com.br/aporte-d3-gotas-solucao-oral-frasco-10ml/p
2026-06-23 21:36:05,564 - WARNING - Price tag not found (selector: meta[property="product:price:amount"]) for https://www.drogal.com.br/perlid-3mgc-30-comprimidos-revestidos/p
2026-06-23 21:36:05,591 - WARNING - Price tag not found (selector: meta[property="product:price:amount"]) for https://www.drogal.com.br/puravit-imune-60-capsulas/p
2026-06-23 21:36:05,594 - WARNING - Product data has EAN/Name but invalid price: {'url': 'https://www.drogal.com.br/mascara-matizadora-eudora-siage-loiro-expert-250g/p', 'price': None, 'ean': '7891033534654', 'name': 'Máscara Matizadora Eudora Siàge Loiro Expert 250g'} for https://www.drogal.com.br/mascara-matizadora-eudora-siage-loiro-expert-250g/p
2026-06-23 21:36:05,624 - WARNING - Price tag not found (selector: meta[property="product:price:amount"]) for https://www.drogal.com.br/pomada-dermatologica-cicatrizante-dbriz-uno-10g--1-espatula/p
2026-06-23 21:36:05,671 - WARNING - Price tag not found (selector: meta[property="product:price:amount"]) for https://www.drogal.com.br/turno-xr-625mg-30-comprimidos-revestidos-de-liberacao-prolongada/p
2026-06-23 21:36:05,700 - WARNING - Product data has EAN/Name but invalid price: {'url': 'https://www.drogal.com.br/agua-termal-la-roche-posay-150ml/p', 'price': None, 'ean': '3433422404397', 'name': 'Água Termal La Roche-Posay 150ml'} for https://www.drogal.com.br/agua-termal-la-roche-posay-150ml/p
2026-06-23 21:36:05,707 - WARNING - Price tag not found (selector: meta[property="product:price:amount"]) for https://www.drogal.com.br/pantoprazol-sodico-sesqui-hidratado-20mg-medley-28-comprimidos-revestidos-de-liberacao-retardada/p
2026-06-23 21:36:05,710 - WARNING - Product data has EAN/Name but invalid price: {'url': 'https://www.drogal.com.br/creme-contra-assaduras-nebacetin-baby-prevencao-60g/p', 'price': None, 'ean': '7896094929098', 'name': 'Creme Contra Assaduras Nebacetin Baby Prevenção 60g'} for https://www.drogal.com.br/creme-contra-assaduras-nebacetin-baby-prevencao-60g/p
2026-06-23 21:36:05,720 - WARNING - Price tag not found (selector: meta[property="product:price:amount"]) for https://www.drogal.com.br/escova-dental-colgate-slim-soft-black-4-unidades/p
2026-06-23 21:36:05,747 - WARNING - Price tag not found (selector: meta[property="product:price:amount"]) for https://www.drogal.com.br/filtrum-color-fps-50-60ml/p
2026-06-23 21:36:05,788 - WARNING - Product data has EAN/Name but invalid price: {'url': 'https://www.drogal.com.br/melocox-15mg-10-comprimidos/p', 'price': None, 'ean': '7891317029685', 'name': 'Melocox 15mg 10 Comprimidos'} for https://www.drogal.com.br/melocox-15mg-10-comprimidos/p
2026-06-23 21:36:05,791 - WARNING - Price tag not found (selector: meta[property="product:price:amount"]) for https://www.drogal.com.br/montelucaste-de-sodio-4mg-eurofarma-granulado-30-saches/p
2026-06-23 21:36:05,841 - WARNING - Price tag not found (selector: meta[property="product:price:amount"]) for https://www.drogal.com.br/ddavp-02mg-30-comprimidos/p
2026-06-23 21:36:05,842 - WARNING - Name selector not found or empty (selector: script[type="application/ld+json"]) for https://www.drogal.com.br/creme-hidratante-facial-anti-idade-loreal-paris-revitalift-laser-x3-cicatri-correct-fps25-30ml/p
2026-06-23 21:36:05,873 - WARNING - Price tag not found (selector: meta[property="product:price:amount"]) for https://www.drogal.com.br/chupeta-mam-night-0-6-meses-cor-rosa-1-unidade/p
2026-06-23 21:36:05,881 - WARNING - Price tag not found (selector: meta[property="product:price:amount"]) for https://www.drogal.com.br/kit-pantene-restauracao-shampoo-350ml-condicionador-175ml-ampola-15ml/p
2026-06-23 21:36:05,891 - WARNING - Product data has EAN/Name but invalid price: {'url': 'https://www.drogal.com.br/whey-protein-iso-integralmedica-triple-zero-sabor-chocolate-900g/p', 'price': None, 'ean': '7896311706426', 'name': 'Whey Protein Iso Integralmédica Triple Zero Sabor Chocolate 900g'} for https://www.drogal.com.br/whey-protein-iso-integralmedica-triple-zero-sabor-chocolate-900g/p
2026-06-23 21:36:05,921 - WARNING - Price tag not found (selector: meta[property="product:price:amount"]) for https://www.drogal.com.br/diprogenta-creme-30g/p
2026-06-23 21:36:05,923 - WARNING - Product data has EAN/Name but invalid price: {'url': 'https://www.drogal.com.br/cha-de-bolso-dr-oetker-10-unidades/p', 'price': None, 'ean': '7891048038000', 'name': 'Chá de Bolso Dr. Oetker 10 Unidades'} for https://www.drogal.com.br/cha-de-bolso-dr-oetker-10-unidades/p
2026-06-23 21:36:05,951 - WARNING - Price tag not found (selector: meta[property="product:price:amount"]) for https://www.drogal.com.br/antialergico-allegra-120mg-2-comprimidos-revestidos/p
2026-06-23 21:36:05,954 - WARNING - Product data has EAN/Name but invalid price: {'url': 'https://www.drogal.com.br/oleo-corporal-flores-e-vegetais-balsamo-de-copaiba-120ml/p', 'price': None, 'ean': '7896671601287', 'name': 'Óleo Corporal Flores e Vegetais Bálsamo de Copaíba 120ml'} for https://www.drogal.com.br/oleo-corporal-flores-e-vegetais-balsamo-de-copaiba-120ml/p
2026-06-23 21:36:05,958 - WARNING - Product data has EAN/Name but invalid price: {'url': 'https://www.drogal.com.br/fiasp-penfill-100-u-ml-solucao-injetavel-5-carpules-3ml/p', 'price': None, 'ean': '7897705202418', 'name': 'Fiasp Penfill 100 UI/ml Solução Injetável 5 Carpules 3ml'} for https://www.drogal.com.br/fiasp-penfill-100-u-ml-solucao-injetavel-5-carpules-3ml/p
2026-06-23 21:36:05,965 - WARNING - Product data has EAN/Name but invalid price: {'url': 'https://www.drogal.com.br/neosaldina-30-comprimidos-revestidos/p', 'price': None, 'ean': '7896094999992', 'name': 'Analgésico Neosaldina 30 Comprimidos Revestidos'} for https://www.drogal.com.br/neosaldina-30-comprimidos-revestidos/p
2026-06-23 21:36:05,970 - WARNING - Product data has EAN/Name but invalid price: {'url': 'https://www.drogal.com.br/carbamazepina-200mg-germed-20-comprimidos/p', 'price': None, 'ean': '7896004707198', 'name': 'Carbamazepina 200mg Germed 20 Comprimidos'} for https://www.drogal.com.br/carbamazepina-200mg-germed-20-comprimidos/p
2026-06-23 21:36:05,997 - WARNING - Price tag not found (selector: meta[property="product:price:amount"]) for https://www.drogal.com.br/oximetro-de-pulso-multisaude-vital-check-hc276-1-unidade/p
2026-06-23 21:36:06,000 - WARNING - Product data has EAN/Name but invalid price: {'url': 'https://www.drogal.com.br/monax-50mcg-suspensao-spray-nasal-60-acionamentos-9ml/p', 'price': None, 'ean': '7891317020675', 'name': 'Monax 50mcg Suspensão Spray Nasal 60 Acionamentos 9ml'} for https://www.drogal.com.br/monax-50mcg-suspensao-spray-nasal-60-acionamentos-9ml/p
2026-06-23 21:36:06,069 - WARNING - Price tag not found (selector: meta[property="product:price:amount"]) for https://www.drogal.com.br/mascara-1-minuto-dove-ritual-de-crescimento-500g/p
2026-06-23 21:36:06,072 - WARNING - Product data has EAN/Name but invalid price: {'url': 'https://www.drogal.com.br/zolpaz-10mg-30-cpr-c1/p', 'price': None, 'ean': '7896006215677', 'name': 'Zolpaz 10mg com 30 comprimidos revestidos'} for https://www.drogal.com.br/zolpaz-10mg-30-cpr-c1/p
2026-06-23 21:36:06,098 - WARNING - Price tag not found (selector: meta[property="product:price:amount"]) for https://www.drogal.com.br/protetor-solar-facial-vichy-hydra-matte-fps50-cor-10-30g/p
2026-06-23 21:36:06,127 - WARNING - Price tag not found (selector: meta[property="product:price:amount"]) for https://www.drogal.com.br/dexametasona-1mg-ml-ems-120ml/p
2026-06-23 21:36:06,153 - WARNING - Price tag not found (selector: meta[property="product:price:amount"]) for https://www.drogal.com.br/ativador-de-cachos-salon-line-sos-cachos-super-oleos-nutricao-extraordinaria-300ml/p
2026-06-23 21:36:06,158 - WARNING - Product data has EAN/Name but invalid price: {'url': 'https://www.drogal.com.br/cloridrato-de-amitriptilina-25mg-medley-30-comprimidos-revestidos/p', 'price': None, 'ean': '7896422524636', 'name': 'Cloridrato de Amitriptilina 25mg Medley 30 Comprimidos Revestidos'} for https://www.drogal.com.br/cloridrato-de-amitriptilina-25mg-medley-30-comprimidos-revestidos/p
2026-06-23 21:36:06,165 - WARNING - Product data has EAN/Name but invalid price: {'url': 'https://www.drogal.com.br/suplemento-alimentar-kioto-super-cabelos-e-unhas-60-capsulas/p', 'price': None, 'ean': '7908079507624', 'name': 'Suplemento Alimentar Kioto Super Cabelos e Unhas 60 Cápsulas'} for https://www.drogal.com.br/suplemento-alimentar-kioto-super-cabelos-e-unhas-60-capsulas/p
2026-06-23 21:36:06,192 - WARNING - Price tag not found (selector: meta[property="product:price:amount"]) for https://www.drogal.com.br/cloridrato-de-bupropiona-300mg-eurofarma-30-comprimidos-revestidos-de-liberacao-prolongada/p
2026-06-23 21:36:06,196 - WARNING - Product data has EAN/Name but invalid price: {'url': 'https://www.drogal.com.br/clavulin-30-comprimidos-revestidos/p', 'price': None, 'ean': '7896015520380', 'name': 'Clavulin 30 Comprimidos Revestidos'} for https://www.drogal.com.br/clavulin-30-comprimidos-revestidos/p
2026-06-23 21:36:06,225 - WARNING - Price tag not found (selector: meta[property="product:price:amount"]) for https://www.drogal.com.br/depo-provera-150mg-frasco-ampola-1ml-uso-intramuscular/p
2026-06-23 21:36:06,254 - WARNING - Price tag not found (selector: meta[property="product:price:amount"]) for https://www.drogal.com.br/creme-hidratante-dermohealth-intensive-extremamente-seca-e-sensivel-453g/p
2026-06-23 21:36:06,261 - WARNING - Product data has EAN/Name but invalid price: {'url': 'https://www.drogal.com.br/dexfer-100mgml-solucao-gotas-sabor-doce-de-leite-30ml-adaptador/p', 'price': None, 'ean': '7891317016883', 'name': 'Dexfer 100mg/ml Solução Gotas Sabor Doce De Leite 30ml + Adaptador'} for https://www.drogal.com.br/dexfer-100mgml-solucao-gotas-sabor-doce-de-leite-30ml-adaptador/p
2026-06-23 21:36:06,303 - WARNING - Price tag not found (selector: meta[property="product:price:amount"]) for https://www.drogal.com.br/cimegripe-rub-12g/p
2026-06-23 21:36:06,319 - WARNING - Price tag not found (selector: meta[property="product:price:amount"]) for https://www.drogal.com.br/coloracao-creme-corton-louro-cinza-claro-81/p
2026-06-23 21:36:06,364 - WARNING - Price tag not found (selector: meta[property="product:price:amount"]) for https://www.drogal.com.br/shampoo-flores-e-vegetais-7-ervas-antiqueda-310ml/p
2026-06-23 21:36:06,387 - WARNING - Product data has EAN/Name but invalid price: {'url': 'https://www.drogal.com.br/desodorante-antitranspirante-aerosol-giovanna-baby-candy-72h-150ml/p', 'price': None, 'ean': '7898663111736', 'name': 'Desodorante Antitranspirante Aerosol Giovanna Baby Candy 72h 150ml'} for https://www.drogal.com.br/desodorante-antitranspirante-aerosol-giovanna-baby-candy-72h-150ml/p
2026-06-23 21:36:06,391 - WARNING - Price tag not found (selector: meta[property="product:price:amount"]) for https://www.drogal.com.br/suplemento-alimentar-citoneurin-complexo-b-60-capsulas/p
2026-06-23 21:36:06,403 - WARNING - Price tag not found (selector: meta[property="product:price:amount"]) for https://www.drogal.com.br/caneta-reutilizavel-injetavel-para-aplicacao-de-insulina-novopen-4-1-unidade/p
2026-06-23 21:36:06,428 - WARNING - Price tag not found (selector: meta[property="product:price:amount"]) for https://www.drogal.com.br/tintura-creme-imedia-excellence-loreal-blonde-supreme-louro-claro-perola-812/p
2026-06-23 21:36:06,436 - WARNING - Product data has EAN/Name but invalid price: {'url': 'https://www.drogal.com.br/ciloxan-35mgml-solucao-oftalmica-esteril-5ml/p', 'price': None, 'ean': '7896548112793', 'name': 'Ciloxan 3,5mg/mL Solução Oftálmica Estéril 5ml'} for https://www.drogal.com.br/ciloxan-35mgml-solucao-oftalmica-esteril-5ml/p
2026-06-23 21:36:06,445 - WARNING - Product data has EAN/Name but invalid price: {'url': 'https://www.drogal.com.br/itraspor-100mg-4-caps/p', 'price': None, 'ean': '7894916501095', 'name': 'Itraspor 100mg caixa com 4 cápsulas'} for https://www.drogal.com.br/itraspor-100mg-4-caps/p
2026-06-23 21:36:06,487 - WARNING - Price tag not found (selector: meta[property="product:price:amount"]) for https://www.drogal.com.br/pomada-trok-bisnaga-10g/p
2026-06-23 21:36:06,500 - WARNING - Price tag not found (selector: meta[property="product:price:amount"]) for https://www.drogal.com.br/cereal-infantil-mucilon-5-cereais-600g/p
2026-06-23 21:36:06,547 - WARNING - Price tag not found (selector: meta[property="product:price:amount"]) for https://www.drogal.com.br/suplemento-alimentar-biotonico-fontoura-mult-vitaminico-sabor-tutti-frutti-60-comprimidos-mastigaveis/p
2026-06-23 21:36:06,550 - WARNING - Product data has EAN/Name but invalid price: {'url': 'https://www.drogal.com.br/kit-tinta-imedia-excellence-loreal-creme-louro-claro-8-creme-milagroso-50ml/p', 'price': None, 'ean': '7899706180153', 'name': 'Kit Tinta Imédia Excellence Loreal Creme Louro Claro 8 + Creme Milagroso 50ml'} for https://www.drogal.com.br/kit-tinta-imedia-excellence-loreal-creme-louro-claro-8-creme-milagroso-50ml/p
2026-06-23 21:36:06,555 - WARNING - Price tag not found (selector: meta[property="product:price:amount"]) for https://www.drogal.com.br/mascara-de-cilios-vult-super-fix-cor-preta-10g/p
2026-06-23 21:36:06,559 - WARNING - Product data has EAN/Name but invalid price: {'url': 'https://www.drogal.com.br/untral-25mg-30-capsulas-duras/p', 'price': None, 'ean': '7896658027055', 'name': 'Untral 2,5mg 30 Cápsulas Duras'} for https://www.drogal.com.br/untral-25mg-30-capsulas-duras/p
2026-06-23 21:36:06,611 - WARNING - Price tag not found (selector: meta[property="product:price:amount"]) for https://www.drogal.com.br/analgesico-e-relaxante-muscular-neosaldina-muscular-max-8-comprimidos-revestidos/p
2026-06-23 21:36:06,637 - WARNING - Price tag not found (selector: meta[property="product:price:amount"]) for https://www.drogal.com.br/oleo-deo-corporal-paixao-tentadora-ameixa-rubi-200ml/p
2026-06-23 21:36:06,639 - WARNING - Price tag not found (selector: meta[property="product:price:amount"]) for https://www.drogal.com.br/ibuprofeno-600mg-vitamedic-10-capsulas-moles/p
2026-06-23 21:36:06,680 - WARNING - Product data has EAN/Name but invalid price: {'url': 'https://www.drogal.com.br/cebion-1g-sac-lar-10-cpr-ef/p', 'price': None, 'ean': '7500435173759', 'name': 'Cebion 1g Sem Açúcar 10 Comprimidos Efervescentes Sabor Laranja'} for https://www.drogal.com.br/cebion-1g-sac-lar-10-cpr-ef/p
2026-06-23 21:36:06,685 - WARNING - Price tag not found (selector: meta[property="product:price:amount"]) for https://www.drogal.com.br/kit-protetor-solar-facial-isdin-fusion-water-fps60-50ml-locao-hidratante-corporal-isdin-ureadin-10-100ml/p
2026-06-23 21:36:06,691 - WARNING - Price tag not found (selector: meta[property="product:price:amount"]) for https://www.drogal.com.br/equipo-luer-slip-completo-macrogotas-descarpack/p
2026-06-23 21:36:06,717 - WARNING - Price tag not found (selector: meta[property="product:price:amount"]) for https://www.drogal.com.br/creme-rejuvenescedor-ivy-c-olhos-15g/p
2026-06-23 21:36:06,758 - WARNING - Price tag not found (selector: meta[property="product:price:amount"]) for https://www.drogal.com.br/desodorante-antitranspirante-aerosol-nivea-men-invisible-for-black-white-fresh-2-unidades-150ml-cada/p
2026-06-23 21:36:06,783 - WARNING - Price tag not found (selector: meta[property="product:price:amount"]) for https://www.drogal.com.br/velija-30mg-60-capsulas-de-liberacao-retardada/p
2026-06-23 21:36:06,796 - WARNING - Price tag not found (selector: meta[property="product:price:amount"]) for https://www.drogal.com.br/lacosamida-50mg-biosintetica-60-comprimidos-revestidos/p
2026-06-23 21:36:06,798 - WARNING - Product data has EAN/Name but invalid price: {'url': 'https://www.drogal.com.br/naproxeno-sodico-550mg-germed-10-comprimidos/p', 'price': None, 'ean': '7896004775128', 'name': 'Naproxeno Sódico 550mg Germed 10 Comprimidos'} for https://www.drogal.com.br/naproxeno-sodico-550mg-germed-10-comprimidos/p
2026-06-23 21:36:06,802 - WARNING - Product data has EAN/Name but invalid price: {'url': 'https://www.drogal.com.br/chupeta-mam-air-night-6-meses-cor-rosa-1-unidade/p', 'price': None, 'ean': '9001616712296', 'name': 'Chupeta Mam Air Night +6 Meses Cor Lilás 1 Unidade'} for https://www.drogal.com.br/chupeta-mam-air-night-6-meses-cor-rosa-1-unidade/p
2026-06-23 21:36:06,807 - WARNING - Product data has EAN/Name but invalid price: {'url': 'https://www.drogal.com.br/protetor-solar-facial-nivea-sun-tripla-protecao-fluido-controle-de-oleosidade-fps65-40ml/p', 'price': None, 'ean': '42429777', 'name': 'Protetor Solar Facial Nivea Sun Tripla Proteção Fluido Controle de Oleosidade FPS65 40ml'} for https://www.drogal.com.br/protetor-solar-facial-nivea-sun-tripla-protecao-fluido-controle-de-oleosidade-fps65-40ml/p
2026-06-23 21:36:06,811 - WARNING - Product data has EAN/Name but invalid price: {'url': 'https://www.drogal.com.br/gel-dental-colgate-natural-extracts-carvao-ativado-e-menta-140g/p', 'price': None, 'ean': '7509546660073', 'name': 'Creme Dental Colgate Natural Extracts Carvão Ativado e Menta 140g'} for https://www.drogal.com.br/gel-dental-colgate-natural-extracts-carvao-ativado-e-menta-140g/p
2026-06-23 21:36:06,836 - WARNING - Product data has EAN/Name but invalid price: {'url': 'https://www.drogal.com.br/base-endurecedora-impala-casco-de-cavalo-75ml/p', 'price': None, 'ean': '7896111970928', 'name': 'Base Endurecedora Impala Casco de Cavalo 7,5ml'} for https://www.drogal.com.br/base-endurecedora-impala-casco-de-cavalo-75ml/p
2026-06-23 21:36:06,841 - WARNING - Price tag not found (selector: meta[property="product:price:amount"]) for https://www.drogal.com.br/perfume-eau-de-parfum-masculino-david-beckham-instinct-50ml/p
2026-06-23 21:36:06,870 - WARNING - Price tag not found (selector: meta[property="product:price:amount"]) for https://www.drogal.com.br/creme-facial-cicatricure-gold-lift-noturno-50g/p
2026-06-23 21:36:06,898 - WARNING - Price tag not found (selector: meta[property="product:price:amount"]) for https://www.drogal.com.br/serum-corporal-dove-hialuronico-pele-seca-e-extra-seca-380ml/p
2026-06-23 21:36:06,901 - WARNING - Product data has EAN/Name but invalid price: {'url': 'https://www.drogal.com.br/aporte-d3-gotas-solucao-oral-frasco-10ml/p', 'price': None, 'ean': '7896685304464', 'name': 'Suplemento Alimentar Aporte D3 500 UI/ gota Solucão Oral Gotas Sabor Laranja 10ml'} for https://www.drogal.com.br/aporte-d3-gotas-solucao-oral-frasco-10ml/p
2026-06-23 21:36:06,926 - WARNING - Price tag not found (selector: meta[property="product:price:amount"]) for https://www.drogal.com.br/serum-facial-antimanchas-la-roche-posay-mela-b3-15ml/p
2026-06-23 21:36:06,931 - WARNING - Product data has EAN/Name but invalid price: {'url': 'https://www.drogal.com.br/perlid-3mgc-30-comprimidos-revestidos/p', 'price': None, 'ean': '7899547533019', 'name': 'Perlid 3mgc 30 Comprimidos Revestidos'} for https://www.drogal.com.br/perlid-3mgc-30-comprimidos-revestidos/p
2026-06-23 21:36:06,955 - WARNING - Price tag not found (selector: meta[property="product:price:amount"]) for https://www.drogal.com.br/neosaldina-muscular-max-4-comprimidos-revestidos/p
2026-06-23 21:36:06,977 - WARNING - Price tag not found (selector: meta[property="product:price:amount"]) for https://www.drogal.com.br/azitromicina-600mg15mlgems/p
2026-06-23 21:36:06,999 - WARNING - Price tag not found (selector: meta[property="product:price:amount"]) for https://www.drogal.com.br/esmalte-cremoso-risque-friends-oh-my-god-8ml/p
2026-06-23 21:36:07,023 - WARNING - Product data has EAN/Name but invalid price: {'url': 'https://www.drogal.com.br/puravit-imune-60-capsulas/p', 'price': None, 'ean': '7898430194405', 'name': 'Puravit Imune 60 Cápsulas'} for https://www.drogal.com.br/puravit-imune-60-capsulas/p
2026-06-23 21:36:07,029 - WARNING - Price tag not found (selector: meta[property="product:price:amount"]) for https://www.drogal.com.br/gelatina-salon-line-todecacho-definicao-natural-550g/p
2026-06-23 21:36:07,087 - WARNING - Price tag not found (selector: meta[property="product:price:amount"]) for https://www.drogal.com.br/mascara-de-tratamento-dove-brilho-10-em-1-270g/p
2026-06-23 21:36:07,093 - WARNING - Price tag not found (selector: meta[property="product:price:amount"]) for https://www.drogal.com.br/resurface-smooth-neostrata-surface-daily-peel-pads-60ml/p
2026-06-23 21:36:07,096 - WARNING - Product data has EAN/Name but invalid price: {'url': 'https://www.drogal.com.br/pomada-dermatologica-cicatrizante-dbriz-uno-10g--1-espatula/p', 'price': None, 'ean': '7899420507854', 'name': 'Pomada Dermatológica Cicatrizante DBriz Uno 10g + 1 Espátula'} for https://www.drogal.com.br/pomada-dermatologica-cicatrizante-dbriz-uno-10g--1-espatula/p
2026-06-23 21:36:07,105 - WARNING - Price tag not found (selector: meta[property="product:price:amount"]) for https://www.drogal.com.br/alimentador-soft-kuka-cor-rosa-1-unidade/p
2026-06-23 21:36:07,128 - WARNING - Price tag not found (selector: meta[property="product:price:amount"]) for https://www.drogal.com.br/desodorante-dove-stick-original-72h-protegerepara-45g/p
2026-06-23 21:36:07,151 - WARNING - Product data has EAN/Name but invalid price: {'url': 'https://www.drogal.com.br/turno-xr-625mg-30-comprimidos-revestidos-de-liberacao-prolongada/p', 'price': None, 'ean': '7891317027209', 'name': 'Turno XR 6,25mg 30 Comprimidos Revestidos de Liberação Prolongada'} for https://www.drogal.com.br/turno-xr-625mg-30-comprimidos-revestidos-de-liberacao-prolongada/p
2026-06-23 21:36:07,165 - WARNING - Price tag not found (selector: meta[property="product:price:amount"]) for https://www.drogal.com.br/repelente-longa-duracao-granado-peles-sensiveis-110ml/p
2026-06-23 21:36:07,177 - WARNING - Price tag not found (selector: meta[property="product:price:amount"]) for https://www.drogal.com.br/espuma-para-banho-nivea-silk-mousse-raspberry-200ml/p
2026-06-23 21:36:07,183 - WARNING - Product data has EAN/Name but invalid price: {'url': 'https://www.drogal.com.br/pantoprazol-sodico-sesqui-hidratado-20mg-medley-28-comprimidos-revestidos-de-liberacao-retardada/p', 'price': None, 'ean': '7891058005955', 'name': 'Pantoprazol Sódico Sesqui-Hidratado 20mg Medley 28 Comprimidos Revestidos de Liberação Retardada'} for https://www.drogal.com.br/pantoprazol-sodico-sesqui-hidratado-20mg-medley-28-comprimidos-revestidos-de-liberacao-retardada/p
2026-06-23 21:36:07,205 - WARNING - Price tag not found (selector: meta[property="product:price:amount"]) for https://www.drogal.com.br/pantogar-unhas-gel-tripla-acao-5ml/p
2026-06-23 21:36:07,231 - WARNING - Price tag not found (selector: meta[property="product:price:amount"]) for https://www.drogal.com.br/refil-sabonete-liquido-protex-cuidado-intimo-delicate-care-140ml/p
2026-06-23 21:36:07,235 - WARNING - Product data has EAN/Name but invalid price: {'url': 'https://www.drogal.com.br/escova-dental-colgate-slim-soft-black-4-unidades/p', 'price': None, 'ean': '7509546657240', 'name': 'Escova Dental Colgate Slim Soft Black 4 Unidades'} for https://www.drogal.com.br/escova-dental-colgate-slim-soft-black-4-unidades/p
2026-06-23 21:36:07,261 - WARNING - Price tag not found (selector: meta[property="product:price:amount"]) for https://www.drogal.com.br/sonrisal-dupla-acao-sabor-laranja-2-comprimidos-efervescentes/p
2026-06-23 21:36:07,288 - WARNING - Price tag not found (selector: meta[property="product:price:amount"]) for https://www.drogal.com.br/fralda-pampers-pants-ajuste-total-max-m-112-unidades/p
2026-06-23 21:36:07,290 - WARNING - Product data has EAN/Name but invalid price: {'url': 'https://www.drogal.com.br/filtrum-color-fps-50-60ml/p', 'price': None, 'ean': '7896094209176', 'name': 'Filtrum Color FPS 50 60mL'} for https://www.drogal.com.br/filtrum-color-fps-50-60ml/p
2026-06-23 21:36:07,298 - WARNING - Product data has EAN/Name but invalid price: {'url': 'https://www.drogal.com.br/montelucaste-de-sodio-4mg-eurofarma-granulado-30-saches/p', 'price': None, 'ean': '7891317154332', 'name': 'Montelucaste de Sódio 4mg Eurofarma Granulado 30 Sachês'} for https://www.drogal.com.br/montelucaste-de-sodio-4mg-eurofarma-granulado-30-saches/p
2026-06-23 21:36:07,319 - WARNING - Product data has EAN/Name but invalid price: {'url': 'https://www.drogal.com.br/ddavp-02mg-30-comprimidos/p', 'price': None, 'ean': '7896165600055', 'name': 'Ddavp 0,2mg 30 Comprimidos'} for https://www.drogal.com.br/ddavp-02mg-30-comprimidos/p
2026-06-23 21:36:07,325 - WARNING - Price tag not found (selector: meta[property="product:price:amount"]) for https://www.drogal.com.br/micardis-anlo-405mg-30-cpr/p
2026-06-23 21:36:07,327 - WARNING - Product data has EAN/Name but invalid price: {'url': 'https://www.drogal.com.br/creme-hidratante-facial-anti-idade-loreal-paris-revitalift-laser-x3-cicatri-correct-fps25-30ml/p', 'price': None, 'ean': '7899706124959', 'name': None} for https://www.drogal.com.br/creme-hidratante-facial-anti-idade-loreal-paris-revitalift-laser-x3-cicatri-correct-fps25-30ml/p
2026-06-23 21:36:07,356 - WARNING - Price tag not found (selector: meta[property="product:price:amount"]) for https://www.drogal.com.br/desodorante-antitranspirante-roll-on-nivea-sem-perfume-50ml/p
2026-06-23 21:36:07,359 - WARNING - Product data has EAN/Name but invalid price: {'url': 'https://www.drogal.com.br/chupeta-mam-night-0-6-meses-cor-rosa-1-unidade/p', 'price': None, 'ean': '9001616712166', 'name': 'Chupeta Mam Nigh 0 - 6 Meses Cor Rosa 1 Unidade'} for https://www.drogal.com.br/chupeta-mam-night-0-6-meses-cor-rosa-1-unidade/p
2026-06-23 21:36:07,412 - WARNING - Product data has EAN/Name but invalid price: {'url': 'https://www.drogal.com.br/kit-pantene-restauracao-shampoo-350ml-condicionador-175ml-ampola-15ml/p', 'price': None, 'ean': '7500435199469', 'name': 'Kit Shampoo Pantene Restauração 350ml + Condicionador 175ml + Ampola 15ml'} for https://www.drogal.com.br/kit-pantene-restauracao-shampoo-350ml-condicionador-175ml-ampola-15ml/p
2026-06-23 21:36:07,432 - WARNING - Price tag not found (selector: meta[property="product:price:amount"]) for https://www.drogal.com.br/lencos-umedecidos-intimo-feelclean-16-unidades/p
2026-06-23 21:36:07,450 - WARNING - Price tag not found (selector: meta[property="product:price:amount"]) for https://www.drogal.com.br/dispositivo-para-lavagem-nasal-enovamix-infantil-azul/p
2026-06-23 21:36:07,469 - WARNING - Price tag not found (selector: meta[property="product:price:amount"]) for https://www.drogal.com.br/rosuvastatinacalcica10mg30comprimidosalthaia/p
2026-06-23 21:36:07,473 - WARNING - Product data has EAN/Name but invalid price: {'url': 'https://www.drogal.com.br/diprogenta-creme-30g/p', 'price': None, 'ean': '7891142142290', 'name': 'Diprogenta Creme 30g'} for https://www.drogal.com.br/diprogenta-creme-30g/p
2026-06-23 21:36:07,480 - WARNING - Product data has EAN/Name but invalid price: {'url': 'https://www.drogal.com.br/antialergico-allegra-120mg-2-comprimidos-revestidos/p', 'price': None, 'ean': '7891058002596', 'name': 'Antialérgico Allegra 120mg 2 Comprimidos Revestidos'} for https://www.drogal.com.br/antialergico-allegra-120mg-2-comprimidos-revestidos/p
2026-06-23 21:36:07,504 - WARNING - Price tag not found (selector: meta[property="product:price:amount"]) for https://www.drogal.com.br/kit-protetor-solar-facial-episol-color-pele-clara-fps70-40g-po-compacto-fps50-tom-2-claro-10g/p
2026-06-23 21:36:07,529 - WARNING - Price tag not found (selector: meta[property="product:price:amount"]) for https://www.drogal.com.br/gelmax-sabor-papaya-e-cassis-24-comprimidos-mastigaveis/p
2026-06-23 21:36:07,571 - WARNING - Price tag not found (selector: meta[property="product:price:amount"]) for https://www.drogal.com.br/macarrao-instantaneo-cup-noodles-sabor-galinha-caipira-85g/p
2026-06-23 21:36:07,575 - WARNING - Price tag not found (selector: meta[property="product:price:amount"]) for https://www.drogal.com.br/barra-de-proteina-whey-bar-creamy-chocolate-38g/p
2026-06-23 21:36:07,580 - WARNING - Product data has EAN/Name but invalid price: {'url': 'https://www.drogal.com.br/oximetro-de-pulso-multisaude-vital-check-hc276-1-unidade/p', 'price': None, 'ean': '7908685691175', 'name': 'Oxímetro de Pulso Multisaude Vital Check HC276 1 Unidade'} for https://www.drogal.com.br/oximetro-de-pulso-multisaude-vital-check-hc276-1-unidade/p
2026-06-23 21:36:07,587 - WARNING - Product data has EAN/Name but invalid price: {'url': 'https://www.drogal.com.br/mascara-1-minuto-dove-ritual-de-crescimento-500g/p', 'price': None, 'ean': '7891150080768', 'name': 'Máscara 1 Minuto Dove Ritual de Crescimento 500g'} for https://www.drogal.com.br/mascara-1-minuto-dove-ritual-de-crescimento-500g/p
2026-06-23 21:36:07,591 - WARNING - Product data has EAN/Name but invalid price: {'url': 'https://www.drogal.com.br/protetor-solar-facial-vichy-hydra-matte-fps50-cor-10-30g/p', 'price': None, 'ean': '7908615018201', 'name': 'Protetor Solar Facial Vichy Hydra-Matte FPS50 Cor 1.0 30g'} for https://www.drogal.com.br/protetor-solar-facial-vichy-hydra-matte-fps50-cor-10-30g/p
2026-06-23 21:36:07,618 - WARNING - Price tag not found (selector: meta[property="product:price:amount"]) for https://www.drogal.com.br/creme-de-tratamento-seda-boom-nutricao-intensa-500g/p
2026-06-23 21:36:07,646 - WARNING - Product data has EAN/Name but invalid price: {'url': 'https://www.drogal.com.br/dexametasona-1mg-ml-ems-120ml/p', 'price': None, 'ean': '7896004703565', 'name': 'Dexametasona 1mg/ml EMS 120ml'} for https://www.drogal.com.br/dexametasona-1mg-ml-ems-120ml/p
2026-06-23 21:36:07,668 - WARNING - Price tag not found (selector: meta[property="product:price:amount"]) for https://www.drogal.com.br/desodoranteaerosolbioodorblockfeminino150ml/p
2026-06-23 21:36:07,692 - WARNING - Price tag not found (selector: meta[property="product:price:amount"]) for https://www.drogal.com.br/buscopan-composto-20-comprimidos-revestidos/p
2026-06-23 21:36:07,696 - WARNING - Product data has EAN/Name but invalid price: {'url': 'https://www.drogal.com.br/ativador-de-cachos-salon-line-sos-cachos-super-oleos-nutricao-extraordinaria-300ml/p', 'price': None, 'ean': '7898524345096', 'name': 'Ativador de Cachos Salon Line S.O.S Cachos Super Óleos Nutrição Extraordinária 300ml'} for https://www.drogal.com.br/ativador-de-cachos-salon-line-sos-cachos-super-oleos-nutricao-extraordinaria-300ml/p
2026-06-23 21:36:07,700 - WARNING - Price tag not found (selector: meta[property="product:price:amount"]) for https://www.drogal.com.br/creme-para-prevencao-de-assaduras-dersani-baby-protecao-30g/p
2026-06-23 21:36:07,758 - WARNING - Price tag not found (selector: meta[property="product:price:amount"]) for https://www.drogal.com.br/creme-dental-oral-b-pro-gengiva-sensibilidade-90g/p
2026-06-23 21:36:07,773 - WARNING - Price tag not found (selector: meta[property="product:price:amount"]) for https://www.drogal.com.br/suplemento-vitaminico-lavitan-50-60-comprimidos-revestidos/p
2026-06-23 21:36:07,781 - WARNING - Price tag not found (selector: meta[property="product:price:amount"]) for https://www.drogal.com.br/indocid-50mg-30-caps/p
2026-06-23 21:36:07,806 - WARNING - Price tag not found (selector: meta[property="product:price:amount"]) for https://www.drogal.com.br/shampoo-anticaspa-skala-men-2-em-1-600ml/p
2026-06-23 21:36:07,811 - WARNING - Product data has EAN/Name but invalid price: {'url': 'https://www.drogal.com.br/cloridrato-de-bupropiona-300mg-eurofarma-30-comprimidos-revestidos-de-liberacao-prolongada/p', 'price': None, 'ean': '7891317010171', 'name': 'Cloridrato de Bupropiona 300mg 24 Horas Eurofarma 30 Comprimidos Revestidos de Liberação Prolongada'} for https://www.drogal.com.br/cloridrato-de-bupropiona-300mg-eurofarma-30-comprimidos-revestidos-de-liberacao-prolongada/p
2026-06-23 21:36:07,839 - WARNING - Price tag not found (selector: meta[property="product:price:amount"]) for https://www.drogal.com.br/femoston-conti-28-comprimidosrevestidos/p
2026-06-23 21:36:07,885 - WARNING - Price tag not found (selector: meta[property="product:price:amount"]) for https://www.drogal.com.br/saboneteliquidoluxbotanicalsorquideanegra250ml/p
2026-06-23 21:36:07,908 - WARNING - Price tag not found (selector: meta[property="product:price:amount"]) for https://www.drogal.com.br/goma-de-mascar-mentos-pure-white-sabor-spearmint-56g/p
2026-06-23 21:36:07,928 - WARNING - Price tag not found (selector: meta[property="product:price:amount"]) for https://www.drogal.com.br/apixabana-5-mg-20-cpr-rev-g-natco/p
2026-06-23 21:36:07,953 - WARNING - Price tag not found (selector: meta[property="product:price:amount"]) for https://www.drogal.com.br/paracetamol-500mg-cafeina-65mg-germed-20-comprimidos-revestidos/p
2026-06-23 21:36:07,956 - WARNING - Product data has EAN/Name but invalid price: {'url': 'https://www.drogal.com.br/depo-provera-150mg-frasco-ampola-1ml-uso-intramuscular/p', 'price': None, 'ean': '7891268101799', 'name': 'Depo-Provera 150mg Frasco-ampola 1ml Uso Intramuscular'} for https://www.drogal.com.br/depo-provera-150mg-frasco-ampola-1ml-uso-intramuscular/p
2026-06-23 21:36:07,966 - WARNING - Price tag not found (selector: meta[property="product:price:amount"]) for https://www.drogal.com.br/suplemento-alimentar-materna-nause-60-capsulas/p
2026-06-23 21:36:07,969 - WARNING - Product data has EAN/Name but invalid price: {'url': 'https://www.drogal.com.br/creme-hidratante-dermohealth-intensive-extremamente-seca-e-sensivel-453g/p', 'price': None, 'ean': '7908079515797', 'name': 'Creme Hidratante Dermohealth Intensive Extremamente Seca e Sensível 453g'} for https://www.drogal.com.br/creme-hidratante-dermohealth-intensive-extremamente-seca-e-sensivel-453g/p
2026-06-23 21:36:07,993 - WARNING - Price tag not found (selector: meta[property="product:price:amount"]) for https://www.drogal.com.br/suplemento-alimentar-vitasay-melatonina-sabor-laranja-150-comprimidos-orodispersiveis/p
2026-06-23 21:36:08,021 - WARNING - Product data has EAN/Name but invalid price: {'url': 'https://www.drogal.com.br/cimegripe-rub-12g/p', 'price': None, 'ean': '7897947600157', 'name': 'Cimegripe Rub 12g'} for https://www.drogal.com.br/cimegripe-rub-12g/p
2026-06-23 21:36:08,057 - WARNING - Price tag not found (selector: meta[property="product:price:amount"]) for https://www.drogal.com.br/esmalte-metalico-risque-chillibeans-por-tras-dessa-lente-8ml/p
2026-06-23 21:36:08,079 - WARNING - Price tag not found (selector: meta[property="product:price:amount"]) for https://www.drogal.com.br/vitamin-d3-gummy-tangerina-30-gomas/p
2026-06-23 21:36:08,090 - WARNING - Price tag not found (selector: meta[property="product:price:amount"]) for https://www.drogal.com.br/protetor-solar-facial-5em1-la-roche-posay-anthelios-bb-cream-fps50-40g/p
2026-06-23 21:36:08,095 - WARNING - Product data has EAN/Name but invalid price: {'url': 'https://www.drogal.com.br/coloracao-creme-corton-louro-cinza-claro-81/p', 'price': None, 'ean': '7896000706072', 'name': 'Coloração Cor&amp;Ton Creme 8.1 Louro Cinza Claro'} for https://www.drogal.com.br/coloracao-creme-corton-louro-cinza-claro-81/p
2026-06-23 21:36:08,096 - WARNING - Price tag not found (selector: meta[property="product:price:amount"]) for https://www.drogal.com.br/creme-para-pentear-salon-line-bob-esponja-sos-cachos-kids-1kg/p
2026-06-23 21:36:08,114 - WARNING - Product data has EAN/Name but invalid price: {'url': 'https://www.drogal.com.br/shampoo-flores-e-vegetais-7-ervas-antiqueda-310ml/p', 'price': None, 'ean': '7896671601324', 'name': 'Shampoo Flores e Vegetais 7 Ervas Antiqueda 310ml'} for https://www.drogal.com.br/shampoo-flores-e-vegetais-7-ervas-antiqueda-310ml/p
2026-06-23 21:36:08,130 - WARNING - Price tag not found (selector: meta[property="product:price:amount"]) for https://www.drogal.com.br/pantoprazol-40mg-biosintetica-28-comprimidos-revestidos/p
2026-06-23 21:36:08,134 - WARNING - Product data has EAN/Name but invalid price: {'url': 'https://www.drogal.com.br/suplemento-alimentar-citoneurin-complexo-b-60-capsulas/p', 'price': None, 'ean': '7500435246866', 'name': 'Suplemento Alimentar Citoneurin Complexo B 60 Cápsulas'} for https://www.drogal.com.br/suplemento-alimentar-citoneurin-complexo-b-60-capsulas/p
2026-06-23 21:36:08,137 - WARNING - Product data has EAN/Name but invalid price: {'url': 'https://www.drogal.com.br/caneta-reutilizavel-injetavel-para-aplicacao-de-insulina-novopen-4-1-unidade/p', 'price': None, 'ean': '7897705201893', 'name': 'Caneta Reutilizável Injetável para Aplicação de Insulina NovoPen 4 1 Unidade'} for https://www.drogal.com.br/caneta-reutilizavel-injetavel-para-aplicacao-de-insulina-novopen-4-1-unidade/p
2026-06-23 21:36:08,141 - WARNING - Product data has EAN/Name but invalid price: {'url': 'https://www.drogal.com.br/tintura-creme-imedia-excellence-loreal-blonde-supreme-louro-claro-perola-812/p', 'price': None, 'ean': '7899706182515', 'name': 'Tintura Creme Imédia Excellence L&apos;Oréal Blonde Suprême Louro Claro Pérola 8.12'} for https://www.drogal.com.br/tintura-creme-imedia-excellence-loreal-blonde-supreme-louro-claro-perola-812/p
2026-06-23 21:36:08,172 - WARNING - Price tag not found (selector: meta[property="product:price:amount"]) for https://www.drogal.com.br/gel-de-limpeza-gentil-eucerin-dermo-pure-oil-control-400g/p
2026-06-23 21:36:08,177 - WARNING - Product data has EAN/Name but invalid price: {'url': 'https://www.drogal.com.br/pomada-trok-bisnaga-10g/p', 'price': None, 'ean': '7891317025533', 'name': 'Pomada Trok Bisnaga 10g'} for https://www.drogal.com.br/pomada-trok-bisnaga-10g/p
2026-06-23 21:36:08,211 - WARNING - Price tag not found (selector: meta[property="product:price:amount"]) for https://www.drogal.com.br/esomeprazol-magnesico-ranbaxy-40mg-28-comprimidos/p
2026-06-23 21:36:08,237 - WARNING - Product data has EAN/Name but invalid price: {'url': 'https://www.drogal.com.br/cereal-infantil-mucilon-5-cereais-600g/p', 'price': None, 'ean': '7891000416976', 'name': 'Cereal Infantil Mucilon 5 Cereais 600g'} for https://www.drogal.com.br/cereal-infantil-mucilon-5-cereais-600g/p
2026-06-23 21:36:08,241 - WARNING - Price tag not found (selector: meta[property="product:price:amount"]) for https://www.drogal.com.br/pack-milnutri-800g-com-30-de-desconto-na-2a-unidade/p
2026-06-23 21:36:08,289 - WARNING - Price tag not found (selector: meta[property="product:price:amount"]) for https://www.drogal.com.br/cor-select-25-30-cpr/p
2026-06-23 21:36:08,292 - WARNING - Price tag not found (selector: meta[property="product:price:amount"]) for https://www.drogal.com.br/maca-peruana-500mg-60-capsulas/p
2026-06-23 21:36:08,372 - WARNING - Product data has EAN/Name but invalid price: {'url': 'https://www.drogal.com.br/suplemento-alimentar-biotonico-fontoura-mult-vitaminico-sabor-tutti-frutti-60-comprimidos-mastigaveis/p', 'price': None, 'ean': '7896094929340', 'name': 'Suplemento Alimentar Multivitaminico Biotônico Fontoura Sabor Tutti-Frutti 60 Comprimidos Mastigáveis'} for https://www.drogal.com.br/suplemento-alimentar-biotonico-fontoura-mult-vitaminico-sabor-tutti-frutti-60-comprimidos-mastigaveis/p
2026-06-23 21:36:08,385 - WARNING - Price tag not found (selector: meta[property="product:price:amount"]) for https://www.drogal.com.br/roupa-intima-descartavel-qualifral-pants-noturna-p-m-16-unidades/p
2026-06-23 21:36:08,411 - WARNING - Price tag not found (selector: meta[property="product:price:amount"]) for https://www.drogal.com.br/ampicilina-500mg-12cprgems/p
2026-06-23 21:36:08,414 - WARNING - Product data has EAN/Name but invalid price: {'url': 'https://www.drogal.com.br/mascara-de-cilios-vult-super-fix-cor-preta-10g/p', 'price': None, 'ean': '7899852025957', 'name': 'Máscara de Cílios Vult Super Fix Cor Preta 10g'} for https://www.drogal.com.br/mascara-de-cilios-vult-super-fix-cor-preta-10g/p
2026-06-23 21:36:08,418 - WARNING - Product data has EAN/Name but invalid price: {'url': 'https://www.drogal.com.br/analgesico-e-relaxante-muscular-neosaldina-muscular-max-8-comprimidos-revestidos/p', 'price': None, 'ean': '7896094932654', 'name': 'Analgésico e Relaxante Muscular Neosaldina Muscular Max 8 Comprimidos Revestidos'} for https://www.drogal.com.br/analgesico-e-relaxante-muscular-neosaldina-muscular-max-8-comprimidos-revestidos/p
2026-06-23 21:36:08,422 - WARNING - Product data has EAN/Name but invalid price: {'url': 'https://www.drogal.com.br/oleo-deo-corporal-paixao-tentadora-ameixa-rubi-200ml/p', 'price': None, 'ean': '78922693', 'name': 'Óleo Deo Corporal Paixão Tentadora Ameixa Rubi 200ml'} for https://www.drogal.com.br/oleo-deo-corporal-paixao-tentadora-ameixa-rubi-200ml/p
2026-06-23 21:36:08,447 - WARNING - Price tag not found (selector: meta[property="product:price:amount"]) for https://www.drogal.com.br/apixabana-25mg-biosintetica-20-comprimidos-revestidos/p
2026-06-23 21:36:08,450 - WARNING - Product data has EAN/Name but invalid price: {'url': 'https://www.drogal.com.br/ibuprofeno-600mg-vitamedic-10-capsulas-moles/p', 'price': None, 'ean': '7898700412376', 'name': 'Ibuprofeno 600mg Vitamedic 10 Cápsulas Moles'} for https://www.drogal.com.br/ibuprofeno-600mg-vitamedic-10-capsulas-moles/p
2026-06-23 21:36:08,456 - WARNING - Product data has EAN/Name but invalid price: {'url': 'https://www.drogal.com.br/kit-protetor-solar-facial-isdin-fusion-water-fps60-50ml-locao-hidratante-corporal-isdin-ureadin-10-100ml/p', 'price': None, 'ean': '8429420248335', 'name': 'Kit Protetor Solar Facial Isdin Fusion Water FPS60 50ml + Loção Hidratante Corporal Isdin Ureadin 10% 100ml'} for https://www.drogal.com.br/kit-protetor-solar-facial-isdin-fusion-water-fps60-50ml-locao-hidratante-corporal-isdin-ureadin-10-100ml/p
2026-06-23 21:36:08,459 - WARNING - Product data has EAN/Name but invalid price: {'url': 'https://www.drogal.com.br/equipo-luer-slip-completo-macrogotas-descarpack/p', 'price': None, 'ean': '7898157722707', 'name': 'Equipo Luer Slip Completo Macrogotas Descarpack'} for https://www.drogal.com.br/equipo-luer-slip-completo-macrogotas-descarpack/p
2026-06-23 21:36:08,489 - WARNING - Price tag not found (selector: meta[property="product:price:amount"]) for https://www.drogal.com.br/suplemento-alimentar-laclaze-10000-ufcc-sabor-baunilha-30-comprimidos-mastigaveis/p
2026-06-23 21:36:08,493 - WARNING - Product data has EAN/Name but invalid price: {'url': 'https://www.drogal.com.br/creme-rejuvenescedor-ivy-c-olhos-15g/p', 'price': None, 'ean': '7891142201348', 'name': 'Creme Rejuvenescedor Ivy C Olhos 15g'} for https://www.drogal.com.br/creme-rejuvenescedor-ivy-c-olhos-15g/p
2026-06-23 21:36:08,514 - WARNING - Price tag not found (selector: meta[property="product:price:amount"]) for https://www.drogal.com.br/abretia-30mg-30-capsulas-duras-de-liberacao-retardada/p
2026-06-23 21:36:08,518 - WARNING - Product data has EAN/Name but invalid price: {'url': 'https://www.drogal.com.br/desodorante-antitranspirante-aerosol-nivea-men-invisible-for-black-white-fresh-2-unidades-150ml-cada/p', 'price': None, 'ean': '4005900662033', 'name': 'Desodorante Antitranspirante Aerosol Nivea Men Invisible for Black &amp; White Fresh 2 Unidades - 150ml Cada'} for https://www.drogal.com.br/desodorante-antitranspirante-aerosol-nivea-men-invisible-for-black-white-fresh-2-unidades-150ml-cada/p
2026-06-23 21:36:08,546 - WARNING - Price tag not found (selector: meta[property="product:price:amount"]) for https://www.drogal.com.br/creme-redutor-de-medidas-e-anticelulite-imecap-170g/p
2026-06-23 21:36:08,549 - WARNING - Product data has EAN/Name but invalid price: {'url': 'https://www.drogal.com.br/velija-30mg-60-capsulas-de-liberacao-retardada/p', 'price': None, 'ean': '7896094209602', 'name': 'Velija 30mg 60 Cápsulas de Liberação Retardada'} for https://www.drogal.com.br/velija-30mg-60-capsulas-de-liberacao-retardada/p
2026-06-23 21:36:08,552 - WARNING - Product data has EAN/Name but invalid price: {'url': 'https://www.drogal.com.br/lacosamida-50mg-biosintetica-60-comprimidos-revestidos/p', 'price': None, 'ean': '7896658053757', 'name': 'Lacosamida 50mg Biosintética 60 Comprimidos Revestidos'} for https://www.drogal.com.br/lacosamida-50mg-biosintetica-60-comprimidos-revestidos/p
2026-06-23 21:36:08,584 - WARNING - Price tag not found (selector: meta[property="product:price:amount"]) for https://www.drogal.com.br/creme-facial-antimanchas-firmador-la-roche-posay-mela-b3-double-dose-40ml/p
2026-06-23 21:36:08,609 - WARNING - Price tag not found (selector: meta[property="product:price:amount"]) for https://www.drogal.com.br/hidratante-facial-zeta-skin-rejuvenescedor-50g/p
2026-06-23 21:36:08,613 - WARNING - Product data has EAN/Name but invalid price: {'url': 'https://www.drogal.com.br/perfume-eau-de-parfum-masculino-david-beckham-instinct-50ml/p', 'price': None, 'ean': '3616304892776', 'name': 'Perfume Eau de Parfum Masculino David Beckham Instinct 50ml'} for https://www.drogal.com.br/perfume-eau-de-parfum-masculino-david-beckham-instinct-50ml/p
2026-06-23 21:36:08,616 - WARNING - Product data has EAN/Name but invalid price: {'url': 'https://www.drogal.com.br/creme-facial-cicatricure-gold-lift-noturno-50g/p', 'price': None, 'ean': '7898636191994', 'name': 'Creme Facial Cicatricure Gold Lift Noturno 50g'} for https://www.drogal.com.br/creme-facial-cicatricure-gold-lift-noturno-50g/p
2026-06-23 21:36:08,620 - WARNING - Product data has EAN/Name but invalid price: {'url': 'https://www.drogal.com.br/serum-corporal-dove-hialuronico-pele-seca-e-extra-seca-380ml/p', 'price': None, 'ean': '7891150095830', 'name': 'Sérum Hidratante Corporal Dove Hialurônico+ Dermo Renovador 380ml'} for https://www.drogal.com.br/serum-corporal-dove-hialuronico-pele-seca-e-extra-seca-380ml/p
2026-06-23 21:36:08,624 - WARNING - Product data has EAN/Name but invalid price: {'url': 'https://www.drogal.com.br/serum-facial-antimanchas-la-roche-posay-mela-b3-15ml/p', 'price': None, 'ean': '7908615060965', 'name': 'Sérum Facial Antimanchas La Roche-Posay Mela B3 15ml'} for https://www.drogal.com.br/serum-facial-antimanchas-la-roche-posay-mela-b3-15ml/p
2026-06-23 21:36:08,627 - WARNING - Product data has EAN/Name but invalid price: {'url': 'https://www.drogal.com.br/neosaldina-muscular-max-4-comprimidos-revestidos/p', 'price': None, 'ean': '7896094930858', 'name': 'Analgésico e Relaxante Muscular Neosaldina Muscular Max 4 Comprimidos Revestidos'} for https://www.drogal.com.br/neosaldina-muscular-max-4-comprimidos-revestidos/p
2026-06-23 21:36:08,630 - WARNING - Product data has EAN/Name but invalid price: {'url': 'https://www.drogal.com.br/azitromicina-600mg15mlgems/p', 'price': None, 'ean': '7896004715971', 'name': 'Azitromicina 600mg EMS Suspensão Oral 15mll'} for https://www.drogal.com.br/azitromicina-600mg15mlgems/p
2026-06-23 21:36:08,633 - WARNING - Product data has EAN/Name but invalid price: {'url': 'https://www.drogal.com.br/esmalte-cremoso-risque-friends-oh-my-god-8ml/p', 'price': None, 'ean': '7891350037869', 'name': 'Esmalte Cremoso Risqué Friends Oh My God 8ml'} for https://www.drogal.com.br/esmalte-cremoso-risque-friends-oh-my-god-8ml/p
2026-06-23 21:36:08,658 - WARNING - Price tag not found (selector: meta[property="product:price:amount"]) for https://www.drogal.com.br/sombraprimer-multifuncional-vult-colors-folia-holografico-7ml/p
2026-06-23 21:36:08,682 - WARNING - Price tag not found (selector: meta[property="product:price:amount"]) for https://www.drogal.com.br/protetor-solar-facial-la-roche-posay-anthelios-airlicium-fps70-pele-morena-mais-40g/p
2026-06-23 21:36:08,685 - WARNING - Product data has EAN/Name but invalid price: {'url': 'https://www.drogal.com.br/gelatina-salon-line-todecacho-definicao-natural-550g/p', 'price': None, 'ean': '7908458331079', 'name': 'Gelatina Salon Line #TodeCacho Definição Natural 550g'} for https://www.drogal.com.br/gelatina-salon-line-todecacho-definicao-natural-550g/p
2026-06-23 21:36:08,709 - WARNING - Price tag not found (selector: meta[property="product:price:amount"]) for https://www.drogal.com.br/sabonete-liquido-giorno-casa-flor-de-laranjeira-350ml/p
2026-06-23 21:36:08,712 - WARNING - Product data has EAN/Name but invalid price: {'url': 'https://www.drogal.com.br/mascara-de-tratamento-dove-brilho-10-em-1-270g/p', 'price': None, 'ean': '7891150094932', 'name': 'Máscara de Tratamento Dove Brilho 10 em 1 270g'} for https://www.drogal.com.br/mascara-de-tratamento-dove-brilho-10-em-1-270g/p
2026-06-23 21:36:08,716 - WARNING - Product data has EAN/Name but invalid price: {'url': 'https://www.drogal.com.br/resurface-smooth-neostrata-surface-daily-peel-pads-60ml/p', 'price': None, 'ean': '732013300760', 'name': 'Resurface Smooth Neostrata Surface Daily Peel Pads 60ml'} for https://www.drogal.com.br/resurface-smooth-neostrata-surface-daily-peel-pads-60ml/p
2026-06-23 21:36:08,719 - WARNING - Product data has EAN/Name but invalid price: {'url': 'https://www.drogal.com.br/alimentador-soft-kuka-cor-rosa-1-unidade/p', 'price': None, 'ean': '7896000677327', 'name': 'Alimentador Soft Kuka Cor Rosa 1 Unidade'} for https://www.drogal.com.br/alimentador-soft-kuka-cor-rosa-1-unidade/p
2026-06-23 21:36:08,723 - WARNING - Product data has EAN/Name but invalid price: {'url': 'https://www.drogal.com.br/desodorante-dove-stick-original-72h-protegerepara-45g/p', 'price': None, 'ean': '75062835', 'name': 'Desodorante Dove Stick Original 72h Protege+Repara 45g'} for https://www.drogal.com.br/desodorante-dove-stick-original-72h-protegerepara-45g/p
2026-06-23 21:36:08,726 - WARNING - Product data has EAN/Name but invalid price: {'url': 'https://www.drogal.com.br/repelente-longa-duracao-granado-peles-sensiveis-110ml/p', 'price': None, 'ean': '7896512936028', 'name': 'Repelente Longa Duração Granado Bebê Peles Sensíveis 110ml'} for https://www.drogal.com.br/repelente-longa-duracao-granado-peles-sensiveis-110ml/p
2026-06-23 21:36:08,729 - WARNING - Product data has EAN/Name but invalid price: {'url': 'https://www.drogal.com.br/espuma-para-banho-nivea-silk-mousse-raspberry-200ml/p', 'price': None, 'ean': '4005900473844', 'name': 'Espuma para Banho Nivea Silk Mousse Raspberry 200ml'} for https://www.drogal.com.br/espuma-para-banho-nivea-silk-mousse-raspberry-200ml/p
2026-06-23 21:36:08,732 - WARNING - Product data has EAN/Name but invalid price: {'url': 'https://www.drogal.com.br/pantogar-unhas-gel-tripla-acao-5ml/p', 'price': None, 'ean': '7896112407867', 'name': 'Pantogar Unhas Gel Tripla Ação 5ml'} for https://www.drogal.com.br/pantogar-unhas-gel-tripla-acao-5ml/p
2026-06-23 21:36:08,735 - WARNING - Product data has EAN/Name but invalid price: {'url': 'https://www.drogal.com.br/refil-sabonete-liquido-protex-cuidado-intimo-delicate-care-140ml/p', 'price': None, 'ean': '7891024037706', 'name': 'Refil Sabonete Líquido Íntimo Protex Cuidado Delicate Care 140ml'} for https://www.drogal.com.br/refil-sabonete-liquido-protex-cuidado-intimo-delicate-care-140ml/p
2026-06-23 21:36:08,738 - WARNING - Product data has EAN/Name but invalid price: {'url': 'https://www.drogal.com.br/sonrisal-dupla-acao-sabor-laranja-2-comprimidos-efervescentes/p', 'price': None, 'ean': '7896090611829', 'name': 'Sonrisal Dupla Ação Sabor Laranja 2 Comprimidos Efervescentes'} for https://www.drogal.com.br/sonrisal-dupla-acao-sabor-laranja-2-comprimidos-efervescentes/p
2026-06-23 21:36:08,741 - WARNING - Product data has EAN/Name but invalid price: {'url': 'https://www.drogal.com.br/fralda-pampers-pants-ajuste-total-max-m-112-unidades/p', 'price': None, 'ean': '7500435205771', 'name': 'Fralda Pampers Pants Ajuste Total Max M 112 Unidades'} for https://www.drogal.com.br/fralda-pampers-pants-ajuste-total-max-m-112-unidades/p
2026-06-23 21:36:08,745 - WARNING - Product data has EAN/Name but invalid price: {'url': 'https://www.drogal.com.br/micardis-anlo-405mg-30-cpr/p', 'price': None, 'ean': '7896026305327', 'name': 'Micardis Anlo 40mg + 5mg caixa com 30 comprimidos'} for https://www.drogal.com.br/micardis-anlo-405mg-30-cpr/p
2026-06-23 21:36:08,771 - WARNING - Price tag not found (selector: meta[property="product:price:amount"]) for https://www.drogal.com.br/bombom-lacta-ouro-branco-20g/p
2026-06-23 21:36:08,775 - WARNING - Product data has EAN/Name but invalid price: {'url': 'https://www.drogal.com.br/desodorante-antitranspirante-roll-on-nivea-sem-perfume-50ml/p', 'price': None, 'ean': '4005808663927', 'name': 'Desodorante Antitranspirante Roll On Nivea Sem Perfume 50ml'} for https://www.drogal.com.br/desodorante-antitranspirante-roll-on-nivea-sem-perfume-50ml/p
2026-06-23 21:36:08,779 - WARNING - Product data has EAN/Name but invalid price: {'url': 'https://www.drogal.com.br/lencos-umedecidos-intimo-feelclean-16-unidades/p', 'price': None, 'ean': '7898936110619', 'name': 'Lenços Umedecidos Intimo Feelclean 16 Unidades'} for https://www.drogal.com.br/lencos-umedecidos-intimo-feelclean-16-unidades/p
2026-06-23 21:36:08,782 - WARNING - Product data has EAN/Name but invalid price: {'url': 'https://www.drogal.com.br/dispositivo-para-lavagem-nasal-enovamix-infantil-azul/p', 'price': None, 'ean': '7898717150070', 'name': 'Dispositivo para Lavagem Nasal Enovamix Infantil Azul'} for https://www.drogal.com.br/dispositivo-para-lavagem-nasal-enovamix-infantil-azul/p
2026-06-23 21:36:08,784 - WARNING - Product data has EAN/Name but invalid price: {'url': 'https://www.drogal.com.br/rosuvastatinacalcica10mg30comprimidosalthaia/p', 'price': None, 'ean': '7898569760458', 'name': 'Rosuvastatina Cálcica 10mg Althaia 30 Comprimidos Revestidos'} for https://www.drogal.com.br/rosuvastatinacalcica10mg30comprimidosalthaia/p
2026-06-23 21:36:08,787 - WARNING - Product data has EAN/Name but invalid price: {'url': 'https://www.drogal.com.br/kit-protetor-solar-facial-episol-color-pele-clara-fps70-40g-po-compacto-fps50-tom-2-claro-10g/p', 'price': None, 'ean': '7891142205827', 'name': 'Kit Protetor Solar Facial Episol Color Pele Clara FPS70 40g + Pó Compacto FPS50 Tom 2 Claro 10g'} for https://www.drogal.com.br/kit-protetor-solar-facial-episol-color-pele-clara-fps70-40g-po-compacto-fps50-tom-2-claro-10g/p
2026-06-23 21:36:08,790 - WARNING - Product data has EAN/Name but invalid price: {'url': 'https://www.drogal.com.br/gelmax-sabor-papaya-e-cassis-24-comprimidos-mastigaveis/p', 'price': None, 'ean': '7896004817897', 'name': 'Antiácido Mastigável Gelmax Sabor Papaya e Cassis 24 Comprimidos Mastigáveis'} for https://www.drogal.com.br/gelmax-sabor-papaya-e-cassis-24-comprimidos-mastigaveis/p
2026-06-23 21:36:08,793 - WARNING - Product data has EAN/Name but invalid price: {'url': 'https://www.drogal.com.br/macarrao-instantaneo-cup-noodles-sabor-galinha-caipira-85g/p', 'price': None, 'ean': '7891079013038', 'name': 'Macarrão Instantâneo Cup Noodles Sabor Galinha Caipira 85g'} for https://www.drogal.com.br/macarrao-instantaneo-cup-noodles-sabor-galinha-caipira-85g/p
2026-06-23 21:36:08,796 - WARNING - Product data has EAN/Name but invalid price: {'url': 'https://www.drogal.com.br/barra-de-proteina-whey-bar-creamy-chocolate-38g/p', 'price': None, 'ean': '7899941201996', 'name': 'Barra de Proteína Whey Bar Creamy Probiótica Sabor Chocolate 38g'} for https://www.drogal.com.br/barra-de-proteina-whey-bar-creamy-chocolate-38g/p
2026-06-23 21:36:08,821 - WARNING - Price tag not found (selector: meta[property="product:price:amount"]) for https://www.drogal.com.br/vildagliptina-50mg-ranbaxy-60-comprimidos/p
2026-06-23 21:36:08,824 - WARNING - Product data has EAN/Name but invalid price: {'url': 'https://www.drogal.com.br/creme-de-tratamento-seda-boom-nutricao-intensa-500g/p', 'price': None, 'ean': '7891150095939', 'name': 'Creme de Tratamento Seda Boom Nutrição Intensa 500g'} for https://www.drogal.com.br/creme-de-tratamento-seda-boom-nutricao-intensa-500g/p
2026-06-23 21:36:08,827 - WARNING - Product data has EAN/Name but invalid price: {'url': 'https://www.drogal.com.br/desodoranteaerosolbioodorblockfeminino150ml/p', 'price': None, 'ean': '7899706130912', 'name': 'Desodorante Antitranspirante Aerosol Feminino Garnier BÍ-O Odorblock 2 150ml'} for https://www.drogal.com.br/desodoranteaerosolbioodorblockfeminino150ml/p
2026-06-23 21:36:08,830 - WARNING - Product data has EAN/Name but invalid price: {'url': 'https://www.drogal.com.br/buscopan-composto-20-comprimidos-revestidos/p', 'price': None, 'ean': '7896094921399', 'name': 'Analgésico Buscopan Composto 20 Comprimidos Revestidos'} for https://www.drogal.com.br/buscopan-composto-20-comprimidos-revestidos/p
2026-06-23 21:36:08,833 - WARNING - Product data has EAN/Name but invalid price: {'url': 'https://www.drogal.com.br/creme-para-prevencao-de-assaduras-dersani-baby-protecao-30g/p', 'price': None, 'ean': '7896026173179', 'name': 'Creme para Prevenção de Assaduras Dersani Baby Proteção 30g'} for https://www.drogal.com.br/creme-para-prevencao-de-assaduras-dersani-baby-protecao-30g/p
2026-06-23 21:36:08,835 - WARNING - Product data has EAN/Name but invalid price: {'url': 'https://www.drogal.com.br/creme-dental-oral-b-pro-gengiva-sensibilidade-90g/p', 'price': None, 'ean': '7500435137300', 'name': 'Creme Dental Oral-B Pro-Gengiva Sensibilidade 90g'} for https://www.drogal.com.br/creme-dental-oral-b-pro-gengiva-sensibilidade-90g/p
2026-06-23 21:36:08,840 - WARNING - Product data has EAN/Name but invalid price: {'url': 'https://www.drogal.com.br/suplemento-vitaminico-lavitan-50-60-comprimidos-revestidos/p', 'price': None, 'ean': '7897947600928', 'name': 'Suplemento Alimentar Lavitan 50+ 60 Comprimidos Revestidos'} for https://www.drogal.com.br/suplemento-vitaminico-lavitan-50-60-comprimidos-revestidos/p
2026-06-23 21:36:08,844 - WARNING - Product data has EAN/Name but invalid price: {'url': 'https://www.drogal.com.br/indocid-50mg-30-caps/p', 'price': None, 'ean': '7895858005962', 'name': 'Indocid 50mg 30 Cápsulas'} for https://www.drogal.com.br/indocid-50mg-30-caps/p
2026-06-23 21:36:08,848 - WARNING - Product data has EAN/Name but invalid price: {'url': 'https://www.drogal.com.br/shampoo-anticaspa-skala-men-2-em-1-600ml/p', 'price': None, 'ean': '7897042020966', 'name': 'Shampoo Anticaspa Skala Men 2 em 1 600ml'} for https://www.drogal.com.br/shampoo-anticaspa-skala-men-2-em-1-600ml/p
2026-06-23 21:36:08,852 - WARNING - Product data has EAN/Name but invalid price: {'url': 'https://www.drogal.com.br/femoston-conti-28-comprimidosrevestidos/p', 'price': None, 'ean': '7896255766371', 'name': 'Femoston Conti 1mg/5mg 28 Comprimidos Revestidos'} for https://www.drogal.com.br/femoston-conti-28-comprimidosrevestidos/p
2026-06-23 21:36:08,856 - WARNING - Product data has EAN/Name but invalid price: {'url': 'https://www.drogal.com.br/saboneteliquidoluxbotanicalsorquideanegra250ml/p', 'price': None, 'ean': '7891150060142', 'name': 'Sabonete Líquido Lux Botanicals Orquídea Negra 250ml'} for https://www.drogal.com.br/saboneteliquidoluxbotanicalsorquideanegra250ml/p
2026-06-23 21:36:08,858 - WARNING - Product data has EAN/Name but invalid price: {'url': 'https://www.drogal.com.br/goma-de-mascar-mentos-pure-white-sabor-spearmint-56g/p', 'price': None, 'ean': '7895144899954', 'name': 'Goma de Mascar Mentos Pure White Sabor Spearmint 56g'} for https://www.drogal.com.br/goma-de-mascar-mentos-pure-white-sabor-spearmint-56g/p
2026-06-23 21:36:08,862 - WARNING - Product data has EAN/Name but invalid price: {'url': 'https://www.drogal.com.br/apixabana-5-mg-20-cpr-rev-g-natco/p', 'price': None, 'ean': '7898565164458', 'name': 'Apixabana 5mg Natcofarma do Brasil 20 Comprimidos Revestidos'} for https://www.drogal.com.br/apixabana-5-mg-20-cpr-rev-g-natco/p
2026-06-23 21:36:08,865 - WARNING - Product data has EAN/Name but invalid price: {'url': 'https://www.drogal.com.br/paracetamol-500mg-cafeina-65mg-germed-20-comprimidos-revestidos/p', 'price': None, 'ean': '7896004721309', 'name': 'Paracetamol 500mg + Cafeína 65mg Germed 20 Comprimidos Revestidos'} for https://www.drogal.com.br/paracetamol-500mg-cafeina-65mg-germed-20-comprimidos-revestidos/p
2026-06-23 21:36:08,869 - WARNING - Product data has EAN/Name but invalid price: {'url': 'https://www.drogal.com.br/suplemento-alimentar-materna-nause-60-capsulas/p', 'price': None, 'ean': '8000300432480', 'name': 'Suplemento Alimentar Materna Nause 60 Cápsulas'} for https://www.drogal.com.br/suplemento-alimentar-materna-nause-60-capsulas/p
2026-06-23 21:36:08,872 - WARNING - Product data has EAN/Name but invalid price: {'url': 'https://www.drogal.com.br/suplemento-alimentar-vitasay-melatonina-sabor-laranja-150-comprimidos-orodispersiveis/p', 'price': None, 'ean': '7896094925823', 'name': 'Suplemento Alimentar Vitasay Melatonina Sabor Laranja 150 Comprimidos Orodispersíveis'} for https://www.drogal.com.br/suplemento-alimentar-vitasay-melatonina-sabor-laranja-150-comprimidos-orodispersiveis/p
2026-06-23 21:36:08,875 - WARNING - Product data has EAN/Name but invalid price: {'url': 'https://www.drogal.com.br/esmalte-metalico-risque-chillibeans-por-tras-dessa-lente-8ml/p', 'price': None, 'ean': '7891350046106', 'name': 'Esmalte Metálico Risqué ChilliBeans Por Trás Dessa Lente 8ml'} for https://www.drogal.com.br/esmalte-metalico-risque-chillibeans-por-tras-dessa-lente-8ml/p
2026-06-23 21:36:08,878 - WARNING - Product data has EAN/Name but invalid price: {'url': 'https://www.drogal.com.br/vitamin-d3-gummy-tangerina-30-gomas/p', 'price': None, 'ean': '7898132543914', 'name': 'Vitamin D3 Gummy Tangerina 30 Gomas'} for https://www.drogal.com.br/vitamin-d3-gummy-tangerina-30-gomas/p
2026-06-23 21:36:08,880 - WARNING - Product data has EAN/Name but invalid price: {'url': 'https://www.drogal.com.br/protetor-solar-facial-5em1-la-roche-posay-anthelios-bb-cream-fps50-40g/p', 'price': None, 'ean': '7899706111874', 'name': 'Protetor Solar Facial 5em1 La Roche-Posay Anthelios BB Cream FPS50 40g'} for https://www.drogal.com.br/protetor-solar-facial-5em1-la-roche-posay-anthelios-bb-cream-fps50-40g/p
2026-06-23 21:36:08,883 - WARNING - Product data has EAN/Name but invalid price: {'url': 'https://www.drogal.com.br/creme-para-pentear-salon-line-bob-esponja-sos-cachos-kids-1kg/p', 'price': None, 'ean': '7908458333127', 'name': 'Creme para Pentear Salon Line Bob Esponja SOS Cachos Kids 1kg'} for https://www.drogal.com.br/creme-para-pentear-salon-line-bob-esponja-sos-cachos-kids-1kg/p
2026-06-23 21:36:08,887 - WARNING - Product data has EAN/Name but invalid price: {'url': 'https://www.drogal.com.br/pantoprazol-40mg-biosintetica-28-comprimidos-revestidos/p', 'price': None, 'ean': '7896181918691', 'name': 'Pantoprazol Sódico Sesqui-Hidratado 40mg Biosintética 28 Comprimidos'} for https://www.drogal.com.br/pantoprazol-40mg-biosintetica-28-comprimidos-revestidos/p
2026-06-23 21:36:08,891 - WARNING - Product data has EAN/Name but invalid price: {'url': 'https://www.drogal.com.br/gel-de-limpeza-gentil-eucerin-dermo-pure-oil-control-400g/p', 'price': None, 'ean': '4006000120461', 'name': 'Gel de Limpeza Facial Antiacne Gentil Eucerin Dermo Pure Clinical Oil Control 400g'} for https://www.drogal.com.br/gel-de-limpeza-gentil-eucerin-dermo-pure-oil-control-400g/p
2026-06-23 21:36:08,895 - WARNING - Product data has EAN/Name but invalid price: {'url': 'https://www.drogal.com.br/esomeprazol-magnesico-ranbaxy-40mg-28-comprimidos/p', 'price': None, 'ean': '7897076914088', 'name': 'Esomeprazol Magnésico 40mg Ranbaxy 28 Comprimidos Revestidos de Liberação Retardada'} for https://www.drogal.com.br/esomeprazol-magnesico-ranbaxy-40mg-28-comprimidos/p
2026-06-23 21:36:08,898 - WARNING - Product data has EAN/Name but invalid price: {'url': 'https://www.drogal.com.br/pack-milnutri-800g-com-30-de-desconto-na-2a-unidade/p', 'price': None, 'ean': '7891025117469', 'name': 'Pack Milnutri 800g com 30% de Desconto na 2ª Unidade'} for https://www.drogal.com.br/pack-milnutri-800g-com-30-de-desconto-na-2a-unidade/p
2026-06-23 21:36:08,900 - WARNING - Product data has EAN/Name but invalid price: {'url': 'https://www.drogal.com.br/cor-select-25-30-cpr/p', 'price': None, 'ean': '7898549755627', 'name': 'Cor-Select 2,5mg 30 Comprimidos'} for https://www.drogal.com.br/cor-select-25-30-cpr/p
2026-06-23 21:36:08,903 - WARNING - Product data has EAN/Name but invalid price: {'url': 'https://www.drogal.com.br/maca-peruana-500mg-60-capsulas/p', 'price': None, 'ean': None, 'name': 'Maca Peruana 500mg 60 Cápsulas'} for https://www.drogal.com.br/maca-peruana-500mg-60-capsulas/p
2026-06-23 21:36:08,907 - WARNING - Product data has EAN/Name but invalid price: {'url': 'https://www.drogal.com.br/roupa-intima-descartavel-qualifral-pants-noturna-p-m-16-unidades/p', 'price': None, 'ean': '7908079513922', 'name': 'Roupa Íntima Descartável Qualifral Pants Noturna P/M 16 Unidades'} for https://www.drogal.com.br/roupa-intima-descartavel-qualifral-pants-noturna-p-m-16-unidades/p
2026-06-23 21:36:08,910 - WARNING - Product data has EAN/Name but invalid price: {'url': 'https://www.drogal.com.br/ampicilina-500mg-12cprgems/p', 'price': None, 'ean': '7896004715742', 'name': 'Ampicilina 500mg EMS 12 Comprimidos'} for https://www.drogal.com.br/ampicilina-500mg-12cprgems/p
2026-06-23 21:36:08,913 - WARNING - Product data has EAN/Name but invalid price: {'url': 'https://www.drogal.com.br/apixabana-25mg-biosintetica-20-comprimidos-revestidos/p', 'price': None, 'ean': '7896658047473', 'name': 'Apixabana 2,5mg Biosintética 20 Comprimidos Revestidos'} for https://www.drogal.com.br/apixabana-25mg-biosintetica-20-comprimidos-revestidos/p
2026-06-23 21:36:08,916 - WARNING - Product data has EAN/Name but invalid price: {'url': 'https://www.drogal.com.br/suplemento-alimentar-laclaze-10000-ufcc-sabor-baunilha-30-comprimidos-mastigaveis/p', 'price': None, 'ean': '7908079513632', 'name': 'Suplemento Alimentar Laclaze 10.000 U.FCC Sabor Baunilha 30 Comprimidos Mastigáveis'} for https://www.drogal.com.br/suplemento-alimentar-laclaze-10000-ufcc-sabor-baunilha-30-comprimidos-mastigaveis/p
2026-06-23 21:36:08,919 - WARNING - Product data has EAN/Name but invalid price: {'url': 'https://www.drogal.com.br/abretia-30mg-30-capsulas-duras-de-liberacao-retardada/p', 'price': None, 'ean': '7898040325565', 'name': 'Abretia 30mg 30 Cápsulas Duras de Liberação Retardada'} for https://www.drogal.com.br/abretia-30mg-30-capsulas-duras-de-liberacao-retardada/p
2026-06-23 21:36:08,922 - WARNING - Product data has EAN/Name but invalid price: {'url': 'https://www.drogal.com.br/creme-redutor-de-medidas-e-anticelulite-imecap-170g/p', 'price': None, 'ean': '7898040328306', 'name': 'Creme Redutor de Medidas e Anticelulite Imecap Body 170g'} for https://www.drogal.com.br/creme-redutor-de-medidas-e-anticelulite-imecap-170g/p
2026-06-23 21:36:08,926 - WARNING - Product data has EAN/Name but invalid price: {'url': 'https://www.drogal.com.br/creme-facial-antimanchas-firmador-la-roche-posay-mela-b3-double-dose-40ml/p', 'price': None, 'ean': '7908966542516', 'name': 'Creme Facial Antimanchas Firmador La Roche-Posay Mela B3 Double Dose 40ml'} for https://www.drogal.com.br/creme-facial-antimanchas-firmador-la-roche-posay-mela-b3-double-dose-40ml/p
2026-06-23 21:36:08,929 - WARNING - Product data has EAN/Name but invalid price: {'url': 'https://www.drogal.com.br/hidratante-facial-zeta-skin-rejuvenescedor-50g/p', 'price': None, 'ean': '7908079506573', 'name': 'Hidratante Facial Zeta Skin Rejuvenescedor 50g'} for https://www.drogal.com.br/hidratante-facial-zeta-skin-rejuvenescedor-50g/p
2026-06-23 21:36:08,932 - WARNING - Product data has EAN/Name but invalid price: {'url': 'https://www.drogal.com.br/sombraprimer-multifuncional-vult-colors-folia-holografico-7ml/p', 'price': None, 'ean': '7899852025124', 'name': 'Sombra&amp;Primer Multifuncional Vult Colors Folia Holográfico 7ml'} for https://www.drogal.com.br/sombraprimer-multifuncional-vult-colors-folia-holografico-7ml/p
2026-06-23 21:36:08,935 - WARNING - Product data has EAN/Name but invalid price: {'url': 'https://www.drogal.com.br/protetor-solar-facial-la-roche-posay-anthelios-airlicium-fps70-pele-morena-mais-40g/p', 'price': None, 'ean': '7899706175043', 'name': 'Protetor Solar Facial La Roche-Posay Anthelios Airlicium FPS70 Pele Morena Mais 40g'} for https://www.drogal.com.br/protetor-solar-facial-la-roche-posay-anthelios-airlicium-fps70-pele-morena-mais-40g/p
2026-06-23 21:36:08,938 - WARNING - Product data has EAN/Name but invalid price: {'url': 'https://www.drogal.com.br/sabonete-liquido-giorno-casa-flor-de-laranjeira-350ml/p', 'price': None, 'ean': '7896183313715', 'name': 'Sabonete Líquido Giorno Casa Flor de Laranjeira 350ml'} for https://www.drogal.com.br/sabonete-liquido-giorno-casa-flor-de-laranjeira-350ml/p
2026-06-23 21:36:08,942 - WARNING - Product data has EAN/Name but invalid price: {'url': 'https://www.drogal.com.br/bombom-lacta-ouro-branco-20g/p', 'price': None, 'ean': '78939318', 'name': 'Bombom Lacta Ouro Branco 20g'} for https://www.drogal.com.br/bombom-lacta-ouro-branco-20g/p
2026-06-23 21:36:08,945 - WARNING - Product data has EAN/Name but invalid price: {'url': 'https://www.drogal.com.br/vildagliptina-50mg-ranbaxy-60-comprimidos/p', 'price': None, 'ean': '7897076923714', 'name': 'Vildagliptina 50mg Ranbaxy 60 Comprimidos'} for https://www.drogal.com.br/vildagliptina-50mg-ranbaxy-60-comprimidos/p
2026-06-23 21:36:09,033 - WARNING - Price tag not found (selector: meta[property="product:price:amount"]) for https://www.drogal.com.br/aviv-100mg-30-comprimidos-revestidos-de-liberacao-prolongada/p
2026-06-23 21:36:09,037 - WARNING - Product data has EAN/Name but invalid price: {'url': 'https://www.drogal.com.br/aviv-100mg-30-comprimidos-revestidos-de-liberacao-prolongada/p', 'price': None, 'ean': '7896094920736', 'name': 'Aviv 100mg 30 Comprimidos Revestidos de Liberação Prolongada'} for https://www.drogal.com.br/aviv-100mg-30-comprimidos-revestidos-de-liberacao-prolongada/p
2026-06-23 21:36:09,063 - WARNING - Price tag not found (selector: meta[property="product:price:amount"]) for https://www.drogal.com.br/protetor-solar-facial-l-oreal-paris-uv-defender-fluido-fps-60-40g/p
2026-06-23 21:36:09,071 - WARNING - Product data has EAN/Name but invalid price: {'url': 'https://www.drogal.com.br/protetor-solar-facial-l-oreal-paris-uv-defender-fluido-fps-60-40g/p', 'price': None, 'ean': '7899706188326', 'name': 'Protetor Solar Facial L´Oréal Paris UV Defender Fluido FPS 60 40g'} for https://www.drogal.com.br/protetor-solar-facial-l-oreal-paris-uv-defender-fluido-fps-60-40g/p
2026-06-23 21:36:09,091 - WARNING - Price tag not found (selector: meta[property="product:price:amount"]) for https://www.drogal.com.br/oleo-para-regeneracao-da-pele-100ml/p
2026-06-23 21:36:09,095 - WARNING - Product data has EAN/Name but invalid price: {'url': 'https://www.drogal.com.br/oleo-para-regeneracao-da-pele-100ml/p', 'price': None, 'ean': '63447', 'name': 'Óleo para Regeneração da Pele 100ml'} for https://www.drogal.com.br/oleo-para-regeneracao-da-pele-100ml/p
2026-06-23 21:36:09,109 - WARNING - Price tag not found (selector: meta[property="product:price:amount"]) for https://www.drogal.com.br/marshmallows-fini-torcao-80g/p
2026-06-23 21:36:09,111 - WARNING - Name selector not found or empty (selector: script[type="application/ld+json"]) for https://www.drogal.com.br/marshmallows-fini-torcao-80g/p
2026-06-23 21:36:09,112 - WARNING - Product data has EAN/Name but invalid price: {'url': 'https://www.drogal.com.br/marshmallows-fini-torcao-80g/p', 'price': None, 'ean': '7898279791162', 'name': None} for https://www.drogal.com.br/marshmallows-fini-torcao-80g/p
2026-06-23 21:36:09,216 - WARNING - Price tag not found (selector: meta[property="product:price:amount"]) for https://www.drogal.com.br/nitazoxanida-20mg-ml-althaia-po-para-suspensao-oral-45ml/p
2026-06-23 21:36:09,219 - WARNING - Product data has EAN/Name but invalid price: {'url': 'https://www.drogal.com.br/nitazoxanida-20mg-ml-althaia-po-para-suspensao-oral-45ml/p', 'price': None, 'ean': '7898687730470', 'name': 'Nitazoxanida 20mg/ml Althaia Pó para Suspensão Oral 45ml'} for https://www.drogal.com.br/nitazoxanida-20mg-ml-althaia-po-para-suspensao-oral-45ml/p
2026-06-23 21:36:09,314 - WARNING - Price tag not found (selector: meta[property="product:price:amount"]) for https://www.drogal.com.br/tinta-de-cabelo-koleston-borgonha-vibrante-4446/p
2026-06-23 21:36:09,317 - WARNING - Product data has EAN/Name but invalid price: {'url': 'https://www.drogal.com.br/tinta-de-cabelo-koleston-borgonha-vibrante-4446/p', 'price': None, 'ean': '7891182016513', 'name': 'Tinta de Cabelo Koleston Borgonha Vibrante 4446'} for https://www.drogal.com.br/tinta-de-cabelo-koleston-borgonha-vibrante-4446/p
2026-06-23 21:36:09,506 - WARNING - Price tag not found (selector: meta[property="product:price:amount"]) for https://www.drogal.com.br/candesartana-cilexetila-16mg-sandoz-30-comprimidos/p
2026-06-23 21:36:09,508 - WARNING - Product data has EAN/Name but invalid price: {'url': 'https://www.drogal.com.br/candesartana-cilexetila-16mg-sandoz-30-comprimidos/p', 'price': None, 'ean': '7897595611178', 'name': 'Candesartana Cilexetila 16mg Sandoz 30 Comprimidos'} for https://www.drogal.com.br/candesartana-cilexetila-16mg-sandoz-30-comprimidos/p
2026-06-23 21:36:09,567 - WARNING - Price tag not found (selector: meta[property="product:price:amount"]) for https://www.drogal.com.br/clexane-40mg-04ml-10-seringas-preenchidas-04ml-de-solucao-de-uso-subcutaneo-ou-intravenoso--sistema-de-seguranca/p
2026-06-23 21:36:09,572 - WARNING - Price tag not found (selector: meta[property="product:price:amount"]) for https://www.drogal.com.br/teste-de-fertilidade-masculina-confirme-1-teste/p
2026-06-23 21:36:09,574 - WARNING - Product data has EAN/Name but invalid price: {'url': 'https://www.drogal.com.br/clexane-40mg-04ml-10-seringas-preenchidas-04ml-de-solucao-de-uso-subcutaneo-ou-intravenoso--sistema-de-seguranca/p', 'price': None, 'ean': '7896070605268', 'name': 'Clexane 40mg/0,4ml 10 Seringas Preenchidas 0,4ml de Solução de Uso Subcutâneo ou Intravenoso + Sistema de Segurança'} for https://www.drogal.com.br/clexane-40mg-04ml-10-seringas-preenchidas-04ml-de-solucao-de-uso-subcutaneo-ou-intravenoso--sistema-de-seguranca/p
2026-06-23 21:36:09,578 - WARNING - Product data has EAN/Name but invalid price: {'url': 'https://www.drogal.com.br/teste-de-fertilidade-masculina-confirme-1-teste/p', 'price': None, 'ean': '7898126050152', 'name': 'Teste de Fertilidade Masculina Confirme 1 Teste'} for https://www.drogal.com.br/teste-de-fertilidade-masculina-confirme-1-teste/p
2026-06-23 21:36:09,637 - WARNING - Price tag not found (selector: meta[property="product:price:amount"]) for https://www.drogal.com.br/enxaguante-bucal-sensodyne-extra-fresh-500ml/p
2026-06-23 21:36:09,639 - WARNING - Product data has EAN/Name but invalid price: {'url': 'https://www.drogal.com.br/enxaguante-bucal-sensodyne-extra-fresh-500ml/p', 'price': None, 'ean': '7896015530433', 'name': 'Enxaguante Bucal Sensodyne Extra Fresh 500ml'} for https://www.drogal.com.br/enxaguante-bucal-sensodyne-extra-fresh-500ml/p
2026-06-23 21:36:09,699 - WARNING - Price tag not found (selector: meta[property="product:price:amount"]) for https://www.drogal.com.br/cond-elseve-200ml-repar-tota5/p
2026-06-23 21:36:09,702 - WARNING - Product data has EAN/Name but invalid price: {'url': 'https://www.drogal.com.br/cond-elseve-200ml-repar-tota5/p', 'price': None, 'ean': '7899026420571', 'name': 'Condicionador Elseve Reparação Total 5+ 200ml'} for https://www.drogal.com.br/cond-elseve-200ml-repar-tota5/p
2026-06-23 21:36:09,726 - WARNING - Price tag not found (selector: meta[property="product:price:amount"]) for https://www.drogal.com.br/lansoprazol-30mg-nova-quimica-28-capsulas-duras-com-microgranulos-de-liberacao-retardada/p
2026-06-23 21:36:09,729 - WARNING - Product data has EAN/Name but invalid price: {'url': 'https://www.drogal.com.br/lansoprazol-30mg-nova-quimica-28-capsulas-duras-com-microgranulos-de-liberacao-retardada/p', 'price': None, 'ean': '7895296422024', 'name': 'Lansoprazol 30mg Nova Química 28 Cápsulas Duras Com Microgrânulos De Liberação Retardada'} for https://www.drogal.com.br/lansoprazol-30mg-nova-quimica-28-capsulas-duras-com-microgranulos-de-liberacao-retardada/p
2026-06-23 21:36:09,766 - WARNING - Price tag not found (selector: meta[property="product:price:amount"]) for https://www.drogal.com.br/neutrofer-500mg-30-comprimidos/p
2026-06-23 21:36:09,768 - WARNING - Product data has EAN/Name but invalid price: {'url': 'https://www.drogal.com.br/neutrofer-500mg-30-comprimidos/p', 'price': None, 'ean': '7894916500272', 'name': 'Neutrofer 500mg 30 Comprimidos'} for https://www.drogal.com.br/neutrofer-500mg-30-comprimidos/p
2026-06-23 21:36:09,959 - WARNING - Price tag not found (selector: meta[property="product:price:amount"]) for https://www.drogal.com.br/dep-30mg-30-capsulas-duras-de-liberacao-retardada/p
2026-06-23 21:36:09,962 - WARNING - Product data has EAN/Name but invalid price: {'url': 'https://www.drogal.com.br/dep-30mg-30-capsulas-duras-de-liberacao-retardada/p', 'price': None, 'ean': '7891317487638', 'name': 'Dep 30mg 30 Cápsulas Duras de Liberação Retardada'} for https://www.drogal.com.br/dep-30mg-30-capsulas-duras-de-liberacao-retardada/p
2026-06-23 21:36:10,019 - WARNING - Price tag not found (selector: meta[property="product:price:amount"]) for https://www.drogal.com.br/sabonete-liquido-dermotivin-benzac-oil-control-70ml/p
2026-06-23 21:36:10,023 - WARNING - Product data has EAN/Name but invalid price: {'url': 'https://www.drogal.com.br/sabonete-liquido-dermotivin-benzac-oil-control-70ml/p', 'price': None, 'ean': '7897930777545', 'name': 'Sabonete Líquido Dermotivin Benzac Oil Control 70ml'} for https://www.drogal.com.br/sabonete-liquido-dermotivin-benzac-oil-control-70ml/p
2026-06-23 21:36:10,054 - WARNING - Price tag not found (selector: meta[property="product:price:amount"]) for https://www.drogal.com.br/fralda-pampers-pants-ajuste-total-xxg-20-unidades/p
2026-06-23 21:36:10,057 - WARNING - Product data has EAN/Name but invalid price: {'url': 'https://www.drogal.com.br/fralda-pampers-pants-ajuste-total-xxg-20-unidades/p', 'price': None, 'ean': '7500435260831', 'name': 'Fralda Pampers Pants Ajuste Total XXG 20 Unidades'} for https://www.drogal.com.br/fralda-pampers-pants-ajuste-total-xxg-20-unidades/p
2026-06-23 21:36:10,082 - WARNING - Price tag not found (selector: meta[property="product:price:amount"]) for https://www.drogal.com.br/condicionador-huggies-kids-rapunzel-nutricao-e-forca-360ml/p
2026-06-23 21:36:10,085 - WARNING - Product data has EAN/Name but invalid price: {'url': 'https://www.drogal.com.br/condicionador-huggies-kids-rapunzel-nutricao-e-forca-360ml/p', 'price': None, 'ean': '7896018750876', 'name': 'Condicionador Huggies Kids Rapunzel Nutrição e Força 360ml'} for https://www.drogal.com.br/condicionador-huggies-kids-rapunzel-nutricao-e-forca-360ml/p
2026-06-23 21:36:10,200 - WARNING - Price tag not found (selector: meta[property="product:price:amount"]) for https://www.drogal.com.br/luftagastro-dupla-acao-suspencao-oral-sabor-menta-150ml/p
2026-06-23 21:36:10,203 - WARNING - Product data has EAN/Name but invalid price: {'url': 'https://www.drogal.com.br/luftagastro-dupla-acao-suspencao-oral-sabor-menta-150ml/p', 'price': None, 'ean': '7898962943779', 'name': 'LuftaGastro Dupla Ação Suspenção Oral Sabor Menta 150ml'} for https://www.drogal.com.br/luftagastro-dupla-acao-suspencao-oral-sabor-menta-150ml/p
2026-06-23 21:36:10,255 - WARNING - Price tag not found (selector: meta[property="product:price:amount"]) for https://www.drogal.com.br/adocante-culinario-em-po-linea-sweet-natural-300g/p
2026-06-23 21:36:10,257 - WARNING - Product data has EAN/Name but invalid price: {'url': 'https://www.drogal.com.br/adocante-culinario-em-po-linea-sweet-natural-300g/p', 'price': None, 'ean': '7896001282360', 'name': 'Adoçante Culinário em Pó Linea Sweet Natural 300g'} for https://www.drogal.com.br/adocante-culinario-em-po-linea-sweet-natural-300g/p
2026-06-23 21:36:10,514 - WARNING - Price tag not found (selector: meta[property="product:price:amount"]) for https://www.drogal.com.br/repelente-exposis-infantil-gel-100ml/p
2026-06-23 21:36:10,516 - WARNING - Product data has EAN/Name but invalid price: {'url': 'https://www.drogal.com.br/repelente-exposis-infantil-gel-100ml/p', 'price': None, 'ean': '7898392800277', 'name': 'Repelente Exposis Infantil Gel 100ml'} for https://www.drogal.com.br/repelente-exposis-infantil-gel-100ml/p
2026-06-23 21:36:12,551 - INFO - Dados salvos em JSON: c:\Users\Fabio\Git\drogacentro\output\Scrape_Drogal_2026-06-23.json
2026-06-23 21:36:12,551 - WARNING - Nenhum dado para salvar.
2026-06-23 21:36:12,551 - INFO - --- Drogal Finish ---
2026-06-23 21:36:12,551 - INFO - Tempo total: 76.27 segundos
2026-06-23 21:36:12,551 - INFO - Total de produtos com sucesso: 0
2026-06-23 21:36:12,551 - INFO - Total de produtos sem EAN: 0
2026-06-23 21:36:12,552 - INFO - Total de produtos com falha: 500
