79084201110360
78997256275000
78980666992172
78972111001308
67897731141219
67897731141202
67897731141189
67897731141172
67897731141165
67897731141158
67897731141141
67897731141134
67897731141127
67897731141110
67897256263755
67897256246789
67897256246772
67897256244334
67897256244303
67897256225807
67897256225036
67897256221106
67894222030755
67894222030120
67894222030113
67894222030106
67894222029308
67894222010375
67894222010252
47891075403190
40063813333948
37908215502101
37897849609082
37897849609075
37897849609068
37897849608078
37897849608030
37896311709497
37896013549544
37895800412788
37895800400228
37895800400181
37895800400167
37895800400150
37895800400143
37891395012181
37891395012174
30070341334950
27908470032972
27908470004870
27908470004818
27908470002425
27908470002401
27908470002395
27908470002234
27908216131679
27908216131631
27898944525188
27898944524983
27898944524815
27898944524419
27898944524389
27898944524150
27898944524143
27898944524136
27898944524129
27898944524105
27898944500888
27898944500635
27898944500352
27898944500154
27898715818150
27898613211022
27898452173277
27897849621520
27897849621513
27897476687739
27897476614704
27897476609519
27897027293945
27897027293907
27897027272070
27897027272032
27897027272025
27897027272018
27897027219723
27897027202312
27897027202213
27897027202169
27897027202152
27897027202145
27897027202121
27897027201230
27897027201223
27897027200721
27896309205072
27896309205034
27896309205027
27896309204990
27896309204945
27896309204921
27896309204914
27896309204891
27891800801846
27891253284173
27891253284159
27891253284142
27891155017602
17908542629188
17908414434834
17908289900342
17899738900733
17899360265309
17899360244762
17898994747557
17898915802075
17898717925477
17898696040482
17898681351142
17898681351104
17898681350800
17898681350794
17898681350770
17898681350442
17898681350312
17898681350152
17898681350107
17898681350015
17898613211025
17898504389857
17898415880368
17898220988815
17898220984237
17897517918115
17897517909656
17897517909595
17897517909588
17897517909441
17897517909410
17896914011214
17896770982857
17896770979888
17896770908857
17896673193428
17896673193367
17896673193336
17896673193329
17896673193268
17896572013858
17896342914231
17896342905840
17896342905833
17896342905567
17896342480910
17896342480866
17896342444165
17896309204221
17896309204047
17896061996884
17896061996846
17896061996839
17896061996624
17896061996617
17896061996600
17896061996372
17896061996365
17896061996358
17896061995924
17896061995917
17896061995900
17896061995474
17896061995467
17896012880187
17896012880170
17896012880163
17896012880156
17896012880002
17896012879990
17896012879983
17896012879976
17896012879969
17896012878504
17896012878498
17896011707522
17896011707515
17896011707492
17896011707461
17896011707447
17896011707423
17896007553737
17896007553720
17896007553713
17896007553690
17896007552846
17896007552822
17896007552808
17896007552785
17896007552211
17896007552013
17896007551740
17896007551733
17896007551085
17896007550040
17896007549709
17896007549686
17896007549679
17896007549273
17896007549266
17896007549259
17896007548511
17896007548436
17896007548412
17896007548405
17896007548368
17896007547217
17896007547200
17896007547170
17896007547125
17896004011667
17896004011445
17896004011421
17896004010622
17896004008995
17896004006908
17896004006281
17896004006274
17896004006236
17894993171904
17894993000839
17894900681045
17894900660330
17894900660316
17894900660309
17894900531005
17894900530008
17894900509806
17894900509707
17894900504009
17894900503002
17894900501008
17894900500001
17892840822047
17891395012194
17891395012163
17891395012156
17891395012149
17891395012132
17891395012125
17891395012118
17891395012101
17891395012095
17891395009002
17891321334017
17891321333942
17891321333850
17891321333843
17891321333836
17891321333768
17891321333737
17891321333720
17891321333706
17891321333195
17891321333171
17891321333164
17891321332983
17891321332969
17891321332921
17891321332907
17891321332662
17891321332020
17891321332013
17891321331726
17891321331269
17891321331252
17891321330828
17891321330811
17891321330675
17891321330613
17891321320171
17891321320096
17891321320065
17891321320034
17891321230883
17891321230869
17891321230760
17891321230746
17891321230449
17891321230296
17891321230265
17891321230203
17891321230197
17891321110185
17891321110116
17891321110086
17891321109202
17891321108700
17891321108694
17891321108557
17891321108540
17891321107895
17891321107710
17891321107536
17891321107529
17891321104825
17891321104801
17891321104795
17891321104771
17891321104665
17891321104382
17891321104368
17891321104214
17891321104184
17891321104115
17891321104085
17891321104023
17891321103927
17891321103910
17891321103866
17891321103859
17891321103507
17891321103491
17891321103477
17891321103453
17891321103361
17891321103255
17891321102463
17891321102371
17891321102104
17891321101923
17891321101800
17891321101602
17891321101473
17891321101381
17891321100858
17891321100575
17891321100469
17891321100391
17891321068349
17891321064099
17891321062125
17891321060633
17891321051501
17891321051068
17891321037932
17891301320119
17891173025071
17891173023008
17891173021790
17891155667701
17891150074023
17891075030098
17500435190630
17500435181294
17500435132531
17500435106679
17500435106662
17500435022573
17500435022566
13154148459245
13154145347552
13154145347538
10746775036727
9990003099587
9965556612279
9788595036895
9788595036888
9788595036758
9788594728951
9788594728937
9788594728289
9788594720344
9788594720030
9788594720023
9788576618881
9788576616481
9788573987515
9788573985306
9788573984866
9788573984088
9788573983883
9788573980837
9788573980264
9788573980226
9788573383515
9788568599143
9788568599082
9788557584952
9788557584945
9788557584914
9788557584907
9788557584891
9788557584785
9788557584778
9788557584761
9788557584716
9788557584662
9788557584655
9788557583207
9788555584695
9788555584657
9788555584633
9788555584619
9788555502590
9788555502064
9788538097785
9788538097457
9788538094104
9788538094098
9788538089995
9788538089742
9788538089353
9788538088097
9788538076117
9788538073420
9788538067603
9788538047704
9788538041566
9788537668528
9788537668511
9788537667040
9788537667033
9788537667026
9788537653678
9788537644294
9788537644287
9788537640913
9788537633892
9788536824390
9788536824383
9788536824321
9788536824222
9788536805900
9788533926950
9788533926752
9788533925267
9788506076903
9788506076897
9786561022910
9786561022552
9786561021920
9786561021661
9786561020770
9786561020657
9786557389126
9786556652771
9786556652733
9786556650043
9786556582979
9786556582917
9786556582894
9786556582870
9786556581811
9786556580661
9786556173276
9786556173269
9786556173252
9786556170978
9786556170961
9786556170954
9786556170930
9786555249156
9786555243963
9786555243888
9786555240016
9786555165753
9786555006711
9786555006674
9786555005905
9786526107454
9786526107447
9786526105733
9722674065222
8955155811259
8955155811211
8934868194378
8934868194354
8934868194330
8934868194293
8903908000764
8903908000368
8903908000160
8903908000016
8903855092805
8903855092782
8903855090467
8903855090450
8903855088310
8903855086583
8903855085135
8903855082813
8903855081465
8903855081298
8903855078618
8903855078557
8903855078175
8903855076393
8903855076058
8903855076034
8903855073132
8903855073095
8903855069173
8903855062822
8903855062006
8903855061993
8903855061207
8902220119574
8902220114937
8902220114845
8902220114814
8902220114784
8902220114241
8902220114203
8902220114166
8902220114128
8902220113107
8902220109544
8902220109520
8902220109506
8902220109292
8902220108721
8902220108417
8902220108165
8902220107939
8902220107793
8902220106970
8902220106758
8902220106734
8902220106079
8902220106024
8902220105935
8902220105683
8902220105676
8901148243675
8901148243651
8901148243637
8888810000041
8888810000030
8888810000023
8886472108558
8880000362931
8806428060624
8806322113389
8806199476204
8802946506309
8802946506194
8768550733244
8720689013796
8720689013765
8720689012676
8720689007030
8720689006651
8718951539129
8718951456440
8718951193611
8715200813061
8712400778640
8712400771566
8712400746113
8710103989325
8710103962335
8710103962328
8710103962304
8710103942719
8710103942559
8710103933106
8710103911937
8710103881667
8710103881438
8710103881278
8710103881254
8710103881230
8710103881216
8710103874294
8710103874065
8710103871798
8710103871415
8710103871354
8710103871330
8710103848943
8710103806912
8710103806905
8710103803751
8710103779834
8710103779827
8710103779810
8710103779803
8710103686057
8710103561798
8683210100269
8681554621433
8445291357280
8445290977922
8445290273758
8430340050601
8429420280762
8429420261389
8429420242241
8429420242234
8429420233416
8429420225718
8429420222397
8429420222212
8429420222199
8429420215504
8429420200678
8429420197985
8429420184077
8429420175327
8429420145757
8429420143050
8429420093232
8429420083349
8429420079632
8428235025322
8412300813006
8411061999264
8411061948903
8411061944684
8411061822814
8411061805206
8411061805015
8411061805008
8411061804988
8411061784327
8411061727935
8411061701041
8411061081167
8411061034989
8411061034972
8005610672397
8003440992456
8002990292139
7982505257277
7909883487140
7909883434762
7909883434717
7909883433291
7909883433284
7909883433222
7909883433215
7909883433208
7909883433185
7909883418175
7909883418021
7909883416607
7909883415792
7909883402136
7909883401979
7909883401955
7909883397593
7909883389437
7909883386818
7909883386634
7909883386610
7909883367671
7909883367541
7909883367527
7909883365165
7909883365141
7909883365127
7909883365110
7909883364120
7909883362584
7909883358778
7909883345778
7909883345273
7909883345228
7909883329679
7909883329549
7909883309305
7909883308834
7909883308810
7909883308780
7909883308728
7909883308704
7909883297367
7909883297350
7909883282264
7909883275631
7909883270063
7909883270049
7909883270032
7909883263362
7909883263225
7909883263126
7909883263027
7909883260538
7909883260484
7909883248550
7909883248529
7909883248475
7909883248468
7909883234577
7909883234034
7909883234027
7909883232405
7909883232252
7909883232221
7909883232177
7909883232054
7909883225841
7909883221898
7909883214272
7909883210809
7909883191535
7909883191139
7909883176310
7909883168742
7909883168735
7909883168537
7909883168018
7909883167981
7909883167547
7909883152956
7909883152857
7909883152567
7909883143411
7909883126216
7909883125042
7909883124014
7909883097851
7909883097837
7909883096540
7909883096519
7909883096472
7909883092801
7909883022532
7909883003678
7909883000875
7909875988006
7909875968145
7909875069231
7909875069224
7909875069040
7909875060009
7909875025817
7909875025787
7909875025763
7909549207532
7909549207525
7909549205781
7909549205699
7909438071503
7909438070971
7909438070780
7909438070742
7909438067223
7909438067209
7909438067186
7909438065144
7909438065137
7909438064857
7909438064833
7909438063195
7909438063188
7909438060248
7909438060026
7909438059723
7909438059174
7909438052564
7909438052526
7909438051130
7909438050690
7909438050683
7909438050515
7909438047638
7909438047218
7909438047201
7909438047195
7909438045993
7909438045986
7909438045627
7909438045597
7909438045467
7909438045450
7909438045443
7909438045436
7909438045429
7909438045412
7909438045405
7909438045399
7909438045382
7909438045375
7909438045368
7909438045276
7909438045269
7909438045252
7909438045245
7909438045238
7909438045221
7909438045214
7909438045207
7909438045191
7909438044712
7909438044620
7909438044569
7909438044552
7909438043548
7909438043531
7909438043500
7909438043494
7909438043487
7909438043456
7909438043449
7909438043418
7909438043401
7909438043395
7909438043258
7909438043135
7909438042732
7909438042701
7909438042695
7909438042688
7909438042671
7909438042664
7909438042657
7909438042640
7909438042633
7909438042619
7909438042602
7909438042596
7909438042589
7909438042572
7909438042565
7909438042558
7909438042541
7909438042534
7909438042435
7909438042152
7909438042145
7909438042084
7909438042053
7909438041872
7909438041865
7909438041834
7909438041827
7909438041810
7909438041803
7909438041544
7909438041537
7909438041520
7909438041513
7909438041506
7909438041490
7909438041483
7909438041476
7909438041261
7909438041117
7909438040899
7909438040868
7909438040837
7909438039916
7909438039893
7909438039886
7909438039862
7909438039848
7909438039831
7909438038964
7909438036380
7909438035758
7909438035703
7909438035697
7909438035680
7909438035673
7909438035093
7909438034898
7909438033778
7909438033761
7909438032078
7909438032061
7909438032054
7909438032030
7909438030104
7909438030098
7909438030081
7909438030074
7909438030043
7909438030029
7909438028705
7909438028484
7909438028477
7909438028460
7909438028439
7909438028422
7909438028415
7909438027029
7909438027012
7909438025971
7909438025964
7909438024882
7909438024868
7909438017952
7909438017921
7909438017846
7909438017815
7909438013985
7909438012964
7909438012278
7909438011905
7909438011769
7909438011493
7909438011462
7909438011431
7909438011417
7909438011400
7909438011387
7909438011370
7909438011356
7909438011349
7909438011325
7909438011318
7909438010724
7909438010694
7909438010663
7909438010649
7909438010632
7909438010618
7909438010601
7909438009872
7909438009865
7909438009810
7909438009803
7909438009544
7909438009537
7909438009315
7909438009308
7909438009285
7909438009278
7909438009254
7909438009247
7909438008837
7909438008813
7909438008790
7909438008752
7909438008714
7909438008691
7909438008653
7909438007878
7909438007724
7909438007335
7909342634092
7909342632128
7909342632050
7909342603029
7909342602510
7909342598349
7909253153286
7909253153255
7909253152760
7909253146424
7909253140675
7909253139976
7909253123623
7909194005712
7909189380763
7909189373550
7909189362509
7909189360062
7909189348374
7909189340200
7909189317943
7909189317936
7909189317929
7909189317912
7909189317868
7909189317851
7909189289554
7909189255436
7909189246762
7909189245147
7909189242573
7909189242443
7909107927858
7909107927797
7909107927728
7909107661028
7909107660946
7909107660847
7909107660649
7909107543461
7909107543324
7909107543294
7909107543270
7909107543058
7909107339682
7909107036154
7908985909765
7908985909758
7908985909741
7908985905040
7908985904470
7908985902315
7908985902308
7908985800970
7908985800963
7908985800789
7908966557015
7908966556971
7908966556933
7908966556896
7908966548297
7908966546101
7908966534078
7908966529333
7908966528534
7908966528404
7908966528367
7908966527193
7908966527155
7908966527117
7908966506303
7908966506266
7908966504040
7908966504002
7908966503968
7908966503845
7908966503685
7908950000015
7908950000008
7908946100576
7908909600938
7908909600693
7908909600044
7908905401102
7908905401089
7908882203904
7908882203850
7908882203843
7908882200378
7908880700504
7908823500123
7908823500116
7908823500109
7908823500093
7908823500086
7908823500079
7908823500062
7908823500055
7908823500048
7908823500031
7908823500024
7908823500017
7908803200548
7908803200524
7908803200500
7908785491958
7908785491910
7908785490302
7908785490166
7908785485223
7908785485179
7908785485025
7908785484974
7908785482734
7908785482697
7908785482659
7908785482574
7908785465034
7908785464525
7908785461753
7908785461708
7908785461654
7908785461609
7908785461555
7908785461500
7908785461456
7908785456032
7908785442608
7908785441656
7908785441595
7908785433743
7908785422150
7908785422136
7908785422099
7908785422075
7908785412465
7908785412434
7908785412403
7908785412373
7908785412342
07908785412328
7908785412311
7908785412281
7908785412250
7908785412229
7908785405399
7908770619008
7908770604639
7908770604240
7908770602505
7908759405165
7908759405158
7908759405141
7908759405066
7908759405028
7908759403796
7908759403789
7908759403772
7908759402713
7908759402690
7908759402676
7908759402669
7908704511071
7908704511040
7908704511019
7908704510982
7908704504400
7908704504134
7908704502697
7908704502529
7908699000017
7908695501761
7908689919190
7908689907081
7908685690116
7908683959666
7908682400220
7908673906786
7908673906779
7908673906014
7908673905703
7908673905253
7908673905093
7908673902894
7908673902474
7908671603779
7908671603762
7908671603755
7908671603748
7908671603731
7908671603670
7908671603663
7908671603656
7908671603649
7908671603632
7908671602338
7908671602215
7908671602208
7908671602147
7908671602109
7908671601171
7908671600822
7908671600181
7908667902107
7908660200729
7908660200651
7908660200620
7908660200613
7908660200484
7908660200002
7908652103229
7908652103175
7908652101799
7908652101379
7908652100860
7908652100822
7908652100792
7908652100389
7908652100372
7908615805306
7908615801803
7908615801551
7908615800738
7908615800561
7908615092997
7908615092973
7908615092935
7908615090740
7908615090719
7908615090689
7908615090658
7908615090627
7908615090566
7908615090535
7908615090504
7908615090184
7908615089003
7908615088983
7908615088969
7908615088945
7908615086309
7908615086019
7908615085418
7908615082462
7908615062518
7908615062495
7908615062471
7908615062457
7908615062433
7908615062419
7908615062396
7908615062372
7908615060965
7908615060606
7908615060385
7908615060347
7908615059983
7908615058504
7908615055183
7908615055169
7908615055145
7908615053110
7908615053097
7908615031514
7908615031484
7908615031453
7908615029771
7908615025971
7908615025940
7908615025919
7908615025889
7908615025858
7908615025827
7908615025797
7908615020785
7908615017297
7908615017211
7908615012049
7908615012025
7908615011400
7908615000244
7908615000169
7908609044933
7908609044919
7908609044902
7908609044896
7908609044858
7908609044841
7908609044766
7908609044575
7908609044568
7908609044445
7908609044438
7908609044339
7908609044315
7908609044292
7908609044285
7908609044278
7908609044261
7908609044254
7908609044247
7908609044209
7908609044186
7908609044124
7908609044117
7908609027011
7908609010297
7908598901217
7908598900777
7908598900005
7908561334912
7908561327419
7908558401085
7908542629181
7908542627811
7908542627804
7908542627774
7908542627767
7908542627750
7908542627743
7908542627736
7908542626340
7908542626333
7908542626302
7908542626289
7908542625893
7908542617621
7908542617614
7908542617607
7908542617591
7908542617584
7908542617577
7908542617560
7908542613432
7908542613388
7908542613364
7908542613319
7908542613296
7908542612831
7908542612619
7908542612589
7908542612541
7908542612527
7908542612503
7908542612480
7908542612473
7908542612466
7908542612459
7908542612442
7908542612411
7908542612398
7908542612381
7908542612350
7908542612343
7908542612329
7908542612312
7908542612305
7908542607721
7908542607707
7908542607677
7908542607660
7908542607653
7908542607646
7908542607523
7908523029566
7908523029559
7908523029511
7908512703880
7908512703552
7908512703019
7908512703002
7908512702951
7908512702906
7908512700933
7908512700841
7908512700827
7908512700810
7908512700742
7908512700735
7908512700568
7908501710264
7908501710257
7908501706137
7908501703013
7908497414863
7908497414603
7908497413460
7908497413446
7908497405052
7908497405014
7908497404987
7908497404864
7908497404765
7908497404277
7908497401580
7908497400590
7908497400569
7908486121178
7908470610312
7908470603963
7908470603949
7908470603772
7908470603390
7908470603383
7908470603376
7908470603291
7908470603284
7908470603147
7908470602058
7908470601808
7908470601792
7908470032978
7908470031452
7908470031391
7908470031322
7908470029893
7908470027165
7908470027158
7908470026663
7908470026656
7908470026588
7908470026090
7908470024263
7908470018279
7908470016763
7908470016633
7908470016602
7908470016237
7908470016114
7908470014776
7908470014769
7908470012994
7908470010938
7908470010259
7908470010006
7908470009963
7908470009901
7908470009833
7908470009208
7908470009154
7908470007280
7908470007273
7908470007266
7908470007020
7908470005569
7908470004876
7908470004814
7908470002421
7908470002407
7908470002391
7908470002230
7908470000212
7908459348274
7908459324766
7908458336456
7908458336449
7908458336432
7908458336425
7908458336357
7908458336319
7908458336302
7908458336296
7908458336265
7908458336029
7908458336012
7908458336005
7908458335992
7908458335985
7908458335978
7908458335961
7908458335954
7908458335947
7908458335930
7908458335923
7908458335893
7908458335886
7908458335879
7908458335848
7908458335831
7908458335800
7908458335794
7908458335589
7908458335572
7908458334582
7908458334575
7908458334520
7908458334049
7908458334032
7908458334025
7908458334018
7908458333714
7908458333431
7908458333424
7908458333257
7908458333226
7908458333219
7908458333202
7908458333189
7908458333165
7908458333141
7908458333134
7908458333127
7908458333080
7908458332991
7908458332984
7908458332977
7908458332960
7908458332755
7908458332748
7908458332731
7908458332724
7908458332717
7908458332700
7908458332694
7908458332670
7908458332663
7908458332656
7908458332649
7908458332632
7908458332601
7908458332595
7908458332588
7908458332571
7908458332564
7908458332533
7908458332526
7908458332519
7908458332502
7908458332496
7908458332458
7908458332441
7908458331079
7908458330959
7908458329267
7908458329236
7908458329205
7908458328956
7908458328949
7908458328932
7908458328925
7908458328918
7908458328888
7908458328857
7908458328840
7908458328833
7908458328826
7908458328741
7908458328734
7908458328345
7908458327898
7908458327805
7908458327485
7908458326785
7908458326778
7908458326761
7908458326716
7908458326709
7908458326549
7908458326532
7908458326501
7908458326471
7908458326396
7908458326365
7908458326334
7908458326327
7908458326310
7908458326303
7908458326297
7908458326280
7908458326273
7908458326266
7908458326259
7908458326242
7908458326235
7908458326228
7908458326211
7908458326204
7908458326198
7908458326181
7908458326174
7908458326167
7908458326150
7908458326143
7908458326136
7908458326129
7908458326112
7908458326105
7908458326099
7908458326082
7908458325733
7908458325726
7908458325511
7908458325504
7908458325474
7908458325467
7908458325450
7908458324491
7908458324484
7908458324477
7908458324460
7908458324453
7908458324446
7908458324439
7908458324422
7908458324392
7908458324385
7908458324378
7908458324361
7908458324217
7908458324200
7908458324194
7908458323937
7908458322596
7908458322572
7908458322480
7908458322473
7908458322466
7908458322459
7908458322442
7908458322435
7908458322428
7908458322411
7908458322404
7908458322381
7908458322374
7908458322367
7908458322350
7908458322343
7908458322091
7908458322084
7908458322077
7908458322060
7908458322053
7908458322046
7908458322039
7908458322022
7908458322015
7908458322008
7908458321995
7908458321988
7908458321971
7908458321964
7908458321957
7908458321940
7908458321933
7908458321926
7908458321919
7908458321902
7908458321711
7908458321704
7908458321377
7908458321360
7908458320677
7908458320660
7908458320653
7908458320646
7908458320639
7908458320622
7908458320615
7908458320608
7908458320592
7908458320585
7908458320547
7908458320530
7908458320523
7908458320516
7908458320509
7908458320479
7908458320462
7908458320455
7908458320448
7908458320431
7908458320424
7908458320417
7908458320400
7908458320394
7908458320387
7908458320370
7908458320363
7908458320356
7908458320349
7908458320233
7908458320226
7908458320103
7908458320097
7908458320080
7908458320073
7908458320066
7908458320059
7908458318018
7908458317929
7908458317875
7908458317868
7908458317851
7908458317837
7908458317677
7908458317653
7908458317646
7908458317332
7908458317165
7908458317134
7908458317127
7908458317110
7908458317103
7908458317097
7908458317080
7908458316922
7908458316915
7908458316908
7908458316779
7908458316748
7908458316694
7908458316649
7908458316632
7908458316625
7908458313150
7908458313143
7908458313112
7908458313105
7908458312689
7908458311866
7908458308514
7908458307456
7908458306817
7908458306701
7908458306695
7908458306688
7908458306671
7908458306664
7908458306640
7908458306633
7908458306626
7908458306619
7908458306602
7908458306589
7908458306572
7908458306565
7908458306534
7908458306510
7908458305629
7908458305438
7908458305421
7908458305414
7908458305391
7908458305384
7908458305377
7908458305360
7908458305353
7908458304882
7908458304578
7908458304547
7908458304530
7908458304523
7908458303625
7908458303618
7908458303601
7908458303595
7908458303588
7908452311091
7908448006482
7908448006475
7908448006468
7908448006314
7908448006307
7908448006291
7908448005706
7908448005652
7908448005645
7908448005584
7908448005577
7908448005539
7908448005508
7908448005430
7908448005423
7908448005416
7908448005409
7908448005348
7908448005300
7908448005126
7908448005072
7908448005065
7908448004990
7908448004938
7908448004891
7908448004686
7908448004679
7908448003917
7908448003863
7908448003412
7908448003306
7908448003016
7908448002941
7908448002712
7908448002668
7908448002637
7908448002576
7908448001630
7908448001623
7908448001494
7908448001425
7908448001401
7908448001258
7908448001227
7908448000473
7908448000022
7908439806886
7908439806879
7908439806862
7908439805513
7908439805506
7908439805490
7908439804875
7908439804509
7908439804110
7908439801416
7908439800389
7908439800150
7908429306884
7908422601443
7908422601429
7908422601313
7908422601023
7908422600989
7908422600903
7908422600613
7908420116888
7908420116871
7908420116840
7908420116833
7908420116826
7908420116819
7908420111081
7908420111074
7908420111067
7908420111050
7908420111036
7908417506180
7908417500102
7908414493063
7908414481534
7908414468047
7908414448643
7908414443839
7908414431515
7908412514920
7908394107196
7908394106182
7908394103136
7908394103112
7908394103037
7908394102795
7908394102658
7908394102382
7908376801579
7908376801555
7908376801531
7908376801272
7908376801241
7908376800893
7908376800190
7908376800145
7908376800091
7908376800046
7908371694466
7908371688892
7908371687123
7908371673522
7908371673478
7908371668542
7908371668535
7908371668498
7908371667538
7908371662830
7908371662786
7908371662755
7908371636527
7908371628195
7908371627068
7908371626122
7908371620441
7908371617595
7908371617571
7908371616208
7908371613757
7908371613351
7908353610712
7908353610088
7908353610071
7908353609914
7908353601451
7908353601437
7908346904057
7908346904040
7908346904019
7908346904002
7908346903913
7908346903906
7908346903890
7908346903883
7908346903869
7908346903746
7908346902169
7908346902053
7908346901155
7908346901056
7908346901025
7908346900998
7908346900981
7908346900974
7908346900721
7908346900714
7908346900707
7908346900691
7908346900684
7908346900677
7908346900660
7908346900653
7908346900608
7908346900455
7908346900233
7908346900226
7908346900196
7908346900141
7908346900134
7908346900127
7908346900035
7908346900028
7908346900011
7908346900004
7908346286504
7908346281271
7908334510789
7908334509899
7908334509615
7908334509592
7908334505785
7908334505198
7908334505174
7908334505150
7908334505143
7908324408881
7908324408775
7908324408768
7908324408751
7908324408744
7908324408737
7908324408720
7908324408690
7908324408683
7908324406399
7908324406191
7908324406184
7908324406160
7908324405606
7908324405552
7908324405545
7908324405156
7908324405149
7908324405132
7908324405125
7908324405101
7908324405095
7908324404814
7908324404760
7908324404494
7908324404487
7908324404470
7908324404463
7908324404340
7908324404333
7908324404302
7908324404272
7908324404104
7908324403817
7908324403107
7908324402537
7908324402483
7908324400861
7908324400847
7908319002803
7908312127220
7908312127213
7908312127183
7908312127176
7908296000434
7908289900345
7908289900291
7908289900239
7908289801031
7908281314379
7908279901574
7908279901543
7908277400048
7908274800575
7908274800384
7908274800261
7908274800254
7908248100182
7908248100151
7908240899213
7908240897059
7908240885636
7908240881126
7908240860077
7908240850108
7908240827179
7908240827155
7908240822716
7908240822648
7908240819464
7908240507019
7908240501215
7908240501208
7908240501192
7908240501185
7908240501178
7908240501161
7908239716811
7908239716804
7908239716798
7908239716781
7908239716774
7908239716736
7908236801213
7908236801169
7908236800858
7908236800735
7908236800728
7908236800698
7908236800667
7908236800650
7908236800643
7908236800629
7908236800605
7908236800568
7908236800384
7908236800209
7908236800124
7908236800049
7908236576104
7908236576098
7908236576081
7908236576074
7908236576050
7908236576043
7908236502332
7908236500413
7908236500352
7908236500345
7908228807766
7908228807230
7908228806011
7908228806004
7908228805991
7908228805809
7908228805021
7908228805014
7908228805007
7908228804994
7908228804512
7908228803911
7908228803843
7908228803393
7908228802037
7908228802020
7908228802013
7908228802006
7908228801993
7908228801986
7908216131675
7908216131644
7908216131637
7908216131613
7908216112902
7908216111554
7908216110236
7908216110212
7908216110199
7908216108240
7908216101791
7908216100213
7908215502100
7908209811584
7908209811560
7908209811539
7908209811515
7908209811492
7908209811478
7908209811454
7908209810808
7908209810792
7908209810785
7908209810761
7908209810747
7908209810723
7908209810709
7908209810686
7908209810662
7908209810648
7908209810624
7908209810600
7908209810587
7908209810563
7908209810426
7908209810402
7908209810389
7908209810365
7908209810341
7908209810327
7908209810303
7908209810280
7908209810266
7908209810242
7908209810228
7908209810204
7908209810181
7908209810167
7908209810143
7908209810129
7908209810105
7908209810068
7908209810044
7908209810020
7908209810006
7908209809987
7908209809963
7908209809949
7908209809925
7908209809901
7908209809895
7908209809888
7908209809871
7908209809857
7908209809833
7908209809819
7908209809796
7908209809772
7908209809758
7908209809734
7908209809697
7908209809673
7908209809659
7908209809635
7908209809611
7908209809574
7908209809550
7908209809536
7908209809512
7908209809499
7908209809475
7908209809451
7908209809437
7908209809413
7908209809390
7908209809376
7908209809352
7908209809338
7908209809321
7908209809307
7908209809284
7908209809260
7908209809246
7908209809222
7908209809208
7908209809185
7908209809161
7908209809147
7908209809123
7908209809109
7908209809086
7908209809062
7908209809048
7908209809024
7908209809000
7908209808980
7908209808966
7908209808942
7908209808928
7908209808881
7908209808867
7908209808843
7908209808829
7908209808805
7908209808782
7908209808768
7908209808744
7908209808720
7908209808706
7908209808683
7908209808669
7908209808645
7908209808621
7908209808591
7908209808584
7908209808577
7908209808560
7908209808553
7908209808546
7908209808539
7908209808522
7908209808515
7908209808508
7908209808478
7908209808454
7908209808430
7908209808416
7908209808393
7908209808379
7908209808355
7908209808331
7908209808317
7908209808294
7908209808270
7908209808256
7908209808171
7908209808157
7908209808140
7908209808126
7908209807914
7908209807891
7908209807877
7908209807853
7908209807839
7908209807815
7908209807792
7908209807778
7908209807754
7908209807730
7908209807723
7908209807709
7908209807686
7908209807662
7908209807648
7908209807624
7908209807600
7908209807587
7908209807563
7908209807488
7908209807334
7908209807297
7908209807273
7908209807259
7908209807235
7908209807211
7908209807198
7908209807167
7908209807150
7908209807143
7908209807129
7908209807105
7908209807020
7908209807006
7908209806986
7908209806962
7908209806948
7908209806924
7908209806900
7908209806887
7908209806863
7908209806245
7908209806221
7908209806184
7908209806177
7908209806115
7908209806092
7908209806078
7908209806054
7908209806030
7908209806016
7908209805996
7908209805972
7908209805958
7908209805934
7908209805910
7908209805903
7908209805880
7908209805866
7908209805811
7908209805798
7908209805774
7908209805767
7908209805743
7908209805729
7908209805705
7908209805675
7908209805644
7908209805620
7908209805606
7908209805583
7908209805569
7908209805545
7908209805514
7908209805484
7908209805460
7908209805439
7908209805415
7908209805330
7908209805323
7908209805170
7908209805156
7908209805149
7908209805057
7908209804951
7908209804944
7908209804937
7908209804920
7908209804913
7908209804890
7908209804883
7908209804869
7908209804852
7908209804845
7908209804838
7908209804821
7908209804814
7908209804807
7908209804784
7908209804777
7908209804753
7908209804746
7908209804722
7908209804715
7908209804630
7908209804623
7908209804609
7908209804593
7908209804586
7908209804579
7908209804555
7908209804548
7908209804524
7908209804517
7908209804494
7908209804487
7908209804425
7908209804395
7908209803084
7908209803077
7908209803046
7908209803039
7908209802933
7908209802926
7908209802889
7908209802728
7908209802711
7908209802681
7908209802667
7908209802650
7908209802643
7908209802582
7908209802568
7908209802551
7908209802544
7908209802537
7908209802520
7908209802452
7908209802421
7908209802391
7908209802360
7908209802353
7908209802346
7908209802339
7908209802315
7908209802292
7908209802285
7908209802278
7908209802254
7908209802247
7908209802230
7908209801981
7908209801974
7908209801943
7908209801912
7908209801905
7908209801882
7908209801875
7908209801868
7908209801844
7908209801769
7908209801486
7908209801455
7908209801431
7908209801424
7908209801417
7908209801400
7908209801394
7908209801172
7908209801165
7908209801158
7908209801127
7908209800298
7908209800274
7908209800120
7908209800021
7908209800014
7908198708865
7908198708858
7908169048563
7908169045807
7908169043452
7908169042790
7908169042752
7908169042745
7908169042721
7908169039851
7908169038861
7908169036935
7908169035983
7908169035921
7908169035105
7908169034085
7908169033811
7908169032685
7908169032678
7908169032098
7908169031466
7908169031459
7908169030575
7908169030520
7908169030513
7908169030346
7908169029333
7908169029074
7908169029067
7908169028923
7908169028916
7908169028572
7908169028541
7908169028534
7908169028527
7908169028305
7908169025625
7908169014568
7908169014384
7908169013387
7908169010782
7908169010737
7908169010591
7908169009274
7908169009120
7908169009052
7908169009045
7908169008284
7908169007362
7908169006495
7908169005733
7908169004989
7908169002657
7908169002381
7908161717986
7908148525108
7908148524934
7908141503882
7908141503875
7908141503868
7908141503844
7908134200736
7908134200712
7908134200552
7908134200453
7908134200422
7908134200408
7908134200125
7908134200088
7908134200071
7908134200040
7908134200019
7908132288613
7908132288606
7908132288590
7908132271233
7908132247580
7908132247405
7908132227841
7908132220200
7908132220187
7908132220170
7908132216319
7908132209540
7908132208499
7908132208406
7908124401082
7908103765648
7908103765600
7908103765594
7908103765587
7908103765563
7908103765549
7908103720494
7908103720470
7908103720456
7908103706696
7908083529643
7908083529605
7908083529568
7908083529520
7908083529483
7908083529445
7908083529407
7908083529360
7908083529322
7908083529285
7908083529247
7908083529209
7908083528066
7908083528011
7908083527953
7908083527892
7908083527830
7908083527779
7908083527700
7908083527649
7908083527168
7908083526949
7908083526826
7908083526048
7908083526024
7908083525980
7908083525928
7908083525850
7908083525812
7908083525775
7908083525737
7908083525652
7908083525614
7908083524709
7908083524549
7908083524327
7908083524310
7908083524303
7908083524167
7908083523849
7908083523313
7908083523252
7908083523221
7908083523146
7908083523108
7908083523023
7908083522712
7908083522637
7908083522590
7908083522309
7908083522187
7908083522040
7908083521944
7908083521883
7908083521845
7908083521036
7908083520916
7908083520831
7908083520756
7908083520718
7908083520664
7908083520572
7908083520534
7908083520497
7908083520459
7908083520411
7908083520374
7908083520299
7908083520251
7908083520244
7908083520169
7908083520121
7908083520084
7908083520046
7908083520039
7908083519941
7908083519903
7908083519866
7908083519828
7908083519781
7908083518531
7908083518494
7908083517169
7908083515097
7908083515011
7908083514922
7908083514908
7908083514885
7908083514861
7908083514250
7908083514090
7908083514038
7908083513994
7908083513956
7908083513673
7908083513659
7908083513550
7908083513499
7908083513307
7908083513284
7908083513222
7908083513185
7908083513161
7908083513123
7908083513086
7908083513062
7908083513024
7908083513000
7908083512980
7908083512942
7908083512928
7908083512904
7908083512881
7908083512867
7908083512843
7908083512782
7908083512768
7908083512744
7908083512720
7908083512706
7908083512683
7908083512669
7908083512584
7908083512560
7908083512522
7908083512508
7908083512447
7908083512409
7908083512386
7908083512362
7908083512348
7908083512324
7908083512287
7908083512263
7908083512249
7908083512201
7908083512188
7908083512126
7908083512089
7908083510061
7908083510047
7908083510023
7908083510009
7908082303435
7908082303329
07908082303312
7908082302810
7908082302766
7908082302568
7908077474294
7908077474287
7908077472092
7908077472085
7908077471095
7908077471088
7908077468972
7908077468965
7908077468958
7908077468941
7908077468873
7908077468866
7908077468859
7908077468842
7908077468798
7908077468781
7908077468217
7908077468200
7908077467876
7908077467869
7908077467593
7908077467586
7908077467579
7908077467562
7908077467036
7908077467029
7908077466992
7908077466985
7908077466657
7908077466640
7908077466619
7908077466602
7908077462635
7908077462628
7908077460990
7908077460983
7908077460952
7908077460945
7908077460938
7908077460921
7908077460914
7908077460907
7908077460891
7908077460884
7908077460839
7908077460822
7908077460679
7908077460662
7908077460457
7908077460440
7908077460433
7908077460426
7908077460235
7908077460228
7908077460211
7908077460204
7908077460198
7908077460181
7908077460174
7908077460167
7908077460075
7908077460068
7908077460051
7908077460044
7908077460037
7908077460020
7908077460013
7908077460006
7908077459994
7908077459987
7908077459970
7908077459963
7908077459956
7908077459949
7908077459932
7908077459925
7908077459796
7908077459789
7908077459734
7908077459727
7908077459710
7908077459703
7908077458997
7908077458980
7908077458973
7908077458966
7908077458713
7908077458706
7908077458690
7908077458683
7908077456092
7908077456085
7908077456078
7908077456061
7908077456030
7908077456023
7908077454272
7908077454265
7908077454258
7908077454241
7908077453893
7908077453886
7908077453855
7908077453848
7908077453831
7908077453824
7908077453770
7908077453763
7908077453039
7908077453022
7908077452957
7908077452940
7908077452872
7908077452865
7908077452810
7908077452803
7908077452537
7908077452520
7908077452490
7908077452483
7908077452476
7908077452469
7908077452179
7908077452162
7908077449391
7908077449384
7908077449056
7908077449049
7908077449018
7908077449001
7908077448813
7908077448806
7908077448790
7908077448714
7908077448707
7908077448578
7908077448561
7908077447458
7908077447441
7908077447434
7908077447427
7908077447373
7908077447366
7908077447359
7908077447342
7908077446833
7908077446826
7908077446819
7908077446802
7908077446758
7908077446741
7908077446512
7908077446505
7908077446499
7908077446482
7908077446116
7908077446109
7908077446017
7908077446000
7908077445997
7908077445980
7908077444853
7908077444846
7908077444839
7908077444822
7908077444792
7908077444785
7908077444778
7908077444761
7908077436193
7908077436186
7908077436018
7908077436001
7908077435196
7908077435189
7908077434854
7908077434847
7908077434830
7908077434823
7908077434571
7908077434564
7908077433093
7908077433086
7908077432010
7908077431952
7908077431839
7908077403218
7908077403201
7908077403195
7908077403188
7908077401818
7908071334778
7908071328296
7908071328289
7908060114480
7908060113032
7908046801113
7908046800352
7908046800161
7908046800147
7908044743590
7908044743576
7908040493451
7908040493420
7908040493413
7908040493406
7908040493390
7908040493369
7908040493345
7908040493284
7908040493260
7908040493253
7908040493246
7908040493154
7908040493147
7908040493130
7908040493123
7908040493116
7908040493109
7908040493093
7908040493086
7908040493048
7908040493031
7908040493024
7908040492867
7908040492805
7908040492799
7908040492782
7908040492737
7908040492720
7908040492683
7908040492652
7908040492645
7908040492614
7908040492607
7908040492577
7908040492515
7908040492270
7908040492256
7908040492201
7908040492188
7908040491938
7908040487351
7908040487344
7908040487313
7908040487290
7908040487238
7908040487191
7908040487153
7908040487085
7908040487061
7908040487009
7908040486989
7908040486972
7908040486958
7908040486941
7908040486934
7908040486927
7908040486910
7908040482752
7908040482721
7908040482684
7908040482677
7908040482653
7908040482615
7908040481526
7908040481519
7908040481502
7908040481496
7908040481472
7908040481465
7908040481458
7908040481441
7908040481403
7908040481366
7908040481359
7908040481342
7908040481335
7908040481328
7908040481311
7908040481298
7908040477161
7908040477024
7908040477000
7908040476911
7908040476898
7908040476874
7908040476843
7908040476836
7908040476782
7908040476768
7908040476669
7908040476638
7908040476614
7908040476560
7908040476539
7908040476515
7908040476461
7908040469005
7908040468794
7908040468787
7908040468763
7908040468732
7908040468664
7908040468640
7908040468633
7908040468626
7908040467940
7908040467926
7908040467919
7908040467865
7908040467803
7908040467735
7908040467728
7908040463904
7908040463324
7908040463317
7908040463218
7908040461337
7908040461160
7908040461122
7908040460910
7908040460903
7908040460897
7908040460712
7908040459396
7908040459389
7908040459372
7908040459365
7908040459358
7908040459341
7908040459334
7908040459273
7908040459266
7908040459129
7908040459099
7908040459020
7908040458924
7908040458818
7908040450966
7908040450959
7908040450942
7908040450935
7908040450881
7908040450874
7908040450867
7908040450850
7908040450829
7908040450010
7908040449939
7908040449915
7908040449861
7908040449847
7908040449793
7908040449779
7908040449724
7908040449700
7908040449694
7908040449670
7908040449656
7908040449649
7908040449632
7908040449601
7908040449595
7908040449588
7908040449540
7908040449434
7908040435963
7908040435932
7908040433679
7908040433518
7908040433372
7908040432924
7908040428842
7908040420624
7908040420303
7908038605798
7908038605583
7908038605576
7908038605569
7908038605552
7908038605545
7908038605538
7908038605521
7908038605163
7908038605156
7908038605071
7908038605064
7908038605057
7908038604937
7908038604920
7908038604913
7908038604869
7908038604593
7908038604586
7908038604579
7908038604517
7908038604487
7908038604456
7908038604449
7908038604432
7908038603596
7908038603589
7908038603473
7908038603299
7908038603008
7908038602995
7908038602926
7908038601400
7908038600939
7908038600748
7908038600717
7908038600557
7908038600434
7908038600014
7908024936769
7908024931740
7908024926098
7908024925824
7908024924889
7908020506997
7908020500797
7908020500735
7908016676253
7908016675065
7908016669057
7908016652103
7908016651779
7908016651762
7908016635854
7908016619465
7908016619106
7908016604232
7908013508632
7908013508496
7908013507932
7908013507901
7908013507758
7908013507611
7908013507475
7908013507444
7908013507390
7908013507253
7908013507239
7908013507222
7908013507130
7908013507116
7908013506850
7908013505556
7908013505396
7908013503927
7908013503767
7908013503750
7908013503705
7908013503699
7908013503538
7908013503392
7908011005171
7908011005164
7908010142792
7908010141702
7908010137194
7908010136173
7908010135831
7908010135725
7908010134544
7908010129601
7908010118001
7908010117097
7908010115116
7908010114676
7908010113792
7908007901166
7904523120203
7904523120197
7904523120180
7904523120173
7904523120166
7904523120159
7900392000103
7900392000097
7900126900020
7900083021158
7900083021141
7900083021134
7900083021127
7900083019971
7900083019964
7900083019957
7900083019940
7900083019889
7900083019872
7900083019865
7900083019858
7900083019841
7900083019834
7900083019797
7900083019599
7900083019582
7900083019575
7900083019568
7900083019551
7900083019544
7900083019414
7900083019407
7900083019391
7900083019384
7900083019377
7900083019360
7900083018806
7900083018783
7900083018776
7900083018769
7900083018752
7900083017519
7900083017502
7900083017496
7900083017489
7900083017472
7900083017465
7900083017441
7900083017434
7900083017427
7900083017410
7900083017243
7900083017236
7900083017229
7900083016710
7900083016635
7900083016628
7900083016611
7900083016604
7900083016550
7900083016543
7900083016536
7900083016529
7900083016123
7900083016116
7900083016109
7900083015744
7900083015737
7900083015720
7900083015591
7900083015584
7900083015577
7900083015560
7900083015553
7900083015546
7900083015539
7900083015386
7900083014396
7900083014211
7900083014181
7900083013245
7900083012460
7900083012453
7900083012446
7900083012439
7900083012422
7900083012415
7900083012248
7900083012101
7900083012071
7900083011869
7900083011852
7900083011845
7900083011838
7900083011821
7900083011814
7900083011807
7900083011791
7900083011784
7900083011777
7900083011760
7900083011753
7900083011258
7900083011241
7900083011234
7900083011227
7900083010442
7900083008111
7900083008104
7900083008098
7900083008081
7900083007954
7900083007947
7900083007930
7900083007923
7900083007916
7900083007909
7900083007411
7900083003666
7900083003635
7900083003468
7900083003451
7900083002836
7900083002812
7900083002638
7900083002621
7900083002607
7900083002577
7900083002553
7900083002522
7900083002492
7900083002454
7900083002447
7900083002164
7900083002133
7900083002126
7900083002119
7900083002102
7900083002096
7900083002089
7900083002072
7900083002065
7900083002058
7900083002041
7900083002034
7900083002027
7900083001945
7900083001921
7900083001907
7900083001860
7900083001853
7900083001846
7900083001839
7900083001679
7900083001662
7900083001655
7900083001648
7900083001631
7900083001624
7900083001150
7900083001143
7900083001037
7900083000757
7900083000665
7899985704538
7899984402305
7899984402299
7899984402282
7899984402275
7899984402268
7899975286419
7899970402968
7899970402883
7899970402852
7899970401213
7899970401206
7899970401190
7899970401183
7899963915352
7899956880780
7899956866579
7899956856983
7899956836435
7899956836039
7899956836022
7899956836015
7899941201965
7899941201811
7899941201804
7899941201798
7899941201781
7899938600542
7899938600535
7899938600528
7899938600511
7899938600504
7899918922558
7899918921018
7899918921001
7899918920998
7899918920981
7899918920974
7899914000847
7899914000830
7899911208789
7899911207621
7899898601955
7899898404860
7899898404778
7899898404761
7899898404501
7899898404495
7899898404488
7899898403481
7899898403474
7899898403467
7899898402927
7899898402743
7899898402736
7899898402583
7899898402521
7899898400831
7899898400596
7899898400435
7899898400411
7899898400053
7899884213421
7899884201411
7899884200728
7899882313833
7899882313581
7899878302599
7899869204284
7899869203522
7899869202372
7899869202341
7899869202327
7899869202310
7899869202303
7899869201238
7899869201221
7899869200941
7899869200910
7899869200828
7899869200675
7899869200026
7899864415685
7899852031255
7899852028576
7899852028187
7899852027838
7899852027821
7899852027814
7899852027678
7899852027128
7899852027111
7899852027005
7899852026985
7899852026930
7899852026510
7899852026503
7899852026497
7899852026480
7899852026473
7899852026466
7899852026459
7899852026329
7899852026183
7899852026060
7899852025988
7899852025896
7899852025858
7899852025780
7899852025773
7899852025766
7899852025759
7899852025742
7899852025711
7899852025698
7899852025568
7899852025551
7899852025544
7899852025537
7899852025520
7899852025513
7899852025506
7899852025469
7899852025452
7899852025438
7899852025407
7899852025391
7899852025223
7899852025186
7899852025124
7899852025117
7899852025100
7899852025087
7899852025070
7899852025063
7899852025056
7899852025049
7899852025001
7899852024967
7899852024950
7899852024936
7899852024899
7899852024868
7899852024837
7899852024806
7899852024790
7899852024776
7899852024769
7899852024721
7899852024707
7899852024691
7899852024684
7899852024677
7899852024660
7899852024653
7899852024363
7899852024264
7899852024233
7899852024226
7899852024202
7899852024141
7899852024134
7899852024110
7899852024080
7899852024059
7899852024035
7899852024028
7899852024011
7899852024004
7899852023717
7899852023649
7899852023632
7899852023625
7899852023601
7899852023595
7899852023588
7899852023571
7899852023564
7899852023557
7899852023519
7899852023205
7899852023199
7899852023175
7899852023151
7899852023144
7899852023090
7899852023052
7899852022963
7899852022956
7899852022949
7899852022932
7899852022840
7899852022833
7899852022703
7899852022697
7899852022680
7899852022673
7899852022666
7899852022659
7899852022642
7899852022635
7899852022512
7899852022505
7899852022499
7899852022451
7899852022444
7899852022437
7899852022420
7899852022413
7899852022406
7899852022390
7899852022383
7899852022376
7899852022338
7899852022321
7899852022307
7899852022291
7899852022284
7899852022277
7899852022260
7899852022246
7899852022239
7899852022222
7899852022215
7899852022208
7899852022116
7899852022109
7899852022031
7899852021904
7899852021898
7899852021881
7899852021867
7899852021737
7899852021713
7899852021638
7899852021553
7899852021546
7899852021539
7899852021522
7899852021386
7899852021379
7899852021362
7899852021331
7899852021324
7899852021317
7899852021300
7899852021294
7899852021287
7899852021270
7899852021263
7899852021256
7899852021119
7899852021065
7899852021041
7899852020952
7899852020808
7899852020792
7899852020785
7899852020761
7899852020754
7899852020617
7899852020594
7899852020587
7899852020570
7899852020563
7899852020556
7899852020549
7899852020525
7899852020518
7899852020464
7899852020341
7899852020334
7899852020327
7899852020310
7899852020228
7899852020211
7899852020204
7899852020198
7899852020181
7899852020174
7899852020075
7899852020068
7899852020051
7899852019840
7899852019826
7899852019406
7899852019390
7899852019383
7899852019376
7899852019369
7899852019345
7899852019338
7899852019192
7899852019185
7899852019178
7899852019154
7899852019147
7899852019130
7899852019123
7899852019079
7899852019062
7899852019048
7899852019017
7899852018805
7899852018799
7899852018782
7899852018317
7899852018300
7899852018294
7899852018287
7899852018270
7899852018263
7899852018256
7899852018249
7899852018232
7899852018225
7899852018218
7899852018201
7899852018195
7899852018188
7899852018171
7899852018164
7899852018157
7899852018140
7899852018133
7899852018126
7899852018119
7899852018102
7899852017945
7899852017211
7899852017204
7899852016559
7899852015699
7899852015590
7899852015545
7899852015002
7899852014982
7899852014951
7899852014944
7899852013404
7899852013022
7899852010199
7899852009346
7899852008837
7899852003955
7899852003924
7899852003917
7899852003474
7899852003382
7899852003245
7899852003221
7899852003153
7899852003146
7899852003139
7899852003122
7899852003115
7899852003092
7899852003085
7899852003078
7899852003061
7899852001500
7899852000060
7899852000022
7899852000015
7899850367158
7899850367080
7899850357494
7899850354059
7899850354035
7899850353120
7899850349338
7899850349321
7899850346511
7899850345378
7899850345323
7899850345309
7899850341103
7899850340670
7899850340632
7899850339032
7899850338677
7899850338646
7899850337649
7899850337540
7899850336925
7899850335881
7899850335447
7899850333962
7899850333498
7899850333344
7899850332811
7899850331531
7899850331524
7899850330503
7899850329033
7899850328876
7899850328630
7899850328623
7899850328616
7899850328463
7899850327015
7899850326971
7899850325356
7899850325028
7899850322676
7899850319454
7899850319447
7899850316576
7899850314237
7899850311885
7899850305327
7899850302654
7899842234079
7899838899961
7899838898551
7899838876856
7899838874876
7899838874869
7899838847665
7899838838144
7899838832845
7899838801247
7899824401789
7899824401536
7899824401529
7899824401512
7899824401406
7899824401369
7899824401321
7899824401116
7899824401048
7899824401031
7899824401017
7899824400980
7899824400942
7899824400928
7899824400911
7899824400812
7899824400782
7899824400775
7899824400737
7899824400676
7899824400546
7899824400409
7899824400331
7899824400201
7899820819571
7899820815207
7899820813531
7899820813388
7899820813371
7899820813234
7899820813074
7899820813012
7899820812992
7899820812930
7899820812855
7899820812770
7899820812695
7899820812671
7899820812633
7899820811889
7899820811728
7899820811568
7899820811407
7899820811360
7899820811353
7899820811100
7899820809602
7899820809251
7899820808155
7899820806090
7899820801620
7899820801316
7899820801293
7899820800975
7899820800937
7899820800432
7899820800319
7899820800142
7899808893173
7899808887981
7899808882658
7899808881057
7899808879320
7899808877685
7899808875278
7899808875193
7899808872567
7899808872017
7899808871614
7899808867860
7899808867433
7899808865293
7899808863268
7899808861776
7899808861752
7899808852941
7899808852927
7899808852903
7899808848456
7899808843383
7899808840153
7899808840085
7899808840078
7899808838860
7899808838853
7899808834558
7899808830598
7899808829424
7899808825815
7899808802366
7899808802335
7899806974911
7899806974416
7899806974386
7899806973822
7899806972726
7899806972719
7899806971798
7899806223248
7899806219531
7899806218435
7899806218381
7899806218121
7899806217780
7899806217711
7899806215175
7899806212013
7899806211993
7899806206777
7899806203295
7899790927726
7899790922479
7899790918489
7899790909463
7899790501438
7899790501414
7899790501407
7899790253719
7899790252118
7899790251128
7899790250282
7899790239645
7899790239638
7899790239614
7899790225556
7899790225464
7899790225457
7899790225082
7899788410483
7899788410452
7899788410315
7899788409777
7899788409579
7899788409388
7899788409319
7899788409302
7899788409296
7899788409289
7899788409258
7899788409241
7899788408602
7899788408565
7899788408435
7899788408046
7899788407803
7899788407797
7899788407780
7899788407636
7899788407575
7899788407551
7899788407384
7899788407261
7899788406776
7899788406721
7899788406523
7899788406356
7899788405748
7899788404888
7899788403478
7899788403188
7899788402969
7899788402945
7899788400934
7899788400927
7899788400910
7899788400644
7899788400613
7899788400361
7899788400354
7899788400316
7899788400286
7899788400101
7899788400064
7899785590317
7899785526934
7899785501672
7899783602593
7899783602586
7899783602579
7899783602562
7899783602555
7899783602531
7899783602517
7899783602500
7899783602401
7899783602395
7899783602388
7899783602371
7899783602357
7899783602340
7899783602333
7899783602326
7899783602319
7899783602302
7899783602296
7899783602289
7899783602173
7899783602166
7899783601992
7899783601985
7899783601978
7899783601961
7899783601954
7899783601947
7899783601930
7899783601923
7899783601916
7899783601909
7899783601893
7899783601886
7899783601879
7899783601862
7899783601480
7899783601473
7899783601466
7899783601459
7899783601442
7899783601428
7899783601381
7899783601374
7899783601367
7899783601343
7899783601299
7899783601282
7899783601268
7899783601251
7899783601244
7899783601237
7899783601220
7899783601213
7899783601206
7899783601190
7899783601183
7899783601176
7899783601169
7899783601152
7899783601084
7899783600971
7899783600940
7899783600926
7899783600841
7899783600834
7899783600827
7899783600810
7899783600803
7899783600797
7899783600780
7899783600735
7899783600728
7899783600711
7899783600582
7899783600575
7899783600568
7899783600544
7899783600537
7899783600520
7899783600513
7899783600414
7899783600407
7899783600377
7899783600360
7899783600346
7899783600339
7899783600322
7899783600292
7899783600261
7899783600247
7899783600179
7899783600148
7899783600100
7899783600094
7899783600070
7899783600063
7899783600056
7899783600018
7899768859585
7899768857185
7899768847940
7899768077576
7899768074889
7899768043717
7899768039819
7899753559513
7899753559452
7899753559223
7899753559216
7899753559148
7899753559025
7899753558905
7899753558837
7899753558820
7899753558813
7899753558783
7899753558721
7899753558691
7899753558196
7899753558172
7899753558165
7899753557922
7899753557915
7899753557793
7899753557786
7899753557649
7899753557632
7899753557625
7899753557618
7899753557601
7899753557595
7899753557533
7899753557526
7899753557458
7899753557441
7899753557267
7899753557250
7899753557212
7899753557205
7899753557199
7899753556758
7899753556666
7899753556406
7899753556376
7899753556307
7899753556246
7899753555942
7899753555881
7899753555539
7899753555522
7899753555454
7899753555188
7899753554990
7899753554983
7899753554181
7899753554174
7899753554167
7899753554037
7899753553788
7899753553771
7899753553726
7899753553450
7899753553399
7899753552248
7899753552231
7899753551968
7899753551944
7899753551937
7899753551579
7899753551340
7899753551265
7899753551227
7899753551203
7899753551180
7899753551159
7899753551111
7899753551081
7899753551074
7899753551050
7899753551012
7899753551005
7899753550633
7899753550428
7899753550138
7899753550107
7899753550091
7899753550053
7899753549989
7899753549965
7899753549774
7899753549767
7899753549729
7899753549705
7899753549699
7899753549682
7899753549668
7899753549392
7899753549330
7899753549316
7899753545424
7899753544939
7899753544823
7899753544809
7899753544588
7899753544489
7899753544472
7899753543956
7899753543949
7899753543789
7899753542973
7899753542805
7899753542270
7899753542249
7899753541983
7899753541938
7899753541907
7899753541792
7899753541723
7899753541709
7899753541495
7899753541419
7899753541129
7899753540115
7899753540054
7899753539966
7899753539690
7899753539560
7899753539461
7899753539263
7899753539157
7899753538990
7899753538945
7899753538501
7899753538150
7899753537948
7899753537610
7899753535890
7899753535371
7899753535258
7899753535111
7899753535005
7899753534886
7899753534855
7899753534596
7899753534572
7899753533506
7899753533490
7899753533483
7899753533445
7899753533421
7899753530482
7899753530468
7899753513188
7899753509440
7899753503219
7899751111331
7899751111003
7899751110860
7899751110853
7899751110259
7899751109888
7899751109871
7899751108973
7899751108911
7899751108874
7899751108812
7899751108799
7899751108775
7899751108621
7899751104647
7899751104012
7899751103046
7899744089289
7899744089272
7899744050975
7899743922129
7899743921470
7899740666286
7899738900736
7899738900187
7899738900170
7899735393487
7899735393470
7899735393463
7899735343314
7899714001082
7899706254403
7899706254342
7899706251334
7899706251105
7899706251068
7899706245661
7899706244121
7899706244107
7899706244084
7899706244060
7899706244008
7899706239462
7899706239431
7899706239400
7899706239370
7899706239349
7899706239318
7899706239288
7899706239240
7899706239219
7899706239189
7899706238038
7899706238014
7899706237994
7899706237970
7899706237956
7899706237932
7899706237888
7899706211345
7899706208482
7899706198356
7899706198332
7899706198325
7899706198301
7899706198288
7899706198004
7899706197984
7899706197687
7899706197663
7899706197649
7899706197601
7899706197588
7899706197564
7899706197526
7899706197502
7899706197489
7899706197144
7899706197106
7899706196987
7899706196963
7899706196567
7899706196291
7899706196284
7899706196277
7899706195027
7899706194013
7899706192958
7899706192699
7899706192057
7899706192019
7899706190923
7899706190657
7899706190480
7899706190145
7899706189255
7899706188951
7899706188937
7899706188913
7899706188906
7899706188364
7899706188326
7899706188302
7899706188173
7899706187930
7899706187657
7899706187541
7899706187480
7899706187466
7899706187428
7899706187404
7899706187367
7899706187343
7899706186698
7899706186179
7899706185905
7899706185844
7899706185783
7899706185769
7899706185745
7899706185240
7899706185028
7899706185011
7899706184960
7899706184861
7899706184625
7899706183116
7899706182980
7899706181754
7899706181730
7899706181716
7899706181006
7899706180986
7899706180948
7899706180924
7899706180887
7899706180863
7899706180498
7899706180344
7899706179997
7899706179973
7899706179706
7899706179669
7899706179607
7899706179584
7899706179560
7899706179553
7899706178341
7899706178273
7899706178204
7899706178167
7899706178143
7899706175951
7899706172745
7899706172721
7899706171601
7899706171588
7899706171564
7899706170918
7899706170895
7899706170871
7899706170857
7899706170833
7899706170819
7899706164375
7899706164337
7899706162043
7899706161886
7899706161824
7899706159333
7899706159272
7899706159258
7899706159197
7899706159173
7899706157117
7899706155021
7899706152860
7899706152389
7899706152167
7899706152143
7899706152129
7899706152105
7899706149822
7899706149594
7899706149570
7899706149471
7899706149211
7899706149112
7899706145510
7899706145190
7899706141062
7899706139052
7899706139038
7899706138895
7899706135818
7899706135795
7899706135771
7899706134231
7899706134217
7899706134170
7899706134156
7899706133432
7899706133418
7899706133395
7899706133371
7899706132992
7899706132985
7899706130677
7899706129602
7899706126335
7899706124959
7899706124874
7899706124829
7899706124805
7899706123761
7899706112444
7899706111621
7899701872213
7899701872206
7899701872190
7899701871278
7899701871261
7899701871230
7899701871223
7899701870141
7899701870004
7899701869985
7899700802068
7899700801054
7899700801047
7899700801030
7899700801023
7899700801016
7899700800828
7899700800811
7899700800804
7899695623693
7899690510189
7899676804530
7899674035561
7899674035462
7899674035448
7899674035417
7899674035332
7899674035295
7899674035196
7899674032423
7899674032416
7899674030566
7899674030559
7899674027504
7899674027481
7899674027467
7899674022011
7899674022004
7899674017093
7899674017062
7899672915544
7899672915506
7899672915483
7899672915360
7899670917427
7899670917410
7899670810025
7899670807506
7899670806011
7899670802334
7899661778280
7899661776873
7899661762401
7899661747576
7899661747569
7899661747552
7899658431327
7899658422646
7899658394363
7899658377663
7899658376192
7899658329419
7899658329341
7899658329280
7899658328788
7899655086360
7899655033913
7899655033647
7899653781434
7899653781373
7899653781366
7899653781137
7899653781014
7899653780956
7899653780758
7899653780284
7899653780277
7899653780260
7899652102575
7899652102353
7899652102308
7899652102148
7899652102131
7899652102117
7899652102025
7899652101868
7899652101844
7899652101820
7899652101813
7899652101318
7899652101301
7899652101134
7899652101110
7899652101080
7899652101042
7899652100762
7899652100748
7899652100731
7899652100632
7899652100618
7899652100601
7899652100496
7899652100489
7899652100403
7899652100212
7899640810413
7899640810345
7899640810321
7899640809868
7899640809523
7899640808946
7899640808809
7899640808786
7899640808779
7899640808489
7899640808441
7899640808373
7899640808243
7899640808236
7899640808212
7899640808168
7899640808106
7899640808069
7899640807994
7899640807970
7899640807512
7899640807345
7899640807277
7899640807192
7899640807086
7899640807031
7899640806980
7899640806539
7899640806430
7899640806362
7899640806102
7899640806058
7899640804672
7899640804108
7899640804061
7899640803972
7899640803880
7899640803521
7899640802517
7899640801091
7899640800469
7899632512066
7899621110853
7899621110532
7899621110280
7899621110273
7899621110259
7899621110068
7899621109888
7899621109499
7899621108904
7899621108300
7899621108157
7899621107952
7899621107419
7899621105293
7899621104326
7899621103954
7899621100359
7899621100342
7899620913066
7899620911840
7899620911833
7899620911826
7899620911352
7899620608535
7899620606159
7899620606142
7899620606128
7899620606104
7899613390331
7899613360150
7899596540051
7899588012269
7899588010838
7899588010821
7899588009986
7899588009979
7899588009955
7899588009948
7899588009436
7899588009429
7899588009221
7899588009214
7899588008088
7899588008071
7899588007968
7899588007951
7899588007708
7899588007692
7899588007364
7899588007289
7899588007272
7899588007265
7899588007258
7899588004219
7899588003465
7899588003410
7899588001591
7899588001584
7899588000655
7899588000631
7899583206021
7899583205895
7899583205888
7899583205871
7899583205864
7899583205857
7899583205840
7899583205796
7899583205765
7899583205758
7899583205741
7899583205581
7899583205512
7899583205383
7899583204591
7899583204515
7899583204218
7899583204201
7899583203808
7899583203761
7899583203747
7899583203716
7899583203679
7899583203327
7899583203242
7899583203204
7899583203105
7899583202979
7899583202955
7899583202931
7899583202917
7899583202597
7899583202504
7899583202474
7899583202467
7899583202450
7899583202443
7899583202436
7899583202429
7899583202412
7899583202368
7899583202320
7899583202306
7899583202290
7899583202023
7899583202016
7899583201811
7899583201682
7899583201224
7899583201156
7899583201101
7899583201071
7899583201040
7899583200999
7899583200982
7899583200913
7899583200906
7899583200890
7899583200883
7899583200876
7899583200869
7899583200838
7899583200784
7899583200722
7899583200678
7899583200647
7899583200555
7899583200456
7899583200425
7899583200371
7899583200326
7899583200319
7899583200258
7899583200241
7899583200104
7899583200067
7899583200043
7899575900555
7899575706508
7899573630423
7899572815227
7899572814534
7899572814404
7899572814398
7899572814381
7899572813766
7899572813759
7899572813698
7899572813162
7899572813131
7899572813087
7899572813032
7899572812271
7899572812158
7899572812134
7899572812127
7899572812042
7899572811748
7899572811731
7899572811724
7899572810857
7899572810840
7899572810833
7899572810383
7899572810208
7899572810192
7899572810185
7899572810000
7899572809820
7899572809813
7899572809790
7899572809783
7899572809769
7899572808700
7899572808694
7899572808687
7899572807482
7899572806874
7899572806799
7899572806775
7899572806768
7899572806546
7899572806485
7899572805815
7899572805808
7899572805365
7899572805358
7899572803200
7899572803095
7899572802784
7899572802296
7899572802289
7899572802272
7899572801992
7899563274989
7899563267684
7899563240434
7899551303868
7899551301673
7899551301284
7899550901867
7899547553499
7899547551310
7899547550689
7899547543858
7899547543766
7899547538564
7899547537970
7899547537963
7899547537208
7899547536102
7899547535693
7899547533132
7899547533118
7899547532777
7899547531251
7899547531237
7899547531213
7899547529616
7899547528619
7899547528459
7899547527681
7899547513219
7899547513042
7899547511031
7899547507393
7899547505160
7899547505146
7899547505108
7899547505085
7899547504521
7899547503913
7899547503845
7899547503647
7899547502565
7899547500363
7899547500356
7899547500233
7899547500219
7899536102660
7899536102653
7899527199785
7899527199693
7899527199365
7899527199334
7899527198177
7899527197040
7899527196852
7899527196845
7899527196456
7899527176076
7899527174126
7899527172245
7899527149483
7899527149315
7899527147342
7899527143559
7899527138852
7899527134038
7899527126750
7899527123896
7899527120017
7899527115198
7899527106738
7899527101320
7899527100392
7899527100118
7899527100057
7899525677629
7899525677612
7899525674970
7899525674796
7899525658192
7899525658185
7899524405001
7899524404875
7899524404813
7899506132956
7899506132949
7899506132932
7899506132925
7899506132918
7899497500413
7899495703083
7899495702840
7899492814843
7899492814768
7899474299279
7899474299200
7899474244644
7899471657263
7899470808338
7899470808314
7899470807997
7899470807744
7899470807652
7899470807638
7899470807430
7899470807423
7899470807416
7899470807409
7899470807362
7899470804590
7899470804576
7899470804521
7899470802961
7899470802565
7899455910100
7899455910094
7899455908978
7899455904543
7899455904314
7899455903508
7899455903263
7899440955956
7899440903711
7899440903520
7899440903506
7899432865829
7899420509025
7899420508721
7899420508639
7899420508615
7899420508530
7899420508516
7899420508486
7899420508448
7899420508417
7899420508370
7899420508219
7899420508196
7899420508127
7899420508004
7899420507984
7899420507762
7899420507748
7899420507564
7899420507519
7899420507472
7899420507410
7899420507342
7899420507311
7899420507076
7899420507052
7899420507021
7899420507014
7899420506987
7899420506925
7899420506918
7899420506802
7899420506772
7899420506390
7899420505690
7899420505652
7899420504792
7899420503962
7899420503221
7899420502682
7899420502668
7899420501791
7899420501647
7899420501531
7899420501487
7899420501456
7899420501418
7899420501395
7899411571086
7899411550371
7899411550340
7899360267108
7899360267078
7899360267047
7899360267009
7899360265371
7899360265364
7899360265302
7899360264510
7899360264503
7899360264480
7899360264466
7899360264435
7899360264428
7899360264411
7899360264404
7899360264381
7899360264350
7899360264343
7899360264312
7899360264244
7899360264190
7899360264183
7899360264169
7899360264121
7899360264114
7899360264091
7899360264084
7899360264060
7899360264053
7899360264022
7899360264008
7899360263995
7899360263971
7899360263964
7899360263940
7899360263919
7899360263582
7899360260789
7899360243539
7899360241931
7899360241917
7899360241405
7899360234988
7899360232106
7899360222824
7899360222718
7899360202307
7899337000813
7899337000653
7899320357283
7899320357252
7899315534798
7899308707796
7899304806189
7899304804604
7899304803706
7899264396348
7899264396331
7899264391695
7899264389531
7899264377767
7899264377750
7899264376869
7899264376852
7899264376838
7899264376791
7899264374230
7899264364705
7899264364699
7899264344820
7899264344813
7899264342147
7899264342130
7899264342123
7899264342116
7899264342086
7899264342079
7899264328868
7899264328851
7899264326840
7899264326833
7899252022211
7899233340884
7899233340082
7899205969037
7899205968801
7899205966593
7899205965008
7899205964032
7899205963851
7899205959458
7899205951506
7899205950196
7899205950134
7899105924693
7899105904893
7899105904886
7899105904794
7899105904787
7899105904763
7899105904756
7899105904749
7899105904541
7899105904534
7899105904527
7899105904510
7899105904466
7899105904367
7899105904350
7899105903933
7899105903438
7899105902950
7899105902349
7899105902332
7899105902318
7899105902240
7899095267732
7899095258747
7899095258310
7899095257870
7899095250949
7899095245686
7899095244146
7899095244092
7899095243224
7899095240162
7899095239982
7899095239975
7899095239838
7899095239555
7899095239401
7899095239227
7899095238763
7899095238527
7899095238299
7899095235717
7899095232655
7899095230330
7899095222267
7899095222236
7899095222113
7899095220928
7899095220393
7899095220171
7899095220058
7899095205062
7899095204980
7899095204720
7899095204447
7899095204430
7899095204171
7899095204072
7899095204027
7899095203976
7899095203969
7899095203921
7899095203853
7899095203846
7899095203686
7899095203563
7899095203556
7899095203532
7899095203037
7899095202825
7899095202740
7899095202733
7899095202580
7899095202559
7899095202511
7899095202351
7899095202320
7899095202184
7899095202030
7899095201972
7899095201927
7899095201910
7899095201903
7899095201675
7899095201460
7899095201453
7899095201415
7899095201378
7899095201354
7899095201330
7899095201316
7899095201187
7899095200869
7899095200678
7899095200586
7899095200531
7899095200524
7899095200425
7899095200296
7899091408436
7899085698188
7899085357887
7899083128137
7899083127413
7899083127345
7899083127338
7899083127321
7899083127314
7899083127307
7899083127291
7899083127239
7899083127222
7899083127215
7899083127208
7899083127192
7899083126638
7899083126621
7899083126614
7899083126607
7899083126591
7899083126584
7899083126485
7899083126478
7899083126461
7899083126249
7899083124399
7899083124382
7899083124375
7899083124368
7899083124351
7899083123798
7899083123781
7899083123774
7899083123767
7899083123750
7899083123576
7899083123378
7899083122203
7899083122111
7899083122104
7899083122098
7899083122074
7899083121909
7899083121794
7899083121787
7899083121770
7899083121398
7899083121312
7899083121145
7899083121060
7899083120384
7899083119616
7899083119593
7899083119586
7899083119562
7899083119555
7899083119524
7899083119449
7899083119357
7899083119326
7899083119319
7899083119302
7899083119296
7899083119203
7899083119180
7899083116332
7899083116325
7899072301763
7899056681027
7899031593529
7899026496880
7899026494763
7899026487222
7899026487208
7899026487185
7899026487178
7899026478909
7899026475250
7899026464971
7899026464933
7899026462540
7899026459960
7899026459908
7899026459748
7899026459649
7899026457645
7899026456051
7899026456020
7899026443792
7899026437326
7899026437210
7899026432468
7899026423404
7899026423398
7899026423336
7899026423329
7899026422490
7899026422407
7899026422315
7899026422308
7899026421257
7899026420595
7899026420571
7899026420564
7899026417885
7899026417328
7899026417267
7899026415478
7899026415475
7899026415461
7899026415355
7899026415348
7899026414617
7899026414594
7899026414549
7899026414546
7899026414532
7899026414518
7899026414464
7899026413764
7899026413658
7899026410152
7899026408388
7899026408340
7899026408289
7899026408241
7899026408210
7899026408173
7899026407572
7899026404557
7899026404519
7899026401822
7899026401808
7899026401754
7899026401747
7899026401730
7899026401723
7899026401105
7899026400955
7899026400894
7899026400849
7899026400832
7899026400672
7899026400610
7899026400566
7899026400559
7899018443137
7899014978053
7899014972969
7899014972907
7899014972884
7899014972860
7899014972846
7899014972822
7899014972808
7899014972303
7899014972181
7899014963943
7899014963929
7899014963882
7899014963844
7899014963806
7899014963783
7899014963769
7899014963226
7899014950578
7899014950561
7899014941637
7899014925958
7899014925941
7899014918523
7899014918349
7899014902386
7899014900375
7899014900368
7899014900344
7899014900337
7899014900320
7899014900313
7899014900306
7899014900290
7899014900252
7899014900245
7899013502013
7899009790974
7899008057498
7899008057443
7899008057337
7899008057290
7899008057016
7899008056958
7898996323769
7898994979814
7898994866015
7898994747550
7898994651963
7898994532972
7898994532934
7898994451242
7898994451235
7898994451228
7898994336112
7898994297482
7898994297451
7898994297437
7898994297413
7898994127697
7898994127680
7898994127673
7898994127666
7898994127659
7898994127642
7898994127635
7898994127628
7898994127611
7898977068528
7898976443074
7898976443050
7898976443029
7898976443012
7898976443005
7898975719125
7898975719118
7898974215024
7898973417887
7898973417870
7898973417863
7898973417856
7898973417849
7898973417832
7898973417825
7898973417801
7898973417795
7898973417016
7898973417009
7898972104863
7898972104009
7898971945009
7898970965824
7898970965473
7898970856320
7898970778523
7898970745631
7898970732525
7898970725367
7898970725237
7898970522133
7898970365235
7898970341895
7898970341888
7898970341871
7898970341857
7898970341840
7898970341833
7898970341819
7898970341802
7898970341796
7898970341741
7898970341727
7898970341710
7898970341703
7898970341697
7898970341680
7898970341666
7898970341642
7898970341635
7898970341628
7898970341611
7898970341604
7898970341598
7898970341581
7898970341574
7898970341543
7898970341536
7898970341529
7898970341512
7898970341505
7898970341499
7898970341420
7898970341413
7898970341406
7898970341390
7898970341383
7898970341376
7898970341369
7898970341352
7898970341345
7898970341338
7898970341321
7898970341314
7898970341307
7898970341291
7898970341284
7898970341277
7898970341260
7898970341253
7898970341246
7898970341239
7898970341222
7898970341215
7898970341208
7898970341192
7898970341185
7898970341178
7898970341154
7898970341147
7898970341109
7898970341093
7898970341079
7898970341062
7898970341055
7898970341048
7898970341024
7898970341017
7898970332213
7898970325697
7898970254126
7898970162810
7898970162803
7898970162698
7898970162681
7898970162599
7898970162582
7898970062103
7898969725026
7898969725002
7898969501156
7898968453104
7898968453098
7898968221109
7898968070363
7898968070356
7898968070318
7898968070301
7898968070226
7898968070219
7898968070202
7898967923561
7898967923554
7898967642004
7898967006141
7898966640360
7898966463693
7898966463679
7898966463501
7898966463488
7898966463303
7898966230813
7898966099038
7898965666989
7898965666958
7898965666767
7898965666736
7898965666651
7898965666644
7898965666613
7898965666583
7898965666491
7898965666446
7898965666323
7898965666309
7898965666057
7898965666002
7898965535544
7898965535506
7898965535490
7898965535483
7898965535476
7898965535469
7898965535452
7898965463229
7898965463205
7898965463021
7898965438395
7898965438333
7898964630677
7898964630660
7898964630363
7898964630356
7898964630240
7898964630233
7898964630226
7898964630219
7898962932193
7898962892909
7898962892619
7898962892602
7898961836805
7898961836713
7898961258041
7898961074283
7898961050881
7898961050874
7898961050867
7898961027005
7898960833645
7898960833638
7898960833621
7898960833614
7898960833607
7898960833591
7898960813913
7898960813883
7898960813876
7898960813869
7898960813852
7898960813821
7898960813807
7898960813784
7898960813777
7898960813487
7898960813470
7898960813425
7898960498578
7898960121155
7898960030839
7898959897238
7898958119157
7898958119140
7898958060992
7898958060930
7898958060916
7898958060893
7898958060886
7898958060879
7898958060862
7898958060855
7898958060848
7898958060831
7898958060824
7898958060749
7898958060718
7898958060640
7898958060527
7898958060466
7898958060435
7898958060404
7898958060237
7898958060169
7898958060121
7898958060091
7898958060039
7898957474851
7898957474844
7898957474837
7898957474790
7898957474769
7898957474752
7898957474653
7898957474639
7898957474578
7898957474561
7898957474479
7898957474462
7898956544357
7898956544111
7898955638965
7898955455104
7898955171998
7898955171981
7898955171868
7898955171769
7898955171646
7898955171615
7898955171158
7898954526102
7898954526089
7898954372884
7898954372518
7898953714777
7898953484854
7898953484823
7898953484816
7898953484670
7898953484335
7898953484274
7898953484243
7898953484236
7898953484175
7898953484137
7898953165296
7898952774109
7898952577908
7898952577885
7898952577700
7898952577618
7898952577588
7898952577564
7898952577540
7898952577458
7898952577403
7898952577328
7898952577250
7898952577212
7898952577137
7898952577120
7898952577113
7898952577090
7898952421867
7898952421447
7898952421355
7898952421157
7898951599536
7898951361478
7898951285590
7898951285583
7898951285521
7898951285491
7898951285484
7898951285200
7898951282193
7898950465184
7898950465160
7898950465153
7898950465047
7898950109620
7898949584803
7898949584599
7898949584551
7898949409939
7898949409922
7898949409847
7898949409762
7898949409748
7898949409731
7898949409724
7898949409717
7898949409632
7898949409625
7898949409564
7898949409557
7898949409540
7898949409533
7898949409519
7898949409465
7898949409458
7898949256090
7898949256083
7898949256076
7898949256069
7898949256052
7898949256045
7898949253686
7898949149699
7898949149682
7898949149675
7898949149668
7898949149446
7898949149439
7898949149026
7898948960677
7898948893005
7898948648896
7898948648773
7898948648735
7898948648698
7898948648629
7898948648605
7898948648513
7898948648483
7898948648476
7898948648377
7898948648292
7898948648179
7898948648148
7898948648131
7898948648087
7898948029190
7898948029015
7898948029008
7898947943848
7898947920061
7898947920054
7898947920023
7898947920016
7898947389950
7898947388410
7898947388076
7898947388007
7898947387321
7898947387314
7898947387260
7898947387253
7898947387093
7898947387086
7898947387079
7898947386645
7898947386638
7898947170640
7898947170633
7898947170626
7898947170619
7898947170497
7898947170480
7898947170473
7898947170442
7898947170206
7898947170190
7898947170183
7898947170077
7898947170046
7898947170039
7898947170022
7898947170015
7898947144993
7898947144405
7898947144160
7898947144139
7898947144047
7898947017143
7898946896022
7898946434316
7898946434125
7898946433197
7898946433050
7898946332292
7898946058093
7898946015164
7898945786997
7898945785716
7898945784054
7898945784047
7898945782708
7898945782692
7898945782685
7898945782678
7898945782661
7898945782654
7898945782647
7898945782630
7898945782623
7898945782616
7898945782609
7898945782593
7898945780032
7898945780025
7898945780018
7898945780001
7898945746359
7898945746106
7898945562171
7898945562041
7898945443432
7898945443043
7898945443036
7898945443029
7898945244459
7898945244244
7898945244190
7898945244091
7898945154918
7898945030854
7898945030823
7898944775053
7898944749726
7898944749146
7898944524996
7898944524989
7898944524811
7898944524415
7898944524385
7898944524156
7898944524149
7898944524132
7898944524125
7898944524101
7898944500884
7898944500631
7898944500358
7898944500327
7898944500310
7898944500303
7898944500297
7898944500150
7898944075276
7898944075269
7898944075252
7898944075245
7898944075238
7898944075160
7898944074484
7898944074477
7898944073968
7898944073951
7898944073609
7898944073593
7898944073586
7898944073579
7898944073517
7898944073494
7898944073418
7898944073401
7898944073395
7898944073296
7898944073272
7898944073265
7898944073258
7898944073241
7898944073210
7898944073197
7898944073180
7898944073173
7898944073166
7898944073067
7898944073043
7898944073036
7898944073029
7898944073012
7898943707703
7898943707086
7898943707000
7898943566683
7898943477996
7898943477965
7898943477958
7898943477941
7898943477286
7898943477248
7898943477200
7898943477118
7898943044839
7898942324406
7898941911065
7898941911058
7898941911041
7898941911034
7898941911027
7898941898892
7898941898427
7898941898403
7898941189884
7898941189860
7898940953387
7898940953370
7898940448128
7898940257850
7898940257713
7898940257690
7898940257676
7898940257638
7898940257515
7898940257256
7898940257232
7898939674125
7898939183740
7898939183726
7898939183481
7898939082654
7898939082609
7898939082593
7898939082586
7898939082579
7898939082562
7898939082555
7898939082548
07898938890144
7898938890120
7898938890106
7898938890090
7898938890083
7898938890076
7898938592680
7898938167093
7898936770967
7898936770943
7898936770837
7898936770820
7898936770110
7898936769626
7898936769473
7898936661012
7898936111302
7898936111128
7898936050106
7898936049735
7898936049131
7898936049124
7898936049117
7898936049100
7898936049070
7898936049063
7898936049049
7898936049032
7898936049025
7898936049018
7898935462023
7898934931179
7898934930981
7898934930776
7898934930738
7898934930592
7898934930585
7898934861889
7898934596491
7898934596484
7898934596255
7898934596248
7898934595579
7898934595562
7898934595555
7898934595548
7898934595531
7898934595524
7898934595517
7898934595500
7898934595470
7898934595463
7898934593940
7898934593933
7898934593704
7898934593698
7898933076918
7898933076901
7898933076888
7898933076871
7898933076864
7898933076260
7898933076000
7898932370949
7898932370932
7898932370925
7898932370901
7898932370888
7898932370871
7898932370857
7898932370840
7898932370734
7898932370727
7898932370710
7898930508955
7898929813176
7898929813015
7898929813008
7898929261274
7898929260963
7898929260956
7898929260949
7898928257032
7898928257025
7898928257018
7898927980818
7898927980795
7898927980641
7898927980368
7898927980252
7898927564858
7898927564292
7898927356361
7898927111328
7898927111311
7898927111045
7898927111014
7898926572113
7898926572090
7898925504108
7898924769065
7898924769058
7898924769041
7898924603963
7898924603956
7898924603949
7898924603826
7898924603819
7898924602904
7898921545754
7898921545624
7898921545471
7898921545341
7898920082090
7898920080782
7898920041943
7898920041455
7898920041356
7898920041257
7898920041240
7898919603138
7898919602391
7898919412389
7898919412372
7898919412341
7898919412334
7898919412327
7898919412303
7898919412297
7898919412280
7898919412273
7898919412266
7898919412259
7898919411917
7898919411900
7898919411283
7898919089130
7898919089123
7898919089116
7898917420874
7898917294727
7898915942378
7898915934694
7898915932867
7898915932195
7898915932119
7898915932102
7898915932096
7898915932058
7898915802627
7898915802436
7898915802405
7898915802351
7898915802344
7898915802269
7898915802252
7898915802207
7898915802191
7898915802139
7898915802122
7898915802115
7898915802078
7898915801934
7898915801927
7898915801910
7898915801675
7898913264991
7898912665126
7898911689802
7898911689673
7898911689659
7898911689536
7898911689390
7898911689383
7898911689376
7898911689208
7898911689192
7898911689147
7898911495946
7898911495939
7898911495922
7898911495878
7898911495779
7898911495762
7898911495755
7898911495748
7898911495670
7898911495571
7898911495564
7898911495489
7898911495472
7898911495465
7898911495458
7898911495441
7898911495274
7898911495267
7898911495243
7898911495229
7898911495090
7898911495045
7898911495038
7898911494963
7898911494895
7898911494888
7898911494772
7898911494659
7898911494642
7898911494635
7898911494628
7898911494611
7898911494604
7898911494536
7898911494475
7898911494444
7898911494390
7898911494277
7898911494185
7898911494178
7898911494123
7898911494093
7898911494024
7898911494017
7898911493485
7898911493461
7898911493447
7898911309588
7898911309571
7898911309557
7898911309397
7898911309380
7898911309366
7898911309212
7898911309076
7898911306419
7898910451592
7898910451325
7898910045180
7898908753301
7898908753172
7898908753141
7898908753097
7898907349406
7898907206013
7898906376755
7898906376632
7898906376465
7898906376410
7898906376397
7898906376380
7898906239012
7898905356727
7898905356567
7898905356246
7898904869815
7898904556814
7898904556203
7898903991579
7898903991531
7898903991524
7898903991517
7898903991494
7898903925901
7898903925819
7898903925710
7898903925703
7898903925680
7898903925284
7898903703011
7898903652968
7898903652418
7898903652357
7898903652340
7898903652173
7898903652166
7898903221096
7898902459377
7898902180530
7898782820380
7898782820373
7898782820359
7898782820342
7898781566876
7898781566685
7898781566678
7898781150051
7898770684154
7898770683409
7898770683249
7898770683164
7898770683041
7898770420059
7898770420042
07898770420035
7898770420011
7898767760014
7898765331339
7898765331322
7898765331315
7898765331308
7898765331285
7898765331247
7898765331230
7898765331223
7898765331193
7898765331186
7898765331179
7898765331162
7898765331155
7898765330875
7898765330813
7898765080244
7898760941977
7898760940932
7898760940765
7898760940758
7898760940741
7898760940734
7898760140073
7898760140066
7898760140059
7898760140042
7898760140011
7898758084648
7898758084631
7898758084617
7898758084532
7898758084525
7898758083610
7898758083597
7898758083580
7898758083474
7898758083450
7898758083443
7898758082477
7898758082354
7898758082323
7898758081425
7898751690075
7898751690044
7898751690037
7898751690006
7898750360085
7898749971131
7898749971124
7898749971117
7898749971100
7898745131805
7898745131782
7898745130136
7898745130075
7898745130051
7898744786198
7898744786181
7898744786174
7898744786167
7898744786150
7898744785160
7898744785153
7898744785146
7898744785115
7898744785108
7898744785092
7898744782961
7898744782954
7898744782930
7898744782893
7898744782558
7898744782541
7898744782534
7898744782510
7898744782497
7898744782480
7898744782442
7898744780905
7898744780882
7898744460012
7898741951520
7898741951513
7898741951506
7898741951490
7898741951469
7898741951452
7898741951445
7898741951438
7898741951247
7898741950899
7898741950882
7898741950684
7898741950530
7898741950523
7898741950271
7898741950264
7898741950257
7898741950240
7898741950233
7898741950226
7898741950219
7898741950202
7898741950073
7898741950066
7898741950059
7898741950042
7898741809982
7898741806486
7898741806479
7898741806455
7898741806073
7898741806011
7898741806004
7898741805991
7898741805984
7898741805953
7898741805946
7898741805854
7898741805847
7898741805823
7898741805816
7898741805793
7898741805755
7898741805724
7898741805717
7898741805700
7898741805694
7898741805656
7898741805267
7898741805243
7898741805229
7898741805212
7898741804666
7898741804659
7898741804642
7898741804635
7898741804628
7898741804444
7898741804437
7898741804376
7898741804017
7898741804000
7898741803997
7898741803980
7898741803973
7898741803508
7898741803478
7898741803027
7898741802587
7898741802570
7898741802235
7898741802228
7898741802211
7898741802082
7898741802068
7898741802044
7898741802037
7898741802006
7898741801818
7898741801658
7898741800446
7898741800439
7898741530824
7898741530794
7898741530558
7898741530541
7898741530534
7898741530527
7898741530510
7898741530503
7898741530497
7898741530480
7898741530473
7898741530466
7898741530459
7898741530442
7898741530435
7898741530428
7898741530411
7898741530404
7898741530398
7898741530381
7898741530374
7898741530367
7898741530350
7898741530343
7898741530336
7898741530015
7898739650817
7898738761033
7898737630262
7898737630255
7898729850838
7898729850333
7898724573145
7898724573077
7898724573022
7898724572735
7898724572704
7898724572643
7898724572612
7898724571417
7898724571356
7898724570885
7898724570632
7898723633000
7898723632997
7898723631761
7898723631075
7898723631068
7898723631051
7898723631044
7898723630863
7898723630764
7898723630757
7898723630740
7898723630450
7898723630276
7898720566455
7898718330600
7898718330204
7898718330150
7898717925470
7898717402018
7898717401288
7898717401271
7898716456159
7898716456142
7898716456135
7898716456128
7898715814066
7898715811133
7898715810914
7898715810822
7898715810488
7898714763945
7898714760944
7898714760807
7898714760548
7898714760456
7898707148124
7898707147905
7898707145741
7898707145734
7898707145123
7898707145024
7898707145017
7898707142979
7898707142337
7898707140227
7898707140166
7898707140159
7898706940842
7898706940835
7898706940828
7898706940811
7898706851377
7898706850349
7898706850257
7898706186929
7898703033646
7898703031192
7898703031147
7898700623611
7898700410471
7898699911119
7898699846855
7898699845933
7898699845926
7898699845322
7898699845308
7898699845285
7898699845278
7898699845230
7898699845223
7898699840846
7898698745401
7898698745395
7898698745388
7898698745081
7898698744992
7898698744985
7898698744732
7898698744725
7898698744701
7898698744695
7898698744688
7898698744671
7898698744664
7898698743582
7898698743575
7898698743551
7898698743391
7898698743384
7898698743377
7898698743322
7898698743285
7898698743223
7898698743216
7898698742806
7898698742738
7898698742660
7898698742639
7898698742615
7898698742608
7898698742592
7898698742578
7898698742561
7898698742554
7898698742509
7898698742493
7898698742486
7898698742479
7898698742448
7898698742431
7898698742394
7898698742387
7898698742370
7898698741830
7898698741823
7898698741649
7898698741632
7898698741625
7898698741045
7898698741014
7898698740956
7898698740949
7898698740864
7898698740857
7898698740833
7898698740826
7898698740819
7898698740536
7898698740413
7898698740307
7898698740291
7898698740215
7898698740079
7898698740055
7898698740024
7898697107125
7898697107118
7898697104872
7898697104308
7898697101673
7898697100928
7898697100201
7898697100126
7898697100119
7898697100102
7898697023180
7898696040508
7898696040492
7898696040485
7898696040454
7898696040447
7898696040430
7898696040409
7898696040393
7898696040379
7898696040362
7898696040355
7898695065342
7898695065199
7898695064680
7898695063454
7898695063430
7898695063096
7898692793118
7898690180682
7898687735666
7898687734522
7898687734485
7898687734454
7898687734447
7898687733648
7898687732863
7898687731330
7898687730722
7898683860874
7898683860638
7898683860522
7898683860423
7898683860232
7898683860218
7898683860041
7898683860034
7898683860027
7898683860010
7898683860003
7898681351145
7898681351107
7898681350803
7898681350797
7898681350773
7898681350445
7898681350315
7898681350155
7898681350100
7898681350018
7898680699811
7898675509194
7898675509156
7898675509101
7898675505042
7898675504915
7898675504892
7898675502058
7898675501426
7898675500160
7898675500153
7898675500146
7898674960088
7898671432670
7898671429847
7898671429830
7898671429748
7898671429526
7898671429441
7898671429175
7898671428994
7898671428956
7898671428949
7898671428932
7898671428925
7898671428789
7898671428772
7898671428765
7898671428758
7898671428215
7898671428185
7898671428093
7898671428086
7898671428079
7898671428062
7898671428055
7898671428017
7898671427997
7898671427980
7898671427966
7898671427942
7898671427836
7898671427829
7898671427812
7898671427805
7898671427737
7898671427669
7898671427645
7898671427584
7898671427508
7898671427010
7898671427003
7898671426990
7898671426051
7898671426044
7898671426013
7898671426006
7898671425993
7898671425986
7898671425962
7898671425870
7898671425863
7898671425856
7898671425832
7898671425788
7898671425733
7898671425726
7898671425672
7898671425665
7898671425566
7898671425559
7898671425528
7898671425511
7898671425504
7898671425467
7898671425429
7898671425405
7898671425399
7898671425382
7898671425375
7898671425368
7898671425351
7898671425344
7898671425337
7898671425320
7898671425313
7898671425306
7898671425290
7898671425283
7898671425276
7898671425269
7898671425207
7898671425191
7898671425177
7898671425160
7898671425153
7898671425146
7898671425139
7898671424989
7898671424972
7898671424965
7898671424958
7898671424941
7898671424910
7898671424903
7898671424880
7898671424828
7898671424811
7898671424804
7898671424798
7898671424781
7898671424774
7898671424767
7898671424750
7898671424743
7898671424729
7898671424712
7898671424705
7898671424682
7898671424606
7898671424583
7898671424576
7898671424569
7898671424422
7898671424361
7898671424293
7898671424286
7898671424248
7898671424149
7898671424132
7898671424125
7898671424118
7898671424101
7898671424095
7898671424088
7898671424064
7898671424057
7898671424040
7898671424033
7898671424019
7898671424002
7898671423999
7898671423869
7898671423272
7898671423265
7898671423258
7898671423227
7898671423029
7898671423012
7898671423005
7898671422992
7898671422985
7898671422978
7898671422794
7898671422787
7898671422770
7898671422633
7898671422626
7898671422442
7898671422220
7898671422206
7898671422183
7898671422176
7898671422145
7898671422121
7898671422114
7898671422091
7898671421759
7898671421735
7898671421711
7898671421704
7898671421469
7898671420059
7898671420035
7898671060071
7898667533473
7898666422532
7898666422525
7898666422518
7898666422501
7898666422495
7898666422488
7898666422471
7898666422433
7898666422419
7898666422402
7898666422396
7898666422068
7898666422051
7898666422044
7898666421962
7898666421955
7898666421948
7898666421931
7898666421726
7898666421719
7898666421672
7898666420583
7898666420576
7898666420545
7898666420491
7898666420477
7898666420453
7898666420446
7898666420439
7898666420408
7898666420385
7898666420378
7898666420354
7898665432815
7898664978925
7898664978918
7898664978901
7898664978895
7898664978888
7898664978871
7898664978697
7898664978666
7898664978642
7898664978512
7898664976747
7898664976730
7898664976723
7898664976716
7898664976709
7898664976693
7898664976648
7898664976631
7898664976624
7898664976617
7898664976600
7898664976594
7898664976426
7898664976419
7898664976396
7898664976259
7898664976242
7898664976235
7898664976228
7898664976211
7898664976204
7898664975863
7898664975856
7898664975849
7898664975832
7898664975825
7898664975818
7898664975788
7898664975757
7898664975252
7898664975245
7898664974644
7898664973029
7898664973012
7898664972992
7898664972312
7898664972305
7898664972237
7898664970967
7898664970950
7898664970943
7898664970936
7898664970929
7898664970882
7898664970875
7898664970868
7898664970844
7898664970820
7898664970769
7898664970752
7898664970738
7898664970714
7898664970691
7898664970646
7898664970639
7898664970592
7898664970585
7898664970561
7898664970554
7898664970493
7898664633299
7898664633022
7898664632827
7898664632537
7898664632520
7898664631004
7898664630885
7898664630823
7898663741407
7898663335248
7898663335194
7898663111781
7898663111774
7898663111750
7898663111743
7898663111712
7898663111682
7898663111675
7898663110265
7898662453028
7898662453011
7898662453004
7898662452922
7898662452915
7898662452908
7898662452717
7898662452700
7898662452694
7898662452540
7898662452526
7898662452502
7898662452496
7898662452489
7898662452472
7898662452465
7898662451956
7898662451918
7898662451901
7898662451895
7898662451888
7898662451871
7898662451864
7898662451857
7898662451680
7898662451673
7898662451659
7898662451642
7898662451635
7898662451628
7898662451611
7898662451604
7898662451475
7898662451468
7898662451451
7898662451437
7898662451420
7898662451413
7898662451406
7898662451352
7898662451345
7898662451338
7898662451321
7898662451314
7898662451307
7898662451291
7898662451284
7898662451277
7898662451260
7898662451253
7898662451161
7898662451154
7898662451147
7898662451130
7898662451116
7898662451109
7898662451086
7898662451062
7898662451055
7898662451031
7898662450980
7898662450973
7898662450966
7898662450959
7898662450935
7898662450928
7898662450911
7898662450904
7898662450881
7898662450874
7898662450713
7898662450683
7898662450423
7898662450416
7898662450409
7898662450393
7898662450386
7898662450379
7898662450362
7898662450355
7898662450331
7898662450324
7898662450317
7898662450300
7898662450294
7898662450287
7898662450263
7898662450256
7898662450249
7898662450232
7898662450225
7898662450218
7898662450201
7898662450164
7898662450140
7898662450133
7898662450126
7898662450119
7898662450102
7898662450096
7898662450089
7898662450072
7898662450065
7898662450041
7898662450027
7898662450010
7898662436793
7898662436731
7898662436724
7898662436397
7898662436380
7898662436373
7898662436274
7898662436144
7898662436137
7898662435208
7898662435147
7898662435123
7898662435093
7898662431064
7898662431057
7898662431002
7898662430920
7898662430890
7898662430852
7898662430807
7898662430746
7898662430555
7898662430500
7898662430487
7898662430470
7898662430463
7898662430418
7898661193161
7898661193154
7898660599971
7898660599872
7898660599865
7898660599858
7898660599841
7898660599810
7898660598882
7898660598813
7898660596710
7898660596697
7898660596383
7898660594129
7898660594105
7898660593856
7898660593832
7898660593580
7898660593573
7898660593566
7898660593306
7898660593283
7898660593047
7898660593030
7898660592989
7898660592774
7898660592767
7898660592750
7898660590800
7898658625507
7898658624944
7898658623770
7898658622643
7898658622605
7898658622544
7898658622506
7898658622490
7898658622452
7898658622322
7898658622216
7898657691879
7898657691817
7898657691749
7898657691718
7898657691374
7898657691367
7898657691350
7898657691343
7898657691336
7898657691329
7898657691305
7898657691299
7898657691282
7898657691275
7898657691268
7898657691251
7898657691237
7898657691220
7898657691213
7898657691206
7898657691190
7898656685893
7898656685886
7898656685862
7898656685855
7898656685701
7898656685695
7898656685619
7898656685602
7898656685466
7898656685459
7898656685435
7898656685428
7898656685374
7898656685367
7898656685282
7898656685275
7898656685251
7898656685244
7898656685190
7898656685183
7898656685169
7898656685152
7898656685138
7898656685121
7898656685107
7898656685091
7898656685077
7898656685060
7898656684599
7898656683486
7898656683325
7898656683301
7898656683295
7898656683264
7898656683202
7898656682540
7898656682182
7898656682175
7898656681826
7898656681345
7898656681291
7898656167405
7898656167382
7898656167375
7898656166613
7898656165173
7898656165081
7898656165074
7898656165067
7898656164121
7898656163698
7898656162417
7898656162080
7898656161663
7898656161373
7898656161342
7898656161175
7898656160727
7898656160710
7898653620033
7898652372766
7898652371790
7898652370892
7898652370885
7898652370878
7898650626946
7898650626939
7898650626922
7898650626915
7898650626908
7898650626892
7898650626625
7898650626601
7898650626588
7898650626311
7898650626304
7898650626298
7898650626281
7898650626274
7898650626267
7898650626250
7898650626243
7898650626236
7898650626229
7898650626212
7898650626076
7898650626052
7898650625932
7898650625895
7898650625871
7898650625833
7898650625796
7898650625772
7898650625758
7898650625710
7898650625697
7898650625567
7898650625550
7898650625215
7898650625208
7898650625116
7898650625109
7898650625093
7898650625086
7898650623921
7898650623891
7898650623839
7898650623822
7898650623815
7898650623792
7898650623693
7898650623686
7898650623679
7898650623662
7898650623655
7898650623648
7898650623631
7898650623617
7898650623594
7898650623587
7898650623556
7898650623518
7898650623501
7898650623433
7898650622467
7898650622436
7898650622405
7898650622382
7898650622375
7898650622368
7898650622351
7898650622344
7898650622337
7898650622320
7898650622313
7898650622306
7898650622290
7898650622283
7898650622276
7898650622238
7898650622221
7898650622177
7898650622153
7898650622146
7898650622139
7898650622122
7898650622108
7898650622092
7898650622085
7898650622078
7898650622061
7898650622054
7898650622047
7898650622030
7898650622023
7898650622016
7898650622009
7898650621996
7898650621972
7898650621965
7898650621866
7898650621859
7898650621842
7898650621835
7898650621811
7898650621798
7898650621781
7898650621774
7898650621767
7898650621750
7898650621743
7898650621736
7898650621712
7898650621705
7898650621682
7898650621613
7898650621590
7898650621583
7898650621576
7898650621569
7898650621538
7898650621507
7898650621491
7898650621484
7898650621477
7898650621460
7898650621453
7898650621446
7898650621217
7898650621200
7898650621194
7898650621170
7898648240505
7898648240499
7898648240352
7898648240277
7898648240260
7898648240253
7898647929999
7898647929982
7898647929975
7898647929968
7898647929272
7898647928909
7898647928893
7898647928879
7898647928862
7898647928855
7898647928848
7898647928831
7898647928824
7898647928817
7898647928800
7898647928794
7898647928787
7898647928770
7898647928763
7898647928756
7898647928749
7898647928718
7898647928701
7898647928695
7898647928671
7898647927865
7898647927858
7898647927674
7898647927667
7898647927650
7898647927636
7898647927629
7898647927612
7898647927599
7898647927568
7898647927544
7898647927537
7898647927520
7898647926127
7898647926110
7898647926103
7898647926097
7898647926080
7898647926066
7898647925991
7898647925953
7898647925946
7898647925922
7898647925892
7898647925885
7898647925847
7898647925816
7898647925786
7898647925779
7898647924499
7898647924390
7898647924383
7898647924376
7898647924369
7898647924345
7898647924338
7898647924321
7898647924260
7898647924253
7898647924246
7898647924222
7898647924215
7898647924208
7898647924192
7898647924185
7898647924161
7898647924154
7898647923980
7898647923850
7898647923799
7898647923300
7898647923218
7898647923201
7898647923140
7898647923102
7898647923072
7898647923065
7898647923010
7898647922839
7898647922822
7898647922761
7898647922754
7898647922747
7898647922730
7898647922655
7898647922624
7898647922297
7898647922280
7898647922266
7898647922259
7898647922242
7898647922051
7898647921979
7898647921948
7898647921931
7898647921924
7898647921917
7898647921870
7898647921795
7898647921764
7898647921658
7898647921641
7898647921542
7898647921535
7898647921504
7898647921139
7898647921122
7898647921085
7898647920927
7898647920910
7898647920897
7898647920880
7898647920811
7898647920804
7898647920767
7898647920750
7898647920712
7898647920705
7898647920576
7898647920569
7898647920552
7898647920545
7898647920521
7898647920514
7898647920491
7898647920477
7898647920446
7898647920422
7898647920415
7898647920408
7898647920361
7898647920354
7898647920330
7898647920286
7898647920279
7898647920231
7898647920217
7898647920187
7898647920170
7898647920163
7898647920101
7898647920057
7898647920033
7898646549990
7898646549976
7898646549891
7898646549815
7898646549495
7898646549457
7898646549440
7898646549426
7898646549396
7898646546869
7898646546852
7898646546821
7898646546814
7898646546784
7898646546579
7898646546562
7898646546463
7898646544827
7898646543011
7898646543004
7898646542953
7898646542939
7898646542922
7898646542861
7898646542854
7898646542847
7898646542670
7898646542656
7898646542618
7898646542557
7898646542465
7898646542397
7898646542298
7898646542281
7898646542267
7898646542205
7898646542175
7898646542144
7898646542137
7898646542038
7898646542021
7898646541703
7898646541697
7898646541659
7898646541635
7898646541628
7898646541611
7898646541567
7898646541543
7898646541512
7898646541499
7898646541444
7898646541420
7898646541413
7898646541406
7898646541390
7898646541352
7898646541345
7898646541208
7898646541192
7898646541178
7898646540980
7898646540744
7898646540737
7898646540713
7898646540706
7898646540263
7898646540133
7898646540034
7898646540027
7898644472030
7898644471538
7898644471521
7898644470975
7898644470937
7898644470708
7898644470692
7898644470623
7898641077023
7898641074978
7898641074961
7898639794864
7898639794826
7898639794642
7898639794420
7898639794406
7898639793980
7898639793881
7898639793874
7898639793690
7898639792426
7898639791948
7898639790620
7898639695017
7898639694089
7898639694041
7898639693594
7898639693402
7898639691972
7898639691965
7898639691958
7898639691934
7898639691033
7898639691026
7898639690999
7898639690982
7898639690975
7898639690777
7898639690708
7898639690418
7898639690388
7898639690340
7898639383532
7898639383303
7898639382443
7898639382252
7898639381699
7898639381644
7898639381231
7898639380944
7898639380913
7898639380777
7898639380647
7898639380630
7898639380623
7898639380616
7898639380609
7898639380586
7898639380579
7898639380272
7898639380227
7898639380197
7898639380104
7898639380029
7898639307217
7898639307163
7898639305909
7898639305749
7898639305718
7898639301413
7898639301406
7898639300652
7898639300416
7898639063366
7898639063359
7898639063342
7898637229177
7898637224820
7898636194346
7898636194254
7898636194247
7898636194179
7898636194162
7898636194056
7898636193967
7898636193950
7898636193943
7898636193622
7898636193578
7898636193301
7898636193110
7898636193103
7898636192854
7898636192809
7898636192489
7898636192458
7898636192441
7898636192342
7898636192182
7898636192151
7898636192007
7898636191994
7898636191802
7898636191611
7898636191604
7898636191581
7898636191345
7898636191321
7898636191079
7898636191055
7898636191048
7898636190928
7898636190874
7898636190867
7898636190850
7898636190836
7898636190782
7898636190744
7898636190737
7898636190720
7898636190706
7898636190584
7898636190577
7898636190515
7898636190324
7898636190027
7898636172658
7898636171705
7898636171699
7898636171101
7898633987798
7898633987125
7898633986999
7898633985077
7898633984384
7898633983578
7898633983035
7898633980508
7898633382876
7898633382869
7898633382623
7898633382616
7898633382609
7898632476736
7898632476729
7898632476712
7898632476705
7898632476699
7898632476682
7898632476675
7898632476668
7898632476552
7898632476545
7898632476422
7898632476415
7898632476194
7898632476170
7898632476149
7898632476132
7898632476125
7898632476118
7898632476101
7898632476071
7898632476019
7898632476002
7898632475975
7898632475951
7898632475944
7898632475739
7898632475494
7898632475425
7898632475418
7898632475401
7898632475395
7898632475388
7898632475371
7898632475333
7898632475326
7898632475173
7898632475159
7898632475142
7898632475135
7898632475111
7898632475104
7898632475074
7898632475067
7898632475036
7898632475029
7898632475012
7898632475005
7898632474985
7898632474978
7898632474954
7898632474947
7898632474930
7898632474923
7898632474909
7898632474893
7898632474886
7898632474879
7898632474732
7898632474725
7898632474718
7898632474701
7898632474251
7898632474244
7898632474190
7898632473483
7898632473414
7898632473407
7898632473346
7898632473339
7898632473322
7898632473315
7898632473292
7898632473285
7898632473278
7898632473261
7898632473193
7898632473186
7898632473155
7898632473124
7898632473087
7898632473070
7898632473025
7898632473018
7898632472974
7898632472875
7898632472837
7898632472820
7898632472813
7898632472790
7898632472776
7898632472691
7898632472677
7898632472592
7898632472578
7898632472325
7898632472264
7898632472240
7898632471267
7898632471212
7898632471205
7898632471199
7898632471083
7898632470895
7898632470864
7898632470857
7898632470796
7898632470628
7898632470390
7898632470291
7898632470130
7898632470116
7898632470086
7898632470024
7898631558044
7898631557900
7898631557214
7898631557191
7898631557184
7898631557160
7898631557153
7898631557078
7898631556637
7898631556071
7898631556019
7898631555876
7898631555852
7898631554954
7898631551496
7898631551489
7898631551472
7898631550635
7898631550536
7898629149025
7898629148790
7898629148677
7898629148073
7898625792577
7898625791952
7898625791945
7898625791686
7898625791631
7898623959118
7898623959101
7898623959088
7898623959071
7898623957350
7898623957053
7898623956926
7898623956919
7898623956902
7898623956797
7898623956780
7898623956773
7898623956759
7898623956711
7898623956209
7898623956193
7898623956162
7898623955561
7898623955547
7898623955523
7898623955059
7898623954915
7898623954564
7898623954540
7898623954304
7898623954267
7898623954250
7898623953550
7898623953536
7898623953260
7898623953222
7898623953017
7898623952942
7898623952782
7898623952744
7898623952737
7898623952713
7898623952706
7898623952690
7898623952676
7898623952669
7898623952652
7898623952430
7898623952416
7898623952393
7898623952386
7898623952324
7898623951976
7898623951952
7898623951938
7898623951921
7898623951914
7898623951723
7898623951716
7898623951693
7898623951617
7898623951532
7898623951525
7898623951273
7898623951198
7898623951174
7898623951167
7898623951150
7898623951099
7898623951082
7898623950894
7898623950870
7898623950856
7898623950764
7898623950559
7898623950542
7898623950504
7898623950078
7898623950047
7898623950030
7898623950023
7898623898905
7898623244481
7898623244474
7898623244467
7898623244450
7898623244443
7898623244405
7898623244399
7898623244382
7898623244375
7898623244351
7898623244344
7898623244337
7898623244320
7898623244139
7898623244122
7898623243569
7898623243552
7898623243545
7898623243538
7898623243521
7898623243514
7898623243408
7898623243248
7898623243231
7898623243149
7898623243132
7898623243125
7898623243118
7898623243101
7898623243095
7898623242883
7898623242456
7898623242449
7898623242012
7898623241763
7898623241695
7898623241688
7898623241671
7898623241664
7898623241657
7898623241589
7898623241541
7898623241435
7898623241046
7898623240858
7898623240834
7898623240827
7898623240360
7898623240322
7898622702913
7898622119384
7898622118356
7898622117717
7898622098160
7898620402570
7898620189983
7898618045604
7898617529785
7898617529754
7898617529679
7898617527910
7898617527897
7898617527873
7898617527125
7898617524322
7898617524292
7898617524285
7898617524278
7898617524261
7898617524230
7898617524216
7898617524209
7898617524193
7898617524186
7898617523837
7898617523196
7898617523097
7898617522281
7898617522250
7898617522243
7898617522182
7898617521857
7898617521840
7898617521819
7898617521789
7898617521772
7898617521758
7898617521741
7898617521734
7898617521727
7898617521710
7898617521703
7898617520980
7898617520850
7898616444614
7898613213558
7898613212919
7898613211080
7898613211028
7898610521144
7898610379165
7898610379158
7898610379141
7898610379134
7898610379080
7898610379073
7898610379066
7898610379059
7898610378885
7898610378878
7898610378861
7898610378854
7898610378632
7898610378625
7898610378618
7898610378601
7898610378595
7898610378571
7898610378564
7898610378557
7898610378540
7898610378502
7898610378441
7898610378403
7898610378335
7898610378328
7898610378311
7898610378304
7898610378298
7898610378151
7898610378120
7898610378113
7898610378045
7898610377956
7898610377949
7898610377932
7898610377925
7898610377918
7898610377901
7898610377895
7898610377888
7898610377871
7898610377864
7898610377857
7898610377833
7898610377642
7898610377635
7898610377628
7898610377611
7898610377604
7898610377598
7898610377581
7898610377574
7898610377468
7898610377451
7898610377444
7898610377420
7898610377369
7898610377352
7898610377345
7898610377338
7898610377321
7898610377314
7898610377307
7898610377291
7898610377284
7898610377277
7898610377239
7898610377222
7898610377215
7898610377178
7898610377031
7898610377024
7898610377017
7898610377000
7898610376850
7898610376829
7898610376799
7898610376768
7898610376409
7898610376393
7898610376362
7898610376355
7898610376058
7898610376041
7898610376034
7898610376027
7898610376010
7898610376003
7898610375990
7898610375983
7898610375976
7898610375969
7898610375952
7898610375563
7898610375556
7898610375549
7898610375532
7898610375525
7898610375501
7898610375488
7898610375471
7898610375464
7898610375457
7898610375440
7898610375433
7898610375426
7898610375419
7898610375402
7898610375396
7898610375389
7898610375372
7898610375365
7898610375358
7898610375341
7898610375334
7898610375310
7898610375303
7898610375280
7898610375273
7898610375266
7898610375259
7898610375242
7898610375235
7898610375228
7898610375211
7898610375198
7898610375181
7898610375174
7898610375167
7898610375150
7898610375143
7898610375136
7898610375129
7898610375112
7898610375105
7898610375099
7898610375082
7898610375075
7898610375068
7898610375051
7898610375044
7898610375037
7898610374191
7898610374184
7898610374177
7898610374160
7898610374153
7898610374139
7898610374122
7898610374115
7898610374108
7898610374092
7898610374085
7898610374078
7898610374061
7898610374054
7898610374047
7898610374030
7898610374016
7898610374009
7898610373996
7898610373989
7898610373972
7898610373965
7898610373958
7898610373941
7898610373927
7898610373880
7898610373699
7898610373682
7898610373514
7898610373507
7898610373460
7898610373453
7898610373439
7898610373422
7898610373415
7898610373408
7898610373231
7898610373224
7898610373217
7898610373200
7898610373187
7898610373156
7898610373040
7898610373033
7898610373019
7898610373002
7898610372999
7898610372982
7898610372975
7898610372906
7898610372890
7898610372623
7898610372616
7898610372593
7898610372586
7898610372579
7898610372562
7898610372463
7898610372456
7898610372449
7898610372432
7898610372364
7898610372357
7898610372265
7898610371640
7898610371633
7898610371626
7898610371619
7898610371541
7898610371527
7898610371503
7898610371480
7898610371473
7898610371466
7898610371459
7898610371442
7898610371428
7898610371411
7898610371404
7898610371398
7898610371381
7898610371374
7898610371367
7898610371015
7898610370933
7898610370902
7898610370711
7898610370698
7898610370681
7898610370674
7898610370667
7898610370650
7898610370643
7898610370636
7898610370629
7898610370612
7898610370605
7898610370551
7898610370544
7898610370537
7898610370520
7898610370513
7898610370506
7898610370490
7898610370483
7898610370476
7898610370445
7898610370438
7898610370421
7898610370414
7898610370407
7898610370391
7898610370384
7898610370377
7898610370360
7898610370353
7898610370346
7898610370339
7898610370322
7898610370315
7898610370308
7898610370254
7898610370247
7898610370124
7898610370117
7898610370094
7898610370087
7898610370070
7898610370063
7898608959942
7898608959898
7898608959881
7898608959621
7898608959515
7898608959492
7898608959485
7898608959478
7898608959294
7898608959287
7898608959256
7898608959195
7898608959164
7898608958983
7898608958952
7898608958907
7898608958785
7898608958778
7898608958761
7898608958679
7898608958587
7898608958396
7898608958372
7898608957917
7898608957900
7898608957894
7898608957290
7898608956958
7898608956866
7898608956859
7898608956842
7898608956705
7898608956651
7898608956644
7898608956637
7898608956514
7898608956316
7898608956200
7898608956194
7898608956187
7898608955913
7898608955906
7898608955777
7898608955630
7898608955531
7898608955296
7898608955272
7898608955104
7898608955098
7898608955081
7898608954695
7898608954688
7898608954671
7898608954664
7898608954640
7898608954633
7898608954596
7898608954572
7898608954527
7898608954404
7898608954374
7898608954305
7898608954275
7898608954183
7898608954176
7898608953971
7898608953940
7898608953926
7898608953797
7898608953780
7898608953681
7898608953674
7898608953667
7898608953650
7898608953605
7898608953599
7898608953551
7898608953360
7898608953292
7898608953247
7898608953230
7898608953223
7898608953117
7898608953018
7898608952967
7898608952950
7898608952943
7898608952929
7898608952912
7898608952585
7898608952578
7898608952561
7898608952530
7898608952516
7898608952462
7898608952431
7898608952424
7898608952134
7898608952110
7898608951922
7898608951915
7898608951854
7898608951823
7898608951816
7898608951724
7898608951717
7898608951328
7898608951021
7898608950970
7898608950956
7898608950949
7898608950918
7898608950543
7898608950338
7898608950277
7898608950130
7898608950123
7898608950109
7898608950093
7898608950079
7898608950024
7898608564313
7898608562722
7898608562708
7898608560698
7898607498411
7898607490828
7898607490606
7898606742904
7898606742867
7898606742850
7898606742843
7898605330058
7898605251827
7898605222957
7898605222940
7898605222926
7898605222919
7898605222902
7898605222896
7898605222889
7898605222872
7898605222841
7898605222759
7898605222728
7898605222711
7898605222650
7898605222643
7898605222629
7898605222612
7898605222391
7898605222384
7898605222346
7898605222261
7898605222193
7898605222186
7898605221998
7898605221806
7898605221783
7898605220601
7898602520902
7898601578430
7898599217229
7898599217205
7898599217144
7898599216635
7898599216376
7898599216321
7898599216314
7898599216239
7898599216192
7898599215843
7898599215836
7898599214464
7898599214457
7898599213610
7898599213603
7898599213504
7898599213498
7898599213450
7898599213443
7898599212750
7898599212743
7898599212736
7898599212729
7898599212712
7898599212705
7898597484203
7898597484197
7898597484180
7898596916309
7898596081960
7898596080635
7898596080604
7898596080574
7898595463064
7898595272116
7898595270488
7898595270099
7898595239362
7898595239355
7898595239348
7898595239331
7898595239324
7898595239317
7898595238372
7898595238228
7898595238198
7898595238136
7898595238129
7898595237719
7898595237498
7898595237481
7898595237436
7898595237429
7898595237405
7898595237382
7898595237368
7898595237337
7898595237320
7898595237306
7898595237290
7898595237276
7898595237269
7898595237252
7898595237245
7898595237238
7898595237214
7898595237177
7898593053434
7898593053397
7898593053366
7898593053342
7898593051010
7898593050938
7898593050877
7898593050082
7898591459771
7898591459511
7898591459498
7898591459481
7898591459474
7898591459214
7898591457876
7898591457869
7898591455643
7898591454561
7898591453458
7898591453434
7898591453427
7898591453410
7898591453403
7898591451591
7898591450723
7898591450709
7898591450686
7898591450662
7898591450648
7898591450600
7898590650223
7898590650216
7898590440046
7898590338015
7898590337957
7898589684949
7898589684932
7898589684901
7898589684895
7898589684840
7898589684833
7898589684826
7898589684819
7898589684802
7898589684796
7898589684659
7898589684642
7898589684635
7898589684628
7898589684611
7898589684604
7898589684598
7898589684581
7898589684567
7898589684550
7898589684543
7898589684536
7898589684505
7898589684499
7898589684482
7898589684475
7898589684468
7898589684451
7898589684444
7898589684437
7898589684413
7898589684406
7898589684390
7898589684383
7898589684376
7898589684369
7898589684352
7898589684345
7898589684338
7898589684321
7898589684291
7898589684284
7898589684277
7898589684260
7898589684253
7898589684246
7898589684239
7898589684222
7898589684215
7898589684185
7898589684178
7898589684161
7898589682983
7898589682952
7898589682921
7898589682891
7898589682860
7898589682839
7898589682808
7898589682778
7898589682747
7898589682686
7898589682655
7898589682624
7898589682594
7898589682563
7898589682501
7898589682471
7898589682440
7898589682419
7898589682389
7898589682358
7898589682327
7898588329957
7898588329513
7898588329506
7898588329490
7898588329261
7898588329254
7898588329186
7898588329179
7898588329162
7898588329148
7898588329070
7898588329063
7898588329056
7898588329032
7898588328998
7898588328974
7898588328738
7898588328691
7898588328585
7898588328547
7898588328516
7898588328479
7898588328462
7898588328332
7898588328325
7898588328318
7898588328301
7898588328271
7898588328219
7898588327748
7898588327649
7898588327571
7898588327564
7898588327496
7898588327489
7898588326949
7898588326772
7898588326765
7898588326314
7898588326307
7898588326222
7898588326062
7898588325966
7898588325294
7898588325287
7898588324570
7898588324563
7898588324518
7898588324501
7898588324372
7898588324365
7898588323566
7898588323498
7898588323467
7898588322477
7898588322460
7898588322262
7898588321999
7898588321975
7898588321920
7898588321838
7898588321821
7898588321784
7898588321685
7898588321586
7898588321500
7898588321494
7898588321487
7898588321395
7898588321289
7898588321180
7898588320305
7898588320282
7898588320046
7898588113945
7898588113846
7898588113792
7898588113785
7898588113778
7898588113563
7898588112849
7898588112207
7898588112108
7898588112085
7898588112061
7898588111996
7898588111989
7898588111972
7898588111958
7898588111590
7898588111545
7898588111521
7898588111507
7898588110685
7898588089721
7898588089714
7898588089479
7898588086669
7898587774475
7898587774376
7898587774352
7898587774338
7898587774314
7898587766876
7898587766029
7898587764971
7898587764957
7898587764780
7898587764766
7898587762564
7898587273817
7898587273800
7898587270793
7898586631380
7898586630338
7898586630314
7898586630024
7898586630017
7898585290854
7898583470500
7898583470203
7898582683567
7898582683475
7898582683468
7898582683451
7898582683307
7898582683284
7898582683260
7898582683253
7898582683215
7898582683055
7898582683048
7898582683031
7898582683024
7898582682911
7898582682904
7898582682836
7898582682829
7898582682805
7898582682782
7898582680559
7898582680436
7898582680399
7898582680337
7898582680290
7898582680252
7898582680221
7898582680160
7898582680122
7898582680108
7898582680054
7898582680030
7898582680016
7898582382385
7898582382378
7898582382354
7898582382118
7898582381975
7898582381944
7898582381937
7898582380756
7898582380558
7898582380268
7898582380237
7898582380206
7898582380183
7898582380022
7898582380015
7898582292530
7898582292301
7898582291854
7898582291779
7898582291663
7898582290468
7898582290161
7898581711278
7898581711261
7898581711230
7898581711223
7898581711186
7898581710622
7898581710615
7898581710608
7898581710578
7898581710547
7898581710523
7898581710462
7898581710455
7898581710424
7898581710417
7898581710370
7898581710363
7898581080497
7898579487796
7898579487727
7898579487215
7898579487116
7898579486492
7898579483729
7898579483705
7898579483330
7898579482609
7898579482593
7898579482586
7898579481541
7898579481527
7898578920553
7898578521149
7898578150851
7898577810732
7898577234439
7898577232466
7898577231452
7898577231230
7898575562862
7898575562831
7898572401317
7898570575799
7898570574563
7898570573702
7898570573665
7898570573658
7898570573627
7898570573191
7898570572408
7898570572255
7898570572200
7898570571678
7898570571531
7898569765514
7898569764753
7898569764517
7898569763732
7898569763602
7898569763077
7898569762674
7898569761448
7898569760458
7898569760410
7898569760267
7898569382230
7898569380748
7898569380717
7898569380533
7898568442980
7898567794486
7898567793823
7898567792369
7898567750703
7898567750697
7898567750680
7898567750659
7898567750642
7898567750611
7898567750604
7898567750581
7898567750574
7898567750260
7898567750253
7898567750246
7898567750048
7898566829653
7898566829646
7898566829639
7898566829622
7898566829615
7898566829608
7898566826409
7898566826393
7898566826379
7898566825181
7898566825174
7898566825167
7898566825150
7898566825143
7898566825136
7898566822937
7898566789520
7898566788806
7898566788769
7898566782903
7898566782460
7898566782446
7898566782439
7898566293072
7898566293065
7898566292389
7898566292365
7898566292358
7898566292327
7898566292303
7898566292198
7898566292174
7898566292150
7898566292129
7898566291979
7898566291924
7898566291917
7898566291498
7898566290743
7898566290736
7898566290460
7898566290408
7898566290378
7898565164533
7898565164465
7898565164458
7898565164250
7898563369183
7898563364744
7898563360821
7898563360630
7898563360333
7898563360180
7898563360012
7898562372887
7898562372870
7898562371767
7898562370616
7898562370609
7898562365704
7898562359857
7898562359574
7898562359543
7898562359437
7898562359420
7898562359338
7898562359321
7898562359314
7898562359307
7898562358935
7898562358737
7898562358683
7898562358676
7898562358218
7898562358201
7898562358195
7898562358188
7898562358164
7898562358096
7898562358089
7898562357969
7898562357945
7898562357785
7898562357594
7898562357570
7898562357280
7898562357228
7898562357211
7898562356757
7898562356740
7898562356429
7898562356412
7898562356375
7898562356368
7898562356351
7898562356122
7898562356115
7898562355927
7898562355910
7898562355873
7898562355620
7898562355606
7898562355170
7898562355163
7898562354821
7898562354807
7898562354760
7898562354555
7898562354531
7898562354456
7898562354449
7898562354432
7898562354425
7898562354333
7898562354319
7898562354050
7898562353084
7898562353060
7898562352858
7898562352841
7898562352827
7898562352810
7898562352797
7898562352780
7898562352223
7898562352216
7898562352162
7898562352148
7898562352063
7898562352056
7898562351820
7898562351790
7898562351721
7898562351714
7898562351479
7898562351462
7898562351424
7898562351417
7898562351394
7898562351103
7898562350052
7898562350045
7898560666865
7898560665097
7898560664335
7898560664137
7898560661563
7898558511047
7898556850674
7898556850667
7898556850650
7898556850643
7898556850636
7898556850612
7898556850582
7898556850209
7898556757379
7898556757294
7898556757249
7898556757157
7898556757072
7898556757065
7898556757034
7898556756952
7898556756921
7898556756860
7898556756846
7898556756839
7898556756761
7898556756747
7898556756730
7898556756723
7898556756709
7898556756693
7898556756686
7898556756679
7898556756341
7898556756310
7898556756303
7898556756297
7898556756280
7898556756273
7898556756082
7898556755931
7898556755924
7898556755900
7898556755887
7898556755870
7898556755863
7898556755375
7898556755368
7898556755122
7898556755023
7898556754798
7898556754781
7898556754774
7898556754767
7898556754422
7898556754415
7898556754408
7898556754392
7898556754354
7898556754316
7898556754309
7898556753883
7898556752954
7898556752879
7898556752510
7898556752473
7898556752398
7898556752381
7898556752374
7898556752343
7898556751551
7898555807129
7898555807037
7898555801912
7898549756631
7898549756624
7898549756617
7898549755627
7898549350198
7898549344500
7898548356344
7898547242907
7898546726163
7898545646981
7898543384663
7898543384625
7898543384601
7898543380627
7898543380610
7898542317051
7898542316160
7898541105048
7898539399312
7898539392122
7898539010194
7898538970437
7898538970413
7898538970215
7898538970208
7898538299217
7898538296780
7898538295998
7898538295882
7898538292805
7898538009021
7898538008895
7898538008826
7898538007997
7898538007539
7898538005924
7898538005382
7898538005368
7898538004880
7898533939880
7898532708395
7898532211666
7898532211321
7898532210676
7898532210669
7898532210645
7898532210607
7898532210553
7898528401705
7898527127859
7898527127828
7898527127811
7898527127798
7898527127750
7898527127361
7898527127323
7898527127293
7898527127217
7898527127200
7898527126586
7898527125879
7898525587709
7898525587693
7898525587686
7898525587679
7898525587525
7898525587303
7898525586931
7898525586917
7898525586856
7898525586726
7898525584463
7898525580021
7898524349957
7898524349537
7898524349513
7898524349452
7898524349445
7898524349438
7898524349278
7898524349261
7898524349223
7898524349216
7898524349155
7898524348899
7898524348745
7898524348714
7898524348639
7898524348523
7898524348516
7898524348509
7898524348493
7898524348479
7898524347946
7898524347939
7898524347588
7898524347021
7898524347014
7898524347007
7898524346987
7898524346932
7898524346826
7898524346659
7898524346277
7898524346246
7898524345096
7898524344914
7898524344907
7898524344808
7898524344792
7898524344587
7898524344518
7898524344365
7898524341920
7898524341753
7898524341715
7898523202451
7898523202239
7898523202147
7898523202048
7898523202000
7898523201997
7898523201980
7898523201973
7898523201935
7898523201881
7898523201638
7898523200334
7898521378820
7898519450279
7898519450262
7898518430401
7898518430302
7898518430104
7898518430043
7898516939630
7898516926739
7898516892751
7898516892744
7898516892737
7898513474998
7898513472383
7898513472376
7898513472369
7898513472352
7898513472345
7898512862123
7898508020469
7898508020025
7898506729333
7898506722327
7898506722211
7898506721832
7898506721382
7898506721337
7898506720361
7898506467839
7898506451968
7898506259786
7898506259724
7898506259687
7898506259663
7898506259502
7898506259434
7898506258970
7898506258963
7898506258697
7898506258543
7898506258413
7898506258383
7898506258352
7898506258338
7898506258178
7898506258161
7898506258109
7898506258093
7898506257898
7898506257843
7898506257829
7898506257799
7898506257614
7898506257584
7898506257164
7898506256945
7898506256921
7898506256891
7898506256860
7898506256587
7898506256327
7898506256310
7898506256266
7898506256242
7898506256211
7898506256204
7898506256181
7898506256167
7898506256136
7898506256105
7898506256044
7898506255818
7898506255238
7898506255139
7898506254996
7898506254972
7898506254897
7898506254682
7898506254668
7898506254217
7898506254187
7898506254118
7898506253715
7898506253609
7898506252817
7898506252251
7898506250127
7898506250097
7898506250080
7898506250059
7898506250011
7898504928554
7898504927359
7898504396810
7898504390931
7898504390917
7898504389850
7898504383421
7898504383346
7898504383247
7898504383209
7898504382929
7898504382882
7898503180632
7898503180618
7898503180588
7898503180427
7898503180335
7898503180205
7898503180175
7898503180151
7898503180144
7898503180090
7898502739428
7898502739022
7898502738995
7898502738988
7898502738964
7898502738759
7898502738711
7898502734027
7898502733860
7898502733648
7898502733631
7898502733594
7898502522600
7898499249672
7898499248132
7898499242833
7898496354539
7898495607889
7898495603812
7898489521177
7898489521153
7898489521139
7898489521122
7898489513127
7898489511888
7898489511086
7898489511048
7898489511024
7898489511017
7898488471169
7898488470384
7898488470315
7898488012249
7898488011860
7898488011266
7898488011228
7898488011051
7898488010801
7898488010795
7898488010788
7898488010771
7898488010757
7898488010740
7898488010238
7898488010160
7898488010047
7898487297258
7898486485113
7898483538942
7898483152605
7898483152599
7898483152582
7898483152575
7898483152568
7898483152537
7898483152520
7898483152308
7898483152292
7898483152285
7898483152278
7898483152261
7898483152254
7898483152247
7898483152230
7898483152223
7898483152216
7898483152209
7898483152193
7898483152186
7898483152179
7898483152162
7898483152155
7898483152148
7898483152131
7898483152124
7898483152117
7898483152100
7898483152094
7898483152087
7898483152070
7898483152063
7898483152056
7898483152049
7898483152032
7898483152025
7898483152018
7898483151981
7898483151974
7898483151851
7898483151844
7898483151776
7898483151745
7898483151738
7898483151714
7898483151707
7898483151677
7898483151660
7898483151646
7898483151530
7898483151493
7898483151486
7898483151479
7898483151462
7898483151455
7898483151448
7898483151431
7898483151387
7898483151363
7898483151356
7898483151349
7898483151318
7898483151301
7898483151295
7898483151165
7898483151158
7898483151110
7898483151103
7898483151028
7898483150663
7898483150625
7898483150618
7898483150601
7898483150595
7898483150588
7898483150298
7898483150281
7898483150274
7898483150267
7898483150182
7898483150175
7898483150168
7898483150113
7898483150106
7898483150007
7898481573495
7898481573488
7898481570852
7898481570838
7898481570821
7898481401569
7898481400661
7898481400159
7898481400135
7898481400111
7898476328710
7898476326136
7898476326112
7898476321476
7898474845103
7898474845097
7898474845080
7898474845073
7898474844861
7898474844823
7898474844793
7898474844748
7898474844717
7898474844687
7898474844656
7898474844625
7898474844595
7898474844564
7898474844533
7898474844502
7898474844472
7898474844250
7898474844243
7898474844236
7898474844229
7898474844205
7898474844182
7898474841594
7898474841570
7898474841273
7898474841075
7898474841037
7898474840597
7898474840573
7898474840566
7898474840559
7898474840535
7898474840528
7898474840047
7898474840016
7898472262759
7898472262735
7898472262711
7898472262612
7898472262605
7898472262582
7898472262575
7898472253092
7898468516224
7898468503743
7898468503583
7898468503569
7898468503552
7898468503545
7898468503538
7898468503521
7898468503514
7898468503507
7898468503491
7898467260470
7898461578366
7898461578304
7898461574559
7898460986063
7898460985158
7898460985103
7898460984946
7898460973063
7898460973049
7898460973032
7898460973018
7898460973001
7898460972981
7898460972943
7898460972936
7898460972912
7898452173273
7898449405967
7898449405936
7898449394971
7898449393899
7898449393684
7898449393554
7898449393547
7898449082892
7898447978463
7898447978265
7898447977930
7898447977763
7898447977749
7898447977732
7898447977718
7898447977695
7898447977688
7898447977671
7898447977329
7898447977022
7898447976766
7898447975899
7898447974410
7898447974380
7898447974342
7898447974335
7898447974311
7898447973970
7898447973963
7898447973826
7898447973802
7898447973581
7898447971136
7898447970955
7898447970931
7898446561161
7898441790191
7898440880138
7898433202565
7898433202299
7898433200783
7898432536951
7898432536937
7898432536876
7898432536845
7898432536838
7898432536814
7898432530386
7898430195099
7898430195006
7898430194979
7898430194849
7898430194757
7898430194719
7898430194702
7898430194696
7898430194689
7898430194634
7898430194603
7898430194597
7898430194535
7898430194504
7898430194498
7898430194474
7898430194467
7898430194399
7898430194368
7898430194344
7898430194320
7898430194306
7898430194252
7898430194238
7898430194177
7898430194115
7898430194108
7898430194092
7898430194085
7898430194054
7898430194016
7898430193989
7898430193590
7898430193484
7898430193477
7898430193309
7898430193026
7898430193019
7898430192937
7898430192920
7898430192913
7898430192906
7898430192876
7898430192869
7898430192852
7898430192845
7898430192692
7898430192548
7898430192524
7898430192449
7898430192425
7898430192258
7898430192241
7898430192166
7898430192067
7898430191992
7898430191978
7898430191947
7898430191923
7898430191893
7898430191879
7898430191718
7898430191541
7898430191336
7898430191206
7898430191084
7898430191039
7898430191008
7898430190872
7898428606071
7898426278843
7898422751746
7898422749958
7898422746827
7898422746759
7898422746216
7898422746179
7898422745301
7898421993581
7898421993321
7898421990108
7898420971672
7898420971627
7898420971610
7898420971603
7898419476584
7898419157728
7898418037533
7898418036130
7898418036123
7898417966247
7898417966186
7898417965875
7898417963123
7898417963093
7898417963086
7898417963062
7898417963055
7898417963048
7898417963031
7898417963024
7898417963017
7898417962690
7898417962683
7898417746856
7898416839931
7898416834806
7898416834790
7898416834783
7898416834363
7898416834356
7898416834295
7898416834158
7898416834035
7898416834028
7898416834011
7898416834004
7898416830563
7898416830549
7898416830525
7898416830518
7898416830501
7898416830495
7898416830488
7898416830471
7898416830464
7898416830389
7898416830143
7898416830136
7898416830129
7898416830105
7898416830099
7898416830082
7898416447228
7898416447204
7898416443008
7898416442995
7898415822019
7898415821012
7898415012670
7898414853212
7898414852604
7898414852598
7898414852581
7898414852420
7898414851966
7898414851911
7898414851553
7898414850891
7898414850242
7898413661481
7898413661474
7898413661443
7898413661429
7898413661412
7898413661405
7898413661382
7898413661351
7898413661344
7898413661320
7898413013136
7898413012740
7898413010586
7898412977316
7898412973783
7898412973394
7898411976372
7898411819563
7898411816456
7898411816449
7898411815732
7898411813127
7898410319958
7898410319934
7898410319675
7898410319668
7898410319651
7898410319644
7898410319637
7898410319620
7898410319613
7898410319606
7898410318135
7898410315073
7898410315059
7898410315035
7898410314786
7898410314700
7898410313789
7898410313635
7898410313581
7898410313574
7898410312683
7898410312362
7898410312270
7898410312089
7898410311914
7898410311907
7898410311891
7898410311815
7898410310399
7898410310344
7898410045222
7898405069493
7898405069486
7898405068663
7898405068632
7898405068595
7898405068588
7898405068151
7898405068137
7898405067970
7898405067963
7898405067932
7898405067925
7898405067901
7898405067895
7898405067871
7898405067864
7898405067758
7898405067741
7898405067727
7898405067710
7898405067574
7898405067567
7898405067482
7898405067475
7898405067086
7898405066270
7898405066263
7898405065976
7898405065969
7898405065945
7898405065938
7898405065563
7898405065556
7898405065471
7898405065464
7898405065440
7898405065433
7898405065389
7898405065372
7898405065150
7898405065143
7898405065129
7898405065099
7898405065075
7898405065068
7898405065044
7898405065037
7898405064986
7898405064979
7898405064771
7898405064764
7898405064603
7898405064597
7898405064290
7898405064283
7898405064276
7898405064078
7898405064061
7898405064030
7898405064023
7898405063910
7898405063873
7898405063767
7898405063750
7898405063729
7898405063712
7898405063705
7898405063675
7898405063644
7898405063613
7898405063606
7898405063590
7898405063156
7898405063149
7898405062852
7898405062845
7898405062371
7898405062364
7898405062227
7898405062210
7898405062180
7898405062173
7898405061633
7898405061626
7898405061206
7898405061190
7898405061176
7898405061107
7898405061091
7898405060964
7898405060636
7898405060629
7898405060568
7898405060551
7898405060346
7898405060339
7898395336193
7898395335844
7898395335400
7898395335103
7898395335035
7898395333901
7898395333734
7898395333659
7898395333451
7898395333444
7898395333420
7898395333314
7898395333062
7898395332997
7898395332652
7898392800277
7898392800178
7898392800161
7898392800055
7898391072897
7898391072668
7898391071692
7898391070503
7898391070374
7898391070367
7898379296000
7898379222702
7898379222689
7898374653242
7898369692799
7898369692768
7898369692720
7898369690788
7898369690771
7898369690764
7898369690757
7898369690740
7898369690733
7898369690726
7898369690719
7898369690115
7898369690108
7898369690092
7898369690085
7898369690078
7898369690061
7898362010019
7898358380638
7898358380614
7898352915065
7898352915058
7898352915041
7898352915034
7898352914945
7898352914938
7898352914921
7898352914914
7898352914907
7898352914891
7898352914792
7898352914785
7898352914778
7898352914761
7898352914754
7898352914747
7898352914723
7898352914624
7898352914587
7898352914235
7898352914228
7898352914129
7898352914112
7898352914105
7898352914099
7898352914082
7898352914075
7898352914044
7898352914013
7898352913986
7898352913887
7898352913801
7898352913641
7898352913634
7898352913627
7898352913610
7898352913559
7898352913221
7898352913214
7898352913207
7898352912828
7898352912811
7898352912781
7898352912699
7898352912682
7898352912576
7898352912569
7898352912552
7898352912545
7898352912538
7898352912507
7898352912491
7898352912354
7898352912293
7898352912286
7898352912279
7898352912262
7898352912231
7898352912224
7898352912217
7898352912200
7898352912187
7898352912163
7898352912156
7898352912132
7898352912118
7898352911555
7898352910725
7898352910602
7898350882925
7898350882918
7898350882857
7898350882826
7898350670027
7898343707068
7898343702094
7898343701851
7898343701530
7898343701523
7898343701295
7898343701264
7898343701240
7898343701233
7898343701226
7898343701219
7898330223762
7898330223113
7898322522798
7898322521654
7898322343638
7898322342242
7898312241821
7898306210239
7898306210024
7898306087435
7898303265232
7898303265225
7898303264815
7898303264327
7898303264310
7898303264129
7898303263870
7898303263597
7898303263122
7898303260671
7898303260664
7898303260657
7898303260640
7898302728011
7898302728004
7898302727977
7898302727960
7898302727953
7898302727946
7898302727939
7898302727922
7898302727540
7898302727526
7898302727380
7898302727274
7898302727267
7898302727250
7898302725331
7898302722552
7898302722507
7898302722439
7898302722415
7898302722132
7898302722125
7898302722118
7898302722095
7898302722088
7898302722071
7898302722033
7898302722026
7898301059888
7898301059871
7898301059680
7898301059673
7898301059635
7898301059345
7898301059024
7898301059017
7898301058508
7898301057488
7898301057402
7898301057372
7898301057358
7898301057341
7898301057105
7898301056993
7898301056740
7898301056733
7898301056726
7898301056504
7898301056412
7898301056351
7898301051318
7898301051035
7898300579110
7898300578915
7898300575822
7898300574856
7898300574849
7898300574719
7898300574702
7898300574511
7898300574344
7898300574061
7898300573439
7898300573422
7898300573101
7898300572838
7898300571879
7898300571862
7898300570438
7898300570193
7898300570186
7898300570117
7898294072086
7898294071850
7898294071775
7898289786417
7898289786400
7898289786394
7898289786134
7898289142916
7898289140493
7898288551962
7898288551931
7898286945060
7898286945053
7898286945022
7898286945015
7898286945008
7898286942823
7898286940867
7898286940850
7898286940676
7898286940669
7898286940614
7898286940607
7898286940584
7898286940577
7898286940560
7898286940553
7898286940218
7898286940195
7898286940171
7898286940164
7898286541613
7898286541163
7898283858288
7898283858202
7898283857984
7898283857953
7898283857922
7898283857861
7898283857847
7898283857823
7898283857809
7898283857670
7898283857656
7898283857465
7898283856987
7898283856772
7898283856581
7898283856567
7898283856543
7898283856529
7898283856369
7898283856161
7898283856109
7898283856079
7898283856031
7898283855959
7898283855522
7898283855492
7898283854785
7898283854686
7898283854440
7898283854259
7898283854037
7898283853771
7898283853726
7898283853672
7898283853412
7898283851517
7898283818626
7898283816561
7898283815724
7898283815335
7898283815328
7898283815311
7898283815182
7898283815090
7898283814680
7898283814673
7898283814666
7898283814659
7898283814505
7898283814499
7898283814482
7898283814475
7898283814406
7898283810750
7898283810743
7898281098334
7898281098327
7898281098310
7898281098303
7898279799823
7898279798307
7898279795061
7898279794859
7898279794842
7898279794521
7898279792077
7898279791179
7898279791162
7898279790776
7898279790417
7898279790400
7898279790394
7898279790387
7898277713302
7898277713272
7898277712480
7898277712473
7898273123020
7898270217142
7898270190001
7898270153792
7898270153075
7898270153013
7898270152955
7898270152160
7898270151989
7898270151804
7898270151712
7898270151682
7898270002328
7898268963457
7898265325678
7898265325630
7898265325616
7898265325579
7898265325562
7898265325555
7898265325531
7898265325524
7898265325517
7898265325500
7898265325494
7898265325395
7898265325371
7898265325210
7898265325203
7898265325180
7898265325173
7898265325166
7898265325081
7898265325074
7898265325036
7898265325012
7898265324985
7898265324978
7898265324831
7898265324695
7898265324671
7898265324664
7898265324657
7898265324572
7898265324565
7898265324190
7898265324169
7898265324152
7898265324039
7898258953208
7898258953192
7898258952898
7898258951563
7898258951556
7898258951549
7898258951099
7898258950993
7898258950849
7898258950443
7898258628120
7898258628113
7898258628076
7898258628069
7898258627994
7898258627819
7898258627802
7898258627796
7898258627741
7898258627451
7898258627437
7898258627314
7898258627307
7898258627291
7898258627284
7898258627185
7898258627154
7898258626942
7898258626935
7898258626720
7898258626706
7898258626676
7898258626645
7898258626638
7898258626621
7898258626614
7898258626591
7898258626430
7898258626423
7898258626416
7898258626409
7898258626393
7898258626294
7898258626003
7898258625983
7898258625822
7898258625631
7898258625167
7898258624610
7898258624603
7898258624542
7898258624535
7898258624504
7898258624474
7898258624467
7898258624450
7898258624436
7898258624429
7898258624344
7898258624023
7898258624016
7898258623996
7898258623989
7898258623972
7898258623958
7898258623927
7898258623903
7898258623811
7898258623446
7898258623286
7898258623170
7898258622852
7898258622814
7898258622739
7898258622722
7898258622715
7898258622685
7898258622678
7898258622661
7898258622654
7898258622630
7898258622623
7898258622616
7898258622425
7898258622395
7898258622364
7898258622234
7898258622227
7898258622210
7898258622081
7898258622043
7898258621992
7898258621770
7898258621688
7898258621268
7898258621251
7898258621244
7898258621190
7898258621183
7898258620988
7898258620971
7898258620964
7898258620940
7898258620933
7898258620926
7898258620902
7898258620896
7898258620889
7898258620872
7898258620865
7898258620858
7898258620841
7898258620759
7898258620698
7898258620681
7898258620575
7898258620025
7898254114795
7898254114788
7898254100057
7898248392949
7898248392932
7898248392918
7898248392895
7898248392888
7898248392871
7898248392864
7898248392840
7898248392772
7898248392765
7898248392741
7898248392734
7898248392727
7898248392710
7898248392703
7898248392697
7898248392673
7898248392635
7898248392444
7898247313365
7898244721293
7898244721118
7898244721026
7898244720883
7898244720852
7898244720661
7898244720371
7898244720265
7898244720173
7898244720159
7898244720135
7898244720104
7898244720067
7898244720050
7898244720036
7898225529641
7898225529061
7898225528217
7898225527265
7898225527203
7898225527159
7898225527142
7898225527104
7898225527098
7898225527074
7898225527043
7898225527036
7898225526497
7898225526213
7898225525148
7898225525124
7898225523991
7898225523908
7898225523595
7898225523588
7898225523106
7898225523090
7898225523076
7898225522628
7898225522499
7898225522390
7898225521942
7898225521751
7898225521263
7898225520884
7898225520600
7898222833307
7898222833291
7898222833260
7898222833253
7898222833239
7898222833222
7898222833192
7898222833185
7898222833123
7898222832881
7898222832829
7898222832089
7898222831761
7898222831754
7898222831730
7898222831662
7898222831440
7898222830481
7898222820628
7898222820611
7898222820604
7898222820581
7898222813330
7898217632380
7898216368051
7898216368037
7898216368013
7898216367993
7898216367955
7898216366583
7898216365500
7898216365166
7898216364930
7898216364527
7898216364510
7898216364367
7898216364305
7898216363537
7898216362431
7898216361595
7898216361380
7898216361373
7898216361311
7898216360963
7898216360949
7898216360864
7898216360734
7898216360598
7898216360420
7898216360239
7898212288728
7898212288698
7898212288681
7898212288650
7898212288643
7898212288636
7898212288599
7898212288520
7898212288513
7898212288506
7898212288490
7898212288483
7898212288254
7898212288247
7898212288230
7898212288223
7898212288087
7898212288070
7898212287592
7898212287585
7898212287561
7898212287554
7898212287516
7898212287509
7898212287493
7898212287479
7898212287417
7898212287400
7898212287394
7898212287387
7898212287370
7898212287363
7898212287332
7898212287288
7898212287226
7898212287141
7898212287127
7898212287110
7898212287103
7898212287097
7898212287080
7898212287073
7898212287066
7898212286991
7898212286977
7898212286946
7898212286939
7898212286922
7898212286915
7898212286809
7898212286731
7898212286724
7898212286717
7898212286694
7898212286670
7898212286656
7898212286632
7898212286625
7898212286595
7898212286571
7898212286557
7898212286540
7898212286533
7898212286526
7898212285987
7898212285703
7898212285475
7898212285468
7898212285345
7898212285338
7898212285314
7898212285291
7898212285215
7898212285208
7898212285031
7898212285017
7898212284690
7898212284683
7898212284348
7898212284331
7898212283372
7898212283341
7898212283334
7898212283327
7898212283310
7898212282948
7898212282627
7898212282610
7898212282603
7898212282597
7898212282535
7898212282436
7898212282276
7898212282214
7898212281958
7898212281934
7898212281736
7898212281576
7898212281477
7898212281415
7898212281408
7898212280999
7898212280982
7898212280975
7898212280944
7898212280739
7898212280722
7898212280715
7898212280708
7898212280661
7898212280500
7898212280470
7898212280227
7898212280203
7898212280197
7898212280142
7898212280050
7898212280043
7898211383837
7898211383752
7898211383738
7898211383295
7898211383288
7898211382977
7898211382960
7898211382946
7898211382809
7898211382748
7898211382731
7898211382717
7898211382632
7898211382168
7898211382151
7898211382076
7898211382069
7898211382045
7898211381932
7898211381925
7898211381918
7898211381604
7898211380911
7898211380850
7898211380775
7898211380652
7898211380362
7898211380355
7898209182541
7898209182398
7898207210604
7898207210208
7898198175180
7898197415638
7898197415584
7898185416869
7898185416678
7898185416371
7898185416364
7898185416227
7898185416210
7898185416203
7898185415183
7898185415176
7898185414810
7898185414667
7898185414209
7898185414049
7898185413738
7898185413714
7898185413301
7898185413288
7898185413196
7898185411550
7898185410621
7898184464434
7898184464410
7898184464403
7898184464397
7898184464380
7898184464373
7898184464366
7898184464342
7898184464335
7898184464311
7898184464304
7898184464298
7898184464281
7898184464267
7898184464250
7898184464243
7898184464236
7898184464229
7898184464212
7898184464205
7898184464199
7898184464182
7898179823024
7898172862938
7898172862921
7898172862914
7898172862907
7898172862891
7898172860248
7898172860231
7898172860224
7898172860217
7898172860071
7898172860064
7898172860057
7898172860040
7898172860033
7898172860026
7898170659110
7898170659004
7898170658540
7898170658526
7898170658519
7898170657130
7898170657123
7898170657116
7898170657109
7898170657093
7898170657086
7898170657079
7898170657062
7898170657048
7898170657031
7898170657024
7898170657017
7898170657000
7898170656065
7898170656058
7898170656010
7898170656003
7898170655310
7898170655303
7898170655297
7898170655280
7898170655273
7898170655266
7898170655259
7898170655242
7898170655198
7898170655068
7898170655051
7898170655013
7898170655006
7898169080642
7898169080611
7898169080123
7898169080116
7898168007015
7898168005646
7898168001303
7898168001280
7898168001259
7898168001242
7898168001167
7898168001150
7898168000481
7898168000290
7898166040342
7898158693129
7898158693112
7898158691576
7898158691170
7898158690517
7898158690401
7898158690395
7898158498786
7898157729959
7898157729942
7898157616815
7898157616754
7898157616723
7898157616419
7898157616310
7898157616280
7898157616273
7898157616266
7898157616259
7898157616242
7898157616235
7898157616228
7898157614651
7898157614316
7898157613920
7898157304187
7898157301186
7898157238017
7898157237065
7898157235238
7898157235221
7898157234606
7898157233418
7898157233326
7898157232787
7898157232763
7898157230660
7898157230653
7898152668079
7898151546866
7898151540710
7898148299317
7898148299010
7898148298914
7898148298877
7898148298587
7898148298037
7898148297542
7898148295210
7898148295159
7898148295012
7898148294473
7898148294381
7898148294121
7898148293858
7898148293834
7898148293810
7898148292936
7898148291298
7898148291267
7898146827826
7898146826867
7898146825426
7898146825358
7898146825280
7898146825129
7898146824450
7898146823460
7898146823422
7898146823385
7898146823064
7898146823040
7898146823026
7898146822418
7898146821633
7898146820865
7898146820827
7898146820803
7898146820759
7898146820612
7898146820582
7898142853720
7898135701540
7898135701526
7898133139277
7898133139260
7898133139253
7898133139239
7898133138898
7898133137969
7898133137372
7898133137358
7898133137310
7898133137297
7898133136047
7898133135248
7898133134784
7898133134760
7898133134753
7898133131509
7898133131066
7898133131059
7898133131011
7898133130410
7898132989668
7898132989460
7898132989453
7898132989415
7898132989408
7898132989392
7898132989385
7898132989378
7898132989361
7898132989354
7898132989347
7898132989330
7898132989323
7898132989316
7898132989309
7898132989293
7898132989286
7898132989279
7898132989262
7898132989255
7898132989248
7898132989231
7898132989217
7898132989187
7898132989163
7898132989156
7898132989118
7898132989064
7898132989019
7898132989002
7898132988975
7898132988845
7898132988791
7898132988593
7898132987794
7898132987732
7898132987718
7898132987701
7898132987695
7898132987688
7898132987671
7898132987664
7898132987657
7898132987183
7898132987121
7898132987114
7898132987107
7898132987091
7898132986674
7898132986414
7898132986407
7898132986032
7898132985783
7898132984922
7898132984908
7898132984885
7898132984854
7898132984830
7898132983635
7898132982409
7898132982393
7898132982379
7898132982331
7898132982317
7898132982300
7898132982294
7898132982270
7898132982263
7898132981884
7898132981853
7898132981815
7898132981778
7898132981044
7898132980917
7898132980849
7898132980825
7898132980764
7898132980726
7898132980672
7898132980641
7898132980610
7898132980603
7898132980498
7898132847579
7898132847531
7898132847524
7898132847517
7898132847500
7898132847494
7898132847364
7898132847340
7898132847333
7898132847326
7898132847319
7898132847302
7898132847067
7898132847064
7898132847057
7898132847050
7898132847043
7898132847040
7898132847036
7898132847005
7898132846992
7898130550013
7898129992084
7898126409608
7898126409523
7898126409240
7898126407932
7898126407888
7898126407864
7898126407802
7898126407796
7898126407789
7898126407772
7898126407727
7898126407611
7898126407604
7898126407598
7898126407581
7898126407567
7898126407550
7898126407543
7898126407536
7898126407314
7898126406690
7898126406287
7898126406270
7898126405846
7898126405839
7898126405815
7898126405792
7898126404986
7898126404962
7898126404191
7898126404184
7898126404177
7898126404160
7898126404092
7898126404078
7898126404061
7898126404054
7898126403651
7898126403491
7898126403477
7898126403453
7898126403187
7898126403095
7898126403088
7898126403071
7898126402876
7898126402258
7898126402241
7898126401190
7898126400988
7898126400728
7898126400674
7898126400414
7898126400353
7898126400346
7898126400278
7898126400261
7898126400254
7898126400247
7898126400117
7898126400087
7898125116095
7898125112288
7898119186103
7898119104015
7898119103933
7898119103926
7898119103865
7898119103711
7898119103704
7898119103605
7898109241706
7898108641781
7898108641682
7898108640586
7898108640579
7898108640197
7898108640074
7898103651068
7898101645199
7898101643133
7898101643065
7898101640163
7898101640125
7898101640064
7898100861880
7898100268290
7898100243792
7898100243211
7898100243150
7898100243143
7898100243112
7898100242900
7898100242757
7898100242719
7898100241606
7898100241583
7898100240777
7898099063173
7898099062558
7898096577840
7898096577673
7898096577567
7898096577031
7898095297169
7898095296018
7898089300189
7898089300059
7898089300042
7898087340347
7898087340125
7898087340040
7898086995029
7898086992110
7898086992080
7898086730323
7898085947579
7898085945049
7898085943847
7898085943809
7898085942024
7898079009559
7898079009122
7898079006770
7898079006404
7898079005728
7898079005704
7898079003175
7898079003144
7898079003120
7898079003113
7898079003106
7898079002963
7898079002956
7898079002864
7898079001546
7898079001416
7898079001386
7898079001355
7898079001300
7898079001027
7898079000938
7898079000563
7898079000549
7898079000495
7898079000440
7898079000433
7898079000419
7898079000358
7898079000334
7898079000327
7898079000310
7898079000303
7898079000235
7898079000150
7898079000143
7898079000136
7898079000129
7898078763810
7898078763643
7898078762141
7898078762073
7898078762042
7898078761991
7898078761816
7898078761731
7898078761656
7898078761618
7898078761601
7898078761595
7898078761564
7898078761557
7898078761526
7898078759554
7898078757628
7898078752241
7898078751312
7898078319826
7898078318607
7898078318539
7898078318416
7898078318225
7898078318058
7898078318041
7898078318034
7898078317983
7898078317914
7898078317211
7898078317174
7898078317068
7898078316986
7898078316894
7898078316757
7898078316740
7898078314838
7898078314821
7898078314418
7898078314401
7898078313985
7898078313930
7898078313879
7898078313718
7898078313701
7898078313695
7898078313688
7898078311455
7898078311431
7898078311325
7898078311318
7898075318259
7898075317962
7898075317955
7898075311854
7898075310192
7898075310031
7898074618442
7898074618183
7898074618091
7898074617803
7898074617438
7898074617322
7898074616943
7898074616073
7898074615212
7898074614857
7898074614178
7898074613010
7898074610453
7898067615793
7898060137544
7898055421818
7898055421740
7898052430002
7898049794683
7898049790586
7898049790463
7898049790180
7898048136668
7898048136637
7898048131243
7898048131236
7898040329952
7898040329792
7898040329785
7898040329761
7898040329747
7898040329716
7898040329655
7898040329648
7898040329587
7898040329570
7898040329471
7898040329464
7898040329440
7898040329181
7898040329174
7898040329082
7898040328900
7898040328627
7898040328610
7898040328603
7898040328597
7898040328573
7898040328566
7898040328535
7898040328481
7898040328474
7898040328412
7898040328368
7898040328313
7898040328306
7898040328290
7898040328108
7898040328078
7898040328023
7898040328016
7898040327996
7898040327989
7898040326524
7898040326463
7898040326425
7898040326357
7898040325787
7898040325466
7898040325404
7898040325299
7898040325282
7898040325237
7898040325008
7898040324971
7898040324957
7898040324940
7898040324728
7898040324520
7898040324438
7898040324223
7898040323905
7898040323899
7898040323806
7898040323769
7898040323288
7898040323202
7898040323141
7898040322786
7898040322748
7898040322700
7898040322687
7898040322670
7898040322564
7898040322540
7898040322441
7898040322205
7898040322120
7898040321871
7898040321550
7898040321512
7898040321505
7898040321499
7898040321420
7898040321406
7898040321390
7898040321376
7898040321345
7898040321291
7898040321284
7898040321253
7898040321079
7898040320973
7898040320942
7898040320928
7898040320768
7898040320683
7898040320584
7898039566610
7898039566504
7898039566498
7898039566481
7898039566474
7898039566467
7898039566047
7898039566030
7898039565507
7898039565484
7898039565460
7898039563732
7898039563664
7898039562582
7898039561493
7898037086639
7898037084956
7898037084901
7898037080859
7898037080460
7898037080354
7898037080163
7898031312697
7898031311782
7898031311034
7898031310945
7898031310730
7898031310327
7898031310174
7898031310150
7898029558816
7898029558809
7898029558755
7898029557154
7898029557123
7898029556829
7898029556539
7898029552210
7898029552203
7898029552135
7898029552128
7898029551848
7898029551787
7898029551770
7898029550834
7898029550827
7898029550803
7898029550766
7898029550421
7898029550353
7898029550339
7898029550247
7898029550216
7898029550063
7898027870248
7898024398837
7898024398813
7898024398806
7898024398790
7898024398783
7898024396482
7898024395331
7898024393191
7898024393184
7898021639261
7898021639254
7898021639247
7898021635676
7898021635669
7898021635652
7898021635607
7898021635584
7898021635577
7898021635522
7898021635515
7898021635508
7898021635140
7898021635133
7898021634525
7898021633061
7898021633030
7898021632422
7898021632415
7898021632408
7898021631319
7898021630411
7898014567410
7898014562897
7898014562279
7898014561333
7898014560077
7898010920066
7898009439845
7898009437728
7898009437636
7898009437575
7898009437353
7898009434604
7898009433171
7898009431290
7898009431283
7898009431276
7898009431160
7898009431146
7898009430903
7898009430149
7898009430132
7898008554259
7898008554136
7898008554105
7898008554082
7898008554075
7898008554068
7898008554006
7898008552835
7898008552798
7898008552774
7898008552194
7898008552170
7898008552163
7898008551883
7898008551418
7898008551388
7898008550725
7898008550718
7898008550701
7898008550374
7898008550220
7898008550206
7898008550176
7898008550138
7898008550053
7898008550022
7898007677270
7898005719828
7898005719224
7898002436322
7898002436247
7898002435936
7898002435868
7898002435684
7898002435042
7898002434939
7898002434724
7898002434700
7898002434625
7898002434519
7898002434403
7898002433710
7898002433611
7898002433246
7898002433147
7898002433062
7898002432713
7898002432447
7898002432423
7897982205409
7897975050733
7897975037031
7897975017286
7897975015695
7897975010676
7897947621183
7897947621176
7897947620957
7897947620940
7897947620933
7897947620773
7897947620766
7897947620759
7897947620735
7897947620605
7897947620582
7897947620551
7897947620520
7897947620513
7897947620506
7897947620490
7897947620445
7897947620421
7897947620247
7897947620230
7897947620223
7897947620193
7897947620186
7897947619593
7897947619586
7897947619579
7897947619555
7897947619548
7897947619531
7897947619524
7897947619517
7897947618008
7897947617940
7897947617803
7897947617797
7897947617773
7897947617599
7897947617568
7897947617513
7897947617506
7897947617476
7897947616882
7897947616820
7897947616813
7897947616806
7897947616790
7897947616745
7897947616721
7897947616707
7897947616523
7897947616325
7897947615403
7897947615397
7897947615250
7897947614734
7897947614673
7897947614338
7897947613201
7897947612754
7897947612266
7897947611764
7897947610736
7897947609891
7897947607996
7897947607521
7897947607392
7897947606517
7897947606500
7897947605053
7897947604803
7897947604582
7897947604384
7897947601864
7897947601857
7897947601840
7897947601819
7897947601796
7897947601741
7897947601734
7897947601680
7897947601673
7897947601550
7897947601536
7897947601437
7897947601420
7897947601413
7897947601277
7897947601185
7897947601147
7897947600911
7897947600843
7897947600836
7897947600805
7897947600799
7897947600782
7897947600713
7897947600577
7897947600348
7897947600065
7897930779112
7897930778337
7897930778320
7897930778252
7897930778184
7897930778160
7897930778139
7897930777873
7897930777798
7897930777743
7897930777651
7897930777620
7897930777538
7897930777521
7897930777378
7897930777286
7897930776722
7897930775213
7897930764323
7897930763005
7897930762589
7897930762213
7897930762176
7897930762060
7897930762053
7897930761629
7897930761414
7897930761322
7897930760691
7897930760509
7897930760486
7897930760424
7897930760172
7897930750050
7897930750043
7897917005982
7897917004459
7897917001465
7897917000222
7897917000178
7897903305560
7897903304693
7897903304686
7897903302842
7897900317771
7897900317757
7897900317689
7897900317665
7897900317641
7897900317627
7897900317566
7897900316194
7897900313070
7897900312578
7897900312295
7897900310963
7897900310765
7897900310604
7897889102795
7897889102610
7897889102535
7897889102276
7897889100838
7897889100708
7897876125042
7897876125028
7897876125011
7897876125004
7897876108120
7897876108113
7897851260041
7897851259649
7897851250387
7897851221608
7897851221158
7897851220243
7897851220236
7897849621601
7897849621595
7897849621540
7897849621526
7897849621519
7897849611084
7897849611077
7897849611060
7897849610063
7897849609104
7897849609081
7897849609074
7897849609067
7897849608077
7897849608060
7897849608039
7897848728011
7897848728004
7897848725317
7897848720862
7897848720817
7897848715189
7897843100218
7897840309478
7897840309461
7897840309454
7897840309447
7897840309416
7897840306156
7897840306002
7897840305999
7897840305975
7897840305968
7897840305951
7897840305937
7897840305777
7897840305760
7897840305753
7897840305746
7897840305609
7897840305487
7897840305432
7897840305425
7897840305418
7897840305401
7897840305180
7897840305173
7897840305166
7897840305159
7897840301540
7897840301533
7897840301526
7897840301519
7897840301502
7897840301496
7897840301489
7897840301472
7897840301465
7897840301458
7897840300734
7897840300468
7897840300451
7897840300437
7897840300406
7897840300376
7897840300369
7897840300246
7897840300239
7897840300222
7897840300215
7897840300086
7897835702277
7897835702239
7897833700503
7897833700206
7897833700060
7897832888974
7897832888585
7897832888561
7897832888554
7897832888530
7897832875493
7897832866811
7897832866576
7897832866477
7897832863841
7897832863100
7897832863049
7897832863018
7897832862851
7897832862837
7897832862745
7897832862714
7897832862554
7897832862530
7897832862479
7897832862325
7897832858830
7897832858816
7897832857505
7897832849722
7897832849067
7897832846165
7897832846141
7897832846127
7897832840514
7897832840491
7897832840477
7897832840453
7897832823227
7897832814164
7897832814119
7897832805223
7897832804837
7897807425456
7897807425449
7897807422288
7897807411503
7897799833499
7897799802594
7897799802563
7897799802464
7897780218373
7897780209920
7897780207650
7897780203126
7897780202587
7897780201801
7897779826107
7897779825100
7897779820105
7897779816108
7897779814104
7897779812100
7897779810106
7897779809100
7897779808103
7897779772107
7897779760104
7897779755100
7897779754103
7897779751102
7897779750105
7897779749109
7897779748102
7897779743107
7897779741103
7897779740106
7897779739100
7897779734105
7897779733108
7897779732101
7897779731104
7897779729101
7897779728104
7897779726100
7897779725103
7897779724106
7897779720108
7897779719102
7897779718105
7897779717108
7897779716101
7897779715104
7897779714107
7897779712103
7897779711106
7897779710109
7897779709103
7897779708106
7897779707109
7897779706102
7897779705402
7897779705105
7897779704108
7897779703002
7897779702104
7897779701107
7897779701008
7897779698100
7897779696106
7897779694102
7897779687012
7897779614100
7897779611109
7897779609106
7897779606105
7897776751020
7897776751013
7897776750023
7897776750016
7897776007004
7897775701026
7897775701019
7897775692027
7897775692010
7897775691020
7897775691013
7897775676027
7897775676010
7897775675020
7897775675013
7897775672029
7897775672012
7897775670025
7897775670018
7897775667025
7897775667018
7897775664024
7897775664017
7897774011003
7897774008003
7897774007006
7897771301510
7897771301411
7897771301312
7897771301015
7897771300810
7897771300513
7897771300414
7897771300315
7897771300216
7897771300117
7897771300018
7897744504870
7897744504863
7897744504856
7897744504849
7897731190901
7897731180803
7897731170002
7897731147509
7897731141408
7897731140906
7897731140401
7897731140159
7897731140067
7897731140043
7897731122308
7897731122100
7897731122094
7897731122087
7897731122070
7897731122063
7897731122056
7897731122049
7897731122032
7897731122018
7897731100030
7897705203590
7897705203231
7897705203224
7897705203118
7897705203101
7897705203095
7897705202753
7897705202715
7897705202586
7897705202548
7897705202425
7897705202364
7897705202340
7897705201831
7897705200087
7897705200070
7897700031235
7897698252254
7897698236872
7897698236865
7897698236810
7897698236513
7897698236285
7897698235103
7897698235097
7897698221069
7897698221038
7897698211657
7897698211558
7897698211275
7897698211251
7897698211213
7897698211022
7897698210803
7897698210766
7897698210728
7897698209333
7897698209326
7897698209081
7897698209012
7897698208749
7897698208503
7897698204451
7897698204444
7897698203867
7897698203836
7897698202228
7897690112723
7897690112716
7897679601002
7897664169807
7897664169791
7897664169685
7897664168244
7897664168237
7897664168213
7897659698299
7897659692013
7897659686128
7897659606317
7897653549146
7897630519957
7897620001905
7897610288514
7897609902629
7897609902605
7897595903914
7897595903730
7897595903693
7897595903372
7897595903365
7897595903273
7897595903259
7897595902146
7897595902085
7897595901866
7897595901859
7897595901767
7897595901576
7897595901521
7897595901446
7897595901330
7897595901323
7897595901316
7897595901309
7897595901187
7897595901033
7897595900722
7897595900708
7897595900685
7897595900302
7897595639783
7897595639066
7897595638175
7897595637642
7897595636904
7897595636195
7897595635914
7897595635808
7897595634924
7897595634788
7897595634177
7897595634160
7897595634146
7897595633316
7897595633309
7897595632623
7897595631770
7897595630803
7897595630773
7897595625328
7897595625304
7897595624642
7897595621177
7897595621030
7897595620637
7897595620354
7897595620323
7897595620293
7897595620279
7897595619518
7897595618573
7897595617538
7897595617507
7897595611468
7897595605900
7897595605474
7897595605276
7897595604699
7897595602626
7897595602558
7897595602527
7897595602473
7897595602206
7897595601780
7897595601766
7897595600851
7897572020306
7897572020238
7897572020191
7897572020177
7897572020023
7897572007321
7897572006348
7897572006263
7897572006164
7897572002494
7897572001923
7897572001428
7897572001411
7897572000933
7897572000896
7897572000230
7897572000100
7897572000056
7897572000032
7897571995827
7897571995469
7897571994325
7897571991140
7897571991119
7897571991034
7897571990617
7897571982476
7897571982452
7897571982063
7897571981844
7897571981547
7897571981530
7897571981493
7897571977090
7897571960054
7897571960047
7897571960030
7897571960023
7897571960016
7897571925824
7897571925466
7897571924322
7897571922472
7897571922458
7897571922069
7897571921840
7897571921543
7897571921536
7897571921499
7897571921147
7897571921116
7897571921031
7897571920614
7897571917782
7897571917096
7897571915931
7897562238339
7897562202552
7897562200336
7897554400010
7897547714704
7897547713851
7897547713417
7897547713400
7897547713363
7897547713356
7897547712502
7897547710522
7897547710508
7897530101344
7897530101153
7897530101115
7897530101108
7897530101092
7897530101078
7897530100965
7897530100903
7897530100873
7897530100828
7897530100774
7897530100712
7897530100323
7897530100187
7897530100149
7897530100040
7897530100026
7897520154282
7897520154251
7897520154244
7897520154121
7897517957049
7897517957018
7897517938697
7897517938338
7897517938307
7897517938260
7897517938093
7897517937959
7897517937942
7897517937898
7897517937881
7897517937812
7897517937768
7897517937751
7897517937461
7897517937171
7897517937164
7897517937041
7897517937034
7897517937027
7897517934330
7897517934262
7897517934200
7897517934170
7897517934125
7897517934033
7897517934026
7897517933401
7897517933203
7897517933197
7897517933142
7897517933012
7897517933005
7897517932985
7897517932961
7897517932886
7897517932817
7897517932800
7897517932794
7897517932770
7897517932732
7897517932459
7897517932442
7897517932435
7897517932206
7897517932183
7897517932169
7897517932138
7897517932084
7897517932077
7897517931766
7897517931759
7897517931605
7897517931261
7897517931254
7897517931100
7897517931094
7897517931087
7897517931070
7897517930646
7897517930592
7897517930585
7897517930400
7897517930394
7897517930226
7897517930103
7897517930059
7897517930042
7897517930035
7897517929299
7897517928599
7897517928575
7897517928520
7897517928506
7897517928490
7897517928452
7897517928445
7897517928421
7897517928094
7897517928087
7897517927394
7897517927370
7897517927325
7897517927301
7897517927028
7897517927011
7897517927004
7897517926854
7897517926830
7897517926618
7897517926601
7897517926595
7897517926588
7897517926571
7897517926182
7897517925819
7897517925802
7897517925741
7897517925727
7897517925666
7897517925642
7897517925635
7897517925543
7897517925529
7897517925512
7897517925499
7897517925482
7897517925406
7897517925345
7897517925338
7897517925321
7897517925314
7897517925086
7897517924881
7897517924850
7897517924843
7897517924584
7897517924270
7897517924263
7897517924119
7897517924072
7897517924065
7897517924058
7897517924041
7897517923778
7897517923761
7897517923754
7897517923532
7897517923525
7897517923396
7897517923204
7897517922795
7897517922771
7897517921880
7897517921866
7897517921101
7897517921095
7897517921088
7897517921071
7897517921064
7897517921057
7897517921040
7897517921026
7897517921019
7897517921002
7897517920920
7897517920876
7897517920845
7897517920838
7897517920814
7897517920791
7897517920784
7897517920760
7897517920753
7897517920739
7897517920722
7897517920678
7897517920470
7897517920449
7897517920432
7897517920425
7897517920418
7897517920395
7897517920371
7897517920197
7897517920180
7897517920173
7897517920098
7897517920050
7897517920043
7897517920036
7897517920012
7897517919979
7897517919931
7897517919924
7897517919900
7897517919689
7897517919429
7897517919214
7897517918286
7897517918187
7897517918118
7897517917722
7897517917715
7897517917708
7897517917661
7897517917654
7897517917630
7897517917616
7897517917609
7897517917593
7897517917586
7897517917579
7897517917548
7897517917531
7897517917517
7897517917500
7897517917470
7897517917463
7897517917401
7897517917395
7897517917388
7897517917371
7897517917364
7897517917333
7897517917227
7897517917197
7897517917173
7897517917074
7897517917067
7897517917029
7897517916930
7897517916763
7897517916657
7897517914691
7897517913984
7897517913977
7897517913960
7897517913861
7897517913403
7897517913397
7897517913380
7897517913373
7897517913366
7897517913205
7897517913052
7897517912970
7897517912963
7897517912673
7897517912581
7897517912505
7897517912062
7897517912048
7897517912024
7897517912017
7897517912000
7897517911669
7897517911652
7897517910952
7897517910945
7897517910846
7897517910693
7897517910556
7897517910174
7897517910167
7897517910075
7897517910044
7897517909833
7897517909802
7897517909741
7897517909710
7897517909703
7897517909659
7897517909635
7897517909598
7897517909581
7897517909444
7897517909413
7897517909239
7897517909222
7897517909055
7897517909031
7897517909024
7897517909017
7897517908980
7897517908966
7897517908928
7897517908904
7897517908638
7897517908614
7897517908539
7897517907990
7897517907983
7897517907556
7897517907518
7897517907488
7897517907440
7897517907433
7897517907365
7897517907303
7897517907266
7897517907204
7897517907013
7897517907006
7897517906825
7897517906757
7897517906740
7897517906733
7897517906719
7897517906702
7897517906689
7897517906672
7897517906573
7897517906382
7897517906375
7897517906368
7897517906351
7897517906344
7897517905866
7897517905828
7897517905811
7897517905712
7897517905705
7897517905569
7897517905521
7897517905507
7897517905491
7897517904890
7897517904845
7897517904838
7897517904821
7897517904814
7897517904524
7897517904500
7897517904456
7897517904418
7897517904401
7897517904234
7897517904227
7897517904210
7897517904203
7897517904180
7897517904173
7897517904166
7897517904067
7897517904012
7897517903961
7897517903954
7897517903947
7897517903930
7897517903923
7897517903916
7897517903909
7897517903732
7897517903701
7897517903633
7897517903626
7897517903589
7897517903558
7897517903503
7897517903497
7897517903466
7897517903442
7897517903435
7897517903428
7897517903381
7897517903374
7897517903367
7897517903190
7897517903121
7897517903091
7897517903060
7897517903022
7897517903015
7897517903008
7897517902919
7897517902902
7897517902896
7897517902780
7897517902506
7897517902490
7897517902476
7897517902452
7897517902445
7897517901882
7897517901868
7897517901837
7897517901325
7897517901189
7897517901165
7897512905113
7897512904390
7897512904383
7897512902365
7897512902235
7897512902228
7897512902204
7897512902198
7897512900910
7897512900903
7897512900811
7897512900491
7897512900385
7897512900170
7897512900019
7897500558642
7897495408441
7897495406423
7897495208294
7897478402633
7897476690865
7897476687735
7897476687681
7897476687667
7897476675534
7897476672649
7897476672519
7897476663647
7897476660653
7897476655628
7897476618982
7897476618708
7897476615417
7897476614700
7897476613017
7897476612751
7897476612157
7897476610528
7897476610504
7897476609980
7897476609676
7897476609515
7897476608990
7897476606330
7897476605043
7897476604916
7897476601588
7897476600680
7897476600642
7897473207028
7897473207011
7897473207004
7897473206861
7897473206540
7897473206403
7897473205963
7897473205772
7897473205741
7897473204270
7897473202771
7897473201637
7897473200036
7897464703195
7897464703171
7897464701597
7897464700279
7897464700255
7897460401934
7897460401804
7897460401668
7897460401651
7897460401422
7897460401347
7897460401293
7897460400357
7897446000182
7897424082230
7897424082216
7897424081967
7897424081929
7897424081417
7897424081004
7897424080984
7897424080960
7897424080892
7897424080878
7897424080854
7897424080434
7897424080427
7897424080410
7897424080359
7897424080342
7897424080335
7897424014040
7897424006830
7897424006816
7897424006663
7897424006625
7897424006564
7897424006540
7897424006526
7897424005666
7897424005642
7897424005628
7897424003181
7897424003150
7897424003136
7897424003105
7897424000920
7897424000913
7897424000319
7897424000302
7897411650978
7897411650855
7897411650787
7897411650589
7897411650558
7897411611030
7897411611023
7897411611016
7897411610958
7897411610941
7897411610750
7897411610682
7897411610675
7897411610668
7897411610620
7897411610606
7897411610132
7897411610118
7897411610101
7897411610095
7897411603158
7897411603141
7897411603103
7897411603097
7897411602311
7897411602205
7897411602182
7897411601567
7897411601543
7897411601529
7897411601505
7897411601482
7897411600423
7897411600386
7897411600034
7897406120011
7897406119886
7897406119879
7897404300170
7897386787952
7897386781394
7897386750710
7897386738060
7897385001332
7897375911115
7897374170001
7897373159039
7897373159038
7897373158734
7897373158697
7897373145260
7897373145239
7897373145215
7897357101459
7897337716994
7897337716871
7897337716819
7897337716680
7897337716673
7897337716666
7897337716567
7897337716550
7897337716543
7897337716345
7897337716321
7897337716307
7897337716239
7897337716215
7897337716178
7897337714495
7897337714488
7897337713382
7897337712934
7897337712927
7897337712590
7897337712576
7897337711067
7897337710930
7897337709149
7897337708203
7897337708180
7897337707626
7897337706384
7897337705899
7897337705868
7897337705837
7897337705004
7897337704984
7897337704960
7897337702089
7897322714479
7897322714462
7897322714288
7897322714271
7897322714264
7897322714257
7897322711430
7897322710457
7897322710440
7897322710020
7897322709994
7897322709987
7897322709970
7897322709802
7897322709789
7897322709734
7897322709727
7897322709499
7897322709482
7897322709475
7897322709468
7897322709451
7897322709376
7897322707211
7897322706658
7897322706320
7897322705415
7897322704944
7897322704593
7897322703794
7897322703053
7897322702209
7897322702087
7897322702032
7897322701998
7897322701752
7897322701738
7897316806791
7897316806784
7897316806777
7897316806760
7897316806371
7897316805558
7897316805442
7897316805268
7897316805114
7897316805060
7897316804964
7897316804926
7897316804810
7897316804742
7897316804735
7897316802861
7897316802335
7897316801635
7897316801413
7897316801390
7897316801154
7897316800300
7897316800256
7897316800188
7897294407447
7897294406884
7897294406068
7897294405962
7897294400608
7897294400578
7897294400042
7897256299776
7897256296386
7897256293880
7897256293620
7897256275008
7897256274681
7897256274667
7897256274391
7897256267683
7897256267669
7897256264743
7897256263753
7897256263579
7897256262091
7897256262084
7897256261223
7897256260745
7897256260035
7897256256380
7897256253921
7897256253709
7897256253242
7897256252924
7897256251965
7897256250036
7897256246923
7897256246831
7897256246787
7897256246770
7897256246657
7897256246381
7897256245926
7897256244585
7897256244387
7897256244332
7897256244301
7897256243700
7897256243656
7897256241966
7897256241607
7897256241102
7897256239239
7897256236627
7897256236559
7897256236498
7897256233558
7897256233541
7897256230045
7897256229049
7897256229001
7897256228318
7897256227311
7897256227304
7897256225805
7897256225034
7897256223498
7897256223146
7897256222569
7897256222491
7897256221944
7897256221913
7897256221890
7897256221876
7897256221104
7897256220961
7897256220947
7897256220916
7897256220893
7897256220879
7897256220107
7897256219965
7897256219958
7897256219354
7897256219149
7897254134987
7897254129433
7897254129105
7897254129099
7897254127613
7897254107295
7897254101668
7897254101347
7897254101330
7897254101323
7897252291002
7897252268509
7897252268301
7897252268004
7897252267205
7897252265706
7897252265652
7897252263504
7897252263405
7897252260855
7897252260817
7897252260800
7897252260763
7897252260718
7897252260473
7897252260466
7897252260411
7897252230377
7897252216500
7897252216456
7897252215558
7897252215060
7897252215015
7897252211000
7897252210157
7897252210102
7897237372801
7897237352810
7897237345751
7897237345744
7897237332164
7897237318571
7897237315884
7897237315198
7897237313958
7897237312135
7897237312111
7897237311954
7897237311565
7897237311558
7897237311435
7897237311428
7897237311411
7897237311404
7897237311336
7897237311329
7897237310285
7897237310261
7897237300019
7897230306841
7897230306834
7897230306827
7897230306728
7897230306599
7897230306575
7897230306568
7897230306551
7897230306537
7897230306513
7897230306506
7897230306421
7897230305837
7897230305738
7897230305257
7897230305240
7897230305141
7897230305066
7897230305059
7897230305035
7897230305004
7897230304991
7897230304984
7897230304977
7897230304960
7897230304946
7897230304861
7897230304854
7897230304779
7897230304762
7897230304755
7897230304748
7897230304731
7897230304724
7897230304700
7897230304694
7897230304687
7897230304670
7897230304663
7897230304601
7897230304595
7897230304588
7897230304571
7897230304557
7897230304533
7897230304526
7897230304519
7897230304502
7897230304496
7897230304458
7897230304434
7897230304427
7897230304359
7897230304281
7897230304243
7897230304236
7897230304229
7897230304212
7897230304199
7897230304182
7897230304168
7897230304137
7897230304120
7897230304113
7897230304106
7897230304076
7897230304021
7897230303895
7897230303840
7897230303802
7897230303734
7897230303710
7897230303703
7897230303680
7897230303673
7897230303642
7897230303611
7897230303604
7897230303598
7897230303529
7897230303512
7897230303482
7897230303475
7897230303468
7897230303420
7897230303413
7897230303406
7897230303390
7897230303338
7897230303321
7897230303291
7897230303239
7897230303208
7897230303130
7897230303123
7897230303086
7897230303062
7897230302898
7897230302843
7897230302829
7897230302805
7897230302782
7897230302751
7897230302683
7897230302676
7897230302652
7897230302645
7897230302614
7897230302607
7897230302591
7897230302584
7897230302577
7897230302508
7897230302454
7897230302270
7897230302171
7897230302164
7897230302157
7897230302034
7897230301990
7897230301983
7897230301969
7897230301907
7897230301303
7897230300016
7897217404164
7897217404102
7897217404072
7897217403990
7897217403044
7897216933993
7897216901336
7897216900070
7897214701136
7897211100505
7897211100482
7897211100437
7897211100406
7897211100246
7897211100208
7897211100192
7897211100185
7897211100130
7897211100086
7897190308435
7897186078847
7897186041490
7897186028668
7897186028613
7897186028545
7897186005539
7897169257375
7897169256866
7897169241190
7897169236868
7897169224384
7897169221802
7897169217249
7897169214842
7897169210943
7897169210813
7897169210783
7897169207714
7897169205901
7897169204058
7897169204041
7897169202597
7897169201293
7897169200685
7897169200630
7897158722020
7897158722013
7897158717699
7897158702138
7897158701582
7897158701575
7897158700226
7897158700219
7897158700196
7897144956729
7897144661302
7897144661296
7897144661289
7897144661074
7897144600943
7897144600936
7897144600752
7897144600523
7897144600516
7897144600370
7897144600240
7897144600028
7897137903797
7897137903747
7897137903723
7897137900401
7897137900364
7897129304873
7897129304781
7897129304729
7897129304200
7897129304095
7897129303937
7897129303890
7897129303579
7897129302541
7897129301759
7897129301513
7897129301506
7897129301223
7897129301186
7897129300769
7897129300516
7897129300509
7897129300240
7897129300134
7897129300059
7897094203259
7897076923912
7897076923806
7897076923752
7897076923530
7897076922953
7897076922540
7897076918840
7897076918819
7897076914088
7897076913050
7897076912312
7897076912299
7897076912275
7897076911582
7897076911551
7897076910929
7897076910905
7897076909077
7897076908469
7897076907714
7897076907608
7897076906786
7897074560058
7897074511692
7897074511685
7897054517416
7897042021383
7897042021369
7897042021352
7897042020751
7897042020744
7897042020737
7897042020720
7897042020690
7897042020683
7897042020348
7897042020331
7897042020324
7897042020294
7897042020218
7897042020201
7897042020188
7897042019366
7897042019359
7897042019342
7897042019335
7897042019328
7897042019311
7897042019304
7897042019281
7897042019274
7897042019267
7897042019250
7897042018239
7897042018208
7897042018178
7897042018093
7897042017997
7897042017805
7897042017782
7897042016907
7897042016877
7897042016419
7897042016303
7897042016266
7897042015979
7897042015962
7897042015948
7897042015917
7897042015894
7897042015856
7897042015849
7897042015832
7897042015825
7897042015818
7897042015801
7897042015450
7897042015429
7897042015412
7897042015269
7897042015252
7897042014026
7897042013838
7897042013814
7897042013791
7897042013746
7897042013586
7897042013425
7897042013227
7897042012800
7897042012732
7897042012725
7897042012473
7897042012329
7897042012312
7897042012176
7897042010974
7897042010721
7897042008827
7897042008407
7897042008339
7897042007240
7897042007226
7897042007066
7897042006021
7897042005826
7897042005048
7897042004966
7897042004942
7897042004904
7897027293941
7897027293903
7897027272076
7897027272038
7897027272021
7897027272014
7897027251279
7897027240747
7897027223177
7897027219729
7897027215981
7897027213260
7897027213192
7897027213154
7897027211136
7897027210276
7897027210122
7897027207320
7897027207160
7897027206620
7897027206613
7897027206293
7897027203070
7897027202318
7897027202219
7897027202165
7897027202158
7897027202141
7897027202127
7897027201236
7897027201229
7897027200727
7897027200185
7897020203961
7897018800202
7897018520100
7897018510033
7897018510026
7897018510019
7897013586477
7897013573354
7897013570438
7897013553479
7897013553462
7897013553103
7897013534218
7897013534201
7897013534195
7897013534188
7897013522574
7897013520532
7897011000272
7897011000265
7897011000258
7897011000012
7897008900301
7897008900257
7897008900219
7897008900196
7896999355435
7896999355091
7896999355084
7896982908778
7896980466706
7896980461077
7896980456615
7896980456608
7896980456578
7896980455595
7896980434736
7896980423334
7896980421965
7896980414271
7896980413304
7896980400069
7896966333336
7896965258838
7896965256834
7896965253673
7896965253178
7896965253161
7896965253116
7896965253017
7896965251846
7896965250788
7896965250740
7896965250573
7896965250566
7896965247542
7896965230100
7896965219518
7896965219006
7896965217170
7896965217101
7896965216005
7896965215350
7896965215305
7896965215251
7896965215107
7896965215053
7896965215008
7896965214766
7896965214759
7896965214742
7896965214735
7896965214728
7896965214711
7896965214704
7896965214506
7896965214452
7896965214308
7896965214209
7896965214100
7896965213523
7896965213516
7896965213509
7896965211772
7896965211765
7896965211758
7896965211529
7896965211512
7896965211468
7896965211451
7896965210188
7896965209052
7896965209007
7896965208918
7896965203449
7896965203401
7896965202602
7896964627468
7896964627451
7896964627185
7896964626935
7896964626911
7896964626386
7896964626324
7896964626027
7896964625877
7896964625808
7896964625549
7896964625440
7896964625136
7896964625129
7896964625112
7896964625105
7896964625099
7896964625082
7896964624986
7896964624894
7896964624535
7896964622142
7896964622005
7896964621954
7896952567424
7896952567363
7896952533689
7896952533672
7896952533665
7896952533658
7896952533641
7896952533634
7896952533627
7896952532859
7896952532538
7896952531289
7896952531272
7896952531265
7896952531173
7896952515654
7896952500254
7896947000752
7896926501911
7896916782337
7896914011217
7896908210091
7896902289642
7896902288959
7896902288942
7896902288379
7896902287594
7896902287587
7896902287532
7896902287518
7896902287099
7896902286917
7896902286900
7896902286894
7896902286856
7896902286832
7896902286825
7896902286818
7896902286795
7896902286511
7896902286474
7896902286337
7896902286306
7896902285989
7896902285767
7896902285743
7896902285569
7896902285552
7896902285521
7896902285514
7896902285446
7896902285422
7896902285286
7896902240148
7896902234093
7896902231313
7896902226661
7896902218567
7896902218406
7896902218277
7896902217751
7896902217713
7896902217652
7896902217614
7896902217416
7896902217317
7896902217010
7896902217003
7896902215788
7896902215740
7896902214941
7896902214866
7896902214859
7896902214842
7896902214828
7896902214231
7896902213463
7896902213104
7896902213098
7896902213081
7896902213074
7896902213043
7896902212602
7896902212596
7896902212565
7896902212558
7896902212527
7896902212497
7896902212251
7896902212244
7896902212190
7896902212176
7896902212152
7896902211933
7896902211902
7896902211582
7896902211544
7896902211452
7896902211438
7896902211421
7896902211254
7896902211247
7896902211209
7896902211124
7896902211063
7896902211025
7896902210998
7896902210813
7896902210646
7896902210608
7896902210561
7896902210530
7896902210479
7896902210332
7896902210325
7896902210226
7896902210165
7896902210110
7896902210035
7896902209855
7896902209824
7896902209800
7896902209756
7896902209749
7896902209695
7896902209176
7896902209138
7896902209114
7896902209107
7896902209053
7896902209046
7896902208469
7896902208278
7896902208209
7896902208155
7896902207943
7896902207653
7896902207523
7896902207271
7896902207127
7896902207097
7896902207059
7896902207042
7896902206540
7896902206533
7896902206458
7896902206380
7896902206298
7896902205956
7896902205758
7896902205390
7896902205246
7896902205147
7896902204942
7896902203457
7896902203105
7896902201682
7896902201590
7896902201255
7896902201101
7896902200692
7896902200623
7896902200616
7896902200593
7896902200494
7896900293733
7896885209507
7896885204281
7896885204267
7896885204205
7896885204106
7896885204069
7896885203017
7896885202966
7896885202928
7896885202911
7896885202874
7896885202850
7896885202560
7896877602927
7896877602910
7896877602903
7896877602897
7896877602880
7896877602613
7896877602606
7896877602590
7896877602583
7896877602576
7896877602569
7896877602552
7896877602545
7896877602279
7896877602262
7896877602255
7896877601463
7896877601456
7896877601449
7896862994372
7896862993627
7896862993245
7896862993009
7896862970574
7896862924232
7896862923297
7896862923129
7896862918958
7896862918583
7896862918064
7896862918057
7896862912017
7896862910747
7896862910471
7896858634091
7896858633575
7896858633568
7896858630000
7896858626805
7896858626799
7896858624924
7896858624719
7896858622838
7896858617261
7896858615915
7896852630686
7896852630556
7896852629086
7896852628867
7896852628805
7896852628799
7896852628782
7896852628430
7896852628003
7896852627990
7896852627983
7896852627952
7896852627945
7896852627938
7896852627334
7896852627327
7896852625330
7896852625323
7896852625255
7896852625231
7896852625187
7896852625033
7896852622292
7896852622285
7896852622117
7896852621677
7896852621622
7896852621615
7896852619568
7896852619490
7896852619469
7896852619438
7896852619346
7896852619032
7896852619025
7896852619018
7896852618998
7896852618974
7896852618967
7896852618790
7896852618783
7896852618776
7896852618769
7896852618721
7896852618356
7896852618332
7896852618110
7896852618103
7896852618080
7896852618073
7896852618066
7896852618059
7896852618042
7896852618004
7896852617991
7896852617960
7896852617564
7896852617557
7896852617298
7896852617274
7896852617267
7896852617007
7896852616970
7896852616956
7896852616758
7896852616727
7896852616710
7896852616697
7896852616574
7896852616567
7896852616215
7896852616208
7896852616192
7896852616185
7896852616086
7896852616079
7896852616062
7896852616000
7896852615997
7896852615980
7896852615973
7896852615874
7896852615867
7896852615782
7896852615775
7896852615751
7896852615744
7896852615720
7896852615683
7896852615676
7896852615669
7896852615652
7896852615645
7896852615638
7896852615355
7896852615348
7896852615331
7896852615324
7896852615300
7896852615294
7896852615287
7896852615270
7896852615263
7896852615256
7896852615232
7896852615225
7896852615218
7896852615201
7896852615188
7896852615171
7896852614839
7896852613016
7896852612804
7896852612583
7896852612187
7896852612170
7896852612163
7896852612095
7896852612019
7896852612002
7896852611999
7896852611968
7896852611951
7896852611944
7896852611937
7896852611920
7896852611913
7896852611906
7896852611890
7896852611555
7896852611548
7896852611524
7896852611050
7896852611036
7896852611012
7896852610480
7896852610435
7896852610428
7896849138577
7896849138539
7896849132681
7896849121692
7896830500505
7896830500147
7896830011001
7896830000661
7896830000517
7896818231759
7896818207082
7896818205606
7896818201370
7896818201011
7896806700038
7896806700021
7896806700014
7896798603782
7896798603775
7896798603539
7896798603454
7896798603294
7896798603287
7896798602655
7896798602648
7896798601986
7896798601962
7896798601795
7896798601788
7896798600330
7896798600316
7896798600200
7896798600040
7896788030123
7896788010125
7896788010033
7896788000034
7896779628360
7896779613410
7896779601288
7896777970058
7896777912027
7896777902738
7896775344905
7896771609541
7896771609527
7896771609398
7896771609381
7896771608957
7896771608940
7896771608230
7896771607448
7896771606199
7896771606083
7896771606076
7896771606069
7896771604683
7896771603211
7896771601095
7896771601071
7896771600722
7896771600531
7896770982850
7896770981082
7896770980986
7896770980979
7896770980481
7896770980061
7896770979881
7896770979348
7896770908850
7896770902070
7896770900540
7896770900021
7896744850758
7896744802900
7896744801552
7896743830409
7896737105902
7896737105889
7896737021035
7896737021011
7896737020038
7896737020014
7896737014051
7896737014013
7896737000009
7896727869357
7896714296081
7896714295701
7896714293356
7896714292779
7896714292168
7896714292151
7896714292137
7896714292045
7896714291901
7896714291895
7896714290805
7896714290591
7896714290584
7896714290546
7896714283005
7896714280707
7896714275390
7896714275253
7896714274799
7896714274645
7896714273549
7896714273532
7896714273525
7896714273006
7896714270029
7896714267395
7896714257600
7896714257594
7896714240206
7896714239712
7896714236148
7896714233840
7896714233833
7896714231143
7896714230504
7896714230245
7896714230238
7896714230023
7896714226705
7896714226033
7896714225296
7896714224459
7896714223834
7896714221847
7896714219318
7896714219301
7896714218700
7896714218267
7896714215204
7896714213446
7896714205809
7896714203782
7896714203768
7896714203515
7896714203492
7896714202976
7896714202693
7896714200804
7896714200699
7896714200217
7896714200125
7896714200064
7896699019989
7896699011648
7896699011099
7896685304945
7896685304044
7896685303863
7896685303559
7896685303467
7896685303450
7896685303290
7896685303283
7896685302880
7896685302095
7896685301661
7896685301654
7896685301234
7896685300657
7896685300497
7896685300190
7896683201420
7896679234203
7896679234197
7896679234180
7896679234173
7896679233886
7896679233879
7896679233862
7896679233855
7896679233473
7896679233190
7896679233169
7896679233152
7896679233138
7896679226871
7896679226833
7896679226819
7896679226772
7896679226758
7896679224419
7896679224402
7896679220121
7896677705323
7896677701615
7896677700281
7896676442687
7896676442151
7896676442144
7896676442076
7896676441871
7896676441772
7896676441291
7896676441284
7896676441215
7896676440973
7896676440843
7896676439441
7896676438765
7896676438550
7896676438253
7896676438239
7896676438116
7896676438093
7896676437201
7896676437072
7896676436143
7896676436129
7896676435672
7896676435658
7896676435597
7896676435580
7896676435221
7896676435214
7896676435184
7896676435108
7896676435030
7896676434323
7896676434309
7896676434101
7896676433999
7896676433425
7896676433395
7896676433234
7896676433142
7896676433050
7896676433029
7896676432985
7896676432961
7896676432923
7896676432916
7896676432886
7896676432855
7896676432824
7896676432800
7896676432602
7896676431636
7896676431537
7896676428681
7896676427844
7896676427837
7896676427820
7896676427745
7896676426878
7896676422337
7896676422320
7896676422290
7896676422276
7896676422269
7896676419269
7896676416909
7896676416879
7896676415797
7896676414530
7896676413762
7896676413045
7896676410877
7896676410730
7896676410518
7896676410471
7896676410228
7896676410211
7896676410198
7896676408300
7896676408294
7896676408126
7896676408010
7896676406351
7896676406184
7896676406177
7896676406122
7896676402827
7896676402568
7896676402544
7896676401776
7896676401608
7896676400489
7896676400175
7896676400083
7896673193421
7896673193360
7896673193339
7896673193322
7896673193261
7896672204142
7896672203923
7896672203893
7896672203589
7896672203428
7896672203336
7896672202919
7896672202902
7896672202872
7896672202810
7896672202766
7896672202681
7896672202025
7896672201943
7896672201875
7896672201738
7896672201424
7896672201271
7896672201257
7896672201158
7896671694197
7896671694173
7896671694098
7896671693954
7896671693909
7896671693893
7896671693886
7896671693879
7896671693862
7896671693817
7896671693107
7896671692933
7896671692926
7896671692919
7896671692902
7896671692896
7896671692865
7896671692834
7896671692827
7896671692124
7896671692117
7896671692070
7896671630096
7896671630058
7896671630034
7896671620127
7896671620035
7896671620028
7896671601799
7896671601782
7896671601515
7896671601331
7896671601324
7896671601263
7896671601072
7896671601065
7896671601058
7896671600938
7896671600877
7896671600464
7896663335961
7896663335947
7896663335930
7896663332717
7896663332700
7896663332687
7896663327997
7896663327904
7896663327270
7896663322473
7896663314577
7896663302550
7896663301317
7896658056512
7896658053498
7896658052101
7896658051258
7896658050862
7896658050831
7896658050145
7896658049811
7896658049804
7896658049637
7896658049620
7896658049569
7896658049477
7896658049378
7896658049262
7896658048708
7896658048319
7896658048135
7896658048050
7896658047909
7896658047886
7896658047848
7896658047817
7896658046728
7896658046384
7896658040870
7896658040160
7896658039973
7896658039911
7896658039805
7896658039300
7896658039201
7896658039195
7896658039027
7896658039010
7896658038938
7896658038723
7896658038716
7896658038709
7896658038693
7896658038686
7896658038600
7896658038440
7896658038068
7896658037917
7896658037061
7896658037047
7896658037009
7896658036996
7896658036989
7896658036965
7896658036859
7896658036781
7896658036477
7896658036392
7896658036385
7896658036347
7896658036279
7896658035999
7896658035975
7896658035944
7896658035913
7896658035432
7896658035340
7896658035265
7896658035067
7896658034985
7896658034978
7896658034886
7896658034879
7896658034770
7896658034541
7896658034398
7896658034237
7896658034220
7896658034008
7896658033582
7896658033575
7896658033445
7896658033421
7896658033414
7896658033377
7896658033278
7896658033094
7896658032714
7896658031892
7896658030369
7896658030345
7896658030208
7896658030192
7896658029806
7896658029707
7896658029608
7896658029561
7896658029516
7896658029448
7896658029394
7896658029233
7896658029028
7896658028366
7896658028328
7896658028113
7896658027819
7896658027802
7896658027796
7896658027703
7896658027611
7896658027604
7896658027208
7896658027147
7896658027130
7896658027123
7896658027079
7896658026904
7896658026850
7896658026645
7896658026577
7896658026362
7896658026195
7896658026171
7896658026065
7896658025532
7896658025136
7896658025129
7896658025112
7896658024955
7896658024931
7896658024887
7896658024191
7896658024146
7896658024078
7896658023361
7896658023354
7896658023323
7896658023224
7896658022944
7896658022456
7896658022371
7896658021732
7896658021688
7896658021640
7896658021442
7896658021428
7896658021381
7896658021268
7896658021121
7896658021022
7896658020988
7896658020575
7896658019562
7896658019531
7896658018992
7896658018954
7896658018879
7896658018862
7896658018800
7896658018787
7896658018763
7896658018121
7896658018084
7896658017704
7896658017643
7896658017582
7896658016844
7896658016585
7896658016554
7896658016271
7896658015427
7896658015380
7896658014604
7896658014567
7896658014345
7896658014321
7896658014215
7896658013072
7896658012402
7896658012341
7896658012303
7896658011924
7896658011863
7896658011412
7896658011276
7896658010187
7896658010170
7896658010002
7896658009631
7896658009532
7896658009518
7896658008887
7896658008863
7896658008849
7896658008825
7896658008801
7896658008788
7896658008764
7896658008740
7896658008467
7896658008450
7896658008122
7896658008115
7896658008023
7896658007996
7896658007309
7896658007040
7896658006920
7896658006913
7896658006906
7896658006760
7896658006432
7896658006401
7896658006050
7896658006043
7896658005763
7896658005466
7896658005459
7896658005442
7896658005336
7896658005305
7896658005299
7896658005190
7896658005145
7896658005121
7896658005091
7896658005084
7896658005053
7896658005046
7896658004902
7896658004896
7896658004858
7896658004841
7896658004834
7896658004810
7896658004704
7896658004391
7896658004018
7896658003981
7896658003653
7896658003561
7896658003554
7896658003547
7896658003523
7896658003516
7896658003479
7896658003189
7896658003172
7896658003165
7896658003141
7896658002960
7896658002953
7896658002946
7896658002939
7896658002922
7896658002700
7896658002687
7896658002403
7896658002236
7896658002212
7896658002120
7896658002113
7896658002076
7896658001925
7896658001918
7896658001901
7896658001864
7896658001789
7896658001680
7896658001666
7896658001390
7896658001123
7896658001116
7896658001079
7896658000911
7896658000805
7896658000652
7896658000577
7896658000560
7896658000409
7896658000393
7896658000089
7896653710457
7896653710440
7896653709635
7896653709604
7896653708881
7896653708874
7896653702544
7896653702490
7896647090770
7896647090145
7896647089675
7896647078600
7896647077412
7896647077276
7896647077160
7896647077054
7896647077047
7896647076927
7896647074602
7896647073582
7896647073223
7896647072677
7896647072134
7896647072127
7896647060704
7896647047439
7896647044100
7896647043752
7896647043738
7896647043691
7896647043240
7896647043226
7896647041949
7896647041918
7896647041901
7896647041895
7896647041888
7896647041642
7896647037881
7896647031285
7896647030035
7896647029947
7896647029077
7896647029046
7896647028971
7896647028957
7896647028933
7896647028803
7896647028629
7896647028513
7896647028254
7896647028247
7896647028179
7896647028025
7896647027776
7896647027509
7896647023082
7896647022443
7896647021903
7896647021781
7896647021576
7896647020227
7896647014219
7896647013328
7896647013311
7896647011782
7896647009918
7896647009888
7896647009611
7896647009130
7896647009048
7896647008638
7896647002766
7896647001226
7896644716413
7896644716390
7896644716383
7896644716376
7896644716253
7896644716215
7896644716208
7896644716178
7896644716161
7896644716154
7896644716147
7896644716130
7896644716123
7896644716055
7896644716024
7896644716017
7896644716000
7896644715867
7896644715812
7896644715805
7896644715775
7896644715768
7896644715751
7896644715744
7896644715737
7896644715720
7896644704779
7896644703932
7896644703925
7896644701976
7896644701013
7896643408630
7896641817625
7896641817618
7896641817601
7896641817502
7896641816871
7896641816864
7896641816857
7896641815867
7896641815843
7896641815027
7896641813641
7896641813627
7896641813603
7896641813405
7896641813146
7896641813061
7896641812958
7896641812927
7896641812880
7896641812828
7896641812811
7896641812767
7896641812552
7896641812293
7896641812279
7896641811616
7896641810695
7896641810510
7896641810367
7896641810244
7896641810190
7896641810176
7896641810084
7896641809170
7896641809033
7896641809026
7896641808982
7896641808715
7896641808647
7896641808630
7896641808623
7896641808609
7896641808548
7896641808227
7896641807770
7896641807534
7896641807510
7896641807404
7896641806483
7896641806407
7896641806056
7896641805943
7896641805936
7896641805929
7896641805912
7896641805905
7896641805776
7896641805653
7896641805479
7896641804663
7896641804595
7896641804588
7896641804472
7896641804465
7896641804441
7896641804397
7896641804380
7896641804205
7896641804120
7896641804106
7896641803871
7896641803642
7896641802850
7896641802782
7896641801822
7896641801792
7896641800764
7896641800429
7896641800313
7896641800030
7896641800023
7896640452797
7896640452667
7896640452469
7896640450779
7896640434038
7896640430658
7896640407094
7896637037686
7896637037433
7896637035996
7896637035965
7896637035736
7896637035637
7896637035460
7896637035453
7896637035361
7896637034937
7896637034920
7896637034852
7896637034821
7896637034760
7896637034746
7896637034050
7896637034005
7896637033992
7896637033985
7896637033978
7896637033961
7896637033954
7896637033947
7896637033923
7896637033589
7896637033480
7896637033459
7896637033350
7896637033343
7896637033046
7896637033015
7896637032957
7896637032926
7896637032919
7896637032803
7896637032735
7896637032575
7896637032551
7896637032223
7896637032209
7896637032193
7896637032032
7896637031943
7896637031844
7896637031776
7896637031516
7896637031509
7896637030861
7896637030854
7896637030823
7896637030014
7896637030007
7896637029902
7896637029117
7896637029070
7896637029032
7896637029018
7896637028530
7896637028523
7896637028479
7896637028301
7896637028219
7896637028202
7896637026291
7896637026222
7896637025553
7896637025492
7896637025485
7896637025478
7896637025423
7896637025362
7896637025225
7896637025102
7896637025096
7896637024365
7896637024358
7896637024020
7896637023979
7896637023856
7896637023771
7896637023764
7896637023665
7896637023658
7896637023641
7896637023627
7896637023580
7896637023566
7896637023450
7896637023443
7896637023344
7896637023238
7896637023115
7896637023092
7896637023047
7896637023009
7896637022903
7896637022835
7896637022804
7896637022767
7896637022729
7896637022576
7896637022569
7896637022552
7896637022446
7896637022439
7896637022415
7896637018012
7896637017176
7896637017022
7896624203544
7896624203513
7896622305851
7896622305837
7896622300443
7896609550953
7896609550946
7896609550496
7896609550434
7896609550410
7896609550397
7896609550311
7896609550304
7896609550298
7896609550281
7896609550274
7896609550267
7896609549179
7896609548394
7896609548387
7896609548370
7896609546260
7896609546154
7896609546123
7896609546116
7896609546109
7896609546079
7896609545591
7896609545041
7896609544808
7896609544488
7896609544464
7896609544266
7896609544211
7896609544204
7896609543801
7896609543795
7896609543733
7896609543153
7896609543115
7896609543085
7896609543078
7896609542934
7896609542910
7896603899980
7896603899959
7896603879067
7896603847165
7896603846724
7896603846717
7896603846267
7896603846250
7896603846106
7896603845802
7896603806360
7896603805189
7896603805172
7896603805165
7896603805158
7896603805028
7896603805004
7896603804038
7896603803918
7896603803901
7896603803895
7896603803819
7896603803796
7896603803611
7896603803604
7896603803116
7896603803109
7896603802881
7896603802522
7896603802515
7896603800726
7896603800528
7896603800511
7896603800504
7896603800399
7896595572359
7896595570652
7896594811060
7896594801009
7896594800316
7896584151824
7896573380327
7896573380310
7896573380303
7896573380297
7896573380266
7896573380259
7896573380228
7896573380211
7896573380181
7896573380174
7896573379154
7896573379116
7896572043063
7896572043056
7896572043032
7896572041939
7896572041922
7896572041861
7896572041854
7896572041106
7896572041090
7896572039691
7896572039684
7896572039677
7896572039660
7896572039653
7896572039646
7896572039639
7896572039622
7896572038380
7896572038373
7896572037994
7896572034603
7896572034559
7896572029609
7896572028572
7896572015084
7896572014087
7896572014070
7896572013851
7896572013561
7896572013554
7896572013547
7896572013530
7896572013097
7896572013080
7896572012953
7896572012946
7896572012915
7896572012908
7896572011048
7896572011031
7896572010065
7896557310074
7896557308651
7896557301706
7896554857992
7896554837994
7896554837987
7896548199572
7896548198957
7896548198865
7896548198797
7896548198292
7896548198285
7896548198247
7896548198162
7896548198070
7896548197967
7896548197738
7896548197554
7896548197370
7896548168745
7896548161746
7896548140581
7896548140284
7896548140222
7896548139585
7896548133613
7896548115251
7896548113479
7896548113059
7896548112915
7896548112908
7896548112793
7896548112717
7896548112229
7896548112069
7896548111987
7896548111727
7896545230056
7896544927230
7896540766918
7896540751310
7896523228440
7896523228396
7896523228365
7896523227627
7896523223223
7896523223193
7896523222783
7896523221724
7896523220239
7896523216812
7896523216478
7896523216461
7896523216454
7896523216447
7896523214092
7896523213828
7896523212685
7896523210940
7896523210889
7896523210797
7896523210582
7896523209425
7896523209364
7896523208985
7896523208893
7896523208282
7896523208022
7896523207964
7896523207803
7896523207780
7896523207681
7896523207667
7896523207643
7896523206943
7896523206929
7896523206806
7896523206790
7896523206714
7896523206691
7896523206547
7896523206479
7896523206295
7896523206288
7896523206271
7896523206110
7896523206103
7896523205335
7896523202822
7896523202600
7896523202204
7896523202129
7896523202020
7896523202013
7896523201986
7896523201948
7896523201887
7896523201801
7896523201771
7896523201740
7896523201641
7896523201627
7896523201528
7896523201498
7896523201351
7896523201078
7896523200880
7896523200606
7896523200576
7896523200057
7896512963598
7896512959836
7896512955265
7896512949417
7896512949158
7896512944436
7896512941947
7896512941930
7896512941923
7896512939678
7896512939593
7896512937988
7896512937957
7896512937940
7896512937926
7896512937919
7896512936622
7896512928122
7896512922458
7896512922373
7896512919878
7896512914507
7896512914231
7896512914224
7896512913708
7896512911940
7896512911933
7896512911865
7896512911858
7896512911087
7896512911070
7896512909794
7896512909787
7896512909770
7896512909732
7896512909190
7896512907493
7896512905420
7896512905222
7896512904621
7896512904324
7896512904126
7896512904089
7896512902504
7896512900166
7896512900111
7896512900043
7896509979496
7896509979489
7896509976815
7896509976808
7896509976792
7896509975719
7896509974903
7896509974521
7896509974446
7896509974194
7896509974187
7896509974163
7896509973708
7896509973692
7896509963914
7896509955384
7896509955322
7896509955285
7896509955223
7896509955216
7896509955209
7896509955193
7896509955186
7896509955179
7896509955131
7896509955124
7896509955117
7896509955100
7896509955087
7896509955056
7896509955049
7896509955032
7896509955025
7896509955018
7896509954981
7896509954967
7896509954950
7896509954943
7896509946481
7896509911847
7896509911823
7896509911809
7896497504557
7896497504335
7896497504120
7896497504106
7896497504090
7896497503956
7896497503864
7896497503017
7896497502119
7896497502065
7896497501617
7896492200010
7896492200003
7896484180153
7896484180092
7896484171908
7896484171892
7896484171656
7896484140133
7896484130622
7896484130073
7896484120111
7896484120104
7896484110532
7896484110525
7896484110440
7896484110433
7896484110426
7896484110419
7896484110402
7896484110365
7896484110297
7896484110198
7896484110075
7896484101257
7896484101240
7896484100717
7896472522392
7896472521883
7896472521869
7896472521852
7896472521814
7896472520534
7896472516377
7896472513284
7896472502943
7896472502776
7896472502769
7896472502622
7896472502615
7896472502271
7896472502158
7896472502110
7896472501823
7896464736028
7896464709008
7896464708407
7896464707332
7896464707325
7896464707080
7896464707028
7896464706953
7896462003597
7896451917867
7896451917843
7896451915283
7896451915276
7896451912923
7896451912886
7896451911704
7896451911698
7896451911582
7896451911575
7896448199801
7896448199702
7896448112534
7896448111513
7896448111421
7896448111094
7896448110523
7896448110424
7896444681430
7896444681331
7896444650016
7896444618269
7896444618252
7896444614728
7896444614667
7896444614445
7896444614438
7896444614421
7896444614414
7896444614209
7896444614094
7896444614056
7896444614049
7896444614032
7896444614025
7896444614018
7896444612854
7896444610270
7896444609700
7896444609694
7896444609687
7896444609670
7896444609632
7896444609618
7896444609595
7896444609588
7896444609571
7896444609564
7896444609502
7896444609496
7896444609489
7896444609472
7896444609380
7896444609359
7896444609342
7896444609335
7896444609328
7896444609281
7896444607546
7896444607171
7896444607157
7896444607119
7896444606440
7896444606426
7896444606419
7896444606365
7896444606341
7896444606334
7896444606075
7896444606068
7896444606020
7896444606013
7896444606006
7896444605986
7896444605979
7896444605948
7896444605894
7896444605887
7896444605870
7896444605863
7896444605849
7896444605832
7896444605825
7896444605818
7896444605795
7896444605757
7896444605740
7896444605733
7896444605726
7896444605719
7896444604699
7896444604668
7896444604439
7896444604385
7896444604361
7896444604316
7896444604293
7896444604248
7896444604118
7896444603951
7896444603586
7896444603555
7896444603524
7896444603517
7896444603326
7896444603319
7896444603272
7896444603203
7896444603142
7896444603036
7896444603029
7896444603012
7896444603005
7896444602848
7896444602800
7896444602725
7896444602626
7896444602572
7896444602565
7896444602534
7896444602497
7896444602398
7896444602183
7896444602039
7896444602015
7896444601995
7896444601735
7896444601728
7896444601711
7896444601353
7896444601223
7896444601162
7896444601025
7896444600950
7896444600806
7896444600455
7896444600356
7896444210760
7896444210630
7896444210623
7896444210500
7896438873858
7896438513167
7896438510463
7896436906640
7896436906374
7896436906367
7896423497991
7896423497984
7896423488883
7896423488876
7896423471007
7896423470994
7896423438734
7896423438727
7896423420180
7896423420159
7896423419283
7896423419276
7896422544917
7896422533713
7896422528719
7896422527026
7896422525237
7896422522823
7896422522663
7896422521277
7896422521260
7896422520669
7896422519922
7896422519830
7896422519403
7896422519373
7896422518161
7896422517621
7896422517195
7896422517003
7896422516990
7896422516945
7896422516921
7896422516624
7896422515894
7896422515580
7896422515511
7896422515122
7896422514644
7896422513968
7896422513951
7896422513173
7896422513098
7896422512145
7896422511902
7896422511728
7896422507769
7896422507509
7896422507400
7896422507394
7896422507301
7896422507295
7896422507066
7896422507059
7896422506755
7896422506649
7896422506564
7896422506434
7896422506304
7896422506243
7896422506236
7896422505963
7896422505789
7896422505680
7896422505673
7896422505369
7896422504812
7896422504744
7896422504652
7896422504645
7896422504621
7896422504614
7896422504577
7896422504478
7896422504454
7896422504430
7896422504386
7896422503990
7896422503709
7896422503617
7896422501330
7896422501187
7896422500500
7896382709159
7896382709111
7896382708183
7896382707681
7896382707070
7896382706721
7896382706677
7896382706653
7896382700750
7896380660957
7896380660926
7896380660698
7896380660681
7896380660674
7896380607440
7896380607341
7896380607334
7896380607259
7896380607242
7896380607235
7896380607228
7896380607211
7896380607204
7896380607129
7896380607006
7896380606979
7896380606924
7896380606917
7896380606887
7896380606870
7896380606863
7896380606696
7896380606689
7896380606672
7896380606665
7896380606658
7896380606641
7896380606573
7896380606566
7896380606559
7896380606542
7896380606535
7896380606504
7896380606481
7896380606474
7896380606443
7896380606436
7896380606429
7896380606405
7896380606351
7896380606214
7896380606191
7896380606153
7896380606139
7896380606115
7896380606108
7896380606092
7896380606078
7896380606061
7896380606009
7896380605972
7896380605958
7896380605941
7896380605934
7896380605927
7896380605910
7896380605903
7896380605897
7896380605880
7896380605873
7896380605866
7896380605859
7896380605842
7896380605835
7896380605828
7896380605811
7896380605774
7896380605767
7896380605750
7896380605743
7896380605699
7896380605606
7896380605590
7896380605569
7896380605538
7896380605521
7896380605514
7896380605507
7896380605491
7896380605484
7896380605477
7896380605101
7896380605088
7896380605071
7896380605033
7896380604999
7896380604982
7896380604975
7896380604951
7896380604937
7896380604821
7896380604814
7896380604807
7896380604791
7896380604784
7896380604777
7896380604760
7896380604753
7896380604715
7896380604197
7896380604180
7896380604142
7896380603930
7896380603923
7896380603862
7896380603503
7896380603497
7896380603268
7896380603251
7896380603237
7896380603220
7896380603213
7896380603206
7896380603152
7896380603145
7896380603138
7896380603114
7896380603107
7896380603091
7896380603084
7896380603077
7896380603060
7896380603053
7896380603015
7896380602995
7896380602964
7896380602940
7896380602933
7896380602926
7896380602209
7896380601103
7896380600687
7896380600656
7896380600649
7896380600595
7896380600397
7896380600380
7896372500544
7896372500476
7896369164810
7896369164773
7896369164766
7896369164759
7896369164742
7896369164735
7896369164728
7896369164711
7896369163813
7896369163790
7896369163745
7896369163738
7896369163653
7896369163523
7896369162717
7896369162397
7896369162380
7896369126719
7896369126610
7896369126214
7896369126115
7896369126016
7896359042494
7896359038206
7896359038190
7896359036844
7896359036028
7896359036004
7896359035465
7896359035458
7896359029068
7896359028580
7896359028030
7896359026616
7896359025459
7896359025138
7896359021574
7896359003884
7896359003877
7896359000357
7896359000302
7896355757064
7896355751079
7896355705034
7896355700503
7896342916702
7896342916641
7896342916634
7896342915422
7896342914234
7896342912247
7896342912056
7896342912032
7896342909988
7896342909964
7896342905843
7896342905836
7896342905737
7896342905560
7896342903306
7896342902217
7896342902200
7896342900633
7896342900626
7896342900619
7896342480869
7896342463343
7896342453054
7896342452965
7896342452958
7896342452941
7896342452873
7896342452866
7896342452859
7896342452712
7896342452675
7896342452552
7896342452262
7896342452255
7896342452194
7896342452187
7896342451548
7896342450428
7896342450398
7896342450381
7896342450367
7896342450350
7896342450336
7896342450329
7896342449156
7896342449132
7896342444168
7896342437955
7896342437283
7896342437160
7896342436224
7896342436101
7896342435869
7896342421121
7896342414123
7896342413706
7896342413669
7896342413157
7896342413089
7896342412372
7896342412341
7896342412334
7896342412327
7896342412310
7896342412303
7896342412297
7896342411122
7896342411085
7896342410354
7896342410347
7896342408405
7896342408399
7896342405688
7896342400911
7896342400904
7896341402114
7896341400172
7896341400110
7896341400103
7896336016067
7896336006631
7896331709315
7896331709308
7896331709278
7896331709261
7896331709193
7896331708851
7896331708844
7896331708837
7896331708684
7896331708677
7896331708660
7896331708653
7896331708615
7896331708585
7896331708578
7896331708257
7896331707946
7896331707557
7896331707540
7896331707144
7896331707113
7896331706833
7896331706581
7896331706574
7896331706451
7896331706376
7896331706352
7896331705669
7896331705423
7896331705140
7896331705096
7896331704808
7896331704006
7896331703924
7896331703832
7896331703443
7896331703191
7896331703139
7896331702958
7896331702835
7896331702828
7896331702811
7896331702620
7896331702606
7896331702583
7896331702545
7896331702057
7896331701982
7896331701975
7896331701661
7896331701562
7896331701371
7896331701234
7896331700459
7896331700404
7896331700138
7896331700121
7896327310327
7896326998113
7896326998106
7896326996751
7896326996744
7896326996065
7896326996058
7896326988459
7896326988091
7896326987858
7896326987834
7896326967096
7896326964637
7896326964620
7896326963180
7896326962527
7896326962510
7896326962497
7896326962480
7896326962473
7896326962466
7896326960073
7896326959138
7896326958308
7896326958131
7896326958124
7896326958025
7896326957967
7896326957950
7896326957943
7896326957936
7896326957929
7896326957585
7896326957578
7896326957295
7896326957196
7896326956984
7896326956946
7896326953358
7896326950432
7896326950203
7896326950197
7896326950142
7896326948958
7896326948941
7896326945872
7896326942734
7896326940747
7896326940624
7896326934326
7896326934319
7896326934265
7896326934258
7896326933237
7896326931226
7896326931219
7896326931202
7896326929339
7896326926697
7896326926550
7896326923160
7896326922965
7896326922958
7896326920275
7896326919811
7896326919798
7896326918913
7896326918135
7896326914830
7896326914618
7896326912423
7896326912393
7896326912287
7896326912270
7896326912256
7896326912249
7896326912225
7896326912218
7896326912195
7896326912188
7896326911303
7896326910504
7896326910337
7896326908822
7896326906439
7896326906293
7896326905593
7896326905586
7896326905562
7896326905555
7896326902301
7896326901427
7896326901410
7896326900475
7896326900468
7896317913750
7896317913699
7896317913583
7896317911886
7896317911879
7896317911640
7896317911084
7896317911053
7896317910681
7896317910315
7896317910308
7896317910261
7896317910230
7896317908121
7896317907889
7896317907346
7896317906165
7896317904802
7896317903645
7896317903409
7896317901801
7896317901238
7896317900415
7896317900408
7896317900316
7896317900217
7896317900200
7896317884661
7896317884654
7896317884630
7896316101424
7896311778041
7896311777747
7896311777686
7896311777273
7896311777075
7896311775446
7896311775439
7896311773299
7896311773282
7896311773275
7896311773268
7896311773022
7896311771981
7896311771608
7896311771554
7896311770793
7896311770762
7896311770755
7896311770748
7896311768332
7896311768325
7896311767601
7896311766956
7896311766376
7896311764785
7896311764778
7896311763504
7896311763498
7896311763269
7896311760862
7896311760794
7896311738762
7896311730971
7896311730537
7896311730520
7896311710324
7896311710300
7896311710010
7896311709991
7896311709984
7896311709502
7896311709496
7896311709489
7896311709083
7896311708451
7896311708314
7896311707973
7896311707928
7896311707904
7896311707898
7896311707843
7896311102297
7896311023424
7896311005116
7896311005079
7896311005031
7896309212533
7896309205078
7896309205030
7896309205023
7896309204996
7896309204941
7896309204927
7896309204910
7896309204897
7896309204361
7896309204224
7896309204217
7896309204040
7896309201681
7896309201674
7896309200158
7896306625688
7896306625671
7896306625367
7896306625350
7896306616396
7896306616389
7896306612862
7896306612848
7896306612831
7896306612817
7896292298231
7896292298101
7896292293601
7896292280816
7896292263208
7896292255258
7896292255203
7896292255159
7896292255104
7896292253162
7896292253100
7896292252103
7896292251298
7896292251205
7896292251199
7896292251106
7896292245730
7896292210509
7896290402838
7896290402401
7896290401626
7896290401473
7896279129336
7896279129329
7896279129312
7896279129305
7896279129299
7896279129268
7896279129244
7896279129237
7896279129220
7896279129213
7896279129206
7896279129183
7896279129169
7896279129145
7896279129121
7896279129107
7896279129039
7896279129022
7896279129015
7896279129008
7896279128957
7896279128940
7896279128933
7896279128926
7896279128629
7896279128612
7896279128605
7896279127172
7896279127165
7896279126984
7896279126977
7896279126960
7896279126953
7896279126946
7896279126939
7896279126816
7896279126809
7896279126793
7896279126786
7896279126779
7896279126762
7896279122153
7896279119467
7896279119443
7896279117203
7896279117173
7896279117142
7896279117104
7896279114394
7896279114349
7896279114103
7896279114042
7896279114035
7896279114028
7896279113700
7896279113427
7896279113410
7896279113403
7896279113120
7896279113106
7896279113090
7896279112871
7896279110037
7896279106597
7896279106580
7896279104135
7896279104098
7896279103909
7896279103879
7896279103787
7896279102971
7896279102650
7896279101646
7896279100946
7896279100854
7896279100823
7896269955204
7896269955136
7896269901997
7896269901898
7896269901720
7896269901379
7896269900945
7896269900808
7896269900693
7896269900631
7896269900617
7896269900372
7896269900341
7896269900303
7896269900150
7896269900068
7896262304467
7896262304450
7896262304351
7896262304306
7896262301022
7896261405295
7896261405257
7896261405240
7896261403512
7896261403505
7896261403482
7896261403475
7896261402843
7896261402836
7896261402805
7896261402799
7896261402676
7896261402669
7896261402652
7896261402614
7896261402607
7896261402591
7896261022287
7896261021051
7896261020313
7896261020306
7896261020269
7896261019348
7896261019331
7896261018754
7896261018488
7896261018310
7896261018303
7896261018181
7896261017306
7896261017177
7896261016262
7896261016255
7896261015623
7896261015609
7896261015586
7896261014268
7896261014244
7896261013490
7896261013483
7896261012936
7896261012608
7896261012561
7896261012486
7896261012356
7896261012332
7896261011106
7896261009691
7896261009677
7896261009660
7896261009554
7896261006867
7896261006553
7896261005884
7896261005860
7896261005723
7896261005372
7896261005198
7896261005181
7896261004900
7896261003996
7896261001145
7896261000797
7896261000445
7896261000407
7896261000261
7896261000223
7896261000216
7896261000025
7896261000018
7896255767330
7896255767149
7896255767071
7896255767026
7896255766852
7896255766791
7896255766401
7896255766371
7896255766333
7896255765473
7896255765466
7896255764384
7896255762991
7896255762595
7896255762465
7896255762229
7896255762205
7896255717885
7896255716987
7896255716970
7896255716963
7896255716956
7896255716949
7896255713368
7896255711005
7896255700283
7896255700276
7896255700245
7896255700054
7896253903013
7896253902337
7896253902191
7896253900913
7896251804916
7896251804695
7896251803513
7896251802646
7896251802301
7896251802127
7896251801557
7896251801540
7896243101191
7896243101177
7896243101153
7896241296523
7896241296400
7896241293669
7896241286784
7896241279908
7896241274903
7896241270400
7896241270363
7896241265543
7896241261248
7896241248287
7896241241394
7896241231630
7896241231616
7896241225547
7896241225523
7896241225257
7896241225127
7896241221853
7896235355038
7896235355021
7896235355014
7896235354550
7896235354451
7896235354307
7896235354291
7896235354284
7896235354260
7896235354222
7896235354215
7896235354178
7896235354161
7896235354147
7896235354116
7896235354109
7896235354093
7896235354086
7896235354079
7896235354062
7896235354055
7896235354048
7896235354031
7896235354017
7896235353935
7896235353911
7896235353904
7896235353881
7896235353874
7896235353867
7896235353850
7896235353768
7896235353720
7896235353713
7896235353706
7896235353690
7896235353683
7896235353669
7896235353645
7896235353638
7896235353317
7896235353300
7896235353287
7896235353270
7896235353256
7896235353249
7896235353157
7896235353133
7896235353126
7896235353119
7896235319665
7896235319658
7896235319641
7896235319634
7896230304574
7896230304567
7896230304550
7896230301689
7896230301412
7896230301146
7896230301139
7896230301122
7896230300231
7896230300224
7896230300071
7896229972302
7896229945047
7896227800898
7896227800867
7896227800829
7896227800812
7896227800805
7896227800799
7896227800089
7896227800027
7896227800010
7896226506388
7896226506371
7896226504742
7896226503721
7896226502465
7896226502458
7896226502410
7896226502205
7896226502199
7896226501239
7896226500614
7896226500515
7896226500492
7896226500423
7896226500416
7896226500386
7896226500379
7896226500362
7896226500218
7896226110561
7896226110462
7896226110455
7896226110370
7896226110356
7896226110349
7896226110226
7896226110141
7896226109930
7896226109909
7896226109824
7896226109695
7896226109688
7896226109626
7896226109565
7896226109541
7896226109527
7896226109435
7896226109237
7896226109053
7896226108933
7896226108926
7896226108735
7896226108681
7896226105192
7896226105147
7896226102955
7896226102818
7896226102801
7896226102603
7896226102542
7896226102535
7896226102504
7896226102351
7896226101873
7896226101743
7896226101156
7896226100371
7896226100364
7896226100302
7896226100296
7896226100067
7896224410908
7896224410724
7896224410717
7896224410687
7896224410670
7896224410649
7896224410632
7896224410335
7896224410304
7896224410229
7896224410212
7896224410137
7896224410120
7896224410113
7896224409995
7896222721150
7896222721143
7896222721112
7896222721075
7896222721068
7896222720887
7896222720856
7896222720764
7896222720566
7896222720535
7896222720528
7896222720320
7896222720306
7896222720092
7896222720078
7896222720030
7896222720016
7896222720009
7896222718860
7896222718846
7896222718822
7896222718419
7896222718389
7896222718334
7896222717948
7896222717788
7896222717351
7896222717207
7896222717177
7896222716453
7896222716279
7896214002113
7896214002083
7896214001000
7896214000126
7896214000027
7896213320171
7896213320140
7896213319540
7896213317997
7896213310110
7896213309299
7896213306793
7896213306755
7896213306090
7896213306076
7896213305437
7896213305123
7896213300111
7896213300104
7896213300081
7896213300074
7896213300050
7896213131340
7896213131319
7896212687343
7896212686346
7896212680191
7896212680115
7896212479924
7896212479825
7896212479689
7896212479603
7896212479580
7896212479573
7896212479054
7896212478972
7896212478750
7896212429738
7896212429653
7896212428861
7896212425563
7896212425549
7896212422968
7896212422517
7896212421039
7896212420629
7896212420124
7896212420117
7896212420100
7896212420018
7896212415618
7896212410057
7896212409457
7896211876359
7896211840435
7896211840237
7896211840138
7896211836292
7896211836261
7896211836209
7896211833062
7896211832348
7896211827825
7896211827818
7896211827764
7896211823506
7896211817970
7896211806394
7896211806363
7896211806356
7896206425869
7896206407902
7896206407896
7896206407384
7896206403409
7896206403324
7896206402976
7896206402877
7896206402860
7896206402853
7896206402778
7896206402433
7896206402426
7896206402181
7896206402082
7896206402020
7896206402013
7896206401917
7896206401160
7896206401146
7896200706803
7896200706131
7896200704199
7896191261275
7896191258527
7896191258510
7896191258503
7896191256202
7896191246166
7896191246159
7896191246142
7896191227592
7896191227028
7896187800501
7896186002548
7896185998514
7896185998316
7896185989819
7896185924513
7896185909084
7896185903044
7896183317119
7896183317096
7896183317034
7896183317010
7896183317003
7896183313999
7896183313982
7896183313975
7896183313951
7896183313913
7896183313906
7896183313821
7896183313814
7896183313807
7896183313739
7896183313715
7896183313692
7896183313678
7896183312152
7896183311728
7896183309985
7896183309978
7896183308155
7896183308148
7896183307011
7896183307004
7896183305826
7896183305796
7896183303792
7896183303785
7896181929178
7896181928669
7896181927853
7896181927594
7896181927587
7896181927570
7896181927297
7896181926603
7896181925866
7896181925859
7896181925811
7896181925170
7896181924265
7896181924258
7896181924173
7896181924166
7896181924098
7896181924081
7896181923367
7896181922834
7896181922377
7896181922254
7896181922247
7896181921523
7896181921424
7896181921363
7896181921325
7896181921011
7896181920670
7896181920410
7896181920397
7896181919247
7896181919001
7896181918998
7896181918950
7896181918943
7896181918752
7896181916475
7896181916451
7896181916437
7896181915188
7896181915171
7896181915041
7896181915027
7896181914303
7896181914280
7896181914174
7896181913771
7896181913719
7896181913252
7896181911784
7896181911715
7896181911128
7896181911036
7896181909880
7896181909538
7896181909248
7896181909118
7896181909088
7896181908302
7896181907558
7896181907282
7896181907176
7896181906612
7896181906582
7896181906384
7896181906322
7896181905295
7896181905288
7896181904298
7896181904250
7896181901631
7896181901372
7896181901341
7896181901198
7896181901143
7896181900665
7896181900658
7896181900351
7896181900122
7896181900115
7896180302095
7896180302088
7896180302040
7896180300718
7896180300558
7896180300541
7896180300527
7896180300510
7896180300275
7896180300213
7896180300183
7896180300152
7896180300114
7896180300077
7896173100240
7896173100233
7896165600727
7896165600055
7896152355661
7896152324438
7896150025436
7896150024675
7896150023531
7896150019510
7896150018513
7896150018490
7896150016779
7896150015734
7896150012818
7896150012801
7896150002574
7896150001751
7896150001652
7896150001409
7896150001256
7896150001096
7896150000068
7896150000020
7896142700044
7896142700037
7896138700607
7896138700515
7896138700508
7896138700386
7896138700072
7896138600129
7896137651023
7896137650736
7896137607730
7896137600434
7896137600427
7896132135474
7896132135443
7896132135412
7896132135344
7896132135337
7896132135023
7896132134880
7896132134873
7896132134439
7896132134422
7896132134415
7896132134408
7896132134392
7896132134385
7896132134378
7896132134347
7896132134293
7896132134262
7896132134255
7896132134132
7896132134125
7896132134071
7896132134064
7896132134057
7896132134040
7896132134026
7896132133517
7896132133494
7896132133470
7896132133456
7896132133418
7896132133135
7896132133005
7896132132992
7896132132985
7896132132978
7896132132961
7896132132954
7896132132176
7896132131681
7896132131599
7896132131308
7896132131247
7896132130721
7896132130608
7896132130134
7896132130073
7896132128612
7896132128605
7896132127295
7896132127288
7896132122481
7896132121019
7896132120425
7896132112352
7896132100175
7896132100045
7896116801609
7896116532787
7896116114211
7896116114112
7896116114051
7896116114044
7896116113856
7896116113214
7896116109408
7896116107657
7896116101501
7896115705526
7896115705519
7896115705502
7896115705496
7896115704826
7896115704680
7896115704673
7896115704598
7896115704581
7896115704567
7896115704529
7896115704475
7896115704444
7896115704345
7896115704338
7896115704321
7896115704123
7896115704109
7896115704093
7896115704086
7896115703720
7896115703713
7896115703706
7896115703577
7896115703560
7896115702785
7896115702679
7896115702037
7896115702020
7896115702013
7896115701542
7896115700262
7896115700194
7896115700187
7896115700040
7896115700033
7896115700026
7896115700019
7896114313180
7896114313159
7896114313142
7896114313135
7896114313111
7896114313104
7896114313081
7896114313074
7896114312992
7896114312978
7896114312954
7896114312947
7896114312930
7896114312923
7896114312916
7896114312886
7896114312879
7896114312862
7896114312817
7896114312787
7896114312763
7896114312756
7896114300302
7896112486787
7896112480709
7896112478256
7896112477938
7896112471165
7896112470830
7896112470526
7896112466215
7896112456162
7896112452775
7896112452690
7896112452461
7896112448679
7896112448440
7896112448358
7896112435778
7896112432401
7896112428015
7896112427360
7896112425328
7896112424444
7896112424123
7896112423294
7896112422273
7896112422211
7896112422174
7896112422136
7896112421498
7896112416418
7896112416074
7896112413790
7896112413677
7896112410461
7896112410454
7896112410171
7896112409861
7896112409847
7896112409656
7896112409458
7896112409441
7896112409410
7896112409144
7896112409137
7896112409113
7896112409106
7896112408963
7896112408956
7896112408864
7896112408727
7896112408666
7896112408659
7896112408611
7896112408178
7896112408130
7896112407911
7896112407881
7896112407645
7896112407638
7896112407515
7896112407454
7896112407447
7896112407171
7896112407102
7896112407096
7896112407089
7896112406983
7896112406778
7896112406709
7896112406693
7896112406686
7896112406631
7896112406617
7896112406532
7896112406501
7896112406495
7896112406488
7896112406273
7896112406259
7896112406242
7896112406143
7896112406129
7896112406013
7896112405856
7896112403616
7896112403562
7896112403517
7896112403425
7896112403418
7896112403340
7896112403333
7896112403265
7896112403159
7896112403111
7896112403005
7896112402992
7896112402787
7896112402770
7896112402749
7896112402671
7896112402664
7896112402619
7896112402602
7896112402558
7896112402480
7896112402442
7896112402411
7896112402343
7896112402329
7896112402282
7896112402275
7896112402138
7896112402107
7896112402046
7896112401926
7896112401872
7896112401810
7896112401728
7896112401711
7896112401476
7896112401469
7896112401452
7896112401407
7896112401391
7896112401377
7896112401360
7896112401353
7896112401346
7896112401315
7896112401285
7896112401278
7896112401230
7896112401223
7896112401216
7896112401209
7896112401193
7896112401001
7896112400684
7896112400608
7896112400592
7896112400585
7896112400554
7896112400448
7896112400394
7896112400387
7896112400363
7896112400332
7896112400189
7896112400172
7896112400165
7896112400141
7896112400110
7896112400073
7896112400035
7896112400011
7896112196846
7896112196266
7896112194576
7896112191919
7896112189107
7896112181729
7896112180616
7896112175858
7896112173403
7896112170310
7896112168430
7896112165651
7896112160915
7896112160519
7896112159490
7896112158363
7896112151203
7896112151180
7896112149705
7896112149460
7896112149415
7896112149033
7896112148852
7896112148715
7896112148685
7896112147701
7896112147640
7896112144892
7896112144816
7896112143659
7896112143598
7896112141693
7896112141662
7896112141655
7896112140863
7896112138501
7896112136804
7896112134213
7896112132974
7896112132066
7896112131052
7896112129295
7896112128861
7896112128762
7896112127758
7896112127680
7896112127437
7896112126119
7896112125617
7896112125358
7896112124900
7896112123675
7896112123033
7896112122692
7896112122609
7896112122463
7896112121831
7896112121145
7896112121114
7896112119609
7896112117681
7896112116660
7896112115175
7896112114277
7896112110576
7896112110354
7896112110347
7896112108627
7896112104582
7896112104407
7896112104360
7896112103776
7896112103370
7896112102960
7896112102908
7896112102700
7896112102519
7896112101567
7896112101512
7896112100539
7896111999813
7896111999806
7896111999790
7896111999783
7896111999776
7896111999769
7896111999752
7896111999745
7896111999738
7896111999721
7896111999554
7896111999547
7896111999530
7896111999523
7896111999516
7896111999301
7896111999288
7896111999264
7896111999226
7896111999189
7896111999165
7896111999141
7896111999103
7896111999080
7896111999066
7896111999028
7896111998984
7896111998946
7896111998892
7896111998854
7896111998816
7896111998779
7896111998731
7896111998694
7896111998656
7896111998618
7896111998434
7896111998427
7896111998410
7896111998403
7896111998397
7896111998076
7896111998069
7896111998052
7896111998045
7896111998038
7896111998021
7896111998014
7896111998007
7896111997703
7896111997673
7896111997666
7896111997420
7896111997406
7896111997222
7896111997215
7896111997208
7896111997192
7896111997185
7896111997178
7896111997161
7896111997154
7896111997147
7896111997130
7896111997031
7896111997024
7896111997017
7896111997000
7896111996997
7896111996980
7896111996973
7896111996966
7896111996874
7896111996867
7896111996850
7896111996843
7896111996836
7896111996829
7896111996812
7896111996805
7896111996799
7896111996782
7896111996768
7896111996751
7896111996744
7896111996614
7896111996553
7896111996539
7896111996508
7896111996485
7896111996423
7896111996409
7896111996348
7896111996324
7896111996263
7896111996249
7896111995303
7896111995006
7896111994993
7896111994979
7896111994962
7896111994955
7896111994931
7896111994924
7896111994917
7896111994894
7896111994887
7896111994870
7896111994856
7896111994849
7896111994832
7896111994818
7896111994801
7896111994795
7896111994771
7896111994764
7896111994757
7896111994733
7896111994337
7896111994313
7896111994061
7896111993767
7896111993743
7896111993705
7896111993040
7896111993033
7896111993026
7896111993019
7896111992951
7896111992944
7896111992937
7896111992920
7896111992913
7896111992906
7896111992890
7896111992883
7896111992876
7896111992852
7896111992845
7896111992838
7896111992814
7896111992807
7896111992791
7896111992784
7896111992777
7896111992760
7896111992753
7896111992739
7896111992715
7896111992708
7896111992692
7896111992685
7896111992678
7896111992654
7896111992616
7896111992609
7896111992579
7896111992562
7896111992548
7896111992531
7896111992524
7896111992487
7896111992418
7896111992401
7896111992371
7896111992364
7896111992357
7896111992340
7896111992326
7896111992319
7896111992302
7896111992296
7896111992289
7896111992265
7896111992258
7896111992241
7896111991473
7896111987421
7896111987407
7896111987384
7896111987377
7896111987360
7896111987346
7896111987339
7896111987322
7896111987261
7896111987254
7896111987247
7896111987223
7896111987209
7896111986677
7896111986660
7896111985571
7896111983263
7896111978757
7896111978672
7896111976968
7896111976944
7896111972038
7896111971888
7896111970966
7896111970928
7896111954492
7896111954478
7896111952566
7896111950364
7896111950302
7896111947906
7896111947883
7896111947777
7896111947760
7896111947746
7896111947722
7896111945933
7896111945810
7896111945735
7896111945728
7896111945001
7896111944998
7896111944912
7896111944905
7896111944295
7896111944240
7896111942727
7896111942062
7896111941959
7896111941454
7896111941386
7896111940877
7896111940631
7896111932377
7896111930748
7896111930687
7896111921739
7896111921722
7896111921708
7896111921692
7896111919637
7896111919552
7896111919477
7896111913901
7896111913895
7896111913833
7896111913802
7896111913796
7896111913789
7896111913772
7896111913666
7896111913642
7896111913611
7896111913550
7896111913505
7896111913475
7896111913390
7896111913383
7896111913284
7896111913079
7896111913062
7896111913000
7896111912379
7896111908488
7896111908471
7896111907689
7896111907672
7896111907665
7896111907658
7896111907641
7896111907580
7896111907252
7896111906897
7896111906880
7896111906873
7896111906521
7896111906514
7896111906507
7896111906491
7896111906484
7896111906477
7896111906460
7896111905814
7896111905364
7896111905357
7896111905340
7896111905333
7896111905326
7896111905319
7896111905302
7896111905296
7896111904527
7896111904510
7896111904503
7896111904473
7896111904053
7896111904046
7896111904039
7896111904022
7896111904015
7896111904008
7896111903995
7896111903988
7896111903971
7896111903964
7896111903957
7896111903940
7896111903278
7896111903261
7896111903254
7896111903070
7896111903063
7896111902875
7896111902868
7896111902851
7896111902844
7896111902837
7896111902820
7896111902707
7896111902486
7896111902479
7896111902462
7896111902455
7896111902448
7896111902431
7896111902073
7896111902066
7896111902059
7896111902042
7896111902035
7896111902028
7896111902011
7896111902004
7896111901991
7896111901984
7896111901816
7896111901786
7896111901656
7896111901649
7896111901632
7896111901625
7896111901618
7896111901601
7896111901595
7896111901571
7896111901564
7896111901229
7896111901212
7896111901205
7896111901199
7896111901182
7896111901175
7896111901168
7896111901151
7896111900352
7896111900345
7896111900338
7896111900321
7896111900307
7896111900291
7896111900253
7896111900246
7896111900239
7896111900222
7896111900215
7896111900208
7896111900192
7896111900185
7896111900178
7896111900161
7896110700052
7896110700038
7896110700014
7896110011158
7896110011141
7896110008653
7896110008650
7896110003252
7896110002248
7896108569661
7896108569654
7896108569616
7896108560460
7896108560415
7896108560408
7896108560347
7896108560323
7896103471938
7896103460611
7896098812587
7896098810965
7896098810934
7896098805350
7896098805329
7896098804926
7896094999992
7896094999985
7896094999978
7896094999954
7896094999558
7896094999541
7896094999534
7896094999527
7896094999510
7896094999503
7896094999411
7896094931619
7896094931558
7896094931473
7896094931466
7896094931459
7896094931428
7896094931299
7896094931183
7896094931152
7896094930858
7896094930827
7896094930780
7896094930742
7896094930735
7896094930605
7896094930438
7896094930407
7896094930254
7896094930247
7896094930230
7896094930209
7896094930001
7896094929951
7896094929814
7896094929807
7896094929753
7896094929746
7896094929593
7896094929548
7896094929401
7896094929371
7896094929340
7896094929333
7896094929210
7896094929203
7896094929111
7896094929098
7896094929081
7896094929074
7896094929036
7896094928985
7896094928916
7896094928909
7896094928787
7896094928763
7896094928732
7896094928664
7896094928572
7896094928541
7896094928527
7896094928312
7896094928176
7896094928169
7896094928114
7896094928084
7896094928077
7896094928053
7896094928046
7896094928039
7896094927889
7896094927858
7896094927841
7896094927834
7896094927797
7896094927780
7896094927667
7896094927551
7896094927537
7896094927483
7896094927339
7896094927285
7896094927278
7896094927223
7896094927032
7896094927025
7896094926837
7896094926547
7896094925915
7896094925878
7896094925830
7896094925564
7896094925397
7896094925144
7896094925137
7896094924758
7896094924734
7896094924697
7896094924673
7896094924635
7896094924611
7896094922532
7896094922525
7896094922433
7896094922426
7896094922402
7896094922396
7896094922365
7896094922358
7896094922341
7896094922334
7896094922211
7896094922204
7896094922198
7896094922181
7896094922150
7896094922143
7896094922129
7896094922105
7896094922099
7896094922075
7896094922068
7896094922037
7896094922013
7896094922006
7896094921993
7896094921986
7896094921979
7896094921948
7896094921887
7896094921870
7896094921849
7896094921511
7896094921498
7896094921429
7896094921412
7896094921405
7896094921399
7896094921382
7896094921375
7896094921344
7896094921337
7896094921320
7896094921269
7896094921177
7896094921153
7896094921146
7896094921139
7896094921122
7896094920910
7896094920682
7896094920644
7896094920637
7896094920507
7896094920453
7896094920255
7896094920248
7896094920033
7896094919709
7896094919693
7896094919662
7896094919631
7896094919594
7896094919518
7896094919495
7896094919396
7896094919136
7896094919044
7896094918924
7896094918894
7896094918757
7896094918665
7896094918641
7896094918634
7896094918610
7896094918603
7896094918597
7896094918504
7896094918481
7896094918122
7896094918115
7896094918108
7896094917996
7896094917897
7896094917873
7896094917866
7896094917835
7896094917750
7896094917712
7896094917477
7896094917385
7896094917354
7896094917002
7896094916890
7896094916807
7896094916746
7896094916524
7896094916289
7896094916241
7896094916234
7896094916227
7896094916203
7896094915886
7896094915381
7896094915107
7896094915060
7896094915053
7896094915046
7896094914414
7896094914155
7896094912977
7896094912960
7896094912472
7896094912298
7896094910959
7896094910904
7896094910683
7896094910553
7896094910546
7896094909298
7896094909281
7896094909182
7896094908611
7896094908529
7896094907713
7896094907263
7896094907119
7896094906815
7896094906785
7896094906778
7896094906624
7896094906594
7896094906310
7896094906051
7896094905825
7896094905719
7896094905634
7896094904996
7896094904682
7896094904354
7896094904330
7896094904156
7896094904125
7896094904118
7896094903753
7896094903289
7896094903272
7896094903234
7896094903104
7896094903067
7896094903036
7896094901810
7896094901612
7896094901582
7896094901438
7896094901254
7896094901155
7896094901148
7896094212763
7896094211889
7896094211865
7896094211834
7896094211728
7896094211452
7896094211414
7896094211407
7896094211391
7896094211353
7896094211339
7896094211308
7896094211278
7896094211131
7896094211001
7896094210981
7896094210783
7896094210738
7896094210714
7896094210707
7896094210639
7896094210424
7896094210370
7896094210318
7896094210295
7896094210271
7896094210240
7896094210134
7896094210127
7896094210080
7896094210059
7896094210028
7896094209961
7896094209633
7896094209626
7896094209619
7896094209602
7896094209558
7896094209527
7896094209510
7896094209503
7896094209251
7896094209206
7896094209190
7896094209183
7896094209015
7896094208933
7896094208896
7896094208865
7896094208858
7896094208773
7896094208728
7896094208704
7896094208674
7896094208544
7896094208537
7896094208506
7896094208407
7896094208339
7896094208285
7896094208278
7896094208230
7896094208124
7896094208117
7896094208094
7896094207851
7896094207844
7896094207776
7896094207769
7896094207745
7896094207615
7896094207585
7896094207523
7896094207516
7896094207325
7896094206533
7896094206502
7896094206472
7896094206410
7896094206403
7896094206380
7896094206366
7896094206342
7896094206304
7896094206298
7896094206045
7896094206038
7896094206021
7896094206014
7896094203266
7896094203259
7896094203075
7896094203044
7896094202900
7896094202719
7896094202603
7896094202276
7896094202047
7896094201811
7896094201774
7896094201767
7896094201637
7896094201545
7896094201538
7896094201477
7896094201460
7896094201392
7896094201378
7896094201354
7896094201293
7896094201248
7896094201088
7896094201064
7896094200920
7896094200470
7896094200432
7896094200234
7896093013507
7896093002488
7896093002471
7896093002181
7896093002174
7896093001054
7896093001030
7896093000217
7896092002106
7896092002090
7896092002083
7896092002076
7896092000652
7896092000553
7896092000126
7896092000072
7896092000041
7896092000027
7896092000010
7896090700455
7896090700431
7896090700424
7896090611959
7896090611935
7896090611911
7896090611898
7896090611874
7896090611867
7896090611805
7896090611799
7896090611782
7896090611775
7896090611652
7896090611645
7896090611607
7896090611508
7896090604517
7896085872525
7896085872518
7896085872501
7896085871474
7896085871375
7896085869297
7896085868085
7896085868078
7896085866067
7896085864209
7896085863493
7896085863486
7896085862731
7896085833243
7896085813450
7896085813443
7896085111129
7896085111006
7896083412631
7896083412198
7896083412174
7896083412082
7896083411818
7896083411801
7896083411610
7896083411603
7896083411412
7896083411368
7896083410699
7896083410552
7896083410323
7896083410248
7896083404070
7896083402625
7896083402557
7896083402540
7896082900351
7896082900337
7896082900276
7896082900269
7896082900252
7896082900054
7896082900047
7896079819383
7896079819123
7896079813398
7896079813381
7896079813138
7896079813121
7896079811486
7896079811387
7896079811288
7896079811141
7896079811134
7896079811127
7896075760528
7896075760511
7896075760443
7896075760436
7896075760429
7896075760405
7896075760399
7896075758259
7896075758242
7896075757474
7896075757382
7896075757375
7896075711988
7896075711940
7896075711797
7896075711018
7896075711001
7896075710103
7896075710097
7896075710073
7896075709992
7896075709954
7896075709947
7896075709879
7896075709343
7896075709244
7896075709190
7896075709169
7896075709077
7896075709053
7896075707264
7896075707240
7896075707226
7896075707219
7896075707158
7896075707141
7896075707110
7896075702023
7896075701477
7896075701040
7896075701019
7896070603271
7896070601932
7896070601895
7896070601871
7896070601796
7896070601772
7896070601765
7896070601703
7896070601697
7896070601574
7896070601543
7896070601260
7896070601062
7896070601055
7896070600911
7896070600881
7896070600799
7896070600669
7896070600607
7896070600447
7896070600201
7896070600126
7896070600034
7896067203958
7896065864908
7896065861594
7896065860719
7896065860559
7896065860023
7896065860016
7896063285200
7896063285194
7896063285187
7896063285170
7896063285163
7896063285156
7896063285088
7896063285071
7896063285064
7896063285057
7896063201194
7896063201187
7896063200289
7896063200272
7896061996887
7896061996849
7896061996832
7896061996627
7896061996610
7896061996603
7896061996375
7896061996368
7896061996351
7896061995927
7896061995910
7896061995903
7896061995477
7896061995460
7896061990595
7896061954047
7896061953156
7896061951619
7896061951428
7896061951015
7896054719233
7896054719226
7896054023972
7896054023958
7896054022258
7896049528789
7896049528741
7896049528604
7896049528574
7896049528567
7896049528512
7896049528505
7896049526211
7896049526181
7896049526174
7896049526167
7896049526150
7896049525726
7896049524736
7896049524712
7896049524705
7896049509955
7896049509948
7896049509931
7896049509924
7896049508767
7896049508736
7896049508729
7896049508712
7896049508118
7896049508115
7896049504745
7896049504714
7896049502611
7896049502604
7896049502581
7896049502574
7896049502567
7896049502529
7896049502512
7896049502505
7896049502444
7896049502437
7896049502420
7896049502413
7896049502406
7896046714352
7896046714000
7896046713133
7896046710934
7896046710781
7896046710750
7896046706005
7896046705008
7896046704155
7896046704001
7896046703387
7896046703332
7896046703165
7896046703004
7896046702922
7896046702878
7896046702007
7896046701581
7896046700997
7896046700980
7896046700669
7896046700607
7896046700584
7896046700331
7896046700300
7896046390020
7896046381004
7896046304133
7896046304096
7896046303013
7896046302047
7896046301101
7896046300067
7896046300036
7896044999614
7896044999553
7896044999546
7896044998808
7896044998792
7896044998785
7896044998730
7896044998723
7896044998617
7896044997580
7896044997276
7896044997269
7896044997221
7896044997214
7896044997207
7896044997191
7896044997177
7896044996828
7896044995777
7896044963554
7896044963530
7896044963509
7896044963486
7896044960072
7896044960058
7896044956525
7896044956419
7896044954552
7896044954538
7896044954521
7896044953562
7896044953500
7896044952817
7896044952794
7896044952701
7896044952695
7896044942023
7896044936923
7896044936916
7896044928515
7896044901747
7896044901730
7896044901495
7896044901488
7896044901471
7896044901464
7896044900887
7896044900870
7896044900863
7896044900856
7896044900849
7896044900580
7896044900573
07896044900542
07896044900535
7896044900528
7896044900511
07896044900504
7896044900498
7896044900481
7896044900139
7896044900122
7896044900092
7896044900085
7896044600572
7896044600091
7896043360200
7896043360194
7896043360187
7896043360170
7896043352618
7896043352595
7896042086965
7896042086330
7896042084374
7896042084336
7896042083186
7896042082882
7896042082745
7896042082738
7896042082530
7896042082073
7896042081977
7896042081311
7896042078915
7896042078861
7896042077970
7896042077666
7896042077499
7896042077451
7896042077123
7896042070926
7896042070902
7896042070377
7896042069678
7896042068213
7896042067414
7896042066929
7896042066868
7896042066844
7896042066295
7896042065335
7896042061900
7896042061788
7896042055824
7896042055206
7896042054247
7896042048611
7896042045405
7896042044927
7896042044118
7896042041155
7896042038773
7896042037325
7896042037318
7896042034409
7896042034201
7896042034171
7896042033945
7896042033372
7896042032580
7896042010762
7896042010687
7896042010069
7896042008998
7896042006185
7896042006130
7896042006079
7896041997750
7896041925104
7896041914146
7896041914016
7896036577028
7896036577011
7896036576625
7896036576618
7896036576526
7896036576519
7896036576427
7896036576410
7896036576311
7896036576229
7896036575222
7896036575215
7896036575024
7896036575017
7896036573174
7896036573167
7896036573075
7896036573068
7896036572528
7896036572511
7896036572429
7896036572412
7896036572054
7896036572023
7896036572016
7896036571620
7896036571613
7896036571422
7896036571415
7896036570326
7896036570319
7896036570173
7896036570166
7896036570081
7896036570043
7896036570036
7896036560600
7896036560594
7896036560518
7896036560471
7896036560464
7896036560426
7896036560419
7896036560372
7896036560365
7896036560327
7896036560310
7896036548882
7896036548875
7896036548868
7896036548820
7896036548806
7896036548783
7896036548776
7896036548769
7896036548721
7896036548714
7896036548707
7896036548660
7896036548646
7896036548615
7896036548561
7896036548547
7896036548516
7896036548462
7896036548417
7896036548363
7896036548318
7896036548288
7896036548271
7896036548264
7896036548240
7896036548226
7896036548219
7896036548189
7896036548172
7896036548165
7896036548141
7896036548127
7896036548110
7896036547847
7896036547724
7896036547717
7896036547229
7896036547212
7896036547137
7896036547120
7896036547113
7896036546819
7896036546727
7896036546710
7896036545317
7896036544433
7896036543726
7896036543719
7896036543627
7896036543610
7896036543214
7896036542453
7896036542422
7896036542415
7896036542217
7896036541326
7896036541319
7896036541227
7896036541210
7896036541159
7896036541128
7896036541111
7896036540640
7896036540626
7896036540619
7896036540541
7896036540527
7896036540510
7896036540046
7896036540022
7896036540015
7896036533024
7896036528020
7896036528013
7896036527320
7896036526545
7896036526514
7896036526446
7896036526415
7896036526347
7896036526316
7896036526248
7896036526224
7896036526217
7896036524541
7896036524527
7896036524510
7896036524121
7896036522622
7896036522516
7896036521519
7896036521120
7896036521045
7896036521021
7896036521014
7896036520727
7896036520611
7896036520512
7896036520147
7896036517284
7896036516225
7896036516126
7896036516119
7896036514726
7896036514719
7896036512869
7896036512821
7896036512807
7896036512753
7896036512722
7896036512715
7896033299619
7896033295154
7896033294973
7896033293815
7896033292979
7896033290463
7896033290456
7896033290449
7896033290289
7896033290272
7896033290265
7896033263870
7896033261487
7896033261463
7896033261418
7896033261142
7896033261135
7896033251808
7896033251747
7896033251730
7896033251662
7896033251648
7896033251631
7896033251051
7896033251037
7896033251020
7896033251013
7896033243117
7896033241908
7896033241847
7896033241830
7896033241779
7896033241762
7896033241410
7896033241274
7896033241250
7896033241168
7896033241151
7896033241083
7896033241076
7896033240628
7896033234115
7896033234092
7896033234047
7896033234030
7896033234009
7896033233996
7896033233965
7896033233941
7896033233934
7896033233910
7896033233866
7896033233828
7896033233811
7896033233798
7896033233781
7896033233774
7896033233767
7896033233736
7896033233729
7896033233057
7896033232791
7896033232784
7896033232760
7896033232753
7896033232678
7896033232661
7896033232425
7896033232418
7896033232296
7896033232289
7896033232081
7896033231992
7896033231909
7896033231893
7896033231831
7896033231626
7896033231619
7896033231473
7896033231091
7896033231084
7896033221252
7896033221245
7896033221023
7896033221016
7896033216746
7896033212977
7896033212960
7896033212953
7896033212809
7896033212786
7896033212779
7896033212472
7896033212441
7896033212410
7896033212403
7896033212359
7896033212342
7896033212335
7896033212311
7896033212304
7896033212236
7896033212120
7896033211970
7896033211963
7896033211680
7896033211673
7896033211659
7896033211642
7896033211345
7896033211307
7896033211291
7896033211260
7896033211093
7896033211086
7896033204972
7896033204965
7896033204958
7896033204941
7896033204934
7896033204927
7896033204910
7896033204903
7896033204897
7896033204880
7896033204828
7896033204774
7896033204767
7896033204750
7896033204743
7896033204705
7896033204675
7896033204668
7896033204651
7896033204644
7896033204637
7896033204620
7896033204552
7896033204545
7896033204538
7896033204514
7896033204507
7896033204491
7896033204446
7896033204316
7896033204309
7896033204293
7896033204286
7896033203388
7896033203371
7896033203340
7896033203326
7896033203296
7896033203128
7896033203111
7896033203005
7896033202992
7896033202800
7896033202756
7896033201933
7896033201926
7896033201827
7896033201810
7896033201797
7896033201780
7896033201094
7896033201032
7896033201025
7896029603871
7896029603864
7896029603833
7896029603826
7896027561340
7896027557879
7896027556025
7896027551990
7896027551433
7896027549515
7896027548792
7896027546033
7896027536386
7896027533200
7896027531671
7896027200928
7896027200607
7896026307826
7896026307758
7896026307277
7896026307079
7896026306799
7896026306751
7896026306492
7896026306416
7896026306188
7896026305327
7896026305259
7896026304719
7896026304702
7896026304627
7896026304337
7896026303002
7896026302784
7896026301428
7896026301374
7896026301367
7896026301077
7896026300988
7896026300889
7896026300544
7896026300537
7896026300315
7896026300308
7896026300223
7896026300216
7896026300179
7896026300162
7896026300155
7896026300117
7896026173063
7896026173018
7896026172356
7896026172271
7896026172219
7896026172165
7896026172066
7896026172042
7896026171519
7896026171427
7896026171359
7896026171182
7896026170635
7896026170567
7896026170550
7896026170499
7896026170475
7896026136624
7896026130004
7896026120555
7896026120494
7896026120425
7896026120012
7896025583979
7896025543140
7896025543072
7896025542631
7896025542600
7896025542594
7896025542587
7896025542570
7896025542006
7896025541917
7896025541481
7896025541450
7896025541412
7896025541122
7896025540989
7896025540958
7896025540323
7896025540309
7896025540002
7896025539990
7896025539907
7896025539808
7896025539792
7896025539785
7896025539709
7896025539679
7896025539662
7896025539655
7896025539648
7896025539631
7896025539624
7896025539600
7896025539594
7896025539518
7896025539495
7896025539488
7896025538955
7896025538658
7896025538573
7896025538504
7896025538498
7896025538481
7896025538412
7896025538382
7896025538306
7896025538290
7896025538283
7896025538177
7896025537484
7896025537088
7896025536869
7896025536845
7896025536814
7896025536784
7896025536586
7896025536432
7896025536395
7896025534940
7896025534681
7896025534605
7896025534599
7896025534551
7896025534544
7896025534476
7896025534452
7896025534407
7896025534339
7896025533783
7896025533684
7896025533646
7896025533509
7896025532632
7896025532557
7896025532038
7896025531987
7896025531956
7896025531901
7896025531581
7896025531567
7896025531499
7896025531482
7896025531413
7896025531062
7896025530706
7896025530249
7896025530065
7896025530041
7896025530034
7896025530027
7896025529656
7896025529472
7896025529427
7896025529335
7896025529328
7896025529311
7896025528420
7896025528345
7896025528284
7896025528239
7896025528161
7896025528130
7896025528123
7896025528116
7896025528048
7896025527997
7896025527980
7896025527973
7896025527966
7896025527935
7896025527928
7896025527898
7896025527782
7896025527775
7896025527621
7896025527607
7896025527300
7896025527287
7896025527218
7896025527201
7896025527188
7896025527171
7896025527102
7896025527096
7896025527089
7896025527072
7896025527058
7896025527041
7896025526969
7896025526792
7896025526587
7896025526419
7896025526310
7896025526242
7896025526198
7896025526129
7896025526105
7896025526099
7896025526037
7896025525740
7896025525511
7896025525450
7896025525436
7896025525429
7896025525368
7896025525320
7896025525009
7896025524996
7896025524989
7896025524965
7896025524941
7896025524934
7896025524910
7896025524903
7896025524873
7896025524866
7896025524859
7896025524828
7896025524804
7896025524798
7896025524699
7896025524668
7896025524583
7896025524552
7896025524484
7896025524460
7896025524309
7896025524033
7896025524026
7896025523975
7896025523937
7896025523913
7896025523777
7896025523722
7896025523708
7896025523685
7896025523432
7896025523401
7896025523036
7896025522893
7896025522626
7896025522619
7896025522510
7896025522480
7896025522381
7896025522374
7896025522343
7896025522329
7896025522312
7896025522244
7896025522060
7896025522022
7896025521995
7896025521827
7896025521407
7896025521377
7896025521292
7896025521285
7896025521278
7896025521216
7896025520868
7896025520233
7896025519701
7896025519657
7896025519633
7896025519626
7896025519619
7896025519602
7896025519350
7896025519091
7896025517318
7896025516748
7896025516724
7896025516649
7896025516595
7896025516311
7896025516090
7896025516083
7896025515789
7896025515680
7896025515505
7896025515314
7896025515086
7896025515000
7896025514959
7896025514942
7896025514911
7896025514829
7896025514799
7896025514690
7896025514515
7896025514454
7896025513464
7896025512740
7896025512306
7896025512207
7896025512177
7896025512016
7896025511941
7896025511699
7896025511620
7896025511545
7896025511484
7896025511392
7896025511262
7896025511118
7896025510623
7896025510067
7896025509634
7896025509030
7896025509009
7896025508934
7896025507999
7896025507593
7896025507135
7896025506749
7896025506237
7896025506213
7896025506015
7896025505636
7896025505629
7896025505575
7896025505384
7896025505254
7896025505247
7896025504875
7896025504578
7896025504424
7896025504356
7896025504103
7896025503892
7896025503557
7896025503526
7896025503489
7896025503090
7896025502994
7896025502987
7896025502895
7896025502734
7896025502727
7896025502406
7896025501928
7896025501232
7896025501041
7896025500563
7896025500433
7896025500402
7896025500297
7896025500112
7896025500082
7896023793349
7896023793332
7896023780332
7896023779459
7896023770180
7896023765353
7896023752513
7896023747151
7896023743085
7896023737480
7896023737459
7896023737442
7896023737428
7896023733390
7896023728419
7896023727948
7896023719912
7896023719899
7896023719004
7896023716881
7896023716874
7896023716867
7896023716850
7896023716843
7896023716430
7896023713965
7896023713477
7896023708626
7896023707827
7896023707377
7896023705748
7896023705397
7896023705304
7896023705205
7896023705182
7896023704833
7896023704277
7896023704161
7896023703546
7896023701511
7896023701436
7896023700811
7896023700316
7896021907106
7896021628018
7896020693802
7896020677017
7896020618874
7896020610533
7896020164302
7896020164272
7896020164234
7896020164203
7896020164197
7896020164173
7896020164166
7896020164142
7896020164135
7896020164098
7896020163732
7896020163701
7896020163671
7896020163572
7896020163565
7896020163558
7896020163152
7896020163145
7896020163121
7896020163114
7896020163091
7896020162964
7896020162919
7896020162902
7896020162810
7896020162803
7896020162797
7896020162780
7896020162766
7896020162759
7896020162742
7896020162735
7896020162728
7896020162711
7896020162704
7896020162698
7896020162674
7896020162452
7896020162360
7896020161738
7896020161721
7896020160298
7896020160168
7896020160151
7896020160120
7896020160113
7896020160083
7896020160076
7896020160069
7896020160052
7896020153481
7896019602105
7896019602006
7896018750968
7896018750883
7896018750876
7896018750869
7896018750852
7896018750845
7896018750838
7896018750821
7896018750814
7896018750807
7896018704916
7896018704169
7896018704152
7896018703681
7896018703469
7896018703155
7896018702981
7896018700789
7896018700765
7896018700741
7896018700710
7896018700659
7896018700604
7896018700543
7896018700536
7896018700383
7896018700369
7896018700338
7896018700314
7896018700307
7896018697409
7896018697003
7896018696006
7896016808999
7896016808302
7896016808135
7896016807220
7896016807206
7896016806261
7896016804939
7896016804915
7896016801587
7896016800917
7896016107221
7896016105166
7896016105036
7896016104985
7896016104961
7896016104947
7896015593223
7896015593209
7896015593131
7896015592967
7896015592950
7896015592776
7896015592769
7896015592752
7896015592721
7896015592042
7896015591977
7896015591960
7896015591953
7896015591946
7896015591908
7896015591786
7896015591687
7896015591656
7896015591632
7896015591618
7896015591441
7896015591427
7896015591410
7896015591212
7896015591106
7896015591007
7896015590970
7896015568214
7896015560331
7896015560300
7896015560034
7896015560027
7896015556990
7896015556983
7896015530181
7896015530082
7896015530006
7896015529086
7896015528997
7896015528959
7896015528706
7896015528577
7896015528300
7896015528294
7896015527730
7896015527440
7896015527242
7896015526252
7896015525804
7896015525583
7896015525231
7896015525163
7896015525002
7896015523848
7896015523398
7896015521684
7896015521646
7896015521622
7896015520533
7896015520045
7896015519834
7896015519636
7896015519292
7896015519261
7896015519223
7896015518875
7896015518486
7896015518479
7896015518370
7896015518325
7896015517045
7896015517014
7896015516970
7896015516062
7896015511166
7896015511159
7896015510015
7896015500139
7896015500122
7896015500115
7896014673124
7896014188017
7896014185917
7896014183210
7896014183166
7896014183135
7896014183111
7896014183104
7896014183098
7896014183081
7896014183074
7896014183067
7896014183050
7896014183043
7896014182480
7896014179466
7896014168132
7896014157525
7896014149223
7896014140701
7896014140671
7896014140640
7896014140633
7896014140602
7896014140596
7896014140589
7896014140572
7896014140558
7896014140534
7896014140527
7896014140503
7896014140497
7896014140480
7896014140459
7896014140442
7896014140435
7896014125401
7896014123902
7896013573890
7896013572695
7896013572688
7896013572671
7896013572664
7896013572633
7896013571407
7896013569817
7896013569756
7896013568575
7896013568544
7896013568520
7896013567141
7896013567097
7896013567080
7896013566021
7896013564843
7896013564805
7896013563839
7896013563815
7896013563594
7896013563532
7896013563525
7896013562948
7896013562924
7896013562689
7896013562634
7896013562290
7896013558484
7896013558064
7896013557456
7896013557159
7896013557111
7896013556466
7896013555681
7896013553908
7896013553076
7896013553038
7896013553021
7896013552499
7896013552185
7896013551447
7896013550747
7896013549543
7896013549000
7896013548485
7896013548454
7896013548416
7896013548409
7896013547808
7896013547624
7896013544920
7896013544753
7896013544517
7896013544395
7896013544319
7896013544296
7896013544289
7896013544241
7896013544210
7896013544203
7896013544197
7896013544173
7896013544159
7896013544142
7896013544128
7896013544104
7896013544098
7896013543657
7896013540748
7896013540724
7896013540717
7896013539155
7896013539148
7896013536994
7896013521983
7896013521976
7896013513063
7896013513056
7896013513032
7896013511656
7896013508892
7896013508885
7896013508878
7896013508854
7896013507345
7896013506461
7896013506447
7896013506430
7896013506324
7896013506317
7896013506300
7896013506294
7896013506287
7896013504856
7896013504733
7896013504382
7896013503958
7896013503859
7896013503712
7896013503279
7896013503262
7896013502951
7896013502944
7896013502937
7896013502906
7896013502883
7896013502814
7896013502791
7896013502777
7896013502630
7896013502562
7896013502517
7896013502319
7896013502302
7896013502272
7896013502166
7896013501886
7896013501848
7896013501824
7896013501459
7896013501435
7896013501411
7896013501305
7896013501275
7896013501237
7896013500599
7896013500384
7896012880197
7896012880180
7896012880173
7896012880166
7896012880159
7896012880005
7896012879993
7896012879986
7896012879979
7896012879962
7896012879795
7896012879788
7896012878507
7896012878491
7896012878484
7896012877722
7896012877715
7896012801895
7896012801888
7896012801871
7896012800874
7896012800713
7896012800669
7896011707525
7896011707518
7896011707495
7896011707464
7896011707440
7896011707426
7896010177114
7896010175622
7896010175615
7896010175608
7896010175592
7896010175585
7896010175271
7896010175264
7896010174144
7896010174120
7896010174106
7896010174052
7896010171396
7896010171297
7896010170443
7896009499067
7896009499050
7896009499043
7896009499036
7896009499012
7896009499005
7896009498992
7896009498961
7896009498657
7896009498640
7896009498633
7896009498626
7896009498497
7896009498480
7896009498459
7896009498442
7896009498411
7896009498404
7896009498305
7896009498299
7896009498282
7896009498275
7896009498268
7896009498244
7896009498206
7896009498190
7896009498183
7896009498107
7896009490682
7896009490675
7896009490651
7896009419324
7896009400148
7896009400049
7896008932978
7896007553730
7896007553723
7896007553716
7896007553693
7896007552856
7896007552849
7896007552825
7896007552801
7896007552788
7896007552498
7896007552474
7896007552467
7896007552450
7896007552214
7896007552016
7896007551743
7896007551736
7896007551316
7896007551293
7896007551095
7896007551088
7896007551019
7896007550906
7896007550890
7896007550883
7896007550814
7896007550807
7896007550463
7896007550043
7896007549702
7896007549696
7896007549689
7896007549672
7896007549634
7896007549627
7896007549382
7896007549276
7896007549269
7896007549252
7896007548514
7896007548507
7896007548439
7896007548422
7896007548415
7896007548408
7896007548392
7896007548385
7896007548378
7896007548361
7896007547982
7896007547210
7896007547203
7896007547173
7896007547128
7896007546916
7896007546299
7896007545100
7896007545094
7896007544547
7896007544530
7896007544059
7896007544042
7896007542871
7896007542864
7896007542857
7896007542499
7896007542482
7896007542437
7896007541959
7896007541874
7896007541867
7896007541850
7896007540662
7896007540631
7896007540624
7896007540617
7896007540600
7896007540259
7896007202096
7896007201662
7896007201358
7896007201259
7896007200887
7896007200863
7896007200757
7896007200399
7896007200368
7896007200351
7896007200344
7896007200030
7896006299721
7896006298861
7896006298762
7896006298625
7896006298618
7896006298601
7896006298588
7896006298564
7896006298540
7896006298526
7896006298472
7896006298182
7896006298151
7896006298014
7896006297987
7896006297963
7896006297949
7896006297925
7896006297840
7896006297772
7896006297710
7896006297321
7896006297291
7896006296003
7896006292005
7896006291770
7896006291732
7896006291398
7896006290988
7896006290667
7896006290629
7896006290520
7896006290483
7896006290216
7896006290209
7896006290162
7896006290124
7896006290117
7896006290100
7896006290070
7896006284369
7896006282389
7896006281788
7896006280507
7896006277408
7896006274506
7896006271703
7896006271543
7896006268666
7896006267072
7896006267010
7896006263272
7896006262510
7896006261810
7896006261803
7896006259701
7896006257950
7896006257943
7896006257929
7896006257752
7896006254799
7896006248927
7896006248910
7896006248316
7896006248279
7896006247746
7896006247319
7896006247302
7896006246541
7896006246381
7896006245339
7896006245247
7896006242758
7896006241003
7896006240723
7896006238751
7896006238560
7896006237372
7896006236009
7896006234524
7896006234517
7896006234067
7896006231134
7896006231103
7896006230977
7896006230618
7896006230205
7896006230052
7896006229803
7896006228547
7896006228530
7896006227090
7896006227052
7896006226208
7896006225744
7896006225010
7896006224297
7896006224181
7896006222897
7896006222873
7896006222781
7896006222767
7896006222675
7896006222668
7896006222620
7896006222187
7896006221043
7896006221012
7896006220961
7896006220831
7896006220534
7896006220527
7896006220510
7896006220503
7896006219897
7896006219811
7896006219743
7896006219729
7896006219699
7896006219644
7896006219590
7896006219583
7896006219552
7896006219545
7896006219248
7896006219002
7896006218982
7896006218531
7896006217626
7896006217480
7896006217459
7896006217381
7896006216827
7896006216797
7896006216711
7896006216636
7896006216605
7896006216568
7896006216483
7896006216315
7896006216308
7896006216254
7896006215943
7896006215936
7896006215714
7896006214946
7896006214915
7896006214854
7896006214717
7896006214670
7896006214601
7896006214441
7896006214007
7896006213734
7896006213710
7896006213161
7896006213147
7896006213130
7896006213123
7896006213093
7896006212690
7896006212621
7896006212584
7896006212577
7896006212386
7896006212294
7896006212287
7896006212102
7896006212072
7896006210788
7896006210771
7896006210245
7896006209898
7896006209690
7896006209195
7896006209027
7896006208358
7896006208266
7896006207665
7896006207290
7896006206781
7896006205692
7896006205678
7896006205661
7896006205081
7896006203186
7896006203117
7896006202226
7896006202103
7896006202073
7896006202066
7896006201977
7896006201892
7896006201779
7896006201731
7896006201717
7896006201687
7896006201649
7896006201632
7896006201618
7896006201601
7896006201588
7896006201564
7896006201465
7896006201458
7896006201434
7896006201335
7896006201076
7896006201052
7896006201045
7896006201014
7896006200987
7896006200918
7896006200901
7896006200604
7896004822563
7896004822013
7896004821542
7896004821436
7896004821276
7896004820910
7896004820439
7896004820422
7896004817576
7896004817569
7896004817477
7896004812168
7896004811574
7896004810232
7896004810225
7896004810188
7896004810140
7896004805368
7896004803463
7896004803456
7896004801902
7896004801216
7896004800400
7896004799902
7896004796352
7896004795461
7896004795041
7896004794174
7896004794075
7896004793917
7896004793825
7896004793818
7896004793436
7896004792316
7896004792286
7896004792057
7896004792040
7896004791418
7896004791111
7896004791104
7896004790947
7896004790657
7896004790633
7896004790619
7896004790596
7896004790169
7896004790152
7896004790060
7896004789873
7896004789866
7896004789842
7896004789828
7896004789576
7896004789545
7896004789507
7896004789408
7896004788968
7896004787725
7896004787701
7896004787343
7896004786988
7896004786834
7896004786209
7896004786193
7896004785646
7896004785639
7896004785622
7896004784335
7896004784076
7896004783857
7896004783024
7896004782867
7896004782713
7896004782577
7896004782560
7896004782546
7896004781761
7896004781396
7896004781358
7896004780818
7896004780511
7896004780504
7896004780481
7896004779713
7896004779096
7896004778921
7896004778228
7896004778129
7896004777801
7896004777603
7896004777597
7896004777559
7896004777535
7896004777221
7896004777184
7896004776330
7896004776316
7896004776279
7896004775852
7896004775784
7896004775753
7896004775623
7896004775456
7896004775449
7896004775432
7896004775371
7896004775364
7896004775340
7896004775135
7896004775043
7896004774947
7896004774909
7896004774626
7896004774534
7896004774527
7896004774466
7896004774237
7896004774107
7896004774060
7896004773957
7896004773759
7896004773339
7896004772868
7896004772332
7896004772301
7896004772264
7896004771373
7896004771199
7896004770895
7896004770284
7896004770222
7896004769943
7896004769745
7896004769738
7896004769714
7896004769684
7896004769677
7896004769622
7896004769356
7896004769325
7896004769196
7896004768588
7896004768571
7896004768489
7896004768472
7896004768465
7896004768380
7896004768212
7896004767642
7896004767130
7896004766997
7896004765396
7896004763576
7896004762951
7896004762319
7896004762227
7896004762203
7896004761817
7896004761305
7896004761299
7896004761275
7896004761152
7896004760995
7896004759845
7896004759838
7896004759821
7896004759807
7896004759791
7896004759722
7896004759593
7896004759432
7896004759296
7896004758596
7896004758275
7896004758268
7896004758121
7896004758114
7896004757957
7896004757445
7896004757353
7896004756875
7896004756738
7896004756721
7896004756677
7896004756622
7896004756431
7896004756424
7896004756417
7896004756318
7896004756301
7896004756035
7896004755519
7896004755427
7896004755410
7896004755342
7896004755151
7896004754949
7896004754031
7896004753638
7896004753621
7896004752921
7896004752730
7896004752594
7896004752525
7896004752228
7896004752211
7896004751641
7896004751108
7896004751016
7896004751009
7896004750637
7896004750620
7896004750354
7896004750347
7896004750330
7896004749730
7896004749716
7896004749655
7896004749648
7896004749624
7896004749365
7896004749358
7896004749303
7896004749044
7896004749037
7896004749020
7896004748214
7896004747897
7896004747880
7896004747774
7896004747057
7896004747002
7896004746937
7896004746388
7896004746012
7896004745176
7896004744957
7896004744476
7896004744360
7896004743745
7896004743424
7896004743042
7896004742199
7896004742076
7896004742069
7896004742007
7896004741963
7896004739878
7896004739663
7896004739595
7896004739588
7896004739021
7896004738734
7896004738727
7896004738406
7896004738383
7896004738376
7896004737751
7896004737706
7896004737218
7896004737126
7896004737119
7896004734552
7896004734392
7896004733531
7896004733302
7896004733234
7896004732930
7896004732923
7896004732916
7896004732893
7896004732855
7896004732848
7896004732640
7896004732626
7896004731704
7896004731674
7896004731605
7896004731582
7896004731568
7896004731322
7896004731308
7896004731285
7896004731261
7896004731018
7896004730981
7896004730721
7896004730363
7896004730189
7896004730134
7896004730103
7896004730097
7896004730059
7896004730042
7896004729985
7896004729824
7896004729787
7896004729695
7896004729688
7896004729640
7896004729480
7896004729459
7896004729442
7896004729435
7896004729428
7896004729206
7896004728858
7896004728827
7896004728629
7896004728612
7896004728490
7896004728261
7896004727882
7896004727806
7896004727776
7896004727585
7896004727363
7896004727233
7896004727226
7896004727158
7896004727028
7896004726908
7896004726854
7896004726793
7896004726724
7896004726700
7896004726694
7896004726687
7896004726533
7896004726502
7896004726472
7896004726427
7896004726403
7896004726229
7896004726199
7896004726151
7896004726137
7896004726069
7896004726045
7896004726014
7896004725987
7896004725802
7896004725772
7896004725666
7896004725536
7896004725420
7896004725222
7896004724843
7896004724690
7896004724577
7896004724157
7896004723785
7896004723778
7896004723563
7896004723365
7896004723341
7896004723334
7896004723280
7896004723020
7896004722924
7896004722870
7896004722689
7896004722474
7896004722467
7896004722337
7896004722177
7896004722122
7896004721903
7896004721828
7896004721798
7896004721323
7896004721248
7896004721125
7896004721095
7896004720937
7896004720869
7896004720838
7896004720784
7896004720746
7896004720708
7896004720609
7896004720333
7896004720241
7896004720210
7896004719597
7896004719580
7896004719283
7896004718996
7896004718859
7896004718842
7896004718828
7896004718811
7896004718804
7896004718460
7896004718453
7896004718446
7896004717999
7896004716671
7896004716640
7896004716299
7896004716282
7896004716268
7896004716251
7896004716213
7896004716176
7896004716138
7896004715957
7896004715933
7896004715902
7896004715896
7896004715841
7896004715803
7896004715742
7896004715728
7896004715711
7896004715674
7896004715650
7896004715568
7896004715537
7896004715520
7896004715377
7896004715322
7896004715292
7896004715285
7896004715278
7896004715247
7896004715230
7896004715049
7896004715032
7896004714608
7896004714578
7896004714301
7896004714295
7896004714196
7896004714158
7896004713991
7896004713922
7896004713915
7896004713762
7896004713731
7896004713724
7896004713717
7896004713649
7896004713618
7896004713571
7896004713373
7896004713366
7896004713342
7896004713274
7896004713250
7896004713182
7896004713168
7896004713137
7896004713052
7896004713045
7896004713038
7896004713021
7896004713014
7896004712970
7896004712963
7896004712932
7896004712857
7896004712697
7896004712673
7896004712666
7896004712642
7896004712581
7896004712413
7896004712406
7896004712147
7896004712048
7896004711874
7896004711850
7896004711799
7896004711768
7896004711744
7896004711690
7896004711546
7896004711508
7896004711485
7896004711454
7896004711423
7896004711287
7896004711232
7896004711225
7896004711218
7896004711195
7896004711188
7896004711164
7896004711126
7896004711041
7896004711034
7896004710938
7896004710907
7896004710891
7896004710792
7896004710761
7896004710679
7896004710525
7896004710518
7896004710495
7896004710471
7896004710464
7896004710457
7896004710419
7896004710402
7896004710358
7896004709956
7896004709567
7896004709130
7896004709123
7896004709116
7896004708973
7896004708959
7896004708942
7896004708881
7896004708751
7896004708706
7896004708652
7896004708607
7896004708539
7896004708508
7896004708492
7896004708461
7896004708423
7896004708072
7896004708058
7896004707600
7896004707419
7896004707310
7896004707198
7896004707174
7896004706900
7896004706795
7896004706764
7896004706733
7896004706573
7896004706559
7896004706528
7896004706474
7896004706405
7896004706382
7896004706368
7896004706313
7896004706306
7896004706290
7896004706276
7896004706252
7896004706221
7896004706146
7896004706009
7896004705989
7896004705873
7896004705866
7896004705781
7896004705743
7896004705736
7896004705682
7896004705606
7896004705590
7896004705415
7896004705385
7896004705330
7896004705132
7896004705125
7896004705118
7896004705088
7896004705071
7896004705057
7896004705033
7896004704999
7896004704692
7896004704623
7896004704616
7896004704593
7896004704586
7896004704487
7896004704364
7896004704333
7896004704326
7896004704289
7896004704265
7896004704210
7896004704180
7896004704135
7896004704043
7896004704036
7896004703831
7896004703794
7896004703688
7896004703633
7896004703596
7896004703565
7896004703497
7896004703480
7896004703473
7896004703466
7896004703428
7896004703411
7896004703404
7896004703398
7896004703381
7896004703343
7896004703336
7896004703299
7896004703275
7896004703251
7896004702452
7896004702360
7896004702346
7896004702322
7896004702216
7896004702049
7896004702032
7896004701967
7896004701943
7896004701820
7896004701462
7896004701301
7896004701288
7896004701233
7896004701172
7896004700991
7896004700984
7896004700953
7896004700656
7896004700540
7896004700533
7896004700526
7896004700502
7896004700496
7896004700441
7896004700427
7896004700410
7896004700403
7896004700274
7896004700250
7896004700038
7896004011660
7896004011448
7896004011424
7896004010632
7896004010625
7896004010465
7896004008998
7896004006406
7896004006284
7896004006277
7896004006239
7896002925587
7896002925563
7896002925556
7896002925549
7896002925464
7896002915564
7896002915557
7896002915540
7896002915458
7896002911276
7896002911269
7896002911245
7896001303126
7896001303119
7896001282391
7896001260733
7896001250819
7896001250772
7896001250710
7896001250628
7896001215115
7896001210103
7896000727534
7896000727527
7896000727510
7896000726414
7896000726391
7896000724953
7896000724748
7896000722577
7896000722553
7896000722522
7896000717658
7896000717436
7896000716866
7896000716804
7896000716781
7896000713018
7896000712837
7896000712738
7896000706188
7896000706164
7896000706133
7896000706072
7896000706065
7896000706058
7896000706041
7896000706034
7896000706027
7896000706010
7896000705990
7896000705983
7896000705976
7896000705969
7896000705952
7896000705945
7896000705938
7896000705921
7896000705907
7895858017439
7895858017422
7895858017415
7895858017385
7895858017316
7895858017309
7895858017293
7895858017156
7895858017149
7895858017118
7895858016265
7895858016241
7895858015824
7895858015695
7895858015688
7895858015671
7895858015664
7895858010331
7895858010324
7895858005962
7895858005917
7895858000004
7895800911150
7895800440797
7895800430002
7895800412787
7895800400227
7895800400210
7895800400180
7895800400173
7895800400166
7895800400159
7895800400142
7895800309780
7895800308721
7895800304679
7895800304235
7895800304228
7895800304211
7895800303320
7895800303313
7895800300381
7895800300145
7895800201503
7895800151570
7895800151426
7895800151389
7895800002964
7895800002957
7895800002940
7895800002933
7895500726283
7895389157581
7895296449823
7895296448802
7895296446235
7895296288026
7895296282017
7895296279017
7895296277013
7895296272018
7895296211086
7895296105040
7895177559894
7895155874841
7895155808402
7895155808365
7895155808167
7895155808129
7895155792671
7895155704537
7895155703806
7895155671044
7895155615444
7895155500597
7895155490263
7895155489663
7895155397661
7895155397357
7895155397265
7895155396954
7895155396572
7895155396459
7895155288457
7895155242695
7895155092979
7895155092955
7895155013509
7895155003265
7895155003234
7895151559896
7895144693149
7895144605203
7895144603148
7895144603087
7895144603063
7895144408118
7895144298443
7895144296906
7895144295664
7895144293080
7895144228532
7895144208442
7895144207889
7895144206905
7895144205663
7895144203089
7895144125114
7895144028019
7895144025117
7895110048010
7895099710953
7895099704099
7895098728614
7894993990904
7894993171907
7894993108286
7894993108262
7894993000832
7894970851204
7894970850009
7894970736419
7894970730417
7894970546001
7894970540009
7894970497334
7894970126005
7894970001210
7894970000015
7894916996938
7894916996822
7894916630573
7894916550123
7894916550116
7894916550086
7894916550048
7894916550031
7894916518871
7894916518819
7894916517461
7894916516709
7894916516686
7894916516655
7894916516648
7894916516457
7894916516389
7894916516358
7894916516310
7894916516303
7894916516198
7894916516013
7894916516006
7894916515832
7894916515801
7894916515764
7894916515757
7894916515689
7894916515672
7894916515641
7894916515351
7894916515214
7894916514903
7894916514637
7894916514422
7894916514415
7894916513722
7894916513661
7894916513326
7894916513302
7894916513234
7894916513197
7894916513180
7894916513173
7894916513166
7894916513104
7894916513050
7894916513029
7894916512992
7894916512923
7894916512787
7894916512725
7894916512558
7894916512442
7894916512107
7894916512060
7894916512022
7894916512015
7894916512008
7894916510486
7894916510424
7894916510417
7894916510318
7894916510271
7894916510264
7894916510202
7894916510028
7894916510011
7894916510004
7894916509831
7894916509510
7894916509503
7894916509497
7894916509343
7894916509329
7894916508988
7894916508940
7894916508933
7894916508537
7894916508520
7894916508513
7894916508506
7894916508490
7894916508414
7894916508377
7894916508353
7894916507950
7894916507936
7894916507912
7894916507240
7894916505673
7894916505215
7894916505178
7894916505147
7894916505130
7894916504119
7894916503754
7894916503747
7894916503419
7894916503389
7894916503259
7894916503198
7894916503051
7894916503044
7894916502962
7894916502900
7894916502320
7894916501927
7894916501804
7894916501408
7894916501095
7894916500951
7894916500869
7894916500777
7894916500746
7894916500715
7894916500685
7894916500593
7894916500586
7894916500548
7894916500425
7894916500371
7894916500364
7894916500333
7894916500296
7894916500272
7894916372787
7894916372770
7894916341868
7894916341318
7894916341301
7894916340168
7894916325868
7894916325769
7894916208833
7894916208154
7894916206860
7894916206426
7894916206419
7894916203517
7894916202671
7894916201353
7894916149167
7894916149143
7894916149044
7894916148306
7894916147736
7894916147729
7894916147118
7894916146487
7894916146104
7894916146074
7894916146067
7894916145718
7894916145688
7894916145541
7894916145336
7894916145114
7894916144971
7894916144605
7894916144261
7894916143868
7894916143516
7894916143448
7894916143424
7894916143400
7894916143226
7894916143202
7894916143080
7894916142847
7894916142656
7894916142427
7894916141567
7894916141215
7894916140706
7894916140690
7894916140423
7894916140393
7894916140348
7894916140089
7894900709841
7894900700015
7894900681017
7894900660333
7894900660319
7894900660302
7894900531008
7894900530001
7894900509809
7894900509700
7894900508024
7894900508017
7894900504002
7894900503029
7894900502053
7894900502046
7894900501001
7894900500035
07894900329834
7894900320015
7894900093070
7894900093001
7894900059847
7894900050011
7894900039849
7894900030013
7894900019841
7894900010015
7894650940068
7894650940006
7894650938898
7894650938751
7894650130117
7894650130070
7894650013373
7894650010747
7894650009598
7894650009567
7894650006115
7894650005712
7894494780875
7894494780653
7894494780226
7894494780219
7894494780202
7894494772030
7894494772023
7894494771996
7894494759055
7894494752810
7894494752803
7894494752797
7894494752780
7894494752773
7894494750144
7894494749711
7894494749698
7894494736100
7894494730320
7894494730306
7894494730177
7894494730146
7894494729508
7894494729461
7894494728075
7894494728068
7894494728037
7894494728013
7894494727986
7894494727863
7894494727795
7894494713989
7894494713576
7894494711428
7894494695896
7894494695841
7894494695827
7894494695810
7894494695797
7894494695544
7894494695223
7894494695025
7894494694899
7894494693786
7894494692239
7894494692147
7894494692093
7894494692048
7894494692017
7894494691843
7894494690464
7894494690440
7894494690167
7894494689055
7894494689048
7894494689000
7894494688201
7894494688195
7894494687914
7894494687853
7894494671647
7894494669835
7894494669743
7894494668739
7894494668722
7894494653223
7894494653216
7894494635984
7894494635717
7894494628436
7894494627316
7894494594380
7894494594311
7894494585906
7894494583698
7894494583674
7894494583667
7894494581649
7894494552526
7894494549458
7894494330148
7894494300547
7894494300530
7894494293788
7894494292231
7894494280870
7894494272035
7894494272028
7894494271991
7894494269837
7894494252815
7894494200632
7894494200625
7894494200618
7894494200601
7894494200595
7894494200588
7894494200571
7894494200564
7894494200519
7894494200502
7894494200496
7894494200489
7894494195891
7894494195846
7894494195822
7894494195815
7894494195792
7894494195549
7894494195228
7894494195020
7894494194894
7894494194313
7894494192142
7894494192098
7894494192043
7894494192012
7894494191848
7894494190469
7894494190445
7894494190162
7894494189050
7894494189043
7894494189005
7894494188206
7894494188190
7894494187919
7894494187858
7894494183690
7894494183676
7894494183669
7894494180651
7894494180224
7894494180217
7894494169748
7894494168734
7894494168727
7894494159053
7894494153228
7894494153211
7894494152801
7894494152795
7894494152788
7894494152771
7894494150142
7894494149719
7894494149696
7894494149450
7894494136108
7894494135989
7894494130328
7894494130304
7894494128073
7894494128066
7894494128035
7894494128011
7894494127984
7894494127861
7894494127793
7894494113987
7894494113574
7894494111426
7894494030024
7894494000638
7894494000621
7894494000614
7894494000607
7894494000591
7894494000584
7894494000577
7894494000560
7894494000546
7894494000539
7894494000515
7894494000508
7894494000492
7894494000485
7894479644185
7894383015187
7894222043289
7894222043272
7894222043265
7894222043258
7894222043180
7894222043128
7894222043111
7894222043104
7894222043098
7894222043081
7894222043074
7894222043067
7894222043050
7894222043043
7894222043029
7894222043012
7894222043005
7894222042992
7894222042985
7894222042978
7894222042961
7894222042954
7894222042947
7894222042930
7894222042916
7894222042909
7894222042893
7894222042886
7894222042879
7894222042848
7894222042763
7894222042756
7894222042749
7894222042732
7894222042725
7894222042718
7894222042701
7894222042695
7894222042688
7894222042671
7894222042640
7894222042633
7894222042626
7894222042602
7894222042596
7894222042411
7894222042404
7894222042398
7894222042381
7894222042374
7894222042367
7894222042350
7894222042343
7894222042336
7894222041797
7894222041773
7894222041711
7894222041353
7894222041346
7894222041339
7894222041322
7894222041315
7894222041155
7894222041063
7894222041056
7894222040981
7894222040967
7894222040950
7894222040783
7894222040691
7894222040684
7894222040677
7894222040097
7894222040073
7894222039695
7894222039688
7894222039671
7894222039558
7894222039244
7894222039237
7894222039220
7894222038810
7894222038803
7894222038797
7894222037998
7894222037981
7894222037974
7894222037967
7894222037936
7894222037929
7894222037912
7894222037875
7894222037868
7894222037851
7894222037844
7894222037776
7894222037769
7894222037752
7894222037745
7894222037738
7894222037721
7894222037059
7894222037042
7894222037035
7894222037028
7894222037011
7894222037004
7894222036328
7894222036311
7894222036298
7894222036281
7894222036274
7894222036182
7894222036175
7894222036168
7894222033808
7894222033792
7894222033785
7894222033778
7894222033761
7894222033754
7894222033495
7894222033488
7894222033471
7894222033464
7894222033457
7894222033440
7894222033303
7894222033297
7894222033280
7894222033228
7894222033211
7894222032108
7894222032061
7894222032054
7894222032023
7894222032009
7894222031996
7894222031200
7894222031187
7894222031163
7894222031156
7894222031149
7894222031132
7894222030845
7894222030753
7894222030128
7894222030111
7894222030104
7894222030067
7894222030050
7894222029801
7894222029795
7894222029788
7894222029771
7894222029764
7894222029757
7894222029740
7894222029733
7894222029726
7894222029719
7894222029702
7894222029696
7894222029689
7894222029672
7894222029665
7894222029658
7894222029641
7894222029634
7894222029306
7894222029092
7894222029078
7894222029061
7894222029054
7894222028903
7894222028897
7894222028880
7894222028866
7894222028842
7894222027845
7894222027838
7894222027821
7894222027807
7894222027791
7894222027760
7894222027630
7894222027616
7894222027456
7894222027449
7894222026404
7894222022246
7894222022239
7894222022222
7894222022215
7894222022093
7894222022086
7894222022079
7894222022062
7894222022055
7894222022048
7894222022031
7894222022024
7894222022017
7894222022000
7894222021881
7894222021874
7894222021867
7894222021850
7894222021843
7894222021836
7894222021829
7894222021812
7894222021805
7894222021799
7894222021676
7894222021669
7894222021652
7894222021645
7894222020648
7894222020501
7894222020488
7894222020457
7894222020082
7894222020075
7894222019956
7894222019932
7894222019918
7894222019826
7894222019819
7894222019802
7894222019796
7894222019789
7894222010892
7894222010861
7894222010854
7894222010847
7894222010830
7894222010816
7894222010809
7894222010717
7894222010373
7894222010298
7894222010274
7894222010250
7894222010212
7894222010205
7894222010175
7894222010137
7894222010007
7894222009988
7894222009957
7894222009896
7894222009872
7894222008110
7894164010691
7894164010479
7894164009800
7894164009381
7894164009282
7894164009251
7894164008902
7894164008896
7894164008735
7894164005895
7894164005628
7894164005444
7894164005420
7894164005390
7894164005369
7894164005260
7894164003938
7894164003761
7893871855502
7893871821569
7893871820678
7893871820302
7893863017017
7893858905060
7893736010053
7893595770129
7893595770112
7893460041378
7893454714905
7893454714882
7893454714875
7893454714851
7893454714844
7893454714806
7893454714783
7893454714745
7893454714547
7893454714486
7893454714479
7893454714325
7893454308814
7893454300115
7893454209920
7893454103921
7893454103914
7893454101736
7893454101699
7893454101668
7893454101569
7893454100685
7893454100678
7893454100661
7893454100654
7893454100647
7893454100630
7893353309912
7893353036504
7893353036498
7893300521169
7893300521145
7893300521084
7893300521022
7893254157957
7893095784985
7893095398694
7893093067295
7893093016439
7892994127640
7892953209400
7892953209226
7892953209103
7892953209073
7892953208625
7892953208380
7892953208298
7892953208281
7892953208274
7892953208175
7892953208052
7892953207956
7892953207406
7892953207376
7892953101865
7892953003817
7892953003558
7892953003527
7892953003381
7892953001745
7892953001387
7892953001370
7892953001288
7892953000694
7892953000328
7892940000324
7892940000317
7892940000034
7892940000010
7892863615063
7892840825218
7892840825195
7892840825171
7892840825157
7892840825133
7892840825102
7892840825065
7892840825003
7892840824990
7892840824983
7892840824969
7892840824938
7892840824921
7892840824907
7892840824891
7892840824884
7892840824860
7892840824815
7892840824808
7892840824754
7892840824723
7892840824716
7892840824655
7892840824631
7892840824396
7892840824105
7892840824075
7892840824068
7892840824051
7892840824044
7892840823764
7892840823610
7892840823542
7892840823481
7892840823467
7892840823450
7892840823399
7892840823382
7892840823375
7892840823054
7892840823030
7892840823009
7892840822996
7892840822989
7892840822880
7892840822828
7892840822804
7892840822774
7892840822583
7892840822538
7892840822514
7892840822446
7892840822439
7892840822422
7892840822408
7892840822378
7892840822347
7892840822316
7892840822255
7892840822040
7892840822026
7892840821975
7892840821203
7892840821197
7892840821180
7892840821173
7892840821166
7892840821159
7892840821098
7892840821074
7892840820626
7892840820596
7892840820503
7892840820480
7892840820473
7892840820466
7892840820244
7892840820183
7892840820152
7892840819972
7892840819750
7892840819736
7892840819729
7892840819682
7892840819668
7892840819644
7892840819637
7892840819576
7892840818500
7892840818258
7892840818203
7892840818180
7892840818005
7892840817978
7892840817862
7892840817442
7892840816780
7892840816773
7892840816636
7892840816216
7892840816209
7892840815912
7892840814816
7892840814748
7892840814724
7892840814663
7892840814632
7892840814540
7892840814465
7892840268046
7892840267841
7892840255541
7892840255442
7892840255046
7892840252946
7892840226015
7892840225919
7892840225810
7892840222642
7892832959815
7892828002303
7892828002280
7892828002075
7892828002051
7892828002037
7892828001634
7892828001627
7892828001580
7892828001573
7892828001405
7892828001375
7892828001344
7892828001337
7892828001221
7892828001085
7892828001078
7892828001016
7892828000620
7892828000019
7892729856203
7892729856197
7892729832337
7892729832320
7892702711604
7892702711598
7892702711581
7892702711574
7892702710744
7892692834581
7892692819045
7892692815641
7892692815474
7892692815146
7892692815054
7892692814859
7892692814750
7892692814743
7892692814712
7892692814330
7892692813586
7892692812589
7892692812541
7892692811957
7892692811896
7892692811865
7892692810561
7892692810554
7892692810493
7892692810219
7892691930062
7892687813379
7892687813355
7892687813300
7892687812358
7892687812341
7892687812327
7892687812310
7892687812303
7892687812297
7892680550141
7892680335083
7892680335069
7892680331603
7892680331597
7892680321659
7892680320782
7892680320775
7892644921888
7892644921871
7892644921864
7892644921857
7892608324786
7892607256422
7892607256385
7892607256378
7892607232952
7892607221703
7892607221697
7892607221253
7892607220485
7892398963127
7892086931209
7892005051094
7892005050486
7892005050394
7892005011142
7892000157814
7891991015462
7891962000381
7891951041241
7891951041227
7891951041203
7891951041166
7891951041159
7891951040879
7891951040862
7891800806120
7891800806113
7891800666090
7891800665437
7891800665024
7891800665017
7891800664997
7891800662153
7891800662146
7891800662139
7891800652260
7891800651430
7891800649321
7891800649314
7891800648539
7891800647341
7891800645989
7891800645781
7891800645774
7891800644470
7891800627985
7891800617320
7891800540413
7891800540406
7891800386776
7891800375282
7891800364965
7891800364880
7891800364873
7891800364804
7891800364798
7891800364781
7891800359282
7891800350142
7891800346053
7891800346046
7891800346022
7891800342000
7891800341997
7891800341966
7891800341942
7891800341935
7891800332650
7891800332629
7891800276534
7891800276527
7891800231083
7891800198102
7891800198096
7891800002829
7891800002812
7891800002027
7891800001747
7891800000696
7891800000689
7891800000672
7891800000665
7891800000658
7891800000641
7891800000498
7891799357412
7891772159330
7891772159262
7891772159248
7891772156466
7891772156377
7891772156360
7891772156353
7891772156346
7891772156339
7891772156278
7891772156261
7891772156254
7891772156247
7891772156230
7891721202988
7891721202889
7891721202872
7891721202858
7891721202841
7891721202834
7891721202810
7891721202797
7891721202735
7891721202728
7891721202711
7891721201837
7891721201806
7891721201691
7891721201530
7891721104831
7891721029646
7891721029639
7891721029424
7891721028595
7891721028335
7891721027468
7891721027451
7891721027437
7891721025228
7891721025105
7891721024986
7891721024924
7891721024481
7891721024337
7891721023965
7891721023576
7891721023422
7891721022845
7891721022579
7891721022272
7891721020940
7891721020933
7891721020506
7891721020247
7891721020193
7891721020148
7891721020094
7891721020049
7891721019999
7891721019944
7891721019890
7891721019845
7891721019791
7891721015366
7891721015007
7891721014987
7891721014963
7891721014741
7891721014697
7891721014642
7891721014239
7891721014185
7891721014130
7891721014086
7891721013010
7891721012969
7891721012884
7891721010026
7891721008405
7891721008368
7891721001970
7891721000133
7891721000126
7891691183218
7891691083228
7891691083211
7891691004520
7891691004285
7891691002083
7891653014116
7891653014062
7891653014031
7891653014024
7891653011146
7891653011122
7891653010507
7891634631806
7891634556406
7891634553962
7891634377759
7891634336404
7891634333960
7891634250632
7891634250625
7891634038209
7891634038193
7891634017921
7891634017914
7891634011042
7891634011028
7891634011011
7891634011004
7891601655873
7891528038834
7891528038827
7891528038810
7891498081410
7891463001771
7891463001320
7891463000859
7891463000408
7891463000378
7891463000347
7891426311299
7891426311275
7891426310322
7891395035059
7891395022363
7891395012197
7891395012180
7891395012173
7891395012166
7891395012159
7891395012142
7891395012135
7891395012128
7891395012111
7891395012104
7891395012098
7891395009005
7891361944354
7891361535026
7891361351565
7891361270705
7891361270682
7891361270583
7891361266210
7891361266203
7891360697183
7891360684831
7891360684190
7891360682066
7891360682011
7891360680246
7891360680222
7891360678793
7891360678786
7891360678779
7891360678762
7891360677246
7891360677239
7891360677161
7891360677154
7891360674825
7891360674757
7891360674658
7891360674597
7891360668428
7891360667438
7891360667421
7891360667414
7891360667407
7891360666882
7891360663010
7891360662914
7891360662600
7891360662594
7891360660200
7891360660170
7891360659891
7891360659884
7891360659365
7891360658887
7891360658870
7891360656319
7891360656234
7891360656227
7891360656203
7891360655534
7891360654131
7891360654124
7891360653813
7891360653806
7891360653752
7891360653738
7891360653714
7891360653622
7891360653615
7891360653592
7891360653509
7891360653400
7891360653387
7891360653370
7891360653271
7891360653264
7891360653059
7891360652991
7891360652984
7891360652656
7891360651000
7891360650997
7891360650164
7891360650140
7891360646426
7891360646419
7891360641209
7891360641179
7891360641162
7891360639626
7891360639619
7891360635574
7891360635567
7891360635048
7891360629764
7891360629757
7891360629634
7891360629573
7891360629566
7891360629559
7891360629542
7891360626534
7891360623267
7891360623250
7891360623243
7891360623236
7891360623151
7891360623120
7891360623113
7891360623106
7891360623090
7891360622772
7891360622765
7891360622758
7891360622741
7891360615927
7891360615330
7891360615194
7891360613589
7891360612681
7891360612674
7891360612667
7891360612650
7891360609186
7891360605911
7891360599357
7891360599340
7891360589358
7891360589341
7891360588641
7891360587507
7891360587491
7891360587484
7891360587477
7891360587460
7891360587453
7891360585381
7891360585367
7891360585220
7891360583424
7891360582083
7891360577492
7891360577485
7891360576013
7891360574200
7891360572404
7891360572381
7891360572343
7891360572336
7891360572305
7891360572299
7891360572275
7891360572251
7891360562979
7891360562962
7891360559160
7891360559153
7891360559146
7891360544296
7891360542452
7891360542322
7891360542308
7891360506218
7891360502098
7891360502050
7891360502036
7891360502012
7891360497813
7891360495598
7891360495581
7891360495574
7891360495567
7891360495550
7891360495543
7891360493402
7891360484653
7891360484622
7891360484134
7891360484035
7891360484011
7891360483885
7891360483854
7891360472742
7891360472735
7891360472728
7891360472643
7891360471196
7891360458319
7891360458159
7891360458142
7891360458104
7891360436560
7891360436539
7891360436522
7891360432722
7891360424413
7891360404903
7891360402657
7891360320203
7891360320142
7891360320135
7891360320128
7891360309055
7891360308171
7891360200116
7891360011248
7891356054709
7891350048643
7891350048605
7891350048599
7891350048582
7891350048575
7891350048230
7891350048223
7891350048216
7891350048209
7891350048193
7891350048186
7891350048179
7891350048162
7891350048155
7891350048148
7891350046168
7891350046151
7891350046144
7891350046137
7891350046120
7891350046113
7891350046106
7891350046090
7891350046083
7891350045680
7891350045673
7891350045659
7891350045307
7891350045291
7891350045284
7891350045277
7891350045260
7891350045253
7891350045246
7891350045239
7891350045031
7891350045000
7891350044959
7891350044942
7891350044935
7891350044928
7891350044911
7891350044904
7891350044898
7891350044881
7891350044874
7891350044867
7891350043983
7891350043082
7891350043075
7891350043068
7891350043051
7891350043044
7891350043037
7891350043020
7891350043013
7891350042863
7891350042832
7891350042818
7891350042580
7891350042573
7891350042566
7891350042559
7891350042542
7891350042535
7891350042221
7891350042214
7891350042207
7891350042191
7891350042184
7891350042177
7891350042160
7891350042153
7891350041217
7891350041194
7891350041187
7891350041170
7891350041163
7891350040920
7891350040906
7891350040890
7891350040883
7891350040524
7891350040500
7891350040401
7891350040395
7891350040388
7891350040371
7891350040104
7891350040098
7891350040081
7891350040074
7891350040067
7891350040043
7891350040036
7891350040029
7891350040005
7891350039993
7891350039979
7891350039955
7891350039849
7891350039726
7891350039337
7891350038620
7891350038613
7891350038347
7891350038323
7891350038309
7891350038293
7891350038170
7891350038101
7891350038057
7891350037807
7891350037791
7891350037456
7891350037401
7891350037197
7891350037173
7891350037135
7891350037128
7891350037111
7891350037104
7891350037098
7891350037081
7891350037067
7891350037050
7891350037029
7891350037012
7891350037005
7891350036732
7891350036718
7891350036701
7891350036695
7891350034950
7891350034943
7891350034936
7891350034929
7891350034875
7891350034868
7891350034844
7891350034837
7891350034653
7891350034646
7891350034639
7891350034622
7891350034615
7891350034318
7891350034295
7891350034073
7891350034066
7891350034042
7891350033915
7891350033908
7891350033748
7891350033724
7891350033670
7891350033663
7891350033083
7891350032970
7891350032857
7891350032741
7891350032697
7891350032680
7891350032673
7891350032406
7891350032123
7891350032116
7891350026634
7891350026627
7891350025187
7891350011623
7891350011043
7891350002409
7891350000115
7891350000092
7891350000078
7891334640665
7891334517141
7891334517134
7891334517127
7891334517110
7891334510876
7891334510852
7891334140417
7891334120211
7891334109018
7891334108011
7891334101289
7891334101272
7891334101265
7891334101258
7891334101081
7891334101074
7891334101067
7891334101050
7891331850319
7891331850265
7891331850258
7891331850203
7891331203856
7891331018382
7891331018375
7891331018351
7891331018344
7891331014537
7891331014520
7891331014513
7891331014506
7891331014483
7891331014469
7891331010539
7891331010522
7891331010515
7891331010508
7891331010492
7891331010485
7891331008369
7891331008178
7891331001094
7891330020546
7891330020539
7891330020119
7891330017140
7891330016532
7891330016068
7891321334010
7891321333945
7891321333853
7891321333846
7891321333839
7891321333761
7891321333730
7891321333723
7891321333709
7891321333198
7891321333174
7891321333167
7891321332986
7891321332962
7891321332924
7891321332900
7891321332665
7891321332023
7891321332016
7891321331729
7891321331712
7891321331262
7891321331255
7891321330821
7891321330814
7891321330678
7891321330616
7891321320174
7891321320112
7891321320099
7891321320068
7891321320037
7891321230886
7891321230862
7891321230763
7891321230749
7891321230442
7891321230299
7891321230268
7891321230206
7891321230190
7891321220559
7891321110188
7891321110119
7891321110089
7891321109205
7891321108703
7891321108697
7891321108550
7891321108543
7891321108222
7891321107898
7891321107713
7891321107539
7891321107522
7891321104828
7891321104804
7891321104798
7891321104774
7891321104668
7891321104385
7891321104361
7891321104217
7891321104187
7891321104118
7891321104088
7891321104026
7891321103920
7891321103913
7891321103869
7891321103852
7891321103500
7891321103494
7891321103470
7891321103456
7891321103364
7891321103258
7891321103227
7891321102466
7891321102374
7891321102107
7891321101926
7891321101803
7891321101605
7891321101476
7891321101384
7891321100851
7891321100578
7891321100462
7891321100394
7891321069813
7891321068854
7891321068342
7891321064610
7891321064122
7891321064092
7891321063286
7891321062128
7891321060636
7891321058879
7891321051504
7891321051061
7891321046050
7891321038031
7891321037935
7891321035788
7891317922580
7891317922535
7891317498306
7891317498054
7891317497842
7891317496760
7891317496388
7891317490133
7891317490003
7891317489595
7891317489564
7891317489533
7891317488765
7891317488550
7891317487638
7891317487317
7891317485801
7891317485764
7891317485313
7891317485153
7891317484330
7891317481636
7891317481629
7891317478964
7891317478810
7891317478766
7891317477301
7891317477271
7891317477202
7891317477172
7891317477141
7891317476663
7891317476649
7891317476588
7891317475222
7891317472375
7891317472122
7891317472009
7891317469238
7891317468057
7891317466404
7891317466350
7891317465667
7891317465650
7891317465346
7891317465049
7891317465032
7891317464523
7891317464004
7891317460532
7891317460518
7891317460495
7891317457266
7891317457211
7891317457150
7891317456559
7891317455606
7891317455569
7891317455040
7891317452995
7891317452971
7891317452964
7891317452933
7891317452650
7891317451752
7891317451400
7891317451035
7891317448950
7891317448943
7891317446963
7891317446659
7891317445935
7891317445751
7891317445744
7891317445737
7891317445720
7891317445300
7891317445232
7891317444952
7891317444921
7891317444747
7891317443955
7891317443931
7891317443399
7891317443382
7891317443375
7891317439323
7891317438975
7891317436148
7891317435462
7891317432461
7891317432447
7891317432386
7891317432362
7891317431358
7891317431334
7891317430146
7891317427542
7891317425869
7891317424565
7891317421748
7891317421687
7891317421595
7891317421557
7891317421526
7891317421465
7891317421434
7891317420840
7891317420833
7891317412708
7891317412692
7891317412661
7891317412555
7891317412548
7891317412531
7891317412524
7891317411923
7891317411909
7891317197483
7891317192822
7891317192389
7891317191733
7891317191689
7891317191672
7891317191665
7891317191658
7891317188924
7891317181611
7891317181604
7891317180621
7891317180553
7891317177683
7891317177676
7891317177645
7891317158705
7891317158255
7891317158224
7891317154721
7891317154301
7891317149192
7891317144142
7891317143053
7891317141967
7891317140885
7891317140854
7891317140533
7891317140458
7891317139544
7891317137557
7891317137359
7891317136468
7891317134334
7891317134303
7891317132392
7891317129958
7891317129941
7891317129781
7891317125639
7891317125622
7891317125615
7891317125608
7891317125455
7891317124489
7891317124472
7891317124281
7891317124236
7891317124182
7891317124038
7891317123994
7891317123956
7891317123604
7891317123543
7891317123253
7891317123246
7891317121983
7891317121235
7891317121198
7891317118228
7891317103323
7891317052669
7891317049225
7891317047009
7891317046552
7891317046545
7891317045777
7891317045593
7891317045401
7891317044817
7891317044800
7891317044794
7891317044787
7891317044770
7891317044763
7891317044756
7891317044749
7891317044732
7891317044725
7891317044107
7891317043704
7891317043391
7891317043155
7891317043001
7891317042714
7891317042073
7891317042066
7891317042011
7891317042004
7891317041953
7891317041946
7891317041816
7891317041694
7891317041434
7891317041267
7891317039950
7891317039943
7891317039936
7891317039738
7891317039622
7891317039097
7891317038977
7891317038670
7891317038663
7891317038656
7891317038403
7891317038373
7891317038052
7891317038038
7891317038021
7891317037024
7891317037017
7891317037000
7891317036881
7891317036812
7891317036751
7891317036386
7891317036379
7891317036249
7891317035075
7891317034979
7891317033170
7891317033156
7891317033149
7891317032319
7891317031398
7891317031350
7891317031275
7891317031268
7891317031176
7891317031169
7891317031107
7891317031091
7891317031015
7891317030575
7891317030087
7891317030070
7891317030001
7891317029982
7891317029951
7891317029838
7891317029739
7891317029333
7891317029272
7891317028824
7891317028176
7891317028107
7891317027988
7891317027940
7891317027179
7891317026554
7891317026110
7891317026097
7891317026073
7891317026066
7891317026059
7891317026004
7891317025878
7891317025830
7891317025571
7891317025564
7891317025540
7891317025533
7891317025205
7891317025137
7891317025090
7891317024680
7891317024529
7891317024505
7891317024499
7891317024482
7891317024475
7891317024468
7891317024444
7891317024437
7891317024420
7891317024413
7891317024406
7891317024314
7891317024291
7891317024284
7891317024277
7891317023898
7891317023331
7891317023232
7891317022839
7891317022532
7891317022174
7891317022105
7891317021924
7891317021894
7891317021269
7891317020699
7891317020576
7891317020552
7891317020538
7891317020507
7891317020453
7891317020392
7891317020354
7891317020101
7891317019983
7891317019310
7891317019303
7891317019297
7891317019044
7891317018177
7891317018122
7891317017729
7891317017699
7891317017392
7891317017378
7891317016920
7891317016883
7891317016623
7891317016432
7891317016425
7891317016418
7891317016326
7891317016142
7891317016135
7891317016012
7891317015985
7891317015886
7891317015596
7891317015497
7891317015473
7891317015435
7891317015374
7891317015343
7891317015336
7891317015312
7891317015299
7891317015176
7891317015121
7891317015060
7891317015039
7891317015008
7891317014940
7891317014858
7891317014797
7891317014773
7891317014377
7891317014308
7891317014261
7891317014254
7891317014162
7891317014155
7891317014148
7891317014087
7891317013998
7891317013981
7891317013967
7891317013943
7891317013912
7891317013905
7891317013844
7891317013820
7891317013677
7891317013622
7891317013608
7891317013523
7891317013158
7891317011598
7891317011475
7891317011444
7891317011390
7891317011369
7891317011345
7891317011277
7891317011260
7891317011253
7891317010898
7891317010751
7891317010744
7891317010362
7891317010287
7891317010270
7891317010263
7891317010218
7891317010201
7891317010119
7891317010065
7891317010041
7891317010034
7891317009892
7891317009755
7891317009748
7891317009717
7891317009618
7891317009519
7891317009502
7891317009168
7891317009083
7891317009052
7891317008932
7891317008888
7891317008703
7891317008598
7891317008581
7891317008529
7891317008284
7891317007836
7891317007829
7891317007614
7891317007560
7891317007454
7891317007225
7891317007003
7891317006938
7891317006570
7891317006075
7891317006013
7891317005931
7891317005917
7891317005900
7891317005887
7891317005870
7891317005863
7891317005832
7891317005641
7891317005351
7891317005269
7891317005054
7891317004965
7891317004606
7891317004583
7891317004330
7891317004316
7891317004255
7891317004101
7891317004095
7891317004088
7891317004071
7891317004057
7891317004040
7891317003913
7891317003906
7891317003890
7891317003647
7891317003630
7891317003135
7891317003128
7891317003111
7891317003081
7891317003067
7891317003050
7891317003029
7891317002930
7891317002879
7891317002862
7891317002688
7891317002596
7891317002572
7891317002459
7891317002060
7891317001964
7891317001728
7891317001711
7891317001636
7891317001483
7891317001476
7891317001414
7891317001056
7891317000721
7891317000677
7891317000660
7891317000653
7891317000608
7891317000547
7891317000509
7891317000297
7891317000295
7891317000226
7891317000134
7891317000127
7891317000110
7891317000042
7891317000035
7891313608853
7891313608822
7891301518485
7891301488887
7891301374883
7891301371387
7891301301568
7891301196621
7891301110566
7891268404036
7891268402025
7891268402018
7891268400212
7891268400076
7891268400014
7891268144086
7891268144024
7891268118087
7891268118001
7891268107609
7891268107043
7891268103243
7891268103205
7891268103175
7891268103144
7891268103113
7891268102208
7891268102062
7891268101799
7891268101782
7891268101706
7891268100815
7891268100808
7891268044171
7891268031706
7891253284179
7891253284155
7891253284148
7891253240551
7891240010521
7891240002755
7891239026830
7891239025901
7891239025888
7891239024119
7891239023150
7891239022139
7891239021705
7891239010716
7891239006849
7891234582164
7891234050335
7891234023773
7891232971106
7891232971014
7891232032135
7891219031830
7891219025266
7891219023200
7891200323777
7891200012527
7891200011322
7891200009138
7891200009121
7891200009091
7891200003365
7891200000227
7891200000210
7891194000067
7891191004600
7891191004594
7891191001098
7891182996921
7891182996860
7891182996600
7891182996563
7891182996488
7891182996341
7891182996303
7891182994088
7891182993845
7891182991858
7891182991797
7891182860116
7891182860024
7891182860017
7891182850032
7891182840200
7891182840095
7891182840019
7891182830119
7891182830027
7891182830010
7891182820103
7891182820080
7891182820028
7891182820011
7891182810203
7891182810098
7891182810012
7891182040020
7891182036047
7891182035965
7891182035941
7891182033640
7891182033541
7891182032988
7891182032964
7891182032841
7891182032827
7891182032452
7891182032353
7891182030915
7891182025515
7891182023115
7891182021111
7891182020930
7891182020879
7891182020336
7891182020312
7891182020107
7891182020091
7891182020084
7891182020077
7891182019880
7891182019842
7891182019347
7891182019309
7891182019156
7891182019149
7891182018975
7891182018944
7891182018890
7891182018814
7891182018807
7891182018791
7891182018715
7891182018623
7891182016933
7891182016865
7891182016858
7891182016841
7891182016773
7891182016711
7891182016612
7891182016605
7891182016513
7891182016490
7891182016476
7891182016438
7891182016421
7891182016407
7891182016384
7891182016377
7891182016360
7891182016353
7891182016346
7891182016339
7891182016322
7891182016315
7891182016292
7891182016285
7891182016278
7891182016261
7891182016254
7891182016247
7891182016230
7891182016223
7891182016148
7891182016131
7891182015226
7891182015127
7891182014878
7891182014816
7891182014755
7891182014649
7891182014601
7891182013604
7891182013383
7891182007870
7891182007863
7891182001892
7891182001045
7891177801308
7891177605005
7891177604008
7891177603001
7891177602004
7891177373218
7891177081168
7891177081090
7891177081014
7891176117943
7891176117622
7891176117578
7891176117561
7891176113044
7891173025074
7891173023247
7891173023223
7891173023162
7891173023001
7891173021793
7891172171666
7891158106965
7891158106897
7891158106811
7891158106620
7891158106583
7891158106576
7891158106569
7891158106552
7891158106538
7891158106453
7891158106446
7891158106200
7891158105227
7891158105210
7891158105203
7891158105173
7891158104695
7891158104688
7891158104138
7891158103599
7891158103438
7891158103384
7891158103353
7891158103339
7891158103285
7891158103070
7891158103063
7891158102950
7891158101830
7891158101809
7891158101755
7891158101687
7891158101656
7891158100253
7891158100246
7891158100239
7891158042430
7891158042423
7891158028137
7891158027871
7891158000966
7891158000942
7891158000898
7891158000195
7891158000119
7891155667704
7891155087441
7891155083115
7891155075196
7891155075189
7891155064961
7891155062738
7891155058304
7891155054139
7891155054122
7891155050094
7891155047001
7891155046998
7891155038191
7891155034506
7891155033677
7891155025207
7891155020257
7891155018643
7891155017608
7891155010173
7891155001775
7891155000914
7891155000877
7891153850191
7891153840017
7891153820309
7891153800820
7891153168128
7891153119991
7891153113555
7891153104799
7891153103648
7891153096452
7891153096438
7891153096377
7891153096261
7891153088525
7891153088518
7891153086330
7891153077918
7891153077895
7891153073224
7891153073200
7891153073101
7891153073095
7891153073088
7891153073071
7891153073064
7891153073026
7891153070391
7891153070360
7891153070018
7891153069999
7891153069982
7891153069975
7891153067254
7891153067247
7891153067230
7891153067223
7891153051130
7891153044392
7891153035413
7891153032108
7891153026046
7891153020327
7891153020310
7891153020136
7891153020129
7891153010564
7891153005256
7891153005249
7891153003740
7891153003733
7891153002903
7891153002897
7891153002545
7891151039710
7891151039697
7891151036993
7891151031189
7891150197800
7891150107687
7891150106734
7891150106727
7891150106710
7891150106420
7891150106383
7891150106376
7891150106352
7891150105652
7891150105645
7891150105638
7891150105621
7891150105614
7891150104860
7891150104853
7891150104846
7891150103931
7891150103924
7891150103917
7891150103900
7891150103818
7891150103801
7891150103788
7891150103771
7891150103764
7891150103689
7891150103672
7891150103665
7891150102859
7891150102835
7891150102798
7891150102774
7891150102767
7891150102750
7891150102736
7891150102729
7891150102705
7891150102699
7891150102682
7891150102675
7891150102668
7891150102651
7891150102644
7891150102637
7891150102620
7891150102613
7891150102606
7891150102590
7891150102583
7891150102576
7891150102545
7891150102507
7891150102491
7891150102439
7891150102422
7891150102415
7891150102385
7891150102378
7891150102361
7891150102354
7891150102347
7891150101807
7891150101760
7891150101753
7891150101715
7891150101692
7891150101685
7891150101678
7891150101661
7891150101630
7891150101616
7891150101593
7891150101586
7891150101579
7891150100701
7891150100510
7891150100503
7891150100367
7891150100350
7891150100343
7891150100312
7891150100107
7891150100053
7891150100046
7891150099982
7891150099937
7891150099883
7891150099852
7891150099845
7891150099838
7891150099821
7891150099784
7891150099548
7891150099289
7891150099272
7891150098442
7891150097674
7891150097643
7891150097384
7891150097377
7891150097360
7891150097353
7891150097339
7891150096790
7891150096783
7891150096745
7891150096738
7891150096516
7891150096387
7891150096301
7891150096288
7891150096271
7891150096257
7891150096219
7891150095939
7891150095922
7891150095915
7891150095878
7891150095861
7891150095830
7891150095823
7891150095809
7891150095793
7891150095786
7891150095694
7891150095632
7891150095618
7891150095601
7891150095595
7891150095588
7891150095571
7891150095564
7891150095557
7891150095540
7891150095311
7891150095304
7891150095267
7891150095250
7891150094949
7891150094932
7891150094918
7891150094895
7891150094840
7891150094833
7891150094741
7891150094529
7891150094512
7891150094505
7891150094499
7891150094475
7891150094406
7891150094345
7891150094338
7891150094321
7891150093263
7891150093256
7891150091788
7891150091474
7891150091436
7891150091429
7891150091290
7891150091276
7891150091245
7891150091221
7891150091207
7891150090569
7891150090514
7891150090491
7891150089983
7891150089952
7891150089051
7891150088641
7891150088573
7891150088474
7891150088450
7891150088399
7891150088375
7891150088368
7891150088351
7891150088344
7891150088337
7891150088238
7891150087361
7891150087309
7891150087293
7891150087286
7891150085664
7891150085657
7891150085640
7891150084803
7891150084780
7891150084506
7891150084490
7891150084483
7891150083653
7891150083646
7891150083639
7891150083622
7891150083615
7891150083608
7891150083592
7891150083585
7891150083561
7891150083530
7891150083516
7891150083462
7891150083264
7891150083196
7891150083127
7891150083097
7891150083080
7891150083073
7891150083035
7891150082786
7891150081321
7891150081314
7891150081307
7891150081291
7891150081284
7891150081277
7891150081260
7891150081253
7891150081246
7891150081239
7891150081222
7891150081215
7891150081086
7891150081079
7891150081062
7891150081055
7891150081048
7891150080973
7891150080966
7891150080751
7891150080744
7891150080119
7891150080102
7891150080096
7891150079229
7891150079199
7891150079175
7891150079168
7891150076051
7891150075429
7891150075405
7891150075382
7891150075306
7891150075276
7891150075238
7891150074491
7891150074484
7891150074026
7891150073098
7891150073081
7891150071810
7891150070851
7891150070844
7891150070363
7891150070295
7891150069602
7891150068926
7891150068735
7891150068728
7891150068551
7891150068544
7891150068537
7891150067578
7891150067516
7891150067486
7891150066908
7891150066816
7891150066175
7891150066038
7891150065925
7891150065338
7891150065321
7891150065314
7891150065307
7891150065291
7891150064904
7891150064737
7891150064300
7891150063747
7891150063457
7891150063105
7891150063075
7891150062528
7891150062115
7891150061910
7891150061781
7891150061057
7891150061040
7891150060883
7891150060821
7891150060814
7891150060807
7891150060722
7891150060685
7891150060289
7891150060241
7891150060234
7891150060227
7891150060210
7891150060203
7891150060197
7891150060159
7891150060142
7891150059924
7891150059917
7891150059900
7891150059887
7891150059870
7891150059856
7891150059849
7891150059672
7891150058996
7891150058231
7891150057470
7891150056589
7891150055957
7891150055872
7891150055858
7891150055704
7891150055698
7891150055629
7891150055193
7891150055186
7891150055179
7891150055162
7891150054943
7891150054936
7891150054653
7891150054646
7891150054479
7891150054462
7891150054455
7891150054448
7891150053229
7891150051973
7891150051911
7891150051485
7891150051478
7891150050242
7891150050235
7891150050143
7891150050129
7891150050105
7891150050082
7891150050075
7891150049895
7891150049888
7891150049871
7891150049628
7891150045347
7891150045316
7891150044654
7891150044616
7891150044562
7891150044555
7891150044487
7891150044203
7891150043923
7891150043282
7891150043251
7891150043237
7891150043220
7891150043084
7891150041837
7891150041646
7891150041639
7891150041042
7891150038189
7891150037632
7891150037595
7891150037588
7891150037564
7891150037526
7891150037519
7891150037489
7891150037472
7891150037465
7891150037458
7891150037441
7891150037397
7891150037342
7891150037328
7891150037274
7891150037250
7891150036390
7891150035874
7891150035065
7891150034952
7891150034075
7891150031746
7891150029583
7891150029538
7891150029323
7891150029316
7891150028470
7891150028463
7891150028418
7891150027541
7891150026803
7891150026025
7891150026001
7891150025981
7891150025967
7891150025950
7891150025929
7891150024823
7891150024816
7891150024793
7891150024779
7891150024571
7891150023338
7891150023321
7891150023093
7891150022348
7891150021709
7891150021686
7891150021679
7891150021662
7891150019560
7891150019508
7891150019416
7891150018877
7891150018860
7891150018853
7891150018846
7891150018785
7891150018761
7891150018754
7891150017849
7891150017498
7891150017368
7891150017351
7891150017337
7891150014138
7891150014107
7891150013919
7891150008960
7891150008878
7891150008816
7891150008809
7891150008168
7891150008151
7891150007680
7891150007406
7891150001268
7891150001183
7891150001077
7891149108718
7891142984883
7891142984531
7891142984203
7891142983985
7891142983763
7891142983480
7891142982971
7891142982957
7891142982889
7891142982865
7891142982698
7891142982681
7891142982643
7891142982582
7891142982544
7891142982537
7891142982407
7891142982384
7891142982308
7891142982278
7891142982216
7891142982186
7891142982179
7891142982155
7891142982131
7891142982100
7891142981394
7891142981363
7891142981356
7891142981318
7891142981271
7891142981196
7891142207500
7891142207166
7891142206800
7891142206718
7891142206329
7891142206114
7891142206039
7891142205704
7891142205643
7891142205582
7891142205544
7891142205506
7891142205490
7891142205346
7891142204677
7891142204646
7891142204370
7891142204349
7891142203410
7891142202833
7891142201799
7891142201676
7891142201638
7891142201621
7891142200235
7891142198464
7891142180773
7891142180766
7891142177216
7891142177209
7891142177162
7891142177124
7891142177056
7891142177032
7891142171757
7891142171733
7891142171719
7891142171191
7891142171061
7891142165770
7891142158161
7891142156235
7891142142719
7891142142290
7891142142283
7891142142252
7891142142221
7891142142214
7891142141293
7891142141286
7891142141279
7891142140593
7891142140586
7891142137135
7891142130822
7891142128546
7891142128249
7891142128096
7891142126153
7891142118080
7891142118073
7891142115799
7891142115614
7891142115492
7891142115478
7891142115126
7891137006651
7891137006644
7891137006637
7891137006620
7891137006590
7891137006576
7891137006507
7891137006460
7891137006453
7891137006378
7891137006361
7891137006316
7891137004046
7891137004008
7891137003704
7891137003698
7891137003629
7891137003612
7891137003421
7891137003414
7891137003407
7891137000062
7891137000055
7891137000024
7891137000017
7891134018206
7891134009969
7891134007477
7891134006524
7891134005459
7891134004544
7891134004186
7891134004018
7891134003790
7891134001963
7891134001802
7891118025671
7891118025664
7891116169575
7891116169544
7891114001266
7891112324435
7891108038612
7891108030289
7891106916608
7891106916578
7891106916561
7891106916554
7891106916547
7891106916493
7891106916233
7891106916059
7891106916028
7891106915885
7891106915878
7891106915649
7891106915595
7891106915410
7891106915342
7891106915335
7891106915311
7891106915182
7891106915175
7891106915151
7891106915076
7891106915052
7891106914963
7891106914956
7891106914642
7891106914581
7891106914574
7891106914512
7891106914369
7891106914277
7891106914178
7891106914154
7891106914116
7891106914086
7891106914062
7891106914055
7891106914048
7891106914031
7891106914024
7891106914000
7891106913997
7891106913966
7891106913959
7891106913942
7891106913935
7891106913911
7891106913799
7891106913522
7891106913089
7891106912662
7891106912655
7891106912273
7891106912167
7891106911733
7891106911337
7891106910989
7891106910248
7891106910118
7891106909624
7891106909495
7891106909044
7891106908894
7891106908870
7891106908641
7891106908535
7891106908498
7891106908221
7891106908191
7891106907552
7891106907293
7891106907286
7891106907224
7891106907064
7891106907019
7891106906944
7891106906043
7891106906012
7891106906005
7891106905992
7891106905961
7891106905923
7891106905916
7891106905909
7891106905886
7891106904582
7891106904537
7891106904155
7891106903967
7891106900614
7891106900591
7891106006507
7891106006491
7891106006316
7891106006286
7891106006132
7891106004213
7891106003230
7891106001946
7891106001762
7891106001755
7891106000956
7891106000888
7891104193353
7891104193087
7891075403215
7891075403192
7891075402911
7891075081215
7891075080218
7891075060210
7891075030091
7891075020023
7891075010239
7891075010161
7891075010130
7891070002253
7891060969771
7891060969504
7891060951370
7891060943443
7891060940145
7891060917062
7891060894851
7891060894486
7891060855777
7891060846379
7891060836301
7891060836288
7891060836264
7891060836189
7891060830460
7891060825381
7891060804027
7891060804010
7891060804003
7891060800401
7891060773071
7891060758061
7891060738223
7891060680034
7891060679762
7891060679731
7891060679724
7891060656152
7891060656053
7891060028898
7891060003970
7891058489038
7891058467098
7891058464073
7891058431037
7891058326005
7891058325039
7891058226718
7891058224028
7891058169015
7891058168049
7891058061562
7891058059149
7891058030216
7891058024314
7891058022815
7891058022792
7891058022778
7891058022730
7891058022136
7891058021955
7891058021948
7891058021931
7891058021917
7891058021894
7891058021740
7891058021726
7891058021702
7891058021689
7891058021665
7891058021627
7891058021610
7891058021603
7891058021597
7891058021580
7891058021573
7891058021566
7891058021528
7891058020316
7891058020286
7891058019365
7891058018627
7891058018382
7891058017507
7891058017392
7891058016999
7891058015756
7891058013141
7891058009458
7891058008635
7891058006716
7891058006501
7891058006334
7891058006259
7891058006235
7891058006044
7891058005993
7891058005979
7891058005948
7891058005788
7891058005665
7891058005658
7891058005566
7891058005535
7891058005481
7891058005474
7891058005467
7891058004422
7891058004354
7891058004347
7891058003982
7891058003975
7891058003944
7891058003937
7891058003920
7891058003913
7891058003890
7891058003883
7891058003661
7891058003586
7891058003579
7891058003562
7891058003555
7891058003289
7891058002961
7891058002916
7891058002725
7891058002664
7891058002602
7891058002596
7891058002589
7891058002572
7891058002565
7891058002343
7891058002336
7891058002008
7891058001681
7891058001667
7891058001643
7891058001612
7891058001520
7891058001155
7891058001032
7891058000950
7891058000943
7891058000295
7891058000165
7891058000103
7891055816110
7891055816103
7891055816097
7891055816080
7891055815106
7891055810903
7891055809709
7891055805602
7891055804698
7891055803509
7891055688724
7891055682302
7891055655702
7891055654002
7891055653302
7891055653203
7891055651209
7891055648001
7891055647509
7891055639528
7891055637920
7891055637821
7891055637722
7891055637623
7891055637227
7891055635308
7891055635209
7891055633908
7891055631003
7891055539408
7891055539217
7891055523711
7891055522516
7891055437407
7891055141526
7891055140604
7891055108819
7891055108345
7891055105870
7891051037656
7891051037632
7891051037014
7891051029927
7891051028791
7891051026773
7891051015210
7891051007178
7891045166508
7891045164184
7891045043588
7891045043571
7891045043564
7891045043434
7891045043090
7891045040587
7891045040334
7891045039987
7891045038690
7891045038386
7891045035040
7891045031257
7891045029063
7891045013628
7891045013611
7891045013130
7891045008440
7891045008433
7891045008396
7891045006248
7891045005432
7891040361380
7891040346233
7891040346226
7891040346202
7891040312719
7891040303533
7891040302383
7891040299447
7891040295340
7891040248339
7891040238637
7891040216147
7891040216130
7891040216123
7891040216116
7891040216109
7891040211524
7891040197514
7891040166053
7891040155941
7891040155934
7891040155927
7891040149315
7891040149308
7891040142187
7891040141418
7891040139545
7891040137961
7891040137596
7891040137589
7891040137497
7891040137077
7891040130849
7891040128563
7891040126583
7891040119936
7891040118809
7891040118649
7891040107872
7891040102983
7891040102204
7891040091027
7891040090938
7891040089963
7891040089956
7891040086603
7891040083039
7891040075126
7891040072453
7891040071791
7891040042517
7891040026265
7891040023394
7891040023392
7891040005826
7891040005819
7891040003877
7891040001187
7891037744509
7891037744356
7891037645653
7891037169555
7891037144705
7891037013520
7891037010048
7891037000322
7891035990991
7891035990984
7891035990861
7891035990496
7891035990489
7891035990458
7891035990441
7891035990403
7891035912818
7891035912405
7891035911729
7891035910944
7891035650147
7891035622205
7891035620003
7891035618567
7891035618239
7891035617959
7891035528576
7891035528569
7891035024894
7891035024535
7891035010972
7891035010958
7891035010866
7891035010842
7891035001116
7891035001109
7891035000898
7891033949694
7891033940578
7891033940516
7891033938971
7891033937516
7891033937479
7891033937417
7891033937400
7891033937370
7891033935048
7891033934058
7891033934034
7891033933990
7891033933983
7891033932788
7891033932757
7891033932696
7891033931316
7891033931064
7891033931057
7891033931040
7891033931033
7891033930821
7891033930814
7891033930791
7891033930777
7891033930760
7891033930739
7891033930715
7891033930692
7891033930678
7891033930654
7891033930630
7891033930623
7891033930579
7891033930562
7891033930555
7891033930548
7891033930470
7891033926329
7891033926312
7891033926305
7891033926107
7891033926091
7891033926084
7891033926077
7891033926060
7891033926053
7891033926046
7891033926015
7891033925995
7891033925988
7891033925971
7891033925858
7891033925650
7891033925643
7891033925636
7891033925605
7891033925582
7891033925575
7891033925544
7891033925520
7891033925513
7891033925506
7891033923670
7891033922277
7891033917150
7891033913954
7891033913930
7891033913244
7891033913206
7891033913169
7891033913145
7891033910007
7891033899678
7891033899647
7891033893171
7891033893096
7891033893058
7891033889037
7891033883103
7891033881352
7891033880775
7891033879502
7891033878963
7891033875603
7891033875597
7891033875580
7891033875573
7891033874132
7891033871551
7891033871353
7891033864652
7891033864317
7891033862979
7891033861675
7891033857562
7891033857555
7891033856459
7891033853960
7891033852987
7891033851249
7891033851218
7891033846672
7891033839728
7891033826896
7891033826865
7891033826858
7891033822317
7891033812844
7891033812837
7891033812820
7891033803590
7891033803583
7891033803576
7891033793778
7891033793723
7891033780006
7891033777358
7891033777327
7891033761104
7891033754175
7891033733675
7891033718719
7891033718702
7891033718696
7891033718689
7891033718672
7891033718658
7891033718641
7891033718597
7891033718580
7891033586721
7891033586691
7891033586417
7891033586400
7891033586394
7891033586332
7891033585946
7891033583126
7891033583119
7891033583102
7891033583089
7891033583072
7891033581221
7891033581214
7891033581207
7891033581191
7891033574919
7891033572328
7891033572311
7891033570768
7891033568178
7891033568161
7891033568154
7891033568130
7891033566167
7891033566150
7891033566143
7891033566136
7891033566112
7891033558056
7891033558049
7891033558032
7891033558025
7891033557646
7891033556779
7891033556762
7891033556755
7891033556748
7891033554881
7891033554768
7891033554751
7891033554744
7891033554737
7891033554720
7891033554447
7891033552962
7891033552955
7891033551538
7891033545988
7891033545964
7891033545957
7891033540037
7891033540013
7891033539888
7891033536122
7891033535224
7891033535217
7891033535200
7891033535194
7891033535064
7891033535057
7891033535040
7891033535033
7891033535026
7891033535019
7891033535002
7891033534999
7891033534722
7891033534715
7891033534708
7891033534692
7891033534685
7891033534654
7891033534623
7891033534418
7891033534401
7891033534395
7891033534371
7891033534364
7891033534357
7891033534340
7891033534333
7891033534302
7891033534289
7891033531516
7891033530960
7891033530953
7891033530946
7891033526314
7891033526222
7891033526215
7891033525072
7891033523900
7891033523849
7891033523740
7891033522132
7891033522125
7891033522040
7891033519354
7891033519330
7891033519293
7891033519286
7891033519279
7891033517862
7891033517855
7891033517848
7891033517756
7891033517503
7891033517497
7891033517466
7891033517459
7891033517435
7891033517169
7891033515516
7891033515509
7891033515172
7891033515158
7891033515042
7891033512614
7891033510757
7891033510740
7891033510658
7891033506040
7891033500994
7891033500987
7891033500970
7891033500963
7891033500956
7891033500932
7891033496839
7891033495436
7891033495092
7891033494736
7891033494583
7891033492916
7891033492145
7891033487202
7891033486533
7891033486212
7891033484751
7891033483198
7891033483181
7891033482818
7891033481637
7891033481583
7891033481507
7891033481491
7891033481392
7891033480951
7891033480937
7891033480920
7891033480623
7891033480609
7891033479917
7891033476084
7891033474042
7891033474035
7891033474028
7891033474011
7891033474004
7891033473649
7891033473144
7891033472116
7891033471942
7891033471782
7891033471775
7891033471768
7891033471751
7891033471713
7891033471706
7891033471690
7891033471683
7891033471676
7891033402205
7891033303021
7891033302079
7891033302031
7891033301997
7891033198160
7891033078417
7891033072347
7891033072330
7891033072170
7891033070664
7891033017287
7891033016440
7891033016419
7891033013258
7891033013241
7891033000005
7891027969493
7891027951351
7891027911188
7891027836801
7891027773694
7891027745554
7891027727598
7891027539184
7891027538941
7891027538934
7891027538804
7891027537784
7891027537449
7891027537395
7891027534844
7891027534721
7891027533922
7891027532727
7891027525606
7891027415846
7891027415754
7891027412005
7891027411497
7891027398866
7891027398859
7891027398521
7891027398057
7891027397760
7891027397746
7891027396718
7891027396701
7891027396008
7891027395896
7891027395315
7891027394295
7891027393748
7891027393717
7891027391072
7891027390426
7891027389949
7891027389932
7891027368043
7891027359447
7891027359393
7891027359362
7891027359294
7891027359218
7891027359195
7891027357122
7891027357061
7891027356262
7891027352967
7891027351809
7891027351465
7891027351441
7891027351250
7891027350994
7891027350093
7891027349936
7891027349868
7891027349660
7891027349394
7891027349332
7891027349158
7891027348489
7891027348410
7891027348397
7891027348380
7891027346386
7891027343033
7891027343026
7891027342982
7891027342586
7891027342524
7891027342272
7891027341329
7891027340834
7891027340827
7891027340742
7891027340636
7891027340612
7891027340421
7891027339012
7891027338985
7891027332792
7891027331344
7891027331153
7891027331146
7891027324995
7891027324964
7891027324360
7891027322953
7891027322762
7891027319793
7891027319748
7891027319717
7891027319656
7891027319601
7891027319595
7891027319366
7891027318345
7891027318215
7891027318109
7891027315955
7891027315825
7891027314132
7891027314125
7891027313937
7891027313517
7891027310233
7891027310202
7891027309442
7891027309411
7891027309183
7891027309138
7891027309022
7891027308995
7891027308957
7891027308940
7891027308872
7891027308810
7891027308728
7891027308537
7891027308452
7891027308285
7891027308230
7891027308216
7891027308087
7891027308025
7891027308018
7891027307585
7891027306298
7891027306182
7891027306120
7891027305987
7891027305888
7891027305758
7891027305444
7891027305437
7891027305420
7891027304904
7891027304775
7891027295684
7891027294366
7891027294328
7891027294137
7891027294120
7891027293512
7891027292362
7891027292164
7891027291839
7891027291655
7891027291624
7891027291617
7891027291365
7891027291099
7891027282431
7891027281885
7891027279974
7891027241827
7891027240257
7891027236526
7891027236038
7891027235598
7891027234744
7891027234577
7891027234560
7891027234553
7891027234522
7891027234478
7891027234232
7891027234027
7891027233983
7891027233693
7891027231231
7891027230043
7891027229795
7891027229764
7891027229757
7891027229597
7891027229160
7891027179915
7891027179762
7891027179694
7891027178796
7891027178789
7891027159818
7891027158224
7891027156176
7891027152529
7891027151355
7891027150235
7891027150198
7891027149970
7891027149789
7891027149697
7891027147273
7891027146818
7891027146733
7891027145019
7891027145002
7891027144937
7891027144906
7891027143985
7891027140496
7891027139339
7891027134679
7891027134204
7891027131081
7891027130848
7891027128296
7891027127985
7891027127060
7891027120412
7891027116712
7891027113049
7891027111182
7891027108571
7891027108564
7891027108526
7891027108137
7891027108076
7891027107840
7891027105907
7891027105600
7891027105518
7891027105501
7891027105464
7891027105440
7891027105013
7891027098339
7891027095734
7891027094638
7891027094621
7891027091156
7891027091149
7891027087579
7891027087548
7891027084882
7891027084264
7891027083991
7891027083915
7891027082123
7891027082079
7891027081973
7891027081850
7891027081843
7891027081294
7891027081249
7891027081133
7891027079277
7891027075477
7891027075460
7891027075279
7891027075200
7891027074814
7891027071745
7891027071714
7891027071059
7891027071028
7891027070823
7891027070779
7891027070663
7891027070632
7891027070595
7891027070588
7891027070519
7891027070458
7891027070373
7891027070182
7891027070106
7891027069933
7891027069896
7891027069872
7891027069742
7891027069681
7891027067380
7891027067274
7891027067236
7891027067090
7891027066994
7891027066864
7891027066550
7891027066543
7891027066536
7891027066017
7891027065881
7891027061494
7891027060794
7891027060152
7891027060114
7891027059989
7891027059941
7891027059934
7891027059903
7891027059897
7891027059873
7891027059859
7891027059682
7891027059675
7891027057817
7891027057589
7891027057442
7891027057114
7891027056711
7891027056445
7891027055059
7891027052737
7891027050740
7891027050665
7891027050306
7891027050078
7891027049904
7891027049898
7891027049881
7891027049874
7891027049867
7891027049706
7891027049645
7891027049621
7891027049515
7891027048402
7891027048396
7891027048372
7891027048211
7891027048051
7891027047771
7891027047337
7891027047115
7891027046385
7891027046378
7891027043506
7891027036164
7891027033774
7891027033729
7891027033699
7891027033620
7891027033545
7891027033521
7891027031039
7891027030971
7891027019761
7891027016999
7891027009922
7891027009915
7891027009847
7891027009816
7891027007386
7891027007072
7891027007058
7891027006877
7891027006853
7891027006075
7891027005931
7891027005863
7891027005542
7891027005313
7891027005252
7891027005191
7891027005078
7891027004378
7891027004354
7891027004347
7891025123491
7891025119999
7891025113171
7891025112709
7891025112686
7891025112679
7891025112662
7891025111832
7891025111825
7891025107910
7891025107897
7891024186244
7891024184608
7891024184509
7891024184506
7891024183816
7891024183182
7891024183021
7891024183007
7891024179925
7891024174685
7891024174630
7891024174180
7891024174135
7891024142240
7891024136478
7891024136409
7891024136300
7891024136232
7891024136201
7891024136133
7891024136089
7891024135174
7891024134702
7891024134610
7891024134429
7891024134405
7891024132647
7891024132128
7891024132005
7891024131756
7891024131183
7891024131152
7891024130728
7891024124628
7891024122556
7891024116616
7891024116319
7891024116128
7891024115862
7891024115848
7891024115800
7891024115107
7891024114865
7891024114674
7891024114346
7891024114216
7891024112861
7891024110706
7891024100431
7891024073001
7891024042229
7891024042120
7891024042113
7891024041628
7891024041611
7891024040690
7891024040560
7891024038819
7891024037881
7891024037485
7891024037126
7891024035665
7891024035559
7891024035535
7891024035528
7891024035511
7891024035504
7891024035313
7891024035214
7891024035207
7891024035191
7891024035139
7891024035085
7891024035078
7891024035047
7891024034996
7891024034941
7891024034910
7891024034804
7891024034590
7891024034392
7891024033715
7891024033425
7891024033418
7891024031865
7891024031384
7891024030820
7891024030813
7891024030806
7891024030134
7891024029831
7891024028995
7891024028834
7891024028704
7891024028353
7891024028018
7891024027998
7891024027622
7891024027325
7891024027257
7891024027028
7891024026434
7891024025925
7891024024485
7891024024461
7891024024447
7891024024003
7891024023969
7891024021668
7891024021606
7891024021590
7891024013540
7891024008799
7891023556956
7891023556864
7891023556833
7891023554211
7891023545172
7891023542447
7891023539973
7891023087009
7891010987787
7891010987770
7891010986155
7891010980085
7891010980061
7891010974886
7891010974312
7891010973902
7891010972226
7891010970888
7891010966225
7891010926960
7891010925543
7891010917715
7891010916770
7891010913908
7891010887742
7891010882983
7891010880859
7891010880842
7891010878016
7891010877620
7891010877613
7891010875657
7891010875640
7891010875596
7891010871031
7891010870744
7891010870713
7891010814953
7891010804626
7891010804589
7891010800048
7891010795542
7891010793463
7891010781668
7891010704780
7891010697518
7891010697266
7891010695415
7891010694593
7891010668631
7891010618780
7891010618773
7891010607135
7891010604349
7891010601188
7891010601171
7891010601164
7891010591038
7891010591014
7891010591007
7891010579289
7891010579265
7891010576509
7891010568771
7891010568764
7891010568757
7891010560812
7891010560737
7891010521448
7891010518844
7891010514846
7891010510978
7891010506513
7891010504779
7891010504755
7891010504106
7891010503505
7891010503031
7891010503024
7891010501105
7891010257941
7891010257019
7891010257002
7891010256999
7891010256968
7891010256920
7891010256883
7891010256814
7891010256807
7891010256791
7891010256784
7891010256753
7891010256746
7891010256739
7891010256722
7891010256715
7891010256708
7891010256630
7891010256517
7891010256494
7891010256487
7891010256470
7891010256463
7891010256432
7891010256388
7891010256371
7891010256364
7891010256142
7891010256135
7891010256111
7891010256098
7891010256050
7891010256043
7891010255961
7891010255954
7891010255947
7891010255923
7891010255909
7891010255855
7891010255770
7891010255763
7891010255138
7891010255046
7891010255039
7891010255022
7891010255008
7891010254995
7891010254964
7891010254957
7891010254155
7891010254032
7891010254025
7891010253936
7891010253929
7891010253905
7891010253899
7891010253813
7891010253806
7891010253790
7891010253769
7891010253752
7891010253691
7891010253561
7891010253523
7891010253288
7891010253257
7891010253226
7891010253219
7891010253202
7891010253196
7891010253066
7891010251055
7891010250997
7891010250980
7891010250799
7891010250782
7891010249960
7891010249953
7891010249939
7891010249274
7891010249106
7891010248376
7891010248178
7891010248154
7891010248130
7891010247263
7891010246952
7891010246853
7891010246846
7891010246235
7891010245610
7891010245603
7891010245597
7891010245450
7891010245238
7891010245214
7891010245191
7891010245160
7891010245092
7891010245085
7891010244361
7891010101688
7891010099725
7891010096496
7891010087807
7891010087722
7891010047184
7891010043476
7891010043469
7891010042950
7891010041441
7891010041434
7891010041427
7891010039783
7891010038915
7891010038908
7891010038892
7891010036478
7891010035976
7891010035631
7891010033521
7891010032937
7891010032906
7891010031633
7891010031350
7891010030889
7891010030476
7891010030452
7891010030391
7891010030094
7891010026264
7891010020927
7891010020279
7891010020156
7891010009618
7891010008147
7891010007263
7891010005757
7891010005047
7891008533729
7891008367027
7891008331028
7891008273502
7891008251272
7891008223125
7891008218923
7891008209020
7891008199024
7891008198027
7891008197020
7891008151275
7891008123128
7891008121834
7891008121827
7891008121780
7891008121773
7891008121735
7891008121728
7891008121681
7891008121674
7891008118926
7891000854563
7891000462300
7891000460214
7891000460207
7891000445501
7891000440339
7891000438688
7891000436837
7891000436776
7891000417584
7891000400210
7891000399590
7891000393284
7891000377567
7891000377543
7891000369159
7891000361887
7891000359426
7891000347652
7891000346945
7891000340981
7891000329863
7891000329856
7891000329672
7891000329665
7891000325858
7891000321843
7891000320457
7891000320280
7891000320242
7891000312926
7891000312919
7891000303115
7891000287736
7891000287699
7891000284933
7891000282816
7891000282809
7891000282236
7891000259856
7891000259160
7891000255544
7891000251638
7891000249246
7891000249239
7891000248836
7891000248829
7891000248775
7891000248768
7891000241547
7891000234006
7891000183205
7891000146323
7891000142202
7891000120606
7891000112946
7891000109908
7891000107843
7891000107836
7891000103487
7891000097649
7891000096482
7891000089873
7891000086131
7891000079515
7891000073100
7891000071625
7891000062760
7891000062722
7891000062661
7891000022115
7891000003299
7890786190223
7890704851335
7890704810738
7890704808131
7890699930251
7890688161284
7890688161215
7890636876871
7890593315284
7890593315277
7890593315253
7890422224008
7890406155854
7890387181354
7890337655454
7890311856808
7890311856792
7890311856761
7890311856754
7890310121402
7890282801401
7890282801371
7890282801340
7890282801333
7890282801227
7890282801210
7890282801081
7890282800695
7890282800626
7890282800015
7890269196964
7890269194168
7890269193123
7890269191396
7890267080456
7890265952878
7890265331437
7890265331185
7890260725910
7890260724302
7890260723428
7890260430289
7890195100097
7890133980309
7890133980125
7890058350294
7890026901336
7890026007809
7890001173598
7890000318822
7890000318808
7890000318792
7890000255530
7890000249256
7890000240512
7890000240499
7890000240451
7890000240383
7890000232289
7890000229388
7890000224314
7890000210904
7890000209267
7890000206655
7890000190442
7890000188524
7890000168250
7890000152372
7890000138277
7890000077354
7890000041454
7890000039314
7890000034975
7890000022118
7880011891063
7880011872475
7880011607909
7880001164085
7865188628810
7865188623242
7865188623211
7865188623150
7865188619382
7865188616619
7865188606627
7863415633064
7861047723535
7857410987277
7853998416018
7845679208387
7841881034097
7841881033908
7841764051050
7841764021008
7822456325994
7820259713932
7820161051108
7810120010093
7808523029504
7806601060442
7804955001180
7804320148397
7804320116846
7801125015879
7801125008345
7801125006884
7801125000677
7800704202303
7800702402750
7800000026832
7798140253365
7798140253358
7798140251958
7795368002683
7795323002734
7795323001270
7795323001263
7795323000587
7795320050127
7795304000056
7794728013871
7794728013864
7793100151224
7793100130243
7793100111143
7792629002826
7791969029807
7791969016036
7791969016029
7791969016012
7791969016005
7791293784465
7791293051666
7791293051659
7791293051635
7791293051628
7791293051581
7791293051574
7791293051550
7791293051543
7791293040394
7791293038261
7791293038254
7791293035222
7791293035215
7791293035017
7791293034980
7791293034973
7791293033327
7791293033273
7791293033266
7791293033242
7791293033235
7791293032498
7791293032481
7791293032467
7791293032443
7791293032436
7791293032368
7791293028781
7791293026831
7791293026732
7791293025797
7791293025780
7791293025537
7791293022819
7791293022635
7791293022598
7791293022581
7791293022567
7791293018874
7791293014845
7791293014838
7791293014012
7791293012087
7791293011769
7791293004976
7791293004310
7790085472276
7790085472269
7790085472252
7790085472245
7790085451646
7784130323316
7754111532037
7754111532020
7754111532013
7754111013871
7702045564105
7702045539233
7702045539219
7702045539196
7702045539127
7702045539110
7702045539011
7702045538984
7702045538892
7702045538847
7702045538793
7702045538779
7702045538762
7702045538755
7702045538717
7702045538663
7702045538649
7702045538632
7702045538618
7702045538588
7702045538571
7702045538564
7702045538557
7702045538502
7702045538427
7702045538373
7702045538366
7702035833808
7702035833792
7702031988274
7702031416098
7702031310914
7702031244653
7702031244646
7702026152222
7702026149178
7702026149161
7702018983872
7702018951185
7702018920235
7702018880409
7702018874729
7702018382330
7702018273874
7702018118823
7702018072439
7702018072392
7702018037865
7702018037803
7702018013326
7702018013180
7702018001071
7702010130755
7622300988517
7622300988470
7622300867119
7622300862466
7622300862442
7622300862374
7622300862367
7622300862299
7622300862282
7622300860905
7622300847838
7622300847807
7622300847791
7622300847760
7622300847753
7622300842468
7622210933461
7622210933454
7622210878946
7622210875198
7622210858245
7622210857774
7622210857293
7622210857255
7622210857071
7622210854896
7622210839602
7622210839589
7622210812636
7622210696939
7622210696922
7622210683496
7622210674319
7622210617958
7622210617903
7622210574695
7622210573483
7622210573476
7622210573452
7622210573445
7622210573384
7622210573377
7622210573353
7622210573346
7622210573322
7622210573315
7622210573292
7622210573285
7622210573261
7622210573254
7622210570406
7622210570390
7622210570376
7622210570369
7622210570116
7622210570109
7622210570086
7622210570079
7622210566409
7622210566393
7622210566362
7622210566331
7622210564337
7622210564313
7622210564290
7622210564276
7622210563538
7622210563521
7622210563477
7622210563460
7622210562135
7622210562081
7622210562074
7622210561961
7622210561947
7622210561909
7622210561886
7622210561800
7622210534576
7622210534569
7622210533005
7622210530073
7622210530066
7622210528940
7622210528933
7622210527837
7622210411501
7622202811739
7622202309106
7622202309090
7622202303869
7622202303579
7622202303562
7622202288913
7622202281488
7622202281464
7622202280689
7622202274558
7622202274541
7622202258046
7622202256721
7622202256714
7622202256691
7622202256684
7614500010013
7613034968388
7613034968364
7613034909480
7613033353321
7612412700077
7612412546002
7612412429039
7612412428964
7612412423037
7612412422429
7612412396003
7612412156003
7591257004697
7591083011081
7590002032817
7590002023228
7590002012468
7560617560612
7509552917437
7509552917420
7509552917413
7509552917406
7509546703404
7509546702605
7509546702506
7509546701943
7509546696058
7509546693736
7509546693729
7509546692050
7509546692043
7509546688091
7509546687902
7509546687537
7509546679532
7509546679525
7509546679075
7509546678870
7509546678832
7509546676425
7509546675862
7509546674438
7509546673226
7509546673202
7509546673189
7509546673042
7509546672304
7509546671550
7509546669205
7509546668758
7509546666990
7509546665986
7509546665061
7509546665047
7509546664774
7509546662022
7509546661353
7509546660561
7509546656670
7509546656465
7509546655017
7509546654027
7509546653587
7509546653396
7509546651040
7509546080864
7509546077222
7509546069593
7509546068558
7509546065465
7509546061689
7509546055169
7506460101279
7506460101088
7506460101064
7506339398236
7506339397765
7506339396492
7506339394603
7506339391336
7506339391329
7506339391312
7506339391305
7506339358247
7506339326031
7506339325249
7506339314304
7506339305142
7506339305111
7506339305104
7506309889399
7506309889375
7506309872551
7506309865393
7506309841823
7506309841816
7506309840581
7506309840024
7506306417663
7506306417656
7506306417632
7506306255678
7506306255661
7506306255654
7506306244184
7506306244177
7506306241183
7506306241176
7506306241169
7506306233362
7506306214989
7506306214972
7506295388487
7506195196694
7506195167304
7506195167281
7506195153574
7506195142035
7506195133491
7506195133460
7506195133453
7506195129838
7506195129111
7506195129104
7503002942543
7503002942437
7503002941645
7503002941461
7503002900253
7503002900246
7501843507907
7501843506399
7501843505705
7501078270737
7501078270676
7501078270638
7501073025349
7501073025332
7501009224181
7501009224174
7501009224037
7501009224006
7501009222743
7501009222736
7501009222729
7501007457826
7501007457796
7501007457789
7501007455174
7501007455150
7501007455112
7501007455105
7501007455075
7501007454948
7501007454917
7501007454900
7501007454894
7501007454887
7501007454870
7501007454863
7501007454856
7501007454818
7501007454801
7501007454795
7501007454788
7501007454771
7501007454757
7501007454740
7501007447285
7501007413921
7501007413105
7501006745061
7501006731132
7501006725735
7501006721317
7501006721133
7501006712261
7501006712254
7501006707687
7501001168797
7501001165321
7501001165253
7501001165246
7501001164645
7501001156190
7501001109660
7501001109653
7501001104191
7501001100285
7500435266147
7500435260527
7500435260336
7500435260329
7500435260312
7500435260305
7500435260282
7500435260268
7500435260251
7500435248181
7500435248174
7500435248167
7500435248143
7500435248136
7500435247917
7500435245821
7500435244671
7500435242615
7500435240529
7500435240512
7500435239417
7500435234467
7500435233644
7500435232944
7500435232814
7500435232807
7500435232784
7500435232777
7500435231558
7500435231510
7500435230957
7500435226950
7500435226943
7500435214667
7500435209342
7500435209311
7500435209304
7500435209069
7500435205238
7500435204422
7500435204415
7500435201650
7500435200301
7500435199780
7500435199087
7500435199070
7500435197021
7500435197014
7500435197007
7500435196994
7500435196987
7500435196970
7500435191791
7500435190633
7500435190534
7500435188227
7500435188067
7500435188050
7500435187879
7500435185028
7500435185011
7500435181747
7500435181297
7500435176866
7500435173759
7500435173223
7500435172578
7500435171106
7500435171090
7500435170024
7500435169387
7500435169370
7500435169363
7500435169356
7500435158374
7500435158077
7500435157476
7500435154772
7500435154437
7500435154420
7500435154307
7500435154291
7500435154284
7500435154277
7500435154260
7500435154239
7500435154222
7500435153072
7500435146937
7500435146920
7500435146913
7500435146906
7500435145244
7500435144384
7500435143875
7500435142243
7500435142236
7500435142229
7500435142168
7500435142137
7500435142120
7500435141819
7500435141536
7500435140928
7500435140157
7500435137959
7500435137577
7500435136952
7500435135078
7500435135061
7500435135047
7500435135030
7500435134156
7500435132756
7500435132749
7500435132732
7500435132725
7500435132718
7500435132619
7500435132602
7500435132534
7500435132510
7500435129374
7500435129367
7500435128957
7500435128940
7500435128933
7500435128926
7500435128742
7500435128384
7500435128346
7500435127417
7500435127370
7500435127271
7500435127264
7500435127257
7500435127240
7500435127233
7500435126199
7500435125482
7500435125475
7500435125468
7500435125451
7500435125420
7500435125413
7500435125406
7500435125390
7500435125383
7500435125376
7500435125307
7500435123662
7500435120951
7500435118583
7500435118514
7500435118507
7500435116305
7500435116299
7500435116282
7500435116268
7500435113823
7500435112123
7500435107761
7500435107754
7500435107303
7500435106832
7500435106825
7500435106818
7500435106685
7500435106672
7500435106665
7500435106658
7500435106641
7500435106634
7500435106627
7500435106610
7500435106573
7500435106412
7500435106382
7500435024594
7500435020442
7500435017046
7500435014359
7500435014236
7500435011303
7500435011297
7500435004534
7500435004527
7500435004510
7500435000444
7500435000437
7500435000420
7500435000413
7500435000406
7448070305848
7448070305824
7448070304438
7448070304216
7448070304131
7448070304094
7448070303516
7448070231703
7448070231673
7448070231512
7448070230805
7448070230645
7448070230621
7448070230607
7448070230591
7448070229199
7448070228741
7448070226945
7448070225573
7296867405888
6992641894664
6992248229524
6992248214728
6991221286042
6988268483503
6988268482643
6987521463245
6986935963631
6986548809746
6985902408248
6985592728249
6985590009364
6985510019329
6985510019312
6985459008040
6982002002050
6982002002012
6980331110163
6980268615083
6980268615076
6980268615069
6980268615045
6980268615038
6980020239793
6979452320155
6978707070012
6978258761599
6976583140706
6976583140683
6976583140027
6976374472801
6976337638602
6976337631146
6976337625817
6976150500223
6973442150012
6973189843284
6973120510534
6973100283809
6973094274289
6973094274272
6973094274241
6973094274234
6973094272483
6973094272285
6973094272018
6973094272001
6973094271998
6973094271431
6973094271424
6973094271417
6973094271400
6973094271394
6973094271387
6973094271370
6973094271363
6973094271356
6973094271349
6973094271332
6973094271325
6972858365478
6972858365256
6972858365249
6972858364679
6972858364662
6972858364211
6972858362866
6972858362828
6972858362002
6972858361784
6972858361326
6972858361319
6972858360046
6972683510951
6972683510753
6972683510692
6972683510616
6972629417672
6972497852889
6972497851707
6972423636361
6972267405765
6972267405383
6972267405321
6972267404560
6972267404522
6972118190154
6972038415849
6972038415702
6972038415696
6972038415566
6972038415559
6972038414828
6972038414101
6972038411483
6972038410080
6971912073045
6971912073007
6971912072963
6971903870363
6971760277459
6971760277428
6971760277411
6971383635469
6970110476399
6969024051129
6969024051112
6968492858902
6968332501142
6968332501111
6968332409301
6968332409295
6968332407314
6968332407178
6966952404164
6961100149140
6960652122519
6960650626682
6958902005026
6958741932088
6958402811622
6958402811585
6956893014904
6956893014812
6956812207240
6956812207172
6956812202108
6956654632651
6955565560145
6955155812081
6954525205010
6954525205003
6953222115141
6953222115059
6953198741733
6953198741696
6952533321579
6952533321562
6952388297012
6952033002527
6952033002480
6952033002138
6951287456506
6950615960098
6950615960074
6949846902694
6948791153557
6948760607029
6948549065842
6946656124926
6946438681364
6946438681357
6946438681340
6945838721199
6945801215236
6945801215199
6943258621570
6942772700587
6941898917268
6941898914182
6941690790762
6941690707685
6941690707678
6941690703441
6941690703267
6941690703250
6941690703243
6941690703120
6941073697848
6941001300062
6941001300055
6940150250099
6940076660002
6939020450943
6939020450929
6939020450769
6939020450653
6939020450646
6937897612167
6937897612075
6937147252044
6936521500177
6936521500146
6934766408654
6934766408586
6934520143425
6933818417026
6933256643964
6933256643957
6933256643940
6933256643933
6932784030017
6932623563706
6932159614996
6932159614880
6932159614873
6932159614866
6932159614859
6932159612732
6932159610912
6932159610905
6932159610899
6932159610882
6932159610875
6932159610868
6932159610646
6932159610639
6932159610622
6932159610615
6932159610608
6932159610592
6932159610585
6932159610578
6932159610561
6932159610554
6932159610547
6932159610486
6932159610424
6932159610394
6932159610103
6932159610097
6932159609398
6932159609381
6932159609374
6932159609367
6932159609350
6932159609343
6932159609183
6932159609176
6932159609169
6932159609145
6932159609138
6932159609121
6932159609039
6932159608964
6932159608933
6932159608919
6932159608889
6932159608872
6932159608858
6932159608599
6932159608582
6932159608544
6932159608537
6932159608520
6932159608513
6932159608506
6932159608490
6932159608476
6932159608469
6932159608452
6932159608445
6932159608438
6932159608421
6932159608339
6932159608322
6932159608315
6932159608292
6932159608285
6932159608278
6932159607455
6932159607387
6932159607356
6932159607349
6932159607332
6932159607301
6932159607257
6932159607240
6932159607219
6932159607165
6932159607103
6932159607073
6932159606847
6932159606830
6932159606670
6932159606267
6932159606243
6932159606212
6932159606205
6932159606199
6932159606182
6932159606175
6932159606168
6932159606106
6932159605512
6932159605505
6932159605468
6932159605345
6932159605338
6932159605321
6932159605048
6932159604614
6932159603976
6932159603952
6932159603945
6932159603518
6932159603488
6932159603457
6932159602252
6932159602238
6932159601767
6932159601750
6932159601743
6932159601422
6932159601309
6932159600869
6931759261067
6931759261005
6931759249119
6931759249102
6931759244534
6931759244183
6931759233354
6931759233347
6931759231077
6931759225809
6931759225793
6931759225786
6931759220606
6931759220590
6931759218405
6931759218399
6931759217705
6931759216548
6931759216531
6931759214070
6931759212809
6931759212793
6931759212786
6931759212779
6931759212762
6931759212755
6931759212748
6931759212694
6931759212687
6931759212137
6931759211796
6931627000712
6931627000378
6931627000064
6931627000040
6931388597582
6931043399155
6930249998254
6930249946910
6929882040253
6927893041122
6927893041115
6926641048420
6926641032757
6926641031415
6926641031392
6926641031385
6926458675031
6926458675024
6926066028182
6925187880136
6925187880129
6925187880105
6925187880099
6925187875705
6925187873213
6925187872186
6924515550024
6924466302468
6924466301812
6924372697603
6924010302012
6923001000074
6922946030320
6922946030054
6922946030047
6921497163334
6920997616753
6920898852694
6920898850881
6920898818164
6920897918162
6920897771637
6920897750885
6920897739590
6920897737503
6920897716553
6920897713347
6920897712395
6920897708817
6920897701047
6920897618161
6920897616754
6920897616549
6920897450884
6920897231544
6920895750696
6920895718177
6920895718139
6920895618170
6920768823359
6920544620202
6920354824395
6920354822223
6920354822193
6920232057914
6920232057877
6920232057839
6920232057822
6920232057815
6920232057808
6920232057785
6920232057778
6920232057761
6920232057723
6920232057716
6920232057693
6920232057662
6920232057648
6920232057624
6920220687345
6920200913020
6920200913013
6915202503171
6913468910788
6912578525585
6911297957707
6909362409213
6909362409176
6906588231512
6904627450016
6903612145142
6903612145135
6903612145128
6903612145111
6903612145104
6903612145098
6903612145081
6903612145074
6903612145067
6903612145050
6903612145043
6903612145029
6903612145012
6903400600068
6902554150122
6902554150115
6902554150108
6902408414042
6902022567025
6901016785155
6901016785117
6901016785056
6900710010037
6900701002010
6900635621011
6900010060008
6900006249332
6900006240216
6900006067103
6900002520718
6900002410132
6900000249444
6900000229729
6900000042830
6900000042816
6821666526734
6799204051614
6799203031013
6700559144272
6555772025019
6393612136118
6300933486631
6295125036506
6295125036483
6295125003263
6220426003506
6220174048002
6220174030007
6210581021606
6202108010033
6202103510026
6191020030000
6099639630966
6099639630898
6001159129257
6001159118985
6001159111788
6001159111771
6001159111764
5964825586062
5907996099139
5906735232592
5906735232028
5903719644860
5903719642392
5903719642385
5903719640909
5901832066071
5901832063223
5900290677355
5900273001566
5702191025705
5702191025644
5702191025637
5702191025620
5702191025583
5702191025576
5702191008753
5702191007985
5702191007961
5702191007916
5702157141951
5702157141920
5702150154286
5702150152176
5702150152169
5702150152145
5702051103956
5702051056771
5702051048776
5702051021366
5701943100349
5701943011386
5678008262598
5601229856949
5413787052790
5413787041794
5413787037797
5413787002795
5060632508768
5060632508508
5060632500878
5016533657944
5013405667483
5013405667476
5010993640522
5000456096638
5000456083065
5000456073240
5000456070423
5000456028561
5000456028370
5000456025461
4987188568729
4987188568712
4987188568682
4987188501115
4971850032649
4902506968975
4902506042309
4902506042293
4902505511233
4902505511226
4902505511219
4902505511196
4902505511189
4902505511172
4902505511141
4902505482113
4902505482106
4902505482090
4902505482083
4902505482076
4902505482069
4902505482052
4902505482045
4902505482038
4902505482021
4902505482014
4902505482007
4902505481819
4902505481451
4902505370731
4902505370724
4902505368912
4902505368882
4902505368875
4902505368868
4902505368851
4902505358081
4902505358067
4902505355783
4902505355776
4902505355769
4902505343612
4902505343599
4902505343568
4902505343544
4902505322785
4902505322778
4902505322723
4902505322716
4894290996206
4894290996176
4894290996121
4894290996107
4894290996091
4894290680075
4894290677945
4894290677938
4894290399175
4894290302045
4894290301925
4894290301918
4894290301901
4894290301789
4894290300225
4894290300065
4894290299697
4894290299673
4894290299482
4894290299475
4894290299468
4894290299451
4894290299383
4894290299369
4894290298089
4894290298065
4894290298058
4894290298041
4894290296832
4894290296825
4894290296818
4894290296801
4894290296757
4894290296740
4894290296733
4894290294371
4894290294364
4894290293992
4894290293985
4894290293978
4894290293961
4894290293954
4894290291820
4894290290588
4894290290557
4894290289315
4894290289308
4894290289292
4894290287557
4894290287489
4894290287311
4894290286420
4894290286413
4894290286406
4894290286116
4894290285744
4894290285300
4894290285294
4894290285287
4894290285270
4894290285225
4894290285218
4894290285201
4894290283993
4894290282262
4894290282255
4894290282248
4894290282224
4894290282019
4894290281999
4894290281685
4894290281661
4894290280961
4894290280336
4894290280329
4894290278319
4894290278302
4894290278296
4894290276315
4894290268730
4894290264862
4894290264855
4894290264848
4894290264831
4894290263681
4894290263674
4894290257765
4894290257758
4894290257734
4894290257727
4894290256966
4719916592467
4713195030351
4589592592910
4260747723266
4260747723259
4260747723235
4260085521425
4260085521234
4064666435459
4064666318356
4064666318233
4064666316246
4064666309118
4064666306155
4064666306148
4064666043623
4051892002296
4046504230617
4046504230198
4029799172848
4019338604282
4015630088072
4015630067572
4015630065936
4015630064250
4015630064076
4015630058518
4015630006779
4015400763697
4015400151715
4015110005513
4015000090711
4008600138853
4006381574600
4006381566032
4006381566018
4006381558013
4006381557955
4006381557924
4006381493420
4006381493390
4006381493369
4006381493338
4006381493307
4006381493277
4006381493246
4006381493215
4006381493185
4006381493154
4006381493123
4006381493093
4006381493062
4006381493031
4006381493000
4006381492973
4006381492942
4006381438582
4006381438568
4006381401104
4006381401074
4006381333948
4006381333931
4006381333894
4006381333801
4006381333696
4006381333689
4006381333672
4006381333658
4006381333641
4006381333634
4006381333627
4006381118743
4006381105347
4006381105330
4006381105316
4006381105279
4006381105262
4006000181950
4006000181943
4006000181936
4006000178912
4006000178905
4006000178899
4006000178868
4006000178851
4006000136783
4006000136776
4006000120003
4006000109190
4006000104164
4006000104157
4006000101354
4006000101347
4006000101330
4006000101255
4006000101248
4006000073774
4006000068534
4006000068527
4006000068510
4006000058931
4006000045498
4006000019338
4006000015378
4006000015361
4005900995544
4005900995520
4005900991874
4005900980397
4005900957726
4005900950987
4005900950925
4005900950918
4005900945709
4005900945693
4005900942982
4005900942975
4005900942968
4005900940759
4005900937520
4005900937391
4005900929686
4005900929679
4005900929365
4005900921598
4005900921574
4005900921567
4005900919632
4005900919625
4005900916129
4005900905611
4005900905604
4005900904638
4005900904621
4005900904614
4005900894779
4005900889737
4005900889720
4005900889713
4005900861832
4005900860507
4005900860484
4005900854360
4005900854353
4005900850881
4005900849861
4005900849854
4005900810885
4005900807861
4005900807854
4005900779458
4005900734082
4005900734075
4005900715821
4005900715814
4005900709752
4005900707574
4005900707543
4005900707536
4005900704337
4005900701367
4005900696847
4005900696830
4005900696823
4005900695536
4005900694362
4005900669285
4005900664006
4005900663993
4005900662095
4005900662019
4005900659712
4005900659705
4005900648419
4005900648327
4005900647498
4005900647481
4005900646491
4005900633309
4005900602220
4005900559517
4005900559500
4005900549266
4005900527073
4005900522016
4005900521972
4005900521934
4005900521910
4005900521897
4005900520920
4005900498205
4005900455901
4005900453259
4005900449559
4005900442659
4005900436986
4005900436979
4005900429643
4005900408891
4005900399861
4005900398598
4005900396938
4005900359261
4005900345301
4005900328472
4005900328465
4005900308719
4005900294722
4005900207296
4005900183125
4005900163875
4005900139856
4005900130785
4005900122186
4005900111104
4005900105080
4005900095268
4005900079664
4005900036759
4005900036728
4005900036704
4005900036667
4005900004956
4005808956401
4005808934980
4005808890590
4005808881512
4005808850839
4005808850617
4005808846290
4005808840625
4005808837311
4005808817207
4005808817009
4005808812899
4005808812875
4005808811717
4005808808281
4005808808243
4005808694914
4005808692576
4005808691715
4005808663927
4005808662388
4005808631322
4005808571147
4005808555345
4005808555307
4005808516667
4005808513550
4005808369621
4005808335435
4005808315697
4005808311286
4005808310999
4005808309436
4005808305964
4005808257669
4005808257584
4005808257553
4005808189625
4005808189342
4005808174478
4005800241901
4005800223136
4005800220012
4005800120282
4005800084508
3701129811573
3701129811283
3701129810767
3701129810736
3701129810705
3701129810224
3701129805367
3701129805343
3701129805329
3701129803738
3701129803400
3701129802069
3701129801369
3701129801178
3701129800850
3701129800843
3701129800546
3701129800096
3662042008443
3662042000249
3662042000058
3616305827289
3616305827265
3616305827258
3616304892806
3616304474842
3616304474835
3616303393137
3616303393069
3616303393052
3605532612768
3600524057336
3504105036126
3504105035815
3504105035624
3504105035471
3504105034405
3504105028510
3504105024932
3499320015684
3499320015462
3499320012485
3499320011655
3474370505040
3474370505026
3474370300829
3461020002035
3454090003583
3454090003552
3454090003460
3454090003453
3454090003439
3454090003415
3454090003392
3454090003088
3454090002975
3454090002968
3454090002920
3454090002227
3433422404533
3433422404397
3401399458835
3401399373466
3401399372407
3401381463359
3401365334248
3401353806399
3400970002146
3360373063697
3349666007921
3337875847292
3337875803786
3337875735780
3337875696586
3337875696548
3337875694469
3337875597449
3337875578486
3337872421037
3337872413728
3337871308612
3330000277933
3330000272648
3330000260546
3282779395151
3282779374118
3282779340847
3282779340298
3282770394870
3282770393989
3282770393965
3282770393507
3282770393477
3282770391466
3282770391435
3282770390896
3282770390513
3282770390469
3282770388664
3282770388619
3282770388596
3282770388572
3282770388541
3282770388510
3282770388497
3282770388480
3282770388404
3282770208603
3282770207699
3282770207217
3282770207187
3282770206104
3282770206074
3282770206036
3282770153835
3282770153538
3282770153507
3282770153484
3282770153477
3282770150599
3282770148817
3282770148800
3282770147414
3282770147391
3282770144475
3282770144451
3282770144437
3282770144420
3282770144369
3282770143942
3282770143935
3282770141511
3282770141481
3282770140705
3282770139235
3282770139228
3282770139136
3282770101027
3154148500599
3154148500216
3154148459248
3154148360117
3154145347555
3154145347531
3154145340198
3154144721103
3154141129216
3154140491215
3154140407025
3014260833176
3014260279264
3014260019723
3014260018696
2600944580750
2109050095726
2025040239829
2018110633986
2000000021225
2000000000190
2000000000183
2000000000138
2000000000121
2000000000114
1789751791733
1789132122055
01467473000118
1220000250154
1220000250147
1201901000048
01178984831525
01003829038833
1000000216011
1000000111583
896036544426
887961970753
887961908954
0887961522136
887961522082
887961376777
887961072136
887961046687
887961046632
884851033420
884851033413
884851033390
884851033376
884851033352
884851033321
884851033307
884851033291
884851033277
884851033253
884851033239
884851033208
884851029065
884851028983
884851028204
884851028129
884851011398
884851006813
884851006806
840646002651
840228303022
811426900030
810508000514
810508000507
789888134907
0789888134884
0789888134686
0789888134129
789866059461
789866050626
789841588036
789815802122
789680346700
789660386731
789611240684
789131712958
789005765000
789000119560
780011891049
768455107896
751320144362
749355833726
749355833719
746817584165
746817073010
746775143497
746775036720
745760064915
0741527445973
736532824844
736532760456
0736532675668
736532611222
736532611215
736532611192
736532611185
736532611178
736532611161
736532611147
736532611123
736532611109
736532611093
736532532787
736532438065
736532021984
736532021953
736532021939
736532021892
736532021861
0736532021854
736532021847
735201084244
735201084190
735201084183
735201084176
735201084145
735201084138
735201084121
735201084084
735201084022
735201084008
731509999563
731509999556
731509998641
731509998634
731509998276
731509997965
731509997835
731509997828
731509997798
731509996562
731509996555
731509996548
731509996531
731509996517
731509996487
731509995930
731509995923
731509995787
731509995763
731509995558
731509995183
731509995152
731509994803
731509994797
731509994599
731509994582
731509994544
731509994032
731509993790
731509993592
731509993578
731509993554
731509993530
731509993516
731509993493
731509993479
731509993455
731509993431
731509993417
731509993394
731509993370
731509993332
731509993318
731509992946
731509992892
731509992885
731509992878
731509992830
731509992816
731509992809
731509992793
731509992786
731509992779
731509992755
731509992731
731509992717
731509992694
731509992663
731509992540
731509992311
731509992069
731509992021
731509992014
731509992007
731509991932
731509991925
731509991918
731509991901
731509991888
731509991871
731509991765
731509991703
731509991680
731509991673
731509991666
731509991659
731509991604
731509991598
731509991451
731509991444
731509991437
731509991260
731509990508
731509990492
731509990355
731509990263
731509990195
731509990188
731509990171
731509990157
731509990119
731509990072
731509990058
731509990034
731509975000
731509974706
731509974669
731509974645
731509974621
731509974607
731509974584
731509974560
731509974546
731509974522
731509973181
731509966497
731509833201
731509832891
731509817164
731509817157
731509792553
731509792546
731509792539
731509791136
731509754858
731509752748
731509724066
731509724059
731509723793
731509723786
731509723779
731509723762
731509723755
731509687897
731509687750
731509686197
731509685527
731509680508
731509680492
731509680485
731509680447
731509680348
731509676921
731509673609
731509668087
731509644258
731509644241
731509644234
731509638080
731509636116
731509632941
731509632934
731509627886
731509627862
731509627831
731509627824
731509608793
731509602883
731509602838
731509602821
731509596007
731509586701
731509585650
731509585643
731509577686
731509577648
731509577631
731509577617
731509572582
731509560787
731509560770
731509560732
731509560725
731509549515
731509549508
731509547108
731509547085
731509541243
731509535860
731509535754
731509535723
731509535709
731509535594
726669007371
726669007364
0722713014227
0722713014104
0722713014081
0722713014074
0722713014067
0722713014050
0722713013985
0722713013978
0722713013961
0722713013923
0722713013916
0722713013848
0722713013794
0722713013411
0703387016243
0703387016229
0703387008477
703387008460
0703387008453
0703387008415
700512248821
700512248814
0694365995967
650240030499
650240026652
650240026638
650240025594
650240019142
650240019135
650240018640
650240018183
650240013676
650240012730
650240012723
650240012709
650240006364
645855026142
645719650193
645719650049
630941653142
630509790333
0619205881910
0619205881385
0619205881361
0619205816424
0619205699928
619205390061
619205390047
0619205390023
619205194454
619205194423
619205194416
619205194409
618341397774
618341108264
0618341019256
0618341019232
0618341019201
0618341019188
0618341019164
0618341019140
0618341019126
618341019089
618341019072
618341019065
618231254781
618231254750
0618231138814
609963964055
609963964048
609963963607
609963963591
609963963485
609963963478
609963963409
609963963393
609963963379
609963963362
609963963355
609963963348
609963963331
609963963317
609963963300
609963963294
609963963287
609963963270
609963963256
609963963249
609963963232
609963225361
0609963220755
609963220694
0609963220564
606529148287
606529148270
0606529140144
602883999619
0602883920392
602883876996
0602883749429
0602883749412
0602883749405
0602883749399
0602883749153
0602883749054
602883749023
0602883706316
0602883706309
602883022850
602883022843
602883022836
602883022829
602883022812
602883022805
545773963270
500045602561
00458122200005
00457991730004
00457245140003
00456832880005
00449421970001
382908322010
00382903883387
00382903883370
00382903883356
00382903883332
00382903883325
310119052440
310119052136
0300652439259
300651507775
300651481198
0300651429206
300651418477
300651361070
300650426404
194735282739
00194735024469
194735022403
178986960405
178986960404
178913213317
79400526342
0079400500908
079400500205
079400301161
079400052926
78901010101
00078900000298
076660008649
076660008625
073950113755
073796316709
072512196120
072512196113
072512196069
072512196052
071603531000
071603125001
071603111523
071603103009
071603101203
071603005075
071603003460
071603003453
071603003439
071603001480
0070942507240
0070942306805
0070942303194
0070942005494
0070942005487
0070942005142
0070942004824
0070942004817
070942004183
0070942003551
070942003513
0070942003469
070942003322
0070942003308
0070847033318
070847033301
0070847022503
0070847022220
070847022206
070847022015
0070341707395
0070341707210
0070341707159
0070341707128
0070341707067
0070341707036
0070341706763
0070341706282
0070341706220
0070341706022
0070341705995
0070341705964
0070341705759
0070341705568
0070341705476
0070341705445
0070341705384
0070341386187
0070341386163
0070341386125
0070341386095
0070341386064
0070341370889
0070341370841
0070341370834
0070341370827
0070341370810
0070341368244
0070341351123
0070341350942
070341341148
070341341117
070341341025
070341340974
0070341339664
0070341339633
070341339596
0070341339527
0070341339510
070341339398
070341338674
070341338568
070341337288
0070341336588
070341336526
070341336502
070341336380
070341335956
0070341335932
070341335925
0070341335918
070341335901
0070341335727
0070341335703
0070341335482
0070341335444
070341335437
070341335406
0070341334973
0070341334959
070341334782
070341334461
070341334232
0070341281833
0070341071885
070341071878
0070341071861
070341071854
070330802100
070330731745
070330533349
070330533073
070330533066
070330529298
070330524347
070330521872
070330423480
070330423473
070330423282
070330423275
070330413986
070330413962
070330370111
070330364714
070330246232
070330198746
070330198739
070330198722
070330183582
00070330183575
070330163621
070330152168
070330129665
070330129634
070330129627
070330101241
070330100664
053200001315
0048675991094
0048675991087
0048675991063
048675991056
048675991001
047400179240
043917996929
0043917996455
0043917996448
0043917996431
0043917331010
0043917031736
0043917014388
0043917002255
0042882770442
0041333050850
0041333050812
0041333038896
0041333038865
0041333038216
041333030111
041333001098
041333001074
041333001029
041333001005
0040232944161
0040232944154
040232944055
040232941139
0040232941122
0040232896743
0040232752162
036000393521
027084929539
00027084929522
027084638981
027084120134
021200701726
020800750165
020800750158
20250702003
0011509031334
0011509031310
0011509031303
010343885295
0010341339640
09042417002
0001100001001
01021944000
00921880000
00722219000
00721722000
00721717000
00721715000
00721711000
00322519048
00322266000
00321802000
00222225003
00221529001
000148420180
00122410058
00122410001
00122207058
00122207001
99967161
99785819
99164843
99106393
98383733
97866312
97453789
94554847
93868532
89654842
81802982
81349012
80935513
80878018
78950047
78950030
78950023
78950016
78949416
78948150
78945494
78945470
78945463
78945456
78945449
78944732
78944725
78944718
78939608
78939547
78939318
78939301
78938960
78938878
78938861
78938854
78938847
78938830
78938823
78938816
78938793
78938625
78934887
78934696
78933606
78933354
78930469
78930452
78930193
78929395
78929340
78927254
78926523
78925472
78924529
78924468
78924383
78924352
78924345
78924338
78923454
78923409
78922693
78922686
78922327
78922310
78921481
78919464
78918368
78918351
78918344
78918337
78918320
0000078915640
78915398
78914957
78914940
78912366
78912359
78911246
78911239
78911222
78910645
78909823
78909816
78909731
78909717
78907881
78907874
78907850
78907492
78907485
78907478
78907461
78907355
78907188
78906884
78906617
78905108
78905047
78905030
78905023
78905016
78902008
78900790
78900776
78605831
78600027
78600010
78437333
75872489
75082871
75082864
75082840
75082833
75078836
75078829
75076870
75076825
75076818
75076719
75076702
75076696
75075644
75066857
75062842
75062835
75062613
75058852
75058845
75023393
74486564
73468967
73285151
72376560
71205038
70945584
70755718
61403017
60118325
58757079
57977430
57869223
52876738
52202995
51203146
47957510
46460899
45574450
42398004
42389248
42360414
42360407
0000042355465
42277217
42176763
42110200
40151755
40151748
39325365
39018687
33921718
33268576
32922837
32456226
25887884
24585934
22130372
21333195
20965259
20326173
16338920
14503832
13103002
11489337
11004813
10942666
10917701
10910030
10910023
10909799
000009580480
2159751
2159355
2159188
2128139
2125916
2125114
2124650
00000001349603
746647
209472
194099
139468
30243
00000000022222
5806
5804
1738
1725
1721
0000000001400
00000001083