EAN;Curva;Produto;Concorrente;Preço concorrente;Nosso preço;Ganhador;Melhor preço;Classificação;Preço Drogaven;Preço Drogal;Preço DrogaRaia
7506339325249;B;ABSORVENTE ALWAYS ACTIVE NOTURNO LV16 PG14 C/ABAS;Drogal;17.25;17.61;Drogal;17.25;PRINCIPAL > PERFUMARIA > HIGIENE > DESCARTAVEL-INTIMA > ABSORVENTE;18.56;17.25;0
7500435126199;C;ABSORVENTE ALWAYS BASICO SUAVE C/32 UN;Drogal;16.79;18.59;Drogal;16.79;PRINCIPAL > PERFUMARIA > HIGIENE > DESCARTAVEL-INTIMA > ABSORVENTE;17.89;16.79;0
7500435127240;C;ABSORVENTE ALWAYS BASICO SUAVE C/ABAS C/8;Drogal;4.79;5.02;Drogal;4.79;PRINCIPAL > PERFUMARIA > HIGIENE > DESCARTAVEL-INTIMA > ABSORVENTE;5.38;4.79;0
7506339394603;B;ABSORVENTE ALWAYS SUAVE NOTURNO LV8 PG7 C/ABAS;Drogaven;11.33;8.89;DROGACENTRO;8.89;PRINCIPAL > PERFUMARIA > HIGIENE > DESCARTAVEL-INTIMA > ABSORVENTE;11.33;0;0
7500435127233;C;ABSORVENTE ALWAYS SUPER PROTECAO SECA C/ABAS C/16;Drogal;8.25;9.1;Drogal;8.25;PRINCIPAL > PERFUMARIA > HIGIENE > DESCARTAVEL-INTIMA > ABSORVENTE;8.81;8.25;0
7891010087722;B;ABSORVENTE CAREFREE CONTOUR C/15;Drogal;7.55;7.9;Drogal;7.55;PRINCIPAL > PERFUMARIA > HIGIENE > DESCARTAVEL-INTIMA > ABSORVENTE;9.16;7.55;0
7891010618780;C;ABSORVENTE CAREFREE FLEX S/PERF. LV80 PG60;Drogal;22.79;27.69;Drogal;22.79;PRINCIPAL > PERFUMARIA > HIGIENE > DESCARTAVEL-INTIMA > ABSORVENTE;28.41;22.79;0
7891010875596;C;ABSORVENTE CAREFREE P DIARIO PROT S/PERF C/40;Drogaven;16.6;15.94;DROGACENTRO;15.94;PRINCIPAL > PERFUMARIA > HIGIENE > DESCARTAVEL-INTIMA > ABSORVENTE;16.6;0;0
7891010576509;C;ABSORVENTE CAREFREE PROTECAO C/PERF. LV80 PG60;Drogal;22.79;22.68;DROGACENTRO;22.68;PRINCIPAL > PERFUMARIA > HIGIENE > DESCARTAVEL-INTIMA > ABSORVENTE;26.75;22.79;0
7891010087807;C;ABSORVENTE CAREFREE TODO DIA C/15 SEM PERFUME;Drogaven;9.16;8.2;DROGACENTRO;8.2;PRINCIPAL > PERFUMARIA > HIGIENE > DESCARTAVEL-INTIMA > ABSORVENTE;9.16;0;0
7891010039783;B;ABSORVENTE CAREFREE TODO DIA C/40;Drogal;13.45;15.45;Drogal;13.45;PRINCIPAL > PERFUMARIA > HIGIENE > DESCARTAVEL-INTIMA > ABSORVENTE;16.6;13.45;0
7891010604349;C;ABSORVENTE CAREFREE TODO DIA S/PERFUME C/80;Drogal;22.79;23.21;Drogal;22.79;PRINCIPAL > PERFUMARIA > HIGIENE > DESCARTAVEL-INTIMA > ABSORVENTE;26.75;22.79;0
7896007544059;B;ABSORVENTE INTIMUS COBERTURA SECA C/ABAS C/32;Drogal;14.35;14.57;Drogal;14.35;PRINCIPAL > PERFUMARIA > HIGIENE > DESCARTAVEL-INTIMA > ABSORVENTE;18.61;14.35;0
7896007544042;A;ABSORVENTE INTIMUS COBERTURA SUAVE C/ABAS C/32;Drogal;14.35;17.14;Drogal;14.35;PRINCIPAL > PERFUMARIA > HIGIENE > DESCARTAVEL-INTIMA > ABSORVENTE;18.61;14.35;0
7896007541959;C;ABSORVENTE INTIMUS DAYS C/15 S/ABAS C/PERFUME;Drogaven;6.07;6.11;Drogaven;6.07;PRINCIPAL > PERFUMARIA > HIGIENE > DESCARTAVEL-INTIMA > ABSORVENTE;6.07;0;0
7896007540259;C;ABSORVENTE INTIMUS DAYS C/15 S/ABAS S/PERFUME ;Drogal;5.55;6.11;Drogal;5.55;PRINCIPAL > PERFUMARIA > HIGIENE > DESCARTAVEL-INTIMA > ABSORVENTE;5.87;5.55;0
7896007550463;B;ABSORVENTE INTIMUS DAYS PROT DIARIO ANTIBACTERIANA C/15UN;Drogal;5.55;6.18;Drogal;5.55;PRINCIPAL > PERFUMARIA > HIGIENE > DESCARTAVEL-INTIMA > ABSORVENTE;5.87;5.55;0
7896007542482;C;ABSORVENTE INTIMUS DAYS S/ABAS LV40 PG30;Drogal;11.85;12.31;Drogal;11.85;PRINCIPAL > PERFUMARIA > HIGIENE > DESCARTAVEL-INTIMA > ABSORVENTE;13.38;11.85;0
7896007542499;C;ABSORVENTE INTIMUS DAYS TEEN S/ABAS LV40 PG 35;Drogaven;12.34;13.24;Drogaven;12.34;PRINCIPAL > PERFUMARIA > HIGIENE > DESCARTAVEL-INTIMA > ABSORVENTE;12.34;0;0
7896007550807;B;ABSORVENTE INTIMUS GEL DIA E NOITE EXTRA SUAVE ULTRA C/14;Drogaven;14.69;15.13;Drogaven;14.69;PRINCIPAL > PERFUMARIA > HIGIENE > DESCARTAVEL-INTIMA > ABSORVENTE;14.69;0;0
7896007550814;B;ABSORVENTE INTIMUS GEL DIA E NOITE EXTRA SUAVE ULTRA C/28;Drogal;20.45;28.85;Drogal;20.45;PRINCIPAL > PERFUMARIA > HIGIENE > DESCARTAVEL-INTIMA > ABSORVENTE;29.39;20.45;0
7896007545100;B;ABSORVENTE INTIMUS GEL LV16 PG14 C/ABAS COBERT.SECA ;Drogaven;8.81;8.22;DROGACENTRO;8.22;PRINCIPAL > PERFUMARIA > HIGIENE > DESCARTAVEL-INTIMA > ABSORVENTE;8.81;0;0
7896007542437;B;ABSORVENTE INTIMUS GEL NOTURNO SECA C/ ABAS C/8 UNID;Drogal;8.05;7.76;DROGACENTRO;7.76;PRINCIPAL > PERFUMARIA > HIGIENE > DESCARTAVEL-INTIMA > ABSORVENTE;8.11;8.05;0
7896007550906;B;ABSORVENTE INTIMUS GEL NOTURNO SECA C/ABAS C/30 UNIDADES;Drogal;18.99;24.33;Drogal;18.99;PRINCIPAL > PERFUMARIA > HIGIENE > DESCARTAVEL-INTIMA > ABSORVENTE;24.4;18.99;0
7896007540662;B;ABSORVENTE INTIMUS GEL NOTURNO SUAVE C/ ABAS C/8 UNID;Drogaven;7.93;9.31;Drogaven;7.93;PRINCIPAL > PERFUMARIA > HIGIENE > DESCARTAVEL-INTIMA > ABSORVENTE;7.93;0;0
7896007550883;B;ABSORVENTE INTIMUS GEL NOTURNO SUAVEC/ABAS  C/16 UNIDADES;Drogal;13.85;14.24;Drogal;13.85;PRINCIPAL > PERFUMARIA > HIGIENE > DESCARTAVEL-INTIMA > ABSORVENTE;14.59;13.85;0
7896007550890;B;ABSORVENTE INTIMUS GEL NOTURNO SUAVEC/ABAS  C/30 UNIDADES;Drogal;18.99;24.33;Drogal;18.99;PRINCIPAL > PERFUMARIA > HIGIENE > DESCARTAVEL-INTIMA > ABSORVENTE;24.4;18.99;0
7896007541867;B;ABSORVENTE INTIMUS INTERNO MEDIO C/8;Drogaven;8.81;11.63;Drogaven;8.81;PRINCIPAL > PERFUMARIA > HIGIENE > DESCARTAVEL-INTIMA > ABSORVENTE;8.81;0;0
7896007542864;B;ABSORVENTE INTIMUS INTERNO MEDIO LV16 PG15;Drogal;17.24;17.44;Drogal;17.24;PRINCIPAL > PERFUMARIA > HIGIENE > DESCARTAVEL-INTIMA > ABSORVENTE;17.43;17.24;0
7896007541850;C;ABSORVENTE INTIMUS INTERNO MINI C/8;Drogaven;8.81;11.91;Drogaven;8.81;PRINCIPAL > PERFUMARIA > HIGIENE > DESCARTAVEL-INTIMA > ABSORVENTE;8.81;0;0
7896007542857;C;ABSORVENTE INTIMUS INTERNO MINI LV16 PG15;Drogal;17.24;17.85;Drogal;17.24;PRINCIPAL > PERFUMARIA > HIGIENE > DESCARTAVEL-INTIMA > ABSORVENTE;17.43;17.24;0
7896007541874;C;ABSORVENTE INTIMUS INTERNO SUPER C/8;Drogaven;8.81;11.63;Drogaven;8.81;PRINCIPAL > PERFUMARIA > HIGIENE > DESCARTAVEL-INTIMA > ABSORVENTE;8.81;0;0
7896007542871;B;ABSORVENTE INTIMUS INTERNO SUPER LV16 PG15;Drogal;17.24;17.85;Drogal;17.24;PRINCIPAL > PERFUMARIA > HIGIENE > DESCARTAVEL-INTIMA > ABSORVENTE;17.43;17.24;0
7896007545094;B;ABSORVENTE INTIMUS NORMAL SUAVE C/ABAS LV16 PG14;Drogal;7.65;8.14;Drogal;7.65;PRINCIPAL > PERFUMARIA > HIGIENE > DESCARTAVEL-INTIMA > ABSORVENTE;8.81;7.65;11.05
7896007540631;D;ABSORVENTE INTIMUS SECA C/ABAS C/8;Drogal;4.39;4.57;Drogal;4.39;PRINCIPAL > PERFUMARIA > HIGIENE > DESCARTAVEL-INTIMA > ABSORVENTE;5.12;4.39;0
7896007540624;B;ABSORVENTE INTIMUS SECA S/ABAS C/8;Drogal;4.39;4.47;Drogal;4.39;PRINCIPAL > PERFUMARIA > HIGIENE > DESCARTAVEL-INTIMA > ABSORVENTE;0;4.39;0
7896007540617;A;ABSORVENTE INTIMUS SUAVE C/ABAS C/8 ;Drogal;4.39;4.47;Drogal;4.39;PRINCIPAL > PERFUMARIA > HIGIENE > DESCARTAVEL-INTIMA > ABSORVENTE;5.12;4.39;0
7896007540600;D;ABSORVENTE INTIMUS SUAVE S/ABAS C/8;Drogal;4.39;4.57;Drogal;4.39;PRINCIPAL > PERFUMARIA > HIGIENE > DESCARTAVEL-INTIMA > ABSORVENTE;5.12;4.39;0
7891010245085;C;ABSORVENTE OB PROCOMFORT MEDIO C/16;Drogaven;17.63;18.77;Drogaven;17.63;PRINCIPAL > PERFUMARIA > HIGIENE > DESCARTAVEL-INTIMA > ABSORVENTE;17.63;0;0
7891010245603;D;ABSORVENTE OB PROCOMFORT MEDIO C/8;Drogaven;11.16;10.33;DROGACENTRO;10.33;PRINCIPAL > PERFUMARIA > HIGIENE > DESCARTAVEL-INTIMA > ABSORVENTE;11.16;0;0
7891010245597;D;ABSORVENTE OB PROCOMFORT MINI C/8;Drogaven;11.16;10.21;DROGACENTRO;10.21;PRINCIPAL > PERFUMARIA > HIGIENE > DESCARTAVEL-INTIMA > ABSORVENTE;11.16;0;0
7891010245092;B;ABSORVENTE OB PROCOMFORT SUPER C/16;Drogaven;17.63;18.77;Drogaven;17.63;PRINCIPAL > PERFUMARIA > HIGIENE > DESCARTAVEL-INTIMA > ABSORVENTE;17.63;0;0
7891010245610;C;ABSORVENTE OB PROCOMFORT SUPER C/8;Drogaven;11.16;10.21;DROGACENTRO;10.21;PRINCIPAL > PERFUMARIA > HIGIENE > DESCARTAVEL-INTIMA > ABSORVENTE;11.16;0;0
7897211100246;C;ABSORVENTE PARA SEIOS AMAMENTE LEV 30 PG 24;Drogaven;25.47;24.45;DROGACENTRO;24.45;PRINCIPAL > PERFUMARIA > HIGIENE > DESCARTAVEL-INTIMA > ABSORVENTE;25.47;0;0
7896007552498;C;ABSORVENTE POISE PROTETOR LONGO ESCAPE C/ 14;Drogal;9.19;12.32;Drogal;9.19;PRINCIPAL > PERFUMARIA > HIGIENE > DESCARTAVEL-INTIMA > ABSORVENTE;9.69;9.19;0
7896007549382;D;ABSORVENTE PROTETOR PLENITUDE FEMME MEDIO C/14;Drogal;12.29;16.0;Drogal;12.29;PRINCIPAL > PERFUMARIA > HIGIENE > DESCARTAVEL-INTIMA > ABSORVENTE;12.64;12.29;0
7891010254155;C;ABSORVENTE SEMPRE LIVRE ADAPT C/ ABAS C/ 32UN;Drogal;15.09;17.6;Drogal;15.09;PRINCIPAL > PERFUMARIA > HIGIENE > DESCARTAVEL-INTIMA > ABSORVENTE;17.14;15.09;0
7891010035631;D;ABSORVENTE SEMPRE LIVRE ADAPT NOITE/DIA SUAVE C/ABAS C/8;Drogal;8.45;10.52;Drogal;8.45;PRINCIPAL > PERFUMARIA > HIGIENE > DESCARTAVEL-INTIMA > ABSORVENTE;10.48;8.45;0
7891010607135;C;ABSORVENTE SEMPRE LIVRE ADAPT PLUS NOITE SUAVE C/ABAS C/16;Drogal;17.05;17.44;Drogal;17.05;PRINCIPAL > PERFUMARIA > HIGIENE > DESCARTAVEL-INTIMA > ABSORVENTE;19.49;17.05;0
7891010518844;C;ABSORVENTE SEMPRE LIVRE ADAPT PLUS NOITE SUAVE C/ABAS C/32;Drogal;25.35;35.04;Drogal;25.35;PRINCIPAL > PERFUMARIA > HIGIENE > DESCARTAVEL-INTIMA > ABSORVENTE;25.47;25.35;0
7891010694593;C;ABSORVENTE SEMPRE LIVRE ADAPT PLUS NOITE/DIA SECA C/ABAS C/8;Drogal;8.45;10.14;Drogal;8.45;PRINCIPAL > PERFUMARIA > HIGIENE > DESCARTAVEL-INTIMA > ABSORVENTE;10.48;8.45;0
7891010031633;C;ABSORVENTE SEMPRE LIVRE ADAPT PLUS SUAVE C/ABAS C/8;Drogal;6.29;6.11;DROGACENTRO;6.11;PRINCIPAL > PERFUMARIA > HIGIENE > DESCARTAVEL-INTIMA > ABSORVENTE;7.14;6.29;0
7891010704780;C;ABSORVENTE SEMPRE LIVRE ADAPT PLUS ULTRA SUAVE C/ABAS C/32;Drogal;18.55;21.87;Drogal;18.55;PRINCIPAL > PERFUMARIA > HIGIENE > DESCARTAVEL-INTIMA > ABSORVENTE;21.26;18.55;0
7891010793463;B;ABSORVENTE SEMPRE LIVRE ESPECIAL ADAPSUAVE C/ABAS LV16 PG14 ;Drogal;8.69;8.84;Drogal;8.69;PRINCIPAL > PERFUMARIA > HIGIENE > DESCARTAVEL-INTIMA > ABSORVENTE;10.77;8.69;0
7891010503031;B;ABSORVENTE SEMPRE LIVRE ESPECIAL ADAPT SUAVE S/ABAS C/8;Drogal;4.65;5.11;Drogal;4.65;PRINCIPAL > PERFUMARIA > HIGIENE > DESCARTAVEL-INTIMA > ABSORVENTE;5.87;4.65;0
7896213306076;B;ACETONA BEIRA ALTA 90ML;Drogaven;4.89;3.68;DROGACENTRO;3.68;PRINCIPAL > PERFUMARIA > BELEZA > MAOS > REMOVEDOR/ACETONA;4.89;0;0
7896902209114;B;ACETONA FARMAX 100ML;Drogaven;6.23;5.26;DROGACENTRO;5.26;PRINCIPAL > PERFUMARIA > BELEZA > MAOS > REMOVEDOR/ACETONA;6.23;0;0
7896902209138;C;ACETONA REMOVEDOR FARMAX 500ML ;Drogaven;27.7;22.71;DROGACENTRO;22.71;PRINCIPAL > PERFUMARIA > BELEZA > MAOS > REMOVEDOR/ACETONA;27.7;0;0
7896082900351;C;ACNASE CREME 25G;Drogal;43.9;58.39;Drogal;43.9;PRINCIPAL > PERFUMARIA > BELEZA > DERMOCOSMETICO;50.36;43.9;0
7896523208282;B;ACNEZIL GEL 20G;Drogal;11.09;22.12;Drogal;11.09;PRINCIPAL > PERFUMARIA > BELEZA > ROSTO > classificar;16.65;11.09;0
3282770391435;C;ACTINE CONTROL GEL LIMPEZA 140G;Drogal;43.89;66.99;Drogal;43.89;PRINCIPAL > PERFUMARIA > BELEZA > DERMOCOSMETICO;0;43.89;0
3282770391466;C;ACTINE CONTROL GEL LIMPEZA 400G;Drogal;91.89;108.47;Drogal;91.89;PRINCIPAL > PERFUMARIA > BELEZA > DERMOCOSMETICO;0;91.89;0
3282770153835;D;ACTINE FRESH P SOLAR FPS60 150G;Drogal;72.79;84.69;Drogal;72.79;PRINCIPAL > PERFUMARIA > BELEZA > DERMOCOSMETICO;73.0;72.79;0
3282770153477;B;ACTINE GEL DE LIMPEZA 140G;Drogal;32.99;54.85;Drogal;32.99;PRINCIPAL > PERFUMARIA > BELEZA > DERMOCOSMETICO;55.76;32.99;0
3282770153507;C;ACTINE GEL DE LIMPEZA 400G;Drogal;74.99;112.61;Drogal;74.99;PRINCIPAL > PERFUMARIA > BELEZA > DERMOCOSMETICO;78.39;74.99;0
3282770207699;C;ACTINE PROTETOR SOLAR COR CLARA FPS 70 40G;Drogal;77.99;97.79;Drogal;77.99;PRINCIPAL > PERFUMARIA > BELEZA > DERMOCOSMETICO;79.28;77.99;0
3282770206036;C;ACTINE PROTETOR SOLAR FPS 60 40G;Drogal;54.99;90.62;Drogal;54.99;PRINCIPAL > PERFUMARIA > BELEZA > DERMOCOSMETICO;70.07;54.99;0
3282770144475;D;ACTINE ULTRA PROTETOR SOLAR SEM COR FPS80 40G;Drogaven;70.94;104.11;Drogaven;70.94;PRINCIPAL > PERFUMARIA > BELEZA > DERMOCOSMETICO;70.94;0;0
7899706126335;C;AGUA MICELAR 200ML;Drogaven;24.4;25.97;Drogaven;24.4;PRINCIPAL > PERFUMARIA > BELEZA > MAQUIAGEM > AGUA MICELAR;24.4;0;0
7896902213043;C;AGUA MICELAR 5 EM 1 HIDRADERM 200ML;Drogaven;18.61;18.34;DROGACENTRO;18.34;PRINCIPAL > PERFUMARIA > BELEZA > MAQUIAGEM > AGUA MICELAR;18.61;0;0
7899706145190;C;AGUA MICELAR BIFASICA 200ML;Drogaven;35.18;38.26;Drogaven;35.18;PRINCIPAL > PERFUMARIA > BELEZA > MAQUIAGEM > AGUA MICELAR;35.18;0;0
4005900662019;C;AGUA MICELAR NIVEA 7 EM 1 EFEITO MATTE 200ML;Drogaven;25.96;39.17;Drogaven;25.96;PRINCIPAL > PERFUMARIA > BELEZA > MAQUIAGEM > AGUA MICELAR;25.96;0;0
7896075709879;C;ALICATE CUTICULA MERHEJE LILAS;Drogaven;9.79;9.75;DROGACENTRO;9.75;PRINCIPAL > PERFUMARIA > BELEZA > MAOS > ALICATE;9.79;0;0
7896075709992;C;ALICATE CUTICULA MERHEJE ROSA;Drogal;10.79;9.75;DROGACENTRO;9.75;PRINCIPAL > PERFUMARIA > BELEZA > MAOS > ALICATE;0;10.79;0
7891060679724;B;ALICATE CUTICULA MUNDIAL CLASSICO REF. 522;Drogaven;18.61;19.09;Drogaven;18.61;PRINCIPAL > PERFUMARIA > BELEZA > MAOS > ALICATE;18.61;0;0
7891060773071;C;ALICATE CUTICULA MUNDIAL SANDY+DUPLEX REF.756;Drogaven;6.85;10.56;Drogaven;6.85;PRINCIPAL > PERFUMARIA > BELEZA > MAOS > ALICATE;6.85;0;0
7891060969771;C;ALICATE CUTICULA MUNDIAL STYLE 758 ;Drogaven;10.77;10.81;Drogaven;10.77;PRINCIPAL > PERFUMARIA > BELEZA > MAOS > ALICATE;10.77;0;0
7891060969504;B;ALICATE CUTICULAS MUNDIAL INOX PROF 777;Drogaven;29.39;39.62;Drogaven;29.39;PRINCIPAL > PERFUMARIA > BELEZA > MAOS > ALICATE;29.39;0;0
7891060679731;C;ALICATE UNHA MUNDIAL;Drogal;44.35;51.0;Drogal;44.35;PRINCIPAL > PERFUMARIA > BELEZA > MAOS > ALICATE;47.53;44.35;0
7898632473070;D;AMOLECEDOR CRAVOS E ESPINHAS LABOTRAT 50G;Drogaven;32.33;37.23;Drogaven;32.33;PRINCIPAL > PERFUMARIA > BELEZA > ROSTO > classificar;32.33;0;0
7896902205246;C;AMOLECEDOR CUTICULAS FARMAX 100ML;Drogaven;8.45;9.59;Drogaven;8.45;PRINCIPAL > PERFUMARIA > BELEZA > MAOS > AMOLECEDOR;8.45;0;0
7500435020442;C;AMPOLA TRATAMENTO PANTENE FORCA E RECONSTRUCAO C/3 15ML;Drogal;23.55;28.4;Drogal;23.55;PRINCIPAL > PERFUMARIA > CABELO > AMPOLA;0;23.55;0
7506309889375;D;AMPOLA TRATAMENTO PANTENE GOLD C/3 15ML;Drogal;23.55;28.4;Drogal;23.55;PRINCIPAL > PERFUMARIA > CABELO > AMPOLA;23.61;23.55;0
7506309889399;C;AMPOLA TRATAMENTO PANTENE HIDRO-CAUTERIZACAO C/3 15ML;Drogal;23.55;28.4;Drogal;23.55;PRINCIPAL > PERFUMARIA > CABELO > AMPOLA;0;23.55;0
7899706178204;D;ANTHELIOS AE PIGMENT CLARA FPS50 40G;Drogaven;106.32;139.6;Drogaven;106.32;PRINCIPAL > PERFUMARIA > BELEZA > DERMOCOSMETICO;106.32;0;0
7899706178341;C;ANTHELIOS AE PIGMENT S/COR FPS50 40G;Drogal;122.35;139.19;Drogal;122.35;PRINCIPAL > PERFUMARIA > BELEZA > DERMOCOSMETICO;0;122.35;147.49
7899706195027;C;ANTHELIOS AIRLICIUM FPS 80+S/COR 40G;Drogaven;92.11;106.03;Drogaven;92.11;PRINCIPAL > PERFUMARIA > BELEZA > DERMOCOSMETICO;92.11;0;0
7908615031514;C;ANTHELIOS AIRLICIUM FPS80 COR 1.0 40G;Drogaven;88.15;112.22;Drogaven;88.15;PRINCIPAL > PERFUMARIA > BELEZA > DERMOCOSMETICO;88.15;0;0
7908615031484;D;ANTHELIOS AIRLICIUM FPS80 COR 2.0 40G;Drogaven;88.15;112.22;Drogaven;88.15;PRINCIPAL > PERFUMARIA > BELEZA > DERMOCOSMETICO;88.15;0;0
7908615031453;C;ANTHELIOS AIRLICIUM FPS80 COR 3.0 40G;Drogal;102.15;112.22;Drogal;102.15;PRINCIPAL > PERFUMARIA > BELEZA > DERMOCOSMETICO;0;102.15;0
7899706185905;D;ANTHELIOS ULTRA COR 6 FPS60 30G;Drogal;91.35;102.72;Drogal;91.35;PRINCIPAL > PERFUMARIA > BELEZA > DERMOCOSMETICO;0;91.35;0
7899706186179;C;ANTHELIOS ULTRA COVER FPS60 COR 2.0 30G;Drogaven;82.22;111.89;Drogaven;82.22;PRINCIPAL > PERFUMARIA > BELEZA > DERMOCOSMETICO;82.22;0;0
7899706185844;C;ANTHELIOS ULTRA COVER FPS60 COR 3.0 30G;Drogaven;82.22;108.83;Drogaven;82.22;PRINCIPAL > PERFUMARIA > BELEZA > DERMOCOSMETICO;82.22;0;0
7899706134231;D;ANTHELIOS XL PROTECT FPS70 120ML;Drogaven;86.14;120.47;Drogaven;86.14;PRINCIPAL > PERFUMARIA > BELEZA > DERMOCOSMETICO;86.14;0;0
7891024136409;C;ANTISSEPTICO BUCAL COLGATE PLAX FRESH MINT 250ML;Drogal;12.99;13.59;Drogal;12.99;PRINCIPAL > PERFUMARIA > HIGIENE > ORAL > ANTISSEPTICO BUCAL;17.14;12.99;17.73
7891024040560;C;ANTISSEPTICO BUCAL COLGATE PLAX ICE FUSION 250ML;Drogal;12.99;12.73;DROGACENTRO;12.73;PRINCIPAL > PERFUMARIA > HIGIENE > ORAL > ANTISSEPTICO BUCAL;0;12.99;0
7891024136201;D;ANTISSEPTICO BUCAL COLGATE PLAX KIDS MINION TUTI FRUTI 250ML;Drogal;19.49;18.37;DROGACENTRO;18.37;PRINCIPAL > PERFUMARIA > INFANTIL > HIGIENE INFANTIL > classificar;0;19.49;0
7891024030806;C;ANTISSEPTICO BUCAL COLGATE PLAX KIDS MINIONS 250ML;Drogal;19.49;18.37;DROGACENTRO;18.37;PRINCIPAL > PERFUMARIA > INFANTIL > HIGIENE INFANTIL > classificar;0;19.49;0
7509546679532;C;ANTISSEPTICO BUCAL COLGATE PLAX ODOR CONTROL 500ML;Drogal;19.09;20.96;Drogal;19.09;PRINCIPAL > PERFUMARIA > HIGIENE > ORAL > ANTISSEPTICO BUCAL;0;19.09;0
7891024136300;C;ANTISSEPTICO BUCAL COLGATE PLAX ORIGINAL 250ML;Drogal;12.99;12.73;DROGACENTRO;12.73;PRINCIPAL > PERFUMARIA > HIGIENE > ORAL > ANTISSEPTICO BUCAL;0;12.99;0
7891024028834;C;ANTISSEPTICO BUCAL COLGATE PLAX TOTAL 12 MINT 250ML;Drogal;18.95;14.3;DROGACENTRO;14.3;PRINCIPAL > PERFUMARIA > HIGIENE > ORAL > ANTISSEPTICO BUCAL;0;18.95;0
7891024030813;C;ANTISSEPTICO BUCAL COLGATE PRO ALIVIO 250ML;Drogal;20.25;21.51;Drogal;20.25;PRINCIPAL > PERFUMARIA > HIGIENE > ORAL > ANTISSEPTICO BUCAL;20.28;20.25;22.03
7891024028704;D;ANTISSEPTICO BUCAL COLGATE TOTAL 12 ANTI TARTARO 250ML;Drogal;18.95;20.12;Drogal;18.95;PRINCIPAL > PERFUMARIA > HIGIENE > ORAL > ANTISSEPTICO BUCAL;0;18.95;0
7891024027998;C;ANTISSEPTICO BUCAL COLGATE TOTAL 12 ANTI TARTARO 500ML;Drogal;24.55;23.81;DROGACENTRO;23.81;PRINCIPAL > PERFUMARIA > HIGIENE > ORAL > ANTISSEPTICO BUCAL;0;24.55;0
7509546666990;C;ANTISSEPTICO BUCAL COLGATE TOTAL 12 GENGIVA SAUDAVEL 500ML;Drogal;24.55;21.93;DROGACENTRO;21.93;PRINCIPAL > PERFUMARIA > HIGIENE > ORAL > ANTISSEPTICO BUCAL;0;24.55;0
7891010256784;C;ANTISSEPTICO BUCAL LISTERINE ANTITARTARO 250ML;Drogaven;21.76;24.7;Drogaven;21.76;PRINCIPAL > PERFUMARIA > HIGIENE > ORAL > ANTISSEPTICO BUCAL;21.76;0;0
7891010256791;C;ANTISSEPTICO BUCAL LISTERINE ANTITARTARO 500ML;Drogaven;32.9;35.47;Drogaven;32.9;PRINCIPAL > PERFUMARIA > HIGIENE > ORAL > ANTISSEPTICO BUCAL;32.9;0;0
7891010974312;C;ANTISSEPTICO BUCAL LISTERINE COOL MINT REF SUAVE S/ALC 500ML;Drogal;16.59;31.57;Drogal;16.59;PRINCIPAL > PERFUMARIA > HIGIENE > ORAL > ANTISSEPTICO BUCAL;25.96;16.59;0
7891268400014;C;ANTISSEPTICO BUCAL LISTERINE COOLMINT 250ML;Drogaven;17.29;21.99;Drogaven;17.29;PRINCIPAL > PERFUMARIA > HIGIENE > ORAL > ANTISSEPTICO BUCAL;17.29;0;0
7891010256746;C;ANTISSEPTICO BUCAL LISTERINE COOLMINT 250ML;Drogal;14.25;24.7;Drogal;14.25;PRINCIPAL > PERFUMARIA > HIGIENE > ORAL > ANTISSEPTICO BUCAL;0;14.25;0
7702035833792;C;ANTISSEPTICO BUCAL LISTERINE CUIDADO TOTAL 250ML;Drogaven;20.1;21.99;Drogaven;20.1;PRINCIPAL > PERFUMARIA > HIGIENE > ORAL > ANTISSEPTICO BUCAL;20.1;0;0
7702035833808;C;ANTISSEPTICO BUCAL LISTERINE CUIDADO TOTAL 500ML;Drogal;23.95;31.57;Drogal;23.95;PRINCIPAL > PERFUMARIA > HIGIENE > ORAL > ANTISSEPTICO BUCAL;32.9;23.95;0
7891010256050;C;ANTISSEPTICO BUCAL LISTERINE MELANCIA E HORTELA 500ML;Drogal;16.59;31.57;Drogal;16.59;PRINCIPAL > PERFUMARIA > HIGIENE > ORAL > ANTISSEPTICO BUCAL;0;16.59;22.39
7891268400076;C;ANTISSEPTICO BUCAL LISTERINE TARTAR CONTROL 250ML;Drogaven;20.57;21.99;Drogaven;20.57;PRINCIPAL > PERFUMARIA > HIGIENE > ORAL > ANTISSEPTICO BUCAL;20.57;0;0
7891010987787;C;ANTISSEPTICO BUCAL LISTERINE ZERO ANTICARIES 500ML;Drogal;23.95;31.57;Drogal;23.95;PRINCIPAL > PERFUMARIA > HIGIENE > ORAL > ANTISSEPTICO BUCAL;32.9;23.95;0
7891010245238;C;ANTISSEPTICO BUCAL LISTERINE ZERO ANTITARTARO 250ML;Drogaven;20.1;24.7;Drogaven;20.1;PRINCIPAL > PERFUMARIA > HIGIENE > ORAL > ANTISSEPTICO BUCAL;20.1;0;0
7891010973902;C;ANTISSEPTICO BUCAL LISTERINE ZERO MENTA SUAVE 250ML;Drogal;14.25;21.99;Drogal;14.25;PRINCIPAL > PERFUMARIA > HIGIENE > ORAL > ANTISSEPTICO BUCAL;17.29;14.25;0
7891010256883;C;ANTISSEPTICO LISTERINE PROFISSIONAL GENGIVA EXPERT 250ML;Drogal;33.29;39.55;Drogal;33.29;PRINCIPAL > PERFUMARIA > HIGIENE > ORAL > ANTISSEPTICO BUCAL;36.25;33.29;0
7891010256920;D;ANTISSEPTICO LISTERINE PROFISSIONAL GENGIVA EXPERT 500ML;Drogal;48.85;60.24;Drogal;48.85;PRINCIPAL > PERFUMARIA > HIGIENE > ORAL > ANTISSEPTICO BUCAL;53.89;48.85;0
7702018037803;C;APARELHO DE BARBEAR GILETTE MACH 3 SENSITIVE C/ 1 UN;Drogal;21.09;25.64;Drogal;21.09;PRINCIPAL > PERFUMARIA > MASCULINO > BARBA/BIGODE > APARELHO/CARGA/LAMINA/NAVALHA;29.3;21.09;0
7702018001071;C;APARELHO DE BARBEAR GILETTE MACH 3 TRADICIONAL C/ 1 UN;Drogal;21.99;26.63;Drogal;21.99;PRINCIPAL > PERFUMARIA > MASCULINO > BARBA/BIGODE > APARELHO/CARGA/LAMINA/NAVALHA;28.32;21.99;32.9
7500435154437;B;APARELHO DE BARBEAR GILETTE PRESTOB 2 ULTRAGRIP MOV C/2 MAS;Drogaven;8.32;7.76;DROGACENTRO;7.76;PRINCIPAL > PERFUMARIA > MASCULINO > BARBA/BIGODE > APARELHO/CARGA/LAMINA/NAVALHA;8.32;0;0
7500435154772;B;APARELHO DE BARBEAR GILETTE PRESTOBARBA 3 CHAMPIONS MASC C/1;Drogaven;7.05;6.88;DROGACENTRO;6.88;PRINCIPAL > PERFUMARIA > MASCULINO > BARBA/BIGODE > APARELHO/CARGA/LAMINA/NAVALHA;7.05;0;0
7702018983872;B;APARELHO DE BARBEAR GILETTE PRESTOBARBA 3 COOL C/2;Drogaven;19.59;21.28;Drogaven;19.59;PRINCIPAL > PERFUMARIA > MASCULINO > BARBA/BIGODE > APARELHO/CARGA/LAMINA/NAVALHA;19.59;0;0
7501001109660;B;APARELHO DE BARBEAR GILETTE PRESTOBARBA 3 FEMININO L4P3 ;Drogaven;29.39;36.58;Drogaven;29.39;PRINCIPAL > PERFUMARIA > MASCULINO > BARBA/BIGODE > APARELHO/CARGA/LAMINA/NAVALHA;29.39;0;0
7702018874729;B;APARELHO DE BARBEAR GILETTE PRESTOBARBA 3 MASCULINO C/2;Drogaven;19.59;21.73;Drogaven;19.59;PRINCIPAL > PERFUMARIA > MASCULINO > BARBA/BIGODE > APARELHO/CARGA/LAMINA/NAVALHA;19.59;0;0
7501001109653;C;APARELHO DE BARBEAR GILETTE PRESTOBARBA 3 MASCULINO L4P3;Drogaven;27.92;32.27;Drogaven;27.92;PRINCIPAL > PERFUMARIA > MASCULINO > BARBA/BIGODE > APARELHO/CARGA/LAMINA/NAVALHA;27.92;0;0
7500435011297;B;APARELHO DE BARBEAR GILETTE PRESTOBARBA 3 ULTRAGRIP C/2;Drogaven;14.69;16.66;Drogaven;14.69;PRINCIPAL > PERFUMARIA > MASCULINO > BARBA/BIGODE > APARELHO/CARGA/LAMINA/NAVALHA;14.69;0;0
7891051026773;B;APARELHO DE BARBEAR GILETTE PRESTOBARBA TRADICIONAL MASC C/2;Drogaven;6.45;6.51;Drogaven;6.45;PRINCIPAL > PERFUMARIA > MASCULINO > BARBA/BIGODE > APARELHO/CARGA/LAMINA/NAVALHA;6.45;0;0
7500435157476;C;APARELHO DE BARBEAR GILETTE PRESTOBARBA ULTRAGRIP FEM C/2;Drogaven;8.26;8.85;Drogaven;8.26;PRINCIPAL > PERFUMARIA > MASCULINO > BARBA/BIGODE > APARELHO/CARGA/LAMINA/NAVALHA;8.26;0;0
7500435172578;B;APARELHO DE BARBEAR GILETTE VENUS SIMPLY SENSITIVE C/2;Drogal;16.05;20.31;Drogal;16.05;PRINCIPAL > PERFUMARIA > MASCULINO > BARBA/BIGODE > APARELHO/CARGA/LAMINA/NAVALHA;0;16.05;0
7702018072392;B;APARELHO DE BARBEAR GILETTE VENUS SIMPLY TRADICIONAL C/2;Drogal;16.05;20.27;Drogal;16.05;PRINCIPAL > PERFUMARIA > MASCULINO > BARBA/BIGODE > APARELHO/CARGA/LAMINA/NAVALHA;17.34;16.05;0
7500435141536;C;APARELHO MACH 3 C/ 1 UN GILLETTE AQUA GRIP;Drogal;29.99;22.76;DROGACENTRO;22.76;PRINCIPAL > PERFUMARIA > MASCULINO > BARBA/BIGODE > APARELHO/CARGA/LAMINA/NAVALHA;0;29.99;0
7898632470116;C;ARGILA BRANCA LABOTRAT 100G;Drogaven;8.7;7.02;DROGACENTRO;7.02;PRINCIPAL > PERFUMARIA > BELEZA > ROSTO > ARGILA;8.7;0;0
7898632470086;C;ARGILA VERDE LABOTRAT 100G;Drogaven;8.7;7.02;DROGACENTRO;7.02;PRINCIPAL > PERFUMARIA > BELEZA > ROSTO > ARGILA;8.7;0;0
7798140253358;C;ASEPXIA LIMPEZA ESFOLIANTE CARVAO DETOX 120G;Drogal;33.45;28.3;DROGACENTRO;28.3;PRINCIPAL > PERFUMARIA > BELEZA > ROSTO > classificar;0;33.45;0
7898524346246;C;ATIVADOR DE CACHOS SALON LINE KIDS 300ML;Drogaven;20.57;22.96;Drogaven;20.57;PRINCIPAL > PERFUMARIA > INFANTIL > HIGIENE INFANTIL > classificar;20.57;0;0
7908458326709;C;ATIVADOR DE CACHOS SALON LINE KIDS HIDRA CHICLETE 300ML;Drogal;16.95;23.84;Drogal;16.95;PRINCIPAL > PERFUMARIA > INFANTIL > HIGIENE INFANTIL > classificar;0;16.95;0
7898524345096;C;ATIVADOR DE CACHOS SALON LINE NUTRITIVO 300ML;Drogal;17.75;22.96;Drogal;17.75;PRINCIPAL > PERFUMARIA > CABELO > LEAVE IN/ATIVADOR;0;17.75;0
7908458317851;D;ATIVADOR SALON LINE SOS CONDICIONADOR RECARGA QUERATIN 300ML;DrogaRaia;20.57;22.96;DrogaRaia;20.57;PRINCIPAL > PERFUMARIA > CABELO > LEAVE IN/ATIVADOR;0;0;20.57
3282770148817;C;AVENE CLEANANCE GEL 300ML;Drogaven;96.03;105.3;Drogaven;96.03;PRINCIPAL > PERFUMARIA > BELEZA > DERMOCOSMETICO;96.03;0;0
3282770139235;D;AVENE CLEANANCE INTENSE 300G;DrogaRaia;87.52;120.37;DrogaRaia;87.52;PRINCIPAL > PERFUMARIA > BELEZA > DERMOCOSMETICO;97.01;0;87.52
3282770207217;C;AVENE MAT PERF CLARA FPS70 40G;Drogaven;94.96;123.42;Drogaven;94.96;PRINCIPAL > PERFUMARIA > BELEZA > DERMOCOSMETICO;94.96;0;0
3282770141481;D;AVENE MAT PERFECT COR FPS60 40G;Drogaven;78.39;123.38;Drogaven;78.39;PRINCIPAL > PERFUMARIA > BELEZA > DERMOCOSMETICO;78.39;0;0
7896036577028;D;BABADOR SILICONE FEM. SORTIDO NEOPAN 7702 ;Drogaven;36.45;45.29;Drogaven;36.45;PRINCIPAL > PERFUMARIA > INFANTIL > ACESSORIO INFANTIL > classificar;36.45;0;0
7891350032680;D;BALM BOZZANO POS BARBA PELE SENSIVEL 100G;Drogal;19.59;25.68;Drogal;19.59;PRINCIPAL > PERFUMARIA > MASCULINO > BARBA/BIGODE > CREME/ESPUMA/OLEO/BALM/LOCAO/GEL;0;19.59;0
7891033471782;D;BALM DISCIPLINANTE SIAGE GLOW EXPERT 100ML;Drogal;56.25;54.5;DROGACENTRO;54.5;PRINCIPAL > PERFUMARIA > CABELO > BALM;0;56.25;0
7894222029658;D;BASE LIQUIDA D3 CLARO ULTRA COBERTURA DAILUS;Drogaven;30.37;38.53;Drogaven;30.37;PRINCIPAL > PERFUMARIA > BELEZA > MAQUIAGEM > BASE;30.37;0;0
7894222029665;C;BASE LIQUIDA D4 CLARO ULTRA COBERTURA DAILUS;Drogaven;30.37;38.53;Drogaven;30.37;PRINCIPAL > PERFUMARIA > BELEZA > MAQUIAGEM > BASE;30.37;0;0
7894222029672;D;BASE LIQUIDA D5 MEDIO ULTRA COBERTURA DAILUS;Drogaven;30.37;38.53;Drogaven;30.37;PRINCIPAL > PERFUMARIA > BELEZA > MAQUIAGEM > BASE;30.37;0;0
7894222029689;C;BASE LIQUIDA D6 MEDIO ULTRA COBERTURA DAILUS;Drogaven;30.37;38.53;Drogaven;30.37;PRINCIPAL > PERFUMARIA > BELEZA > MAQUIAGEM > BASE;30.37;0;0
7894222029696;C;BASE LIQUIDA D7 MEDIO ULTRA COBERTURA DAILUS;Drogaven;30.37;38.53;Drogaven;30.37;PRINCIPAL > PERFUMARIA > BELEZA > MAQUIAGEM > BASE;30.37;0;0
7894222039688;C;BATOM DAILUS LIQUIDO 12 HORAS FUCSIA;Drogaven;20.08;26.64;Drogaven;20.08;PRINCIPAL > PERFUMARIA > BELEZA > MAQUIAGEM > BATOM;20.08;0;0
7894222039671;D;BATOM DAILUS LIQUIDO 12 HORAS NUDE;Drogaven;20.08;26.64;Drogaven;20.08;PRINCIPAL > PERFUMARIA > BELEZA > MAQUIAGEM > BATOM;20.08;0;0
7894222039695;C;BATOM DAILUS LIQUIDO 12 HORAS RUBI;Drogaven;20.08;26.64;Drogaven;20.08;PRINCIPAL > PERFUMARIA > BELEZA > MAQUIAGEM > BATOM;20.08;0;0
7894222037738;D;BATOM DAILUS LIQUIDO MATTE 12 HORAS MAGENTA;Drogaven;20.08;40.69;Drogaven;20.08;PRINCIPAL > PERFUMARIA > BELEZA > MAQUIAGEM > BATOM;20.08;0;0
7894222036175;D;BATOM DAILUS LIQUIDO MATTE 12 HORAS MARSALA;Drogaven;20.08;40.69;Drogaven;20.08;PRINCIPAL > PERFUMARIA > BELEZA > MAQUIAGEM > BATOM;20.08;0;0
7894222037745;D;BATOM DAILUS LIQUIDO MATTE 12 HORAS ROSE;Drogaven;20.08;40.69;Drogaven;20.08;PRINCIPAL > PERFUMARIA > BELEZA > MAQUIAGEM > BATOM;20.08;0;0
7894222036182;D;BATOM DAILUS LIQUIDO MATTE 12 HORAS SISSONE;Drogaven;20.08;40.69;Drogaven;20.08;PRINCIPAL > PERFUMARIA > BELEZA > MAQUIAGEM > BATOM;20.08;0;0
7894222021799;D;BATOM DAILUS VEGANO 01 CREMOSO DELICADA;Drogaven;14.2;18.02;Drogaven;14.2;PRINCIPAL > PERFUMARIA > BELEZA > MAQUIAGEM > BATOM;14.2;0;0
7894222021805;C;BATOM DAILUS VEGANO 02 MATTE DOCE;Drogaven;14.2;18.02;Drogaven;14.2;PRINCIPAL > PERFUMARIA > BELEZA > MAQUIAGEM > BATOM;14.2;0;0
7894222021812;D;BATOM DAILUS VEGANO 03 CREMOSO DESEJADA;Drogaven;14.2;18.02;Drogaven;14.2;PRINCIPAL > PERFUMARIA > BELEZA > MAQUIAGEM > BATOM;14.2;0;0
7894222021829;C;BATOM DAILUS VEGANO 04 MATTE DESCONTRAIDA;Drogaven;14.2;18.02;Drogaven;14.2;PRINCIPAL > PERFUMARIA > BELEZA > MAQUIAGEM > BATOM;14.2;0;0
7894222021836;C;BATOM DAILUS VEGANO 05 CREMOSO DESCOLADA;Drogaven;14.2;18.02;Drogaven;14.2;PRINCIPAL > PERFUMARIA > BELEZA > MAQUIAGEM > BATOM;14.2;0;0
7894222021843;D;BATOM DAILUS VEGANO 06 MATTE DESINIBIDA;Drogaven;14.2;18.02;Drogaven;14.2;PRINCIPAL > PERFUMARIA > BELEZA > MAQUIAGEM > BATOM;14.2;0;0
7894222021867;C;BATOM DAILUS VEGANO 08 MATTE DESAFIADORA;Drogaven;14.2;18.02;Drogaven;14.2;PRINCIPAL > PERFUMARIA > BELEZA > MAQUIAGEM > BATOM;14.2;0;0
7894222021881;C;BATOM DAILUS VEGANO 10 MATTE DEBOCHADA;Drogaven;14.2;18.02;Drogaven;14.2;PRINCIPAL > PERFUMARIA > BELEZA > MAQUIAGEM > BATOM;14.2;0;0
7894222037721;D;BATOM LIQUIDO 12 HORAS - SAPATILHA;Drogaven;20.08;40.69;Drogaven;20.08;PRINCIPAL > PERFUMARIA > BELEZA > MAQUIAGEM > BATOM;20.08;0;0
6932159609039;C;BATOM ULTRA MATTE CM17 RR852117 MELU;DrogaRaia;16.9;9.39;DROGACENTRO;9.39;PRINCIPAL > PERFUMARIA > BELEZA > MAQUIAGEM > BATOM;0;0;16.9
7899706149570;C;BB CREAM BASE CLARA FPS 20 30ML;Drogaven;42.13;48.98;Drogaven;42.13;PRINCIPAL > PERFUMARIA > BELEZA > DERMOCOSMETICO;42.13;0;0
7899706149594;C;BB CREAM BASE MEDIA FPS 20 30ML;Drogaven;42.13;48.98;Drogaven;42.13;PRINCIPAL > PERFUMARIA > BELEZA > DERMOCOSMETICO;42.13;0;0
7896509955087;C;BEAUTY COLOR CHOCOLATE CAFE 5,7;DrogaRaia;25.99;18.71;DROGACENTRO;18.71;PRINCIPAL > PERFUMARIA > CABELO > TINTURA/TONALIZANTE;0;0;25.99
7896509955193;C;BEAUTY COLOR VERMELHO PICANTE 66.46;Drogaven;20.08;19.88;DROGACENTRO;19.88;PRINCIPAL > PERFUMARIA > CABELO > TINTURA/TONALIZANTE;20.08;0;0
7891106910248;C;BEPANTOL BABY 120G;Drogal;56.99;58.04;Drogal;56.99;PRINCIPAL > MEDICAMENTOS > REFERENCIA > z MIP (excluir);60.75;56.99;72.5
7891106912167;B;BEPANTOL BABY 30G;Drogal;18.79;20.12;Drogal;18.79;PRINCIPAL > MEDICAMENTOS > REFERENCIA > z MIP (excluir);21.46;18.79;0
7891106908221;C;BEPANTOL BABY 60G;Drogal;31.39;32.7;Drogal;31.39;PRINCIPAL > MEDICAMENTOS > REFERENCIA > z MIP (excluir);41.15;31.39;0
7891106907286;C;BEPANTOL DERMA CREME 20G;Drogal;31.49;36.76;Drogal;31.49;PRINCIPAL > MEDICAMENTOS > REFERENCIA > z MIP (excluir);45.37;31.49;0
7891106911733;C;BEPANTOL DERMA CREME 40G;Drogal;60.69;59.88;DROGACENTRO;59.88;PRINCIPAL > MEDICAMENTOS > REFERENCIA > z MIP (excluir);72.51;60.69;0
7891106908870;B;BEPANTOL DERMA LABIAL 7,5ML;Drogal;40.19;40.11;DROGACENTRO;40.11;PRINCIPAL > MEDICAMENTOS > REFERENCIA > z MIP (excluir);43.41;40.19;0
7891106915878;C;BEPANTOL DERMA SOLUCAO PET 50ML;Drogal;30.19;30.25;Drogal;30.19;PRINCIPAL > MEDICAMENTOS > REFERENCIA > z MIP (excluir);0;30.19;0
7891106913522;B;BEPANTOL DERMA TOQUE SECO CREME 30G;Drogal;41.09;39.24;DROGACENTRO;39.24;PRINCIPAL > MEDICAMENTOS > REFERENCIA > z MIP (excluir);46.6;41.09;0
7896033293815;C;BICO MAMADEIRA LILLO SILIC NATURFORM C/2 REF.9381;Drogaven;21.27;25.38;Drogaven;21.27;PRINCIPAL > PERFUMARIA > INFANTIL > ACESSORIO INFANTIL > MAMADEIRA;21.27;0;0
7896033251013;C;BICO MAMADEIRA LILLO SILICONE ORTO TAM1 REF427100;Drogal;29.25;24.21;DROGACENTRO;24.21;PRINCIPAL > PERFUMARIA > INFANTIL > ACESSORIO INFANTIL > MAMADEIRA;0;29.25;0
7896036512869;C;BICO MAMADEIRA NEOPAN SILI BIG ORTO REF1286;Drogaven;12.75;15.73;Drogaven;12.75;PRINCIPAL > PERFUMARIA > INFANTIL > ACESSORIO INFANTIL > MAMADEIRA;12.75;0;0
7896036512821;C;BICO MAMADEIRA NEOPAN SILIC SUPER C/1 REF1282;Drogaven;10.77;12.36;Drogaven;10.77;PRINCIPAL > PERFUMARIA > INFANTIL > ACESSORIO INFANTIL > MAMADEIRA;10.77;0;0
7896036512715;C;BICO MAMADEIRA NEOPAN SILICONE C/1 REF1271;Drogaven;8.48;9.18;Drogaven;8.48;PRINCIPAL > PERFUMARIA > INFANTIL > ACESSORIO INFANTIL > MAMADEIRA;8.48;0;0
7896036512753;C;BICO NEOPAN ORTO SILIC. REF 1275;Drogaven;10.28;12.31;Drogaven;10.28;PRINCIPAL > PERFUMARIA > INFANTIL > ACESSORIO INFANTIL > CHUPETA;10.28;0;0
7896012880180;A;BIGFRAL DERMA PLUS GRANDE C\7;Drogaven;28.67;27.45;DROGACENTRO;27.45;PRINCIPAL > PERFUMARIA > HIGIENE > DESCARTAVEL-INTIMA > FRALDA GERIATRICA;28.67;0;0
7896012880159;C;BIGFRAL DERMA PLUS JUVENIL C/10;Drogal;29.99;27.45;DROGACENTRO;27.45;PRINCIPAL > PERFUMARIA > HIGIENE > DESCARTAVEL-INTIMA > FRALDA GERIATRICA;32.93;29.99;0
7896012880173;C;BIGFRAL DERMA PLUS M C/8;Drogaven;28.67;27.45;DROGACENTRO;27.45;PRINCIPAL > PERFUMARIA > HIGIENE > DESCARTAVEL-INTIMA > FRALDA GERIATRICA;28.67;0;0
7896012880166;C;BIGFRAL DERMA PLUS P C/9;Drogaven;28.67;27.45;DROGACENTRO;27.45;PRINCIPAL > PERFUMARIA > HIGIENE > DESCARTAVEL-INTIMA > FRALDA GERIATRICA;28.67;0;0
7896012880197;A;BIGFRAL DERMA PLUS XG C/7;Drogaven;28.67;27.45;DROGACENTRO;27.45;PRINCIPAL > PERFUMARIA > HIGIENE > DESCARTAVEL-INTIMA > FRALDA GERIATRICA;28.67;0;0
7896012801895;B;BIGFRAL NOTURNA GRANDE C\7;Drogal;29.99;31.2;Drogal;29.99;PRINCIPAL > PERFUMARIA > HIGIENE > DESCARTAVEL-INTIMA > FRALDA GERIATRICA;37.62;29.99;0
7896012801888;C;BIGFRAL NOTURNA MEDIA C\8;Drogal;29.99;31.2;Drogal;29.99;PRINCIPAL > PERFUMARIA > HIGIENE > DESCARTAVEL-INTIMA > FRALDA GERIATRICA;37.62;29.99;0
3401353806399;C;BIODERMA SEBIUM GEL MOUSS 200ML;Drogaven;68.4;87.52;Drogaven;68.4;PRINCIPAL > PERFUMARIA > BELEZA > DERMOCOSMETICO;68.4;0;0
7896770980979;C;BIOFRAL CONFORT P C/ 9;Drogaven;29.39;23.26;DROGACENTRO;23.26;PRINCIPAL > PERFUMARIA > HIGIENE > DESCARTAVEL-INTIMA > FRALDA GERIATRICA;29.39;0;0
7898647920361;C;BLOCO POLIDOR BELLESA C/1 UN 34-0361;Drogaven;7.34;14.43;Drogaven;7.34;PRINCIPAL > PERFUMARIA > BELEZA > MAOS > LIXA;7.34;0;0
7898671424811;D;BLUSH COMPACTO CARAMEL MELU RR8714;DrogaRaia;21.9;20.8;DROGACENTRO;20.8;PRINCIPAL > PERFUMARIA > BELEZA > MAQUIAGEM > BLUSH;0;0;21.9
7894222029801;D;BLUSH DAILUS DA UMA SEGURADA 04;Drogaven;30.37;27.42;DROGACENTRO;27.42;PRINCIPAL > PERFUMARIA > BELEZA > MAQUIAGEM > BLUSH;30.37;0;0
7894222029771;D;BLUSH DAILUS TO BEGE 01;Drogaven;22.44;27.42;Drogaven;22.44;PRINCIPAL > PERFUMARIA > BELEZA > MAQUIAGEM > BLUSH;22.44;0;0
7898629148073;A;BRINCO PONTO DE LUZ;Drogaven;16.65;20.16;Drogaven;16.65;PRINCIPAL > PERFUMARIA > BELEZA > ROSTO > BRINCO;16.65;0;0
7896108560415;D;BRONZ.CENOURA BRONZE C/COR FPS 15 110ML;DrogaRaia;28.0;30.05;DrogaRaia;28.0;PRINCIPAL > PERFUMARIA > BELEZA > PROTETOR PELE > classificar;0;0;28.0
7896108560347;D;BRONZ.CENOURA BRONZE FPS 6 OLEO SPRAY 110ML;Drogal;38.29;22.35;DROGACENTRO;22.35;PRINCIPAL > PERFUMARIA > BELEZA > PROTETOR PELE > classificar;0;38.29;0
7894222030050;C;CANETA DELINEADORA PRETO DAILUS;Drogaven;28.41;37.31;Drogaven;28.41;PRINCIPAL > PERFUMARIA > BELEZA > MAQUIAGEM > DELINEADOR;28.41;0;0
7899706196987;C;CAPITAL SOLEIL F50 COR 4.0 30G;Drogaven;54.87;85.5;Drogaven;54.87;PRINCIPAL > PERFUMARIA > BELEZA > DERMOCOSMETICO;54.87;0;0
7899706196284;C;CAPITAL SOLEIL PIGMENT CONTROL VICHY FPS60 COR 3 40G;Drogal;96.69;113.58;Drogal;96.69;PRINCIPAL > PERFUMARIA > BELEZA > DERMOCOSMETICO;97.9;96.69;0
7899706196291;D;CAPITAL SOLEIL PIGMENT CONTROL VICHY FPS60 COR 4 40G;Drogaven;83.4;113.58;Drogaven;83.4;PRINCIPAL > PERFUMARIA > BELEZA > DERMOCOSMETICO;83.4;0;0
7899706192958;C;CAPITAL SOLEIL PURIFY 3EM1 FPS70 40G;Drogaven;103.87;123.18;Drogaven;103.87;PRINCIPAL > PERFUMARIA > BELEZA > DERMOCOSMETICO;103.87;0;0
7899706188173;C;CAPITAL SOLEIL TOQUE SECO EFEITO MATTE VICHY FPS50 50G;Drogaven;69.28;85.52;Drogaven;69.28;PRINCIPAL > PERFUMARIA > BELEZA > DERMOCOSMETICO;69.28;0;0
7896014183111;C;CASTING CREME GLOSS CAST.CLARO 500;Drogaven;34.0;33.09;DROGACENTRO;33.09;PRINCIPAL > PERFUMARIA > CABELO > TINTURA/TONALIZANTE;34.0;0;0
7896014183067;B;CASTING CREME GLOSS CAST.ESCURO 300;Drogaven;34.0;33.09;DROGACENTRO;33.09;PRINCIPAL > PERFUMARIA > CABELO > TINTURA/TONALIZANTE;34.0;0;0
7896014183081;B;CASTING CREME GLOSS CAST.NATURAL 400;Drogaven;34.0;33.09;DROGACENTRO;33.09;PRINCIPAL > PERFUMARIA > CABELO > TINTURA/TONALIZANTE;34.0;0;0
7899706132985;C;CASTING CREME GLOSS CHOCOLATE C/ PIMENTA 670;Drogaven;34.0;33.09;DROGACENTRO;33.09;PRINCIPAL > PERFUMARIA > CABELO > TINTURA/TONALIZANTE;34.0;0;0
7896014183098;C;CASTING CREME GLOSS CHOCOLATE CLACE 415;Drogaven;34.0;33.09;DROGACENTRO;33.09;PRINCIPAL > PERFUMARIA > CABELO > TINTURA/TONALIZANTE;34.0;0;0
7896014183166;C;CASTING CREME GLOSS LOURO ESCURO 600;Drogaven;34.0;33.09;DROGACENTRO;33.09;PRINCIPAL > PERFUMARIA > CABELO > TINTURA/TONALIZANTE;34.0;0;0
7896014183210;C;CASTING CREME GLOSS LOURO NATURAL 700;Drogaven;34.0;33.09;DROGACENTRO;33.09;PRINCIPAL > PERFUMARIA > CABELO > TINTURA/TONALIZANTE;34.0;0;0
7896014183043;C;CASTING CREME GLOSS PRETO 200;Drogaven;34.0;33.09;DROGACENTRO;33.09;PRINCIPAL > PERFUMARIA > CABELO > TINTURA/TONALIZANTE;34.0;0;0
7896014183050;C;CASTING CREME GLOSS PRETO AZULADO 210;Drogaven;34.0;33.09;DROGACENTRO;33.09;PRINCIPAL > PERFUMARIA > CABELO > TINTURA/TONALIZANTE;34.0;0;0
7898587762564;C;CASTING CREME GLOSS PRETO NOITE 100;Drogaven;34.0;33.09;DROGACENTRO;33.09;PRINCIPAL > PERFUMARIA > CABELO > TINTURA/TONALIZANTE;34.0;0;0
7898029550063;C;CEDRAFLON CREME 150ML;Drogal;91.89;109.36;Drogal;91.89;PRINCIPAL > PERFUMARIA > BELEZA > DERMOCOSMETICO;94.96;91.89;0
7896512914231;C;CERA NUTRI UNHAS CUTICULA PINK 7G;Drogaven;25.47;28.72;Drogaven;25.47;PRINCIPAL > PERFUMARIA > BELEZA > MAOS > HIDRATANTE;25.47;0;0
7898940257638;C;CERA ORTODONTICA C/5;Drogaven;11.09;10.88;DROGACENTRO;10.88;PRINCIPAL > PERFUMARIA > HIGIENE > ORAL > CREME FIXADOR;11.09;0;0
7899706159173;C;CERAVE CREME HIDRATE 200G;Drogaven;74.96;102.88;Drogaven;74.96;PRINCIPAL > PERFUMARIA > BELEZA > DERMOCOSMETICO;74.96;0;0
7899706159197;C;CERAVE CREME HIDRATE 454G;Drogaven;107.31;142.93;Drogaven;107.31;PRINCIPAL > PERFUMARIA > BELEZA > DERMOCOSMETICO;107.31;0;0
7899706172745;C;CERAVE GEL DE LIMPEZA PELE NORMAL A OLEOSA SEM PERFUME 454G;Drogal;100.45;136.86;Drogal;100.45;PRINCIPAL > PERFUMARIA > BELEZA > DERMOCOSMETICO;104.85;100.45;0
7899706186698;C;CERAVE LOCAO FACIAL HIDRATE 52ML;Drogaven;88.1;107.44;Drogaven;88.1;PRINCIPAL > PERFUMARIA > BELEZA > DERMOCOSMETICO;88.1;0;0
7899706159258;C;CERAVE LOCAO HIDRATE 200ML;Drogaven;76.65;102.88;Drogaven;76.65;PRINCIPAL > PERFUMARIA > BELEZA > DERMOCOSMETICO;76.65;0;0
7899706159272;C;CERAVE LOCAO HIDRATE 473ML;DrogaRaia;88.9;142.93;DrogaRaia;88.9;PRINCIPAL > PERFUMARIA > BELEZA > DERMOCOSMETICO;105.06;0;88.9
7899706159333;D;CERAVE LOCAO LIMPEZA HIDRATANTE 200ML;Drogal;64.39;99.79;Drogal;64.39;PRINCIPAL > PERFUMARIA > BELEZA > DERMOCOSMETICO;76.39;64.39;0
7897930777798;C;CETAPHIL CREME HIDRATANTE 453G;Drogaven;97.9;135.55;Drogaven;97.9;PRINCIPAL > PERFUMARIA > BELEZA > DERMOCOSMETICO;97.9;0;0
7897930777743;C;CETAPHIL LOCAO HIDRATANTE 453ML;Drogaven;115.54;135.55;Drogaven;115.54;PRINCIPAL > PERFUMARIA > BELEZA > DERMOCOSMETICO;115.54;0;0
7897930778320;D;CETAPHIL LOCAO HIDRATANTE 453ML + LOCAO LIMPEZA 120ML;Drogaven;126.41;119.87;DROGACENTRO;119.87;PRINCIPAL > PERFUMARIA > BELEZA > DERMOCOSMETICO;126.41;0;0
3499320011655;C;CETAPHIL OPTIMAL HYDRATION CREME FACIAL 48G;Drogaven;123.47;139.2;Drogaven;123.47;PRINCIPAL > PERFUMARIA > BELEZA > DERMOCOSMETICO;123.47;0;0
8710103962335;D;CHUPETA AVENT SOOTHIE MENINAS C/2 0-3 MESES;Drogaven;97.9;104.92;Drogaven;97.9;PRINCIPAL > PERFUMARIA > INFANTIL > ACESSORIO INFANTIL > CHUPETA;97.9;0;0
7896036547212;C;CHUPETA DECORADA ORTO AZUL Nº2;Drogaven;16.2;18.34;Drogaven;16.2;PRINCIPAL > PERFUMARIA > INFANTIL > ACESSORIO INFANTIL > CHUPETA;16.2;0;0
7896036548660;D;CHUPETA ESTAMP ORTO TIGRE N2 01-4866;Drogaven;14.4;16.66;Drogaven;14.4;PRINCIPAL > PERFUMARIA > INFANTIL > ACESSORIO INFANTIL > CHUPETA;14.4;0;0
7896033201797;C;CHUPETA LILLO DIA E NOITE C/2 TAM 2 ROSA REF 604350;Drogal;30.49;30.33;DROGACENTRO;30.33;PRINCIPAL > PERFUMARIA > INFANTIL > ACESSORIO INFANTIL > CHUPETA;0;30.49;0
7896033203388;C;CHUPETA LILLO FUNNY MENINO MENINA ORTO TAM2 LILAS;Drogal;19.15;15.64;DROGACENTRO;15.64;PRINCIPAL > PERFUMARIA > INFANTIL > ACESSORIO INFANTIL > CHUPETA;0;19.15;0
7896036543719;C;CHUPETA NEOPAN BICOLOR ORTO Nº2 AZUL 4371;Drogaven;12.14;13.16;Drogaven;12.14;PRINCIPAL > PERFUMARIA > INFANTIL > ACESSORIO INFANTIL > CHUPETA;12.14;0;0
7896036543726;C;CHUPETA NEOPAN BICOLOR ORTO ROSA Nº2  ROSA ;Drogaven;12.14;13.96;Drogaven;12.14;PRINCIPAL > PERFUMARIA > INFANTIL > ACESSORIO INFANTIL > CHUPETA;12.14;0;0
7896036541319;C;CHUPETA NEOPAN CRIATIVA CONV N1 AZUL REF 4131;Drogaven;14.2;12.55;DROGACENTRO;12.55;PRINCIPAL > PERFUMARIA > INFANTIL > ACESSORIO INFANTIL > CHUPETA;14.2;0;0
7896036541326;D;CHUPETA NEOPAN CRIATIVA CONV N1 ROSA;Drogaven;14.2;15.49;Drogaven;14.2;PRINCIPAL > PERFUMARIA > INFANTIL > ACESSORIO INFANTIL > CHUPETA;14.2;0;0
7896036540510;C;CHUPETA NEOPAN DE SILICONE AZUL N1 ORTO 4051;Drogaven;24.92;27.76;Drogaven;24.92;PRINCIPAL > PERFUMARIA > INFANTIL > ACESSORIO INFANTIL > CHUPETA;24.92;0;0
7896036540619;C;CHUPETA NEOPAN DE SILICONE AZUL N2 ORTO 4061;Drogaven;24.4;28.24;Drogaven;24.4;PRINCIPAL > PERFUMARIA > INFANTIL > ACESSORIO INFANTIL > CHUPETA;24.4;0;0
7896036540527;C;CHUPETA NEOPAN DE SILICONE ROSA N1 ORTO 4052;Drogaven;24.92;27.76;Drogaven;24.92;PRINCIPAL > PERFUMARIA > INFANTIL > ACESSORIO INFANTIL > CHUPETA;24.92;0;0
7896036548288;C;CHUPETA NEOPAN ORTO CORUJA N2 01-4828;Drogaven;14.4;16.66;Drogaven;14.4;PRINCIPAL > PERFUMARIA > INFANTIL > ACESSORIO INFANTIL > CHUPETA;14.4;0;0
7896036548240;C;CHUPETA NEOPAN ORTO PANDA N2 01-4824;Drogaven;14.4;16.66;Drogaven;14.4;PRINCIPAL > PERFUMARIA > INFANTIL > ACESSORIO INFANTIL > CHUPETA;14.4;0;0
7896036548264;D;CHUPETA NEOPAN ORTO RAPOSA N2 01-4826;Drogaven;14.4;16.66;Drogaven;14.4;PRINCIPAL > PERFUMARIA > INFANTIL > ACESSORIO INFANTIL > CHUPETA;14.4;0;0
7896036542415;C;CHUPETA ORTODONTICA AZUL Nº2 ;Drogaven;14.2;16.46;Drogaven;14.2;PRINCIPAL > PERFUMARIA > INFANTIL > ACESSORIO INFANTIL > CHUPETA;14.2;0;0
7908615000169;B;CICAPLAST BAUME B5 20ML;Drogaven;44.0;57.1;Drogaven;44.0;PRINCIPAL > PERFUMARIA > BELEZA > DERMOCOSMETICO;44.0;0;0
7898636190027;C;CICATRICURE AGUA MICELAR 200ML;Drogaven;20.96;23.17;Drogaven;20.96;PRINCIPAL > PERFUMARIA > BELEZA > MAQUIAGEM > AGUA MICELAR;20.96;0;0
7898636191802;D;CICATRICURE AGUA MICELAR 380ML;Drogaven;30.17;40.75;Drogaven;30.17;PRINCIPAL > PERFUMARIA > BELEZA > MAQUIAGEM > AGUA MICELAR;30.17;0;0
7898636190928;C;CICATRICURE CONTORNO DOS OLHOS BLUR 15G ;Drogal;55.05;57.97;Drogal;55.05;PRINCIPAL > PERFUMARIA > BELEZA > ROSTO > CREME;55.76;55.05;0
7898949409632;C;CICATRICURE CR ANTI RUGAS 60G;Drogaven;47.92;47.1;DROGACENTRO;47.1;PRINCIPAL > PERFUMARIA > BELEZA > ROSTO > CREME;47.92;0;0
7898949409847;C;CICATRICURE CREME ANTI-IDADE DIURNO FPS 30 50G;Drogaven;60.12;57.86;DROGACENTRO;57.86;PRINCIPAL > PERFUMARIA > BELEZA > ROSTO > CREME;60.12;0;0
7898636191048;C;CICATRICURE CREME CORPORAL ANTIESTRIAS 250G;Drogaven;39.19;46.1;Drogaven;39.19;PRINCIPAL > PERFUMARIA > BELEZA > CORPO > HIDRATANTE;39.19;0;0
7898636193103;C;CICATRICURE EYE CREME FOR FACE 30G;Drogal;63.89;73.22;Drogal;63.89;PRINCIPAL > PERFUMARIA > BELEZA > ROSTO > CREME;67.52;63.89;79.99
7898949409625;C;CICATRICURE GEL 30G;Drogaven;27.43;34.34;Drogaven;27.43;PRINCIPAL > PERFUMARIA > BELEZA > ROSTO > CREME;27.43;0;0
7898949409762;C;CICATRICURE GEL 60G;Drogaven;46.05;46.15;Drogaven;46.05;PRINCIPAL > PERFUMARIA > BELEZA > ROSTO > CREME;46.05;0;0
7898636194056;C;CICATRICURE PORCELANA ANTIMARCAS 50G;Drogal;61.85;74.09;Drogal;61.85;PRINCIPAL > PERFUMARIA > BELEZA > ROSTO > CREME;63.6;61.85;0
7898636190706;C;CICATRICURE SERUM CLAREADOR 30ML;Drogaven;74.38;98.89;Drogaven;74.38;PRINCIPAL > PERFUMARIA > BELEZA > ROSTO > CREME;74.38;0;0
7896006219743;D;CLEAN UP SABONETE FACIAL 60G;Drogaven;30.87;60.07;Drogaven;30.87;PRINCIPAL > PERFUMARIA > BELEZA > DERMOCOSMETICO;30.87;0;0
7891010031350;D;COLONIA J&J LAVANDA 200ML;Drogaven;33.42;30.98;DROGACENTRO;30.98;PRINCIPAL > PERFUMARIA > INFANTIL > HIGIENE INFANTIL > COLONIA/PERFUME/DESODORANTE;33.42;0;0
7896093013507;C;COLONIA SEIVA DE ALFAZEMA 118ML;Drogaven;19.59;25.14;Drogaven;19.59;PRINCIPAL > PERFUMARIA > HIGIENE > DESODORANTE FEMININO;19.59;0;0
7896018700383;C;COLONIA TURMA DA MONICA 100ML;Drogaven;14.69;18.47;Drogaven;14.69;PRINCIPAL > PERFUMARIA > INFANTIL > HIGIENE INFANTIL > COLONIA/PERFUME/DESODORANTE;14.69;0;0
7898610375082;C;COMPLEXO FORTALECEDOR CAVALO FORTE HASKELL 35ML;Drogaven;24.49;29.77;Drogaven;24.49;PRINCIPAL > PERFUMARIA > CABELO > classificar;24.49;0;0
7891350039993;D;CONDICIONADOR BOZZANO ANTIQUEDA 200ML;Drogal;20.95;20.59;DROGACENTRO;20.59;PRINCIPAL > PERFUMARIA > MASCULINO > CABELO MASC > CONDICIONADOR;0;20.95;0
7891350040029;D;CONDICIONADOR BOZZANO CACHOS E CRESPOS 200ML;Drogal;20.95;20.59;DROGACENTRO;20.59;PRINCIPAL > PERFUMARIA > MASCULINO > CABELO MASC > CONDICIONADOR;0;20.95;0
7891150008168;C;CONDICIONADOR CLEAR ANTI CASPA HIDRATAÇÃO INTENSA 200ML;Drogal;30.09;24.9;DROGACENTRO;24.9;PRINCIPAL > PERFUMARIA > CABELO > CONDICIONADOR;0;30.09;0
7891150036390;C;CONDICIONADOR DOVE BABY HIDRAT. ENRIQUECIDA 200ML;Drogaven;17.54;19.01;Drogaven;17.54;PRINCIPAL > PERFUMARIA > INFANTIL > HIGIENE INFANTIL > CONDICIONADOR;17.54;0;0
7891150065314;C;CONDICIONADOR DOVE BABY HIDRATAÇAO GLICERINADA 200ML;Drogaven;17.54;19.01;Drogaven;17.54;PRINCIPAL > PERFUMARIA > INFANTIL > HIGIENE INFANTIL > CONDICIONADOR;17.54;0;0
7891150095564;D;CONDICIONADOR DOVE BOND INTENSE REPAIR 150ML;Drogaven;19.59;20.64;Drogaven;19.59;PRINCIPAL > PERFUMARIA > CABELO > CONDICIONADOR;19.59;0;0
7891150095595;D;CONDICIONADOR DOVE BOND INTENSE REPAIR 250ML;Drogaven;27.43;35.68;Drogaven;27.43;PRINCIPAL > PERFUMARIA > CABELO > CONDICIONADOR;27.43;0;0
7891150084490;D;CONDICIONADOR DOVE CACHEADO TEXTURAS REAIS 400ML;Drogal;15.89;33.9;Drogal;15.89;PRINCIPAL > PERFUMARIA > CABELO > CONDICIONADOR;28.32;15.89;0
7891150084506;D;CONDICIONADOR DOVE CRESPO TEXTURAS REAIS 400ML;Drogal;15.89;33.9;Drogal;15.89;PRINCIPAL > PERFUMARIA > CABELO > CONDICIONADOR;21.46;15.89;0
7891150075306;D;CONDICIONADOR DOVE HIDRA LISO 400ML;Drogal;15.89;33.9;Drogal;15.89;PRINCIPAL > PERFUMARIA > CABELO > CONDICIONADOR;28.32;15.89;0
7891150054448;C;CONDICIONADOR DOVE HIDRATACAO INTENSA OXIGENIO 400ML;Drogal;15.89;33.9;Drogal;15.89;PRINCIPAL > PERFUMARIA > CABELO > CONDICIONADOR;28.32;15.89;0
7891150054479;C;CONDICIONADOR DOVE HIDRATAÇAO INTENSA OXIGENIO 200ML;Drogal;9.99;21.23;Drogal;9.99;PRINCIPAL > PERFUMARIA > CABELO > CONDICIONADOR;0;9.99;0
7891150055193;C;CONDICIONADOR DOVE NUTRICAO OLEO MICELAR 200ML;Drogal;13.69;21.23;Drogal;13.69;PRINCIPAL > PERFUMARIA > CABELO > CONDICIONADOR;0;13.69;0
7891150017337;C;CONDICIONADOR DOVE OLEO NUTRICAO 400ML;Drogal;15.89;33.9;Drogal;15.89;PRINCIPAL > PERFUMARIA > CABELO > CONDICIONADOR;28.32;15.89;0
7791293004976;D;CONDICIONADOR DOVE RECONSTRUCAO 400ML;Drogal;15.89;33.9;Drogal;15.89;PRINCIPAL > PERFUMARIA > CABELO > CONDICIONADOR;28.32;15.89;21.9
7891150008816;C;CONDICIONADOR DOVE RECONSTRUÇAO 200ML;Drogal;9.99;21.23;Drogal;9.99;PRINCIPAL > PERFUMARIA > CABELO > CONDICIONADOR;0;9.99;21.46
7891150050143;D;CONDICIONADOR DOVE RITUAL CRESCIMENTO 400ML;Drogal;15.89;33.9;Drogal;15.89;PRINCIPAL > PERFUMARIA > CABELO > CONDICIONADOR;0;15.89;0
7899706197564;C;CONDICIONADOR ELSEVE CACHOS DOS SONHOS 200ML;Drogaven;18.52;18.56;Drogaven;18.52;PRINCIPAL > PERFUMARIA > CABELO > CONDICIONADOR;18.52;0;0
7899706197588;C;CONDICIONADOR ELSEVE CACHOS DOS SONHOS 400ML;Drogal;29.99;36.0;Drogal;29.99;PRINCIPAL > PERFUMARIA > CABELO > CONDICIONADOR;30.57;29.99;0
7896014123902;C;CONDICIONADOR ELSEVE COLORVIVE 200ML;Drogaven;18.52;18.56;Drogaven;18.52;PRINCIPAL > PERFUMARIA > CABELO > CONDICIONADOR;18.52;0;0
7899026459649;D;CONDICIONADOR ELSEVE COLORVIVE 400ML;Drogal;29.99;36.0;Drogal;29.99;PRINCIPAL > PERFUMARIA > CABELO > CONDICIONADOR;0;29.99;0
7908615055145;C;CONDICIONADOR ELSEVE GLYCOLIC GLOSS 200ML;Drogaven;18.52;18.56;Drogaven;18.52;PRINCIPAL > PERFUMARIA > CABELO > CONDICIONADOR;18.52;0;0
7908615055169;C;CONDICIONADOR ELSEVE GLYCOLIC GLOSS 400ML;Drogaven;28.32;36.0;Drogaven;28.32;PRINCIPAL > PERFUMARIA > CABELO > CONDICIONADOR;28.32;0;0
7899706244084;C;CONDICIONADOR ELSEVE HIALURONICO PURE 200ML;Drogaven;18.52;18.56;Drogaven;18.52;PRINCIPAL > PERFUMARIA > CABELO > CONDICIONADOR;18.52;0;0
7899706244060;C;CONDICIONADOR ELSEVE HIALURONICO PURE 400ML;Drogal;29.99;36.0;Drogal;29.99;PRINCIPAL > PERFUMARIA > CABELO > CONDICIONADOR;30.57;29.99;0
7899706187404;C;CONDICIONADOR ELSEVE HIDRA HIALURONICO SELADOR 200ML;Drogaven;18.52;18.56;Drogaven;18.52;PRINCIPAL > PERFUMARIA > CABELO > CONDICIONADOR;18.52;0;0
7899706187428;C;CONDICIONADOR ELSEVE HIDRA HIALURONICO SELADOR 400ML;Drogal;29.99;36.0;Drogal;29.99;PRINCIPAL > PERFUMARIA > CABELO > CONDICIONADOR;30.57;29.99;0
7908785461654;B;CONDICIONADOR ELSEVE LISO DOS SONHOS SUPER ALINHADOR 200ML;Drogaven;17.63;18.56;Drogaven;17.63;PRINCIPAL > PERFUMARIA > CABELO > CONDICIONADOR;17.63;0;0
7908785461609;B;CONDICIONADOR ELSEVE LISO DOS SONHOS SUPER ALINHADOR 400ML;Drogaven;29.3;36.66;Drogaven;29.3;PRINCIPAL > PERFUMARIA > CABELO > CONDICIONADOR;29.3;0;0
7899706170857;C;CONDICIONADOR ELSEVE LONGO DOS SONHOS 200ML;Drogaven;18.52;18.56;Drogaven;18.52;PRINCIPAL > PERFUMARIA > CABELO > CONDICIONADOR;18.52;0;0
7899706170871;C;CONDICIONADOR ELSEVE LONGO DOS SONHOS 400ML;Drogal;29.99;36.0;Drogal;29.99;PRINCIPAL > PERFUMARIA > CABELO > CONDICIONADOR;30.57;29.99;0
7899026420571;C;CONDICIONADOR ELSEVE REPARACAO TOTAL 5+ 200ML;Drogaven;18.52;18.56;Drogaven;18.52;PRINCIPAL > PERFUMARIA > CABELO > CONDICIONADOR;18.52;0;0
7891033519354;C;CONDICIONADOR GLICERINA PAMPERS 200ML;Drogaven;16.65;28.5;Drogaven;16.65;PRINCIPAL > PERFUMARIA > INFANTIL > HIGIENE INFANTIL > CONDICIONADOR;16.65;0;0
7898924603956;C;CONDICIONADOR HASKELL BANANEIRA 300ML;Drogaven;48.77;48.0;DROGACENTRO;48.0;PRINCIPAL > PERFUMARIA > CABELO > CONDICIONADOR;48.77;0;0
7898610375341;C;CONDICIONADOR HASKELL BENDITO LOIRO 300ML;Drogaven;48.77;48.0;DROGACENTRO;48.0;PRINCIPAL > PERFUMARIA > CABELO > CONDICIONADOR;48.77;0;0
7898610370933;D;CONDICIONADOR HASKELL CACHOS SIM 300ML;Drogaven;48.77;48.0;DROGACENTRO;48.0;PRINCIPAL > PERFUMARIA > CABELO > CONDICIONADOR;48.77;0;0
7898610370070;C;CONDICIONADOR HASKELL CAVALO FORTE 300ML;Drogaven;52.13;48.85;DROGACENTRO;48.85;PRINCIPAL > PERFUMARIA > CABELO > CONDICIONADOR;52.13;0;0
7898610377291;C;CONDICIONADOR HASKELL CAVALO FORTE HIDRA 300ML;Drogaven;52.13;48.85;DROGACENTRO;48.85;PRINCIPAL > PERFUMARIA > CABELO > CONDICIONADOR;52.13;0;0
7898610373422;D;CONDICIONADOR HASKELL ENCORPA CABELO 300ML;Drogaven;48.77;48.0;DROGACENTRO;48.0;PRINCIPAL > PERFUMARIA > CABELO > CONDICIONADOR;48.77;0;0
7898610377598;C;CONDICIONADOR HASKELL INFUSAO DE OLEOS 300ML;Drogaven;48.77;48.85;Drogaven;48.77;PRINCIPAL > PERFUMARIA > CABELO > CONDICIONADOR;48.77;0;0
7898610372586;C;CONDICIONADOR HASKELL LISO COM FORÇA 300ML;Drogaven;48.77;48.0;DROGACENTRO;48.0;PRINCIPAL > PERFUMARIA > CABELO > CONDICIONADOR;48.77;0;0
7898944073265;C;CONDICIONADOR HASKELL MANDIOCA 300ML;Drogaven;45.27;45.37;Drogaven;45.27;PRINCIPAL > PERFUMARIA > CABELO > CONDICIONADOR;45.27;0;0
7898610373002;C;CONDICIONADOR HASKELL MURUMURU 300ML;Drogaven;45.27;45.37;Drogaven;45.27;PRINCIPAL > PERFUMARIA > CABELO > CONDICIONADOR;45.27;0;0
7898944075252;C;CONDICIONADOR HASKELL POS PROGRESSIVA 300ML;Drogaven;48.77;48.0;DROGACENTRO;48.0;PRINCIPAL > PERFUMARIA > CABELO > CONDICIONADOR;48.77;0;0
7898944073036;D;CONDICIONADOR HASKELL QUERATINA 300ML;Drogaven;39.19;45.37;Drogaven;39.19;PRINCIPAL > PERFUMARIA > CABELO > CONDICIONADOR;39.19;0;0
7898944073418;D;CONDICIONADOR HASKELL QUINA ROSA 300ML;Drogaven;45.27;45.37;Drogaven;45.27;PRINCIPAL > PERFUMARIA > CABELO > CONDICIONADOR;45.27;0;0
7896018750814;C;CONDICIONADOR HUGGIES KIDS CACHOS 360ML;Drogaven;19.5;23.98;Drogaven;19.5;PRINCIPAL > PERFUMARIA > INFANTIL > HIGIENE INFANTIL > CONDICIONADOR;19.5;0;0
7896018750845;C;CONDICIONADOR HUGGIES KIDS HIDRATACAO E BRILHO 360ML;Drogaven;19.5;23.98;Drogaven;19.5;PRINCIPAL > PERFUMARIA > INFANTIL > HIGIENE INFANTIL > CONDICIONADOR;19.5;0;0
7896018750876;C;CONDICIONADOR HUGGIES KIDS NUTRICAO E FORCA 360ML;Drogaven;19.5;23.98;Drogaven;19.5;PRINCIPAL > PERFUMARIA > INFANTIL > HIGIENE INFANTIL > CONDICIONADOR;19.5;0;0
7891010047184;C;CONDICIONADOR J&J BABY CABELOS CACHEADOS 200ML;Drogal;19.99;27.12;Drogal;19.99;PRINCIPAL > PERFUMARIA > INFANTIL > HIGIENE INFANTIL > CONDICIONADOR;23.51;19.99;0
7891024174630;C;CONDICIONADOR PALMOLIVE NATURALS KIDS 350ML;Drogal;19.85;20.62;Drogal;19.85;PRINCIPAL > PERFUMARIA > INFANTIL > HIGIENE INFANTIL > CONDICIONADOR;0;19.85;0
7500435116305;D;CONDICIONADOR PANTENE 3MM HIDRATACAO 170ML ;Drogaven;30.08;35.71;Drogaven;30.08;PRINCIPAL > PERFUMARIA > CABELO > CONDICIONADOR;30.08;0;0
7500435154260;C;CONDICIONADOR PANTENE BAMBU NUTRE & CRESCE 150ML;Drogaven;15.38;14.64;DROGACENTRO;14.64;PRINCIPAL > PERFUMARIA > CABELO > CONDICIONADOR;15.38;0;0
7500435154277;C;CONDICIONADOR PANTENE BAMBU NUTRE & CRESCE 250ML;Drogaven;26.94;28.33;Drogaven;26.94;PRINCIPAL > PERFUMARIA > CABELO > CONDICIONADOR;26.94;0;0
7500435248174;C;CONDICIONADOR PANTENE BIOTIAMINA B3 150ML;Drogaven;16.65;20.43;Drogaven;16.65;PRINCIPAL > PERFUMARIA > CABELO > CONDICIONADOR;16.65;0;0
7500435125307;D;CONDICIONADOR PANTENE BRILHO EXTREMO 175ML;Drogal;19.59;18.06;DROGACENTRO;18.06;PRINCIPAL > PERFUMARIA > CABELO > CONDICIONADOR;0;19.59;25.99
7501001165321;D;CONDICIONADOR PANTENE CACHOS HIDRA- VITAMINADOS 400ML;Drogal;33.59;33.6;Drogal;33.59;PRINCIPAL > PERFUMARIA > CABELO > CONDICIONADOR;0;33.59;0
7500435196994;C;CONDICIONADOR PANTENE COLAGENO 150ML;Drogal;19.95;14.64;DROGACENTRO;14.64;PRINCIPAL > PERFUMARIA > CABELO > CONDICIONADOR;0;19.95;0
7500435125376;C;CONDICIONADOR PANTENE HIDRATACAO 175ML;Drogaven;13.13;18.06;Drogaven;13.13;PRINCIPAL > PERFUMARIA > CABELO > CONDICIONADOR;13.13;0;0
7501007413105;D;CONDICIONADOR PANTENE HIDRATACAO 400ML;Drogaven;31.26;33.6;Drogaven;31.26;PRINCIPAL > PERFUMARIA > CABELO > CONDICIONADOR;31.26;0;0
7506309840581;C;CONDICIONADOR PANTENE HIDRO-CAUTERIZAÇAO 400ML;Drogaven;24.49;33.6;Drogaven;24.49;PRINCIPAL > PERFUMARIA > CABELO > CONDICIONADOR;24.49;0;0
7500435125413;C;CONDICIONADOR PANTENE LISO EXTREMO 175ML;Drogaven;13.22;18.06;Drogaven;13.22;PRINCIPAL > PERFUMARIA > CABELO > CONDICIONADOR;13.22;0;0
7501001165253;C;CONDICIONADOR PANTENE LISO EXTREMO 400ML;Drogaven;31.26;33.6;Drogaven;31.26;PRINCIPAL > PERFUMARIA > CABELO > CONDICIONADOR;31.26;0;0
7500435232784;C;CONDICIONADOR PANTENE QUERATINA 150ML ;Drogaven;16.65;16.61;DROGACENTRO;16.61;PRINCIPAL > PERFUMARIA > CABELO > CONDICIONADOR;16.65;0;0
7500435232807;C;CONDICIONADOR PANTENE QUERATINA 200ML ;Drogal;30.69;34.16;Drogal;30.69;PRINCIPAL > PERFUMARIA > CABELO > CONDICIONADOR;0;30.69;0
7501006721317;C;CONDICIONADOR PANTENE RESTAURACAO PROFUNDA 400ML;Drogaven;31.26;33.6;Drogaven;31.26;PRINCIPAL > PERFUMARIA > CABELO > CONDICIONADOR;31.26;0;0
7898623952393;C;CONDICIONADOR SALON LINE MEU LISO AMIDO DE MILHO 300ML;Drogal;16.65;22.86;Drogal;16.65;PRINCIPAL > PERFUMARIA > CABELO > CONDICIONADOR;0;16.65;0
7898623951938;C;CONDICIONADOR SALON LINE MEU LISO LOIROMATIZADO 300ML;Drogaven;22.24;22.86;Drogaven;22.24;PRINCIPAL > PERFUMARIA > CABELO > CONDICIONADOR;22.24;0;0
7898623951174;C;CONDICIONADOR SALON LINE SOS CACHOS KIDS SEM SAL 300ML;Drogaven;16.42;22.86;Drogaven;16.42;PRINCIPAL > PERFUMARIA > INFANTIL > HIGIENE INFANTIL > CONDICIONADOR;16.42;0;0
7891150060722;D;CONDICIONADOR SEDA BABOSA + OLEOS 325ML;Drogaven;11.39;18.0;Drogaven;11.39;PRINCIPAL > PERFUMARIA > CABELO > CONDICIONADOR;11.39;0;0
7891150096257;D;CONDICIONADOR SEDA BOOM HIDRATACAO DURADOURA 250ML;Drogaven;12.73;19.12;Drogaven;12.73;PRINCIPAL > PERFUMARIA > CABELO > CONDICIONADOR;12.73;0;0
7891150037465;C;CONDICIONADOR SEDA CACHOS DEFINIDOS 325ML;Drogal;14.89;18.0;Drogal;14.89;PRINCIPAL > PERFUMARIA > CABELO > CONDICIONADOR;15.18;14.89;0
7891150037250;C;CONDICIONADOR SEDA CERAMIDAS 325ML;DrogaRaia;11.99;18.0;DrogaRaia;11.99;PRINCIPAL > PERFUMARIA > CABELO > CONDICIONADOR;15.18;0;11.99
7891150101715;C;CONDICIONADOR SEDA COLAGENO+VITAMINA C 250ML;Drogaven;17.54;19.15;Drogaven;17.54;PRINCIPAL > PERFUMARIA > CABELO > CONDICIONADOR;17.54;0;0
7891150080096;C;CONDICIONADOR SEDA COLAGENO+VITAMINA C 325ML;Drogal;14.89;18.0;Drogal;14.89;PRINCIPAL > PERFUMARIA > CABELO > CONDICIONADOR;15.18;14.89;0
7891150083608;C;CONDICIONADOR SEDA FROZEN JUNTINHOS 300ML;Drogal;14.89;18.74;Drogal;14.89;PRINCIPAL > PERFUMARIA > INFANTIL > HIGIENE INFANTIL > CONDICIONADOR;15.38;14.89;0
7891150037489;C;CONDICIONADOR SEDA HIDRATACAO ANTI-NOS 325ML;Drogal;11.29;18.0;Drogal;11.29;PRINCIPAL > PERFUMARIA > CABELO > CONDICIONADOR;0;11.29;0
7891150037328;C;CONDICIONADOR SEDA LISO PERFEITO 325ML;Drogal;14.89;18.0;Drogal;14.89;PRINCIPAL > PERFUMARIA > CABELO > CONDICIONADOR;15.18;14.89;0
7891150099838;C;CONDICIONADOR SEDA LUMINOUS UV 300ML;Drogal;14.89;16.99;Drogal;14.89;PRINCIPAL > PERFUMARIA > CABELO > CONDICIONADOR;15.44;14.89;0
7891150083615;C;CONDICIONADOR SEDA MOANA JUNTINHOS 300ML;Drogal;14.89;18.74;Drogal;14.89;PRINCIPAL > PERFUMARIA > INFANTIL > HIGIENE INFANTIL > CONDICIONADOR;15.38;14.89;0
7891150056589;C;CONDICIONADOR SEDA OLEO DE ARGAN 325ML;Drogal;11.29;18.0;Drogal;11.29;PRINCIPAL > PERFUMARIA > CABELO > CONDICIONADOR;11.39;11.29;0
7891150067516;D;CONDICIONADOR SEDA OLEO DE COCO 325ML;Drogal;11.29;18.0;Drogal;11.29;PRINCIPAL > PERFUMARIA > CABELO > CONDICIONADOR;11.39;11.29;0
7891150091429;C;CONDICIONADOR SEDA PREBIOT+BIOTINA 325ML;Drogal;14.89;18.94;Drogal;14.89;PRINCIPAL > PERFUMARIA > CABELO > CONDICIONADOR;15.18;14.89;0
7891150101586;D;CONDICIONADOR SEDA TOQUE DE SEDA 250ML;Drogaven;14.6;19.73;Drogaven;14.6;PRINCIPAL > PERFUMARIA > CABELO > CONDICIONADOR;14.6;0;0
7891033535019;C;CONDICIONADOR SIAGE ACELERA CRESCIMENTO 200ML;Drogal;41.99;49.8;Drogal;41.99;PRINCIPAL > PERFUMARIA > CABELO > CONDICIONADOR;0;41.99;65.54
7891033070664;C;CONDICIONADOR SIAGE CICA THERAPY 200ML;Drogal;41.99;49.8;Drogal;41.99;PRINCIPAL > PERFUMARIA > CABELO > CONDICIONADOR;47.66;41.99;0
7891033471768;D;CONDICIONADOR SIAGE GLOW EXPERT SIAGE 200ML;Drogal;41.99;49.8;Drogal;41.99;PRINCIPAL > PERFUMARIA > CABELO > CONDICIONADOR;47.66;41.99;0
7891033930470;C;CONDICIONADOR SIAGE HAIRPLASTIA 200ML;Drogal;41.99;49.8;Drogal;41.99;PRINCIPAL > PERFUMARIA > CABELO > CONDICIONADOR;47.66;41.99;0
7891033535057;C;CONDICIONADOR SIAGE LISO INTENSO 200ML;Drogal;41.99;49.8;Drogal;41.99;PRINCIPAL > PERFUMARIA > CABELO > CONDICIONADOR;0;41.99;0
7891033534999;C;CONDICIONADOR SIAGE LOIRO EXPERT 200ML;Drogal;41.99;49.8;Drogal;41.99;PRINCIPAL > PERFUMARIA > CABELO > CONDICIONADOR;0;41.99;0
7891033581207;D;CONDICIONADOR SIAGE NUTRI ACID COMPLEX 200ML;Drogal;41.99;49.68;Drogal;41.99;PRINCIPAL > PERFUMARIA > CABELO > CONDICIONADOR;47.62;41.99;0
7891033925605;D;CONDICIONADOR SIAGE NUTRI DIAMOND 200ML;Drogaven;47.66;49.8;Drogaven;47.66;PRINCIPAL > PERFUMARIA > CABELO > CONDICIONADOR;47.66;0;0
7891033931040;C;CONDICIONADOR SIAGE NUTRI OLEOS PODER 200ML;Drogal;41.99;49.8;Drogal;41.99;PRINCIPAL > PERFUMARIA > CABELO > CONDICIONADOR;47.66;41.99;0
7891033534364;C;CONDICIONADOR SIAGE NUTRI ROSE 200ML;Drogal;41.99;49.8;Drogal;41.99;PRINCIPAL > PERFUMARIA > CABELO > CONDICIONADOR;0;41.99;0
7891033530953;C;CONDICIONADOR SIAGE PRO CRONOLOGY 200ML;Drogal;41.99;49.8;Drogal;41.99;PRINCIPAL > PERFUMARIA > CABELO > CONDICIONADOR;47.66;41.99;0
7891033583089;C;CONDICIONADOR SIAGE PRO CRONOLOGY CURVA 250ML;Drogal;41.99;49.68;Drogal;41.99;PRINCIPAL > PERFUMARIA > CABELO > CONDICIONADOR;49.46;41.99;0
7891033535200;D;CONDICIONADOR SIAGE RECONSTROI FIOS 200ML;Drogal;41.99;49.8;Drogal;41.99;PRINCIPAL > PERFUMARIA > CABELO > CONDICIONADOR;47.66;41.99;49.99
7891033558032;D;CONDICIONADOR SIAGE RESGATE IMEDIATO 200ML;Drogal;41.99;49.68;Drogal;41.99;PRINCIPAL > PERFUMARIA > CABELO > CONDICIONADOR;47.66;41.99;0
7891033534685;D;CONDICIONADOR SIAGE REVELA CACHOS 200ML;Drogal;41.99;49.8;Drogal;41.99;PRINCIPAL > PERFUMARIA > CABELO > CONDICIONADOR;47.66;41.99;0
7898949409939;C;CONDICIONADOR TIO NACHO ENGROSSADOR 415ML;Drogaven;38.42;45.38;Drogaven;38.42;PRINCIPAL > PERFUMARIA > CABELO > CONDICIONADOR;38.42;0;0
7896018700314;D;CONDICIONADOR TURMA MONICA NEUTRO 200ML;Drogal;15.69;19.52;Drogal;15.69;PRINCIPAL > PERFUMARIA > INFANTIL > HIGIENE INFANTIL > CONDICIONADOR;19.59;15.69;0
7896033231084;C;COPO ANTIVAZAMENTO MAGIA AZUL 207ML REF530121;Drogal;52.45;46.61;DROGACENTRO;46.61;PRINCIPAL > PERFUMARIA > INFANTIL > ACESSORIO INFANTIL > COPO/CANECA;0;52.45;0
7896036576618;C;COPO C/ CANUDO NEOPAN AZUL 360 ML 7661;Drogaven;44.6;45.76;Drogaven;44.6;PRINCIPAL > PERFUMARIA > INFANTIL > ACESSORIO INFANTIL > COPO/CANECA;44.6;0;0
7896036576625;D;COPO C/ CANUDO NEOPAN ROSA 360 ML 7662;Drogaven;44.6;45.76;Drogaven;44.6;PRINCIPAL > PERFUMARIA > INFANTIL > ACESSORIO INFANTIL > COPO/CANECA;44.6;0;0
7896036575215;D;COPO NEOPAN EDUCATIVO DECORADO 160ML AZUL REF575215;Drogaven;14.6;17.17;Drogaven;14.6;PRINCIPAL > PERFUMARIA > INFANTIL > ACESSORIO INFANTIL > COPO/CANECA;14.6;0;0
7896033232678;D;COPO TREINAMENTO 360 MENINA 266ML 622631;Drogaven;47.03;73.84;Drogaven;47.03;PRINCIPAL > PERFUMARIA > INFANTIL > ACESSORIO INFANTIL > COPO/CANECA;47.03;0;0
7896000705990;C;COR&TON CREME 50GR CAST.CLARO DOURADO 5.3;Drogaven;12.64;15.79;Drogaven;12.64;PRINCIPAL > PERFUMARIA > CABELO > TINTURA/TONALIZANTE;12.64;0;0
7896000705983;C;COR&TON CREME 50GR CASTANHO CLARO 5.0;Drogal;15.99;15.79;DROGACENTRO;15.79;PRINCIPAL > PERFUMARIA > CABELO > TINTURA/TONALIZANTE;0;15.99;0
7896000705969;B;COR&TON CREME 50GR CASTANHO ESCURO 3.0;Drogaven;12.64;15.79;Drogaven;12.64;PRINCIPAL > PERFUMARIA > CABELO > TINTURA/TONALIZANTE;12.64;0;0
7896000705976;C;COR&TON CREME 50GR CASTANHO MEDIO 4.0;Drogaven;12.64;15.79;Drogaven;12.64;PRINCIPAL > PERFUMARIA > CABELO > TINTURA/TONALIZANTE;12.64;0;0
7896000705921;C;COR&TON CREME 50GR CHOCOLATE 6.7;Drogaven;12.64;15.79;Drogaven;12.64;PRINCIPAL > PERFUMARIA > CABELO > TINTURA/TONALIZANTE;12.64;0;0
7896000706072;C;COR&TON CREME 50GR LOURO CINZA CLARO 8.1;Drogaven;12.64;15.79;Drogaven;12.64;PRINCIPAL > PERFUMARIA > CABELO > TINTURA/TONALIZANTE;12.64;0;0
7896000706065;C;COR&TON CREME 50GR LOURO CINZA MEDIO 7.1;Drogaven;12.64;15.79;Drogaven;12.64;PRINCIPAL > PERFUMARIA > CABELO > TINTURA/TONALIZANTE;12.64;0;0
7896000706034;C;COR&TON CREME 50GR LOURO CLARO 8.0;Drogaven;12.64;15.79;Drogaven;12.64;PRINCIPAL > PERFUMARIA > CABELO > TINTURA/TONALIZANTE;12.64;0;0
7896000706010;C;COR&TON CREME 50GR LOURO ESCURO 6.0;Drogaven;12.64;15.79;Drogaven;12.64;PRINCIPAL > PERFUMARIA > CABELO > TINTURA/TONALIZANTE;12.64;0;0
7896000706133;D;COR&TON CREME 50GR LOURO ESCURO VERMELHO 6.66;Drogaven;12.64;15.79;Drogaven;12.64;PRINCIPAL > PERFUMARIA > CABELO > TINTURA/TONALIZANTE;12.64;0;0
7896000706027;C;COR&TON CREME 50GR LOURO MEDIO 7.0;Drogaven;12.64;15.79;Drogaven;12.64;PRINCIPAL > PERFUMARIA > CABELO > TINTURA/TONALIZANTE;12.64;0;0
7896000724748;C;COR&TON CREME 50GR LOURO SUPER PLATINADO 12.111;Drogaven;12.64;15.79;Drogaven;12.64;PRINCIPAL > PERFUMARIA > CABELO > TINTURA/TONALIZANTE;12.64;0;0
7896000706058;C;COR&TON CREME 50GR LOURO ULTRA CLARO 10.0;Drogaven;12.64;15.79;Drogaven;12.64;PRINCIPAL > PERFUMARIA > CABELO > TINTURA/TONALIZANTE;12.64;0;0
7896000712738;C;COR&TON CREME 50GR MARROM ACOBREADO 5.74;Drogaven;12.64;15.79;Drogaven;12.64;PRINCIPAL > PERFUMARIA > CABELO > TINTURA/TONALIZANTE;12.64;0;0
7896000705938;C;COR&TON CREME 50GR MARROM DOURADO 7.7;Drogaven;12.64;15.79;Drogaven;12.64;PRINCIPAL > PERFUMARIA > CABELO > TINTURA/TONALIZANTE;12.64;0;0
7896000705952;B;COR&TON CREME 50GR PRETO 2.0;Drogaven;12.64;15.79;Drogaven;12.64;PRINCIPAL > PERFUMARIA > CABELO > TINTURA/TONALIZANTE;12.64;0;0
7896000705945;B;COR&TON CREME 50GR PRETO AZULADO 1.0;Drogaven;12.64;15.79;Drogaven;12.64;PRINCIPAL > PERFUMARIA > CABELO > TINTURA/TONALIZANTE;12.64;0;0
7896000727534;C;COR&TON CREME 50GR PRETO AZULADO ESPECIAL 1.7;Drogaven;12.64;15.79;Drogaven;12.64;PRINCIPAL > PERFUMARIA > CABELO > TINTURA/TONALIZANTE;12.64;0;0
7896000724953;C;COR&TON CREME 50GR PRETO ONIX 1.110;Drogaven;12.64;15.79;Drogaven;12.64;PRINCIPAL > PERFUMARIA > CABELO > TINTURA/TONALIZANTE;12.64;0;0
7896000706164;C;COR&TON CREME 50GR VERMELHO INTENSO 7.66;Drogaven;12.64;15.79;Drogaven;12.64;PRINCIPAL > PERFUMARIA > CABELO > TINTURA/TONALIZANTE;12.64;0;0
7896015519636;C;COREGA 12 HORAS 22G;Drogaven;24.07;18.8;DROGACENTRO;18.8;PRINCIPAL > PERFUMARIA > HIGIENE > ORAL > CREME FIXADOR;24.07;0;0
7896015528706;C;COREGA 12 HORAS 50G;Drogaven;41.44;37.15;DROGACENTRO;37.15;PRINCIPAL > PERFUMARIA > HIGIENE > ORAL > CREME FIXADOR;41.44;0;0
7896009498268;B;COREGA PO 3EM1 SEM SABOR 22G;Drogaven;21.45;25.93;Drogaven;21.45;PRINCIPAL > PERFUMARIA > HIGIENE > ORAL > CREME FIXADOR;21.45;0;0
7896009498275;C;COREGA TABS BRANQUEADOR C/6COMP;Drogal;10.75;9.38;DROGACENTRO;9.38;PRINCIPAL > PERFUMARIA > HIGIENE > ORAL > CREME FIXADOR;0;10.75;0
7896015526252;B;COREGA ULTRA CREME 19G;Drogaven;27.1;31.98;Drogaven;27.1;PRINCIPAL > PERFUMARIA > HIGIENE > ORAL > CREME FIXADOR;27.1;0;0
7896009490651;C;COREGA ULTRA CREME BG 40G S/SABOR;Drogal;61.89;56.07;DROGACENTRO;56.07;PRINCIPAL > PERFUMARIA > HIGIENE > ORAL > CREME FIXADOR;62.68;61.89;0
7896009400148;C;COREGA ULTRA CREME MENTA 40G;Drogal;61.89;56.07;DROGACENTRO;56.07;PRINCIPAL > PERFUMARIA > HIGIENE > ORAL > CREME FIXADOR;62.68;61.89;0
7896015591427;C;COREGA ULTRA CREME MENTA 68G;Drogaven;81.66;74.69;DROGACENTRO;74.69;PRINCIPAL > PERFUMARIA > HIGIENE > ORAL > CREME FIXADOR;81.66;0;0
7896015525804;B;COREGA ULTRA CREME S/ SABOR 70G;Drogaven;81.26;74.69;DROGACENTRO;74.69;PRINCIPAL > PERFUMARIA > HIGIENE > ORAL > CREME FIXADOR;81.26;0;0
7899852019123;D;CORRETIVO LIQ NANO HD COR V190 VULT;DrogaRaia;23.9;31.97;DrogaRaia;23.9;PRINCIPAL > PERFUMARIA > BELEZA > MAQUIAGEM > CORRETIVO;0;0;23.9
7898647921085;C;CORTADOR DE UNHA BELLE GDE 34-1085;Drogaven;11.66;10.9;DROGACENTRO;10.9;PRINCIPAL > PERFUMARIA > BELEZA > MAOS > CORTADOR;11.66;0;0
7898647920491;C;CORTADOR DE UNHA BELLESA PEQ 34-0491;Drogaven;6.85;8.5;Drogaven;6.85;PRINCIPAL > PERFUMARIA > BELEZA > MAOS > CORTADOR;6.85;0;0
7891010560812;B;COTONETE J&J C/150;Drogal;9.85;14.77;Drogal;9.85;PRINCIPAL > PERFUMARIA > HIGIENE > DESCARTAVEL-INTIMA > HASTE/COTONETE;12.41;9.85;0
7891010560737;A;COTONETE J&J C/75;Drogal;5.75;8.27;Drogal;5.75;PRINCIPAL > PERFUMARIA > HIGIENE > DESCARTAVEL-INTIMA > HASTE/COTONETE;6.85;5.75;0
7891010032937;C;COTONETE J&J POTE C/150;Drogaven;15.32;17.81;Drogaven;15.32;PRINCIPAL > PERFUMARIA > HIGIENE > DESCARTAVEL-INTIMA > HASTE/COTONETE;15.32;0;0
6920354824395;C;CR DENTAL COLGATE NAT EXTRACTS BRAN CARVAO ATIVADO MENTA 90G;Drogal;10.69;11.68;Drogal;10.69;PRINCIPAL > PERFUMARIA > HIGIENE > ORAL > CREME DENTAL;11.26;10.69;0
7896018704916;C;CREME ASSADADURA HUGGIES SUPREME CARE 30G;Drogaven;14.69;18.74;Drogaven;14.69;PRINCIPAL > PERFUMARIA > INFANTIL > CREME ASSADURA;14.69;0;0
7896018704152;C;CREME ASSADURA HUGGIES AMENDOAS 80G;Drogaven;31.04;32.5;Drogaven;31.04;PRINCIPAL > PERFUMARIA > INFANTIL > CREME ASSADURA;31.04;0;0
7891350011043;C;CREME BARBEAR BOZZANO ALOE VERA 65G;Drogal;8.99;12.3;Drogal;8.99;PRINCIPAL > PERFUMARIA > MASCULINO > BARBA/BIGODE > CREME/ESPUMA/OLEO/BALM/LOCAO/GEL;9.79;8.99;0
7891350002409;C;CREME BARBEAR BOZZANO MENTOLADO 65G;Drogal;8.99;12.3;Drogal;8.99;PRINCIPAL > PERFUMARIA > MASCULINO > BARBA/BIGODE > CREME/ESPUMA/OLEO/BALM/LOCAO/GEL;9.79;8.99;0
7891350011623;C;CREME BARBEAR BOZZANO PELE SENSIVEL 65G;Drogal;8.99;12.3;Drogal;8.99;PRINCIPAL > PERFUMARIA > MASCULINO > BARBA/BIGODE > CREME/ESPUMA/OLEO/BALM/LOCAO/GEL;9.79;8.99;0
4005900328472;C;CREME BARBEAR NIVEA SENSITIVE 65G;Drogal;11.85;19.41;Drogal;11.85;PRINCIPAL > PERFUMARIA > MASCULINO > BARBA/BIGODE > CREME/ESPUMA/OLEO/BALM/LOCAO/GEL;15.53;11.85;0
7891033583102;C;CREME DE PENTEAR SIAGE PRO CRONOLOGY DEFINICAO 300ML;Drogaven;50.29;50.65;Drogaven;50.29;PRINCIPAL > PERFUMARIA > CABELO > CREME;50.29;0;0
7891033583119;C;CREME DE PENTEAR SIAGE PRO CRONOLOGY VOLUME 300ML;Drogaven;50.29;51.04;Drogaven;50.29;PRINCIPAL > PERFUMARIA > CABELO > CREME;50.29;0;0
7898994532934;C;CREME DE RACHADURAS C/ UREIA LABOTRAT 100G;Drogaven;18.61;17.78;DROGACENTRO;17.78;PRINCIPAL > PERFUMARIA > BELEZA > PES > HIDRATANTE;18.61;0;0
7898610375525;C;CREME DE SILICONE HASKELL TUTANO 240G;Drogaven;39.1;53.34;Drogaven;39.1;PRINCIPAL > PERFUMARIA > CABELO > CREME;39.1;0;0
7891150063075;D;CREME DENTAL CLOSE-UP LIQUIFRESH RED HOT 100G;Drogal;6.89;6.84;DROGACENTRO;6.84;PRINCIPAL > PERFUMARIA > HIGIENE > ORAL > CREME DENTAL;0;6.89;0
7891150088351;C;CREME DENTAL CLOSEUP MULTIVITAMINAS E BENEFICIOS WHITE 85G;Drogal;6.55;7.57;Drogal;6.55;PRINCIPAL > PERFUMARIA > HIGIENE > ORAL > CREME DENTAL;0;6.55;0
7891150049888;C;CREME DENTAL CLOSEUP TRIPLA PROTECAO HORTELA 70G;Drogal;3.35;2.69;DROGACENTRO;2.69;PRINCIPAL > PERFUMARIA > HIGIENE > ORAL > CREME DENTAL;3.48;3.35;0
7891150049895;C;CREME DENTAL CLOSEUP TRIPLE MENTA 90G;Drogal;3.35;2.94;DROGACENTRO;2.94;PRINCIPAL > PERFUMARIA > HIGIENE > ORAL > CREME DENTAL;3.48;3.35;0
7891150049871;C;CREME DENTAL CLOSEUP TRIPLE MENTA AMERICANA 90G;Drogal;3.35;2.71;DROGACENTRO;2.71;PRINCIPAL > PERFUMARIA > HIGIENE > ORAL > CREME DENTAL;3.48;3.35;0
7891024030820;D;CREME DENTAL COLGATE  LUMINOUS WHITE 70G;Drogaven;8.52;8.07;DROGACENTRO;8.07;PRINCIPAL > PERFUMARIA > HIGIENE > ORAL > CREME DENTAL;8.52;0;0
7509546651040;C;CREME DENTAL COLGATE  LUMINOUS WHITE CARVAO ATIVADO 70G;DrogaRaia;8.07;10.22;DrogaRaia;8.07;PRINCIPAL > PERFUMARIA > HIGIENE > ORAL > CREME DENTAL;8.52;0;8.07
7509546660561;C;CREME DENTAL COLGATE INF MEU MALVADO FALVORITO 60G;Drogal;10.39;10.45;Drogal;10.39;PRINCIPAL > PERFUMARIA > INFANTIL > HIGIENE INFANTIL > CREME DENTAL/FIO;0;10.39;0
7891024028353;B;CREME DENTAL COLGATE MAIS NEUTRAÇUCAR 70G;Drogaven;8.72;7.14;DROGACENTRO;7.14;PRINCIPAL > PERFUMARIA > HIGIENE > ORAL > CREME DENTAL;8.72;0;0
7891024134610;B;CREME DENTAL COLGATE MAXIMA PROTECAO ANTICARIES 180G;Drogaven;9.79;8.76;DROGACENTRO;8.76;PRINCIPAL > PERFUMARIA > HIGIENE > ORAL > CREME DENTAL;9.79;0;0
7891024134702;B;CREME DENTAL COLGATE MAXIMA PROTECAO ANTICARIES 90G;Drogal;5.35;5.38;Drogal;5.35;PRINCIPAL > PERFUMARIA > HIGIENE > ORAL > CREME DENTAL;5.77;5.35;0
7793100130243;D;CREME DENTAL COLGATE PERIOGARD 90G;Drogal;24.99;41.18;Drogal;24.99;PRINCIPAL > PERFUMARIA > HIGIENE > ORAL > CREME DENTAL;30.37;24.99;0
7891024132647;C;CREME DENTAL COLGATE SENS.PRO ALIVIO PRO-ARGIN REGULA 110G;Drogaven;16.8;21.34;Drogaven;16.8;PRINCIPAL > PERFUMARIA > HIGIENE > ORAL > CREME DENTAL;16.8;0;0
7891024041611;C;CREME DENTAL COLGATE SENSITIVE PRO ALIVIO IMEDIATO 90G;Drogaven;14.4;14.7;Drogaven;14.4;PRINCIPAL > PERFUMARIA > HIGIENE > ORAL > CREME DENTAL;14.4;0;0
7891024124628;C;CREME DENTAL COLGATE SENSITIVE PRO-ALIVIO + BRANQUEADOR 110G;Drogaven;17.54;19.1;Drogaven;17.54;PRINCIPAL > PERFUMARIA > HIGIENE > ORAL > CREME DENTAL;17.54;0;0
7891024041628;C;CREME DENTAL COLGATE SENSITIVE PRO-ALIVIO BRANQUEADOR 90G;Drogaven;14.69;18.93;Drogaven;14.69;PRINCIPAL > PERFUMARIA > HIGIENE > ORAL > CREME DENTAL;14.69;0;0
7891024100431;D;CREME DENTAL COLGATE SENSITIVE PRO-ALIVIO REP. ESMALTE 110G;Drogaven;17.54;18.59;Drogaven;17.54;PRINCIPAL > PERFUMARIA > HIGIENE > ORAL > CREME DENTAL;17.54;0;0
7509546069593;D;CREME DENTAL COLGATE SMILES MINIONS 100ML;Drogaven;12.64;13.77;Drogaven;12.64;PRINCIPAL > PERFUMARIA > INFANTIL > HIGIENE INFANTIL > CREME DENTAL/FIO;12.64;0;0
7509546654027;B;CREME DENTAL COLGATE TOTAL 12 ANTI-TARTARO 140G;Drogaven;14.6;16.16;Drogaven;14.6;PRINCIPAL > PERFUMARIA > HIGIENE > ORAL > CREME DENTAL;14.6;0;0
7793100111143;C;CREME DENTAL COLGATE TOTAL 12 CLEAN MINT 90G;Drogaven;11.46;9.69;DROGACENTRO;9.69;PRINCIPAL > PERFUMARIA > HIGIENE > ORAL > CREME DENTAL;11.46;0;0
7891024132005;A;CREME DENTAL COLGATE TRIPLA ACAO 90G;Drogaven;5.24;5.48;Drogaven;5.24;PRINCIPAL > PERFUMARIA > HIGIENE > ORAL > CREME DENTAL;5.24;0;0
8718951456440;C;CREME DENTAL ELMEX SENSITIVE WHITENING 110G;Drogal;26.49;33.81;Drogal;26.49;PRINCIPAL > PERFUMARIA > HIGIENE > ORAL > CREME DENTAL;28.32;26.49;0
7891037744509;C;CREME DENTAL LIQUIDO CLOSE-UP FRESH;Drogaven;5.73;7.21;Drogaven;5.73;PRINCIPAL > PERFUMARIA > HIGIENE > ORAL > CREME DENTAL;5.73;0;0
7896015527440;C;CREME DENTAL PARODONTAX ORIGINAL 50G;Drogaven;14.6;16.63;Drogaven;14.6;PRINCIPAL > PERFUMARIA > HIGIENE > ORAL > CREME DENTAL;14.6;0;0
7896015519223;C;CREME DENTAL SENSODYNE BRANQ.EXTRA FRESH 50G;Drogaven;12.73;12.1;DROGACENTRO;12.1;PRINCIPAL > PERFUMARIA > HIGIENE > ORAL > CREME DENTAL;12.73;0;0
7896009400049;C;CREME DENTAL SENSODYNE ORIGINAL 50G;Drogaven;12.73;12.1;DROGACENTRO;12.1;PRINCIPAL > PERFUMARIA > HIGIENE > ORAL > CREME DENTAL;12.73;0;0
7896009419324;B;CREME DENTAL SENSODYNE ORIGINAL 90G;Drogaven;16.65;16.13;DROGACENTRO;16.13;PRINCIPAL > PERFUMARIA > HIGIENE > ORAL > CREME DENTAL;16.65;0;0
7896009498107;C;CREME DENTAL SENSODYNE PROTECAO COMPLETA 90G;Drogaven;18.97;16.13;DROGACENTRO;16.13;PRINCIPAL > PERFUMARIA > HIGIENE > ORAL > CREME DENTAL;18.97;0;0
7896015528300;C;CREME DENTAL SENSODYNE RAPIDO ALIVIO 90G;Drogaven;18.97;16.13;DROGACENTRO;16.13;PRINCIPAL > PERFUMARIA > HIGIENE > ORAL > CREME DENTAL;18.97;0;0
7896015528577;C;CREME DENTAL SENSODYNE REPAIR WHITENING 100G;Drogal;19.89;24.2;Drogal;19.89;PRINCIPAL > PERFUMARIA > HIGIENE > ORAL > CREME DENTAL;22.62;19.89;0
7896015591786;C;CREME DENTAL SENSODYNE SENSIBILIDADE E GENGIVAS 100G;Drogal;19.89;23.88;Drogal;19.89;PRINCIPAL > PERFUMARIA > HIGIENE > ORAL > CREME DENTAL;22.62;19.89;0
7891528038810;C;CREME DENTAL TANDY MORANGO 50G;Drogal;7.79;9.98;Drogal;7.79;PRINCIPAL > PERFUMARIA > INFANTIL > HIGIENE INFANTIL > CREME DENTAL/FIO;8.72;7.79;0
7891528038827;C;CREME DENTAL TANDY TUTI FRUTI 50G;Drogal;7.79;9.98;Drogal;7.79;PRINCIPAL > PERFUMARIA > INFANTIL > HIGIENE INFANTIL > CREME DENTAL/FIO;8.72;7.79;0
7896015592721;D;CREME DENTAL ULTRA PROTECAO SESODYNE 90G;Drogaven;16.65;17.2;Drogaven;16.65;PRINCIPAL > PERFUMARIA > HIGIENE > ORAL > CREME DENTAL;16.65;0;0
7898302722026;C;CREME DEPILATORIO NEORLY FACIAL ROSAS 40G;Drogaven;16.45;17.52;Drogaven;16.45;PRINCIPAL > PERFUMARIA > BELEZA > DEPILACAO > CREME;16.45;0;0
7898302722507;C;CREME DEPILATORIO NEORLY SENSI PELES DELICADAS 120G;Drogaven;28.12;28.54;Drogaven;28.12;PRINCIPAL > PERFUMARIA > BELEZA > DEPILACAO > CREME;28.12;0;0
7898040328412;C;CREME DERMOVANCE HIDRATANTE FACIAL PELE SECA SENSIVEL CALM 4;Drogaven;42.43;57.65;Drogaven;42.43;PRINCIPAL > PERFUMARIA > BELEZA > DERMOCOSMETICO;42.43;0;0
7896671601072;D;CREME DESODORANTE P/ PES ESFOLIANTE RELAX 200G;Drogaven;24.98;29.79;Drogaven;24.98;PRINCIPAL > PERFUMARIA > BELEZA > PES > classificar;24.98;0;0
42360414;B;CREME FACIAL NIVEA 100G ANTISSINAIS;Drogal;34.35;37.77;Drogal;34.35;PRINCIPAL > PERFUMARIA > BELEZA > ROSTO > CREME;0;34.35;0
42398004;C;CREME FACIAL NIVEA 100G FRESH;Drogal;34.35;37.77;Drogal;34.35;PRINCIPAL > PERFUMARIA > BELEZA > ROSTO > CREME;0;34.35;0
42360407;B;CREME FACIAL NIVEA 100G NUTRITIVO;Drogal;34.35;37.77;Drogal;34.35;PRINCIPAL > PERFUMARIA > BELEZA > ROSTO > CREME;0;34.35;0
4005900950987;C;CREME FACIAL NIVEA 100G PELE NEGRA;Drogaven;32.33;37.77;Drogaven;32.33;PRINCIPAL > PERFUMARIA > BELEZA > ROSTO > CREME;32.33;0;0
4005808174478;C;CREME FACIAL NIVEA ANTISSINAIS DIA FPS30 Q10 POWER 50G;Drogal;49.99;50.37;Drogal;49.99;PRINCIPAL > PERFUMARIA > BELEZA > ROSTO > classificar;0;49.99;0
4005900779458;C;CREME FACIAL NIVEA ANTISSINAIS NOITE Q10 ENERGY 50G;Drogaven;46.94;50.38;Drogaven;46.94;PRINCIPAL > PERFUMARIA > BELEZA > ROSTO > classificar;46.94;0;0
4005900929679;C;CREME FACIAL NIVEA EXPERT LIFT FPS30 50ML;Drogal;64.99;91.95;Drogal;64.99;PRINCIPAL > PERFUMARIA > BELEZA > ROSTO > CREME;67.86;64.99;0
7899852020211;D;CREME FACIAL VULT HIDRATANTE 100G ANTISSINAIS	;Drogal;21.99;34.18;Drogal;21.99;PRINCIPAL > PERFUMARIA > BELEZA > ROSTO > CREME;28.17;21.99;0
7899852020204;C;CREME FACIAL VULT HIDRATANTE 100G NUTRITIVO;Drogal;21.99;34.18;Drogal;21.99;PRINCIPAL > PERFUMARIA > BELEZA > ROSTO > CREME;28.17;21.99;0
7898944074484;D;CREME HASKELL GIRASSOL POS SOL SOS VERAO 240G;Drogaven;52.36;53.34;Drogaven;52.36;PRINCIPAL > PERFUMARIA > CABELO > CREME;52.36;0;0
7898636191345;C;CREME HIDRATANTE DIABETTX PLUS 10% UREIA 250G;Drogaven;44.98;44.82;DROGACENTRO;44.82;PRINCIPAL > PERFUMARIA > BELEZA > CORPO > HIDRATANTE;44.98;0;0
7896235354307;D;CREME HIDRATANTE MONANGE AREAS ESPECIFICAS ABACATE 50G;Drogal;19.05;16.24;DROGACENTRO;16.24;PRINCIPAL > PERFUMARIA > BELEZA > CORPO > HIDRATANTE;19.59;19.05;0
7896235354291;D;CREME HIDRATANTE MONANGE AREAS ESPECIFICAS MACADAMIA 50G;Drogal;19.05;16.24;DROGACENTRO;16.24;PRINCIPAL > PERFUMARIA > BELEZA > CORPO > HIDRATANTE;19.59;19.05;0
7896235353935;C;CREME HIDRATANTE MONANGE HIDRAT.INTENSIVA PELE SECA 400ML;Drogal;12.99;16.24;Drogal;12.99;PRINCIPAL > PERFUMARIA > BELEZA > CORPO > HIDRATANTE;0;12.99;0
7896235354062;C;CREME HIDRATANTE PAIXAO AVELA DES CORPORAL 200ML;Drogal;8.99;10.3;Drogal;8.99;PRINCIPAL > PERFUMARIA > BELEZA > CORPO > HIDRATANTE;10.77;8.99;0
7898632470628;C;CREME LABOTRAT HIDRATANTE MAOS E PES LAVANDA DIA A DIA 100G;Drogaven;17.14;22.43;Drogaven;17.14;PRINCIPAL > PERFUMARIA > BELEZA > MAOS > HIDRATANTE;17.14;0;0
7908458326136;D;CREME MULTIFUNCIONAL SALON LINE MULTY KIDS 1KG;Drogal;27.35;32.61;Drogal;27.35;PRINCIPAL > PERFUMARIA > INFANTIL > HIGIENE INFANTIL > classificar;0;27.35;0
4005900929686;C;CREME NIVEA FACIAL CELLUAR EXPERT LIFT NOITE 48G;Drogal;64.99;70.02;Drogal;64.99;PRINCIPAL > PERFUMARIA > BELEZA > ROSTO > CREME;67.86;64.99;0
4005900408891;C;CREME NIVEA LATA 145G;Drogaven;31.26;57.52;Drogaven;31.26;PRINCIPAL > PERFUMARIA > BELEZA > ROSTO > classificar;31.26;0;0
42277217;B;CREME NIVEA LATA 29G;Drogal;19.45;21.76;Drogal;19.45;PRINCIPAL > PERFUMARIA > BELEZA > ROSTO > classificar;0;19.45;0
78906617;B;CREME NIVEA LATA 56G;Drogal;21.99;29.87;Drogal;21.99;PRINCIPAL > PERFUMARIA > BELEZA > ROSTO > classificar;0;21.99;0
4005900442659;C;CREME NIVEA LATA MEN 75G;Drogal;23.49;38.94;Drogal;23.49;PRINCIPAL > PERFUMARIA > BELEZA > ROSTO > CREME;34.78;23.49;0
4005900704337;C;CREME NIVEA PARA MÃOS REPARAÇÃO 3 EM 1 75G;Drogaven;23.42;28.87;Drogaven;23.42;PRINCIPAL > PERFUMARIA > BELEZA > MAOS > classificar;23.42;0;0
42110200;D;CREME NIVEA SOFT 49G;Drogal;28.25;27.57;DROGACENTRO;27.57;PRINCIPAL > PERFUMARIA > BELEZA > ROSTO > classificar;0;28.25;0
4005808890590;C;CREME NIVEA SOFT 98G;Drogaven;42.04;43.58;Drogaven;42.04;PRINCIPAL > PERFUMARIA > BELEZA > ROSTO > classificar;42.04;0;0
7898524348516;C;CREME PENTEAR  SALON LINE SOS COCO 300G;Drogal;15.05;18.29;Drogal;15.05;PRINCIPAL > PERFUMARIA > CABELO > CREME;0;15.05;0
7908458320608;C;CREME PENTEAR DEFINICAO NATURAL 1KG;Drogal;28.99;43.19;Drogal;28.99;PRINCIPAL > PERFUMARIA > CABELO > CREME;0;28.99;0
7891150087286;D;CREME PENTEAR DOVE CACHEADO TEXTURAS REAIS 355ML;Drogal;17.55;27.6;Drogal;17.55;PRINCIPAL > PERFUMARIA > CABELO > CREME;18.61;17.55;0
7891150087293;D;CREME PENTEAR DOVE CRESPO TEXTURAS REAIS 355ML;Drogaven;15.58;24.08;Drogaven;15.58;PRINCIPAL > PERFUMARIA > CABELO > CREME;15.58;0;0
7908615059983;C;CREME PENTEAR ELSEVE GLYCOLIC SUPER GLOSS 250ML;Drogaven;17.11;18.4;Drogaven;17.11;PRINCIPAL > PERFUMARIA > CABELO > CREME;17.11;0;0
7899706187466;C;CREME PENTEAR ELSEVE HIDRA HIALURONICO PREENCHEDOR 250ML;Drogaven;17.34;18.4;Drogaven;17.34;PRINCIPAL > PERFUMARIA > CABELO > CREME;17.34;0;0
7908785461500;C;CREME PENTEAR ELSEVE LISO DOS SONHOS SUPER ALINHADOR 250ML;Drogaven;17.34;22.35;Drogaven;17.34;PRINCIPAL > PERFUMARIA > CABELO > CREME;17.34;0;0
7899706170895;C;CREME PENTEAR ELSEVE LONGO DOS SONHOS 250ML;Drogaven;17.34;18.4;Drogaven;17.34;PRINCIPAL > PERFUMARIA > CABELO > CREME;17.34;0;0
7899706197526;C;CREME PENTEAR ELSEVE MILAGROSO CACHO D SONHOS 3EM1 500ML;Drogaven;29.23;38.38;Drogaven;29.23;PRINCIPAL > PERFUMARIA > CABELO > CREME;29.23;0;0
7899026420595;C;CREME PENTEAR ELSEVE REPARACAO TOTAL 5+ 250ML;Drogaven;17.34;18.4;Drogaven;17.34;PRINCIPAL > PERFUMARIA > CABELO > CREME;17.34;0;0
7896018750852;C;CREME PENTEAR HUGGIES KIDS BRILHO MAGICO 360ML;Drogal;17.95;20.0;Drogal;17.95;PRINCIPAL > PERFUMARIA > INFANTIL > HIGIENE INFANTIL > CREME PENTEAR/ATIVADOR/TRATAMENTO/MASCARA;18.52;17.95;0
7896018750883;D;CREME PENTEAR HUGGIES KIDS NUTRICAO FORCA 360ML;Drogaven;15.67;20.0;Drogaven;15.67;PRINCIPAL > PERFUMARIA > INFANTIL > HIGIENE INFANTIL > CREME PENTEAR/ATIVADOR/TRATAMENTO/MASCARA;15.67;0;0
7891010255046;C;CREME PENTEAR J&J BLACKINHO PODEROSO 200ML;Drogaven;29.39;41.62;Drogaven;29.39;PRINCIPAL > PERFUMARIA > INFANTIL > HIGIENE INFANTIL > CREME PENTEAR/ATIVADOR/TRATAMENTO/MASCARA;29.39;0;0
7899706197502;C;CREME PENTEAR NOTURNO CACHOS LONGOS DOS SONHOS 250ML;Drogaven;17.34;18.4;Drogaven;17.34;PRINCIPAL > PERFUMARIA > CABELO > CREME;17.34;0;0
7500435248181;C;CREME PENTEAR PANTENE  BIOTINAMINA ANTI-QUEDA 240G;Drogaven;17.63;16.77;DROGACENTRO;16.77;PRINCIPAL > PERFUMARIA > CABELO > CREME;17.63;0;0
7500435118507;C;CREME PENTEAR PANTENE  HIDRA CACHEADO 240G;Drogal;20.69;18.0;DROGACENTRO;18.0;PRINCIPAL > PERFUMARIA > CABELO > CREME;0;20.69;0
7500435118583;C;CREME PENTEAR PANTENE  HIDRATA 240G ;Drogal;20.69;18.4;DROGACENTRO;18.4;PRINCIPAL > PERFUMARIA > CABELO > CREME;0;20.69;0
7500435154307;C;CREME PENTEAR PANTENE BAMBU NUTR E & CRESCE 240G;Drogaven;17.54;18.4;Drogaven;17.54;PRINCIPAL > PERFUMARIA > CABELO > CREME;17.54;0;0
7506309841816;C;CREME PENTEAR PANTENE HIDRO CAUTERIZACAO 240G;Drogaven;19.5;18.4;DROGACENTRO;18.4;PRINCIPAL > PERFUMARIA > CABELO > CREME;19.5;0;0
7506195167281;D;CREME PENTEAR PANTENE LISO EXTREMO 240G;Drogaven;19.5;18.4;DROGACENTRO;18.4;PRINCIPAL > PERFUMARIA > CABELO > CREME;19.5;0;0
7506309841823;D;CREME PENTEAR PANTENE RESTAURACAO 240G;Drogaven;19.5;18.4;DROGACENTRO;18.4;PRINCIPAL > PERFUMARIA > CABELO > CREME;19.5;0;0
7500435142168;C;CREME PENTEAR PANTENE UNIDAS PELOS CACHOS 225ML;Drogal;42.49;43.6;Drogal;42.49;PRINCIPAL > PERFUMARIA > CABELO > CREME;0;42.49;0
7898623952737;D;CREME PENTEAR SALON LINE COND MEL CACHOS INT 300ML;DrogaRaia;16.27;18.29;DrogaRaia;16.27;PRINCIPAL > PERFUMARIA > CABELO > CREME;0;0;16.27
7908458326150;C;CREME PENTEAR SALON LINE KIDS CHOCOLATE 1KG;Drogal;31.89;39.06;Drogal;31.89;PRINCIPAL > PERFUMARIA > INFANTIL > HIGIENE INFANTIL > CREME PENTEAR/ATIVADOR/TRATAMENTO/MASCARA;34.2;31.89;0
7908458326716;C;CREME PENTEAR SALON LINE KIDS HIDRATACAO CHICLETE 300ML;Drogal;13.89;18.54;Drogal;13.89;PRINCIPAL > PERFUMARIA > INFANTIL > HIGIENE INFANTIL > CREME PENTEAR/ATIVADOR/TRATAMENTO/MASCARA;0;13.89;0
7908458326198;C;CREME PENTEAR SALON LINE MULTY 3EM1 MARACUJA 1KG;Drogal;29.55;35.65;Drogal;29.55;PRINCIPAL > PERFUMARIA > CABELO > CREME;0;29.55;0
7908458326204;C;CREME PENTEAR SALON LINE MULTY 3EM1 MELANCIA 1KG;Drogal;29.55;35.65;Drogal;29.55;PRINCIPAL > PERFUMARIA > CABELO > CREME;0;29.55;0
7898524348745;C;CREME PENTEAR SALON LINE SOS CACHOS KIDS 300ML;Drogal;14.85;18.29;Drogal;14.85;PRINCIPAL > PERFUMARIA > INFANTIL > HIGIENE INFANTIL > CREME PENTEAR/ATIVADOR/TRATAMENTO/MASCARA;0;14.85;0
7898623952676;C;CREME PENTEAR SALON LINE SOS COND OLEO MANGA TRAD 300ML;DrogaRaia;19.88;18.29;DROGACENTRO;18.29;PRINCIPAL > PERFUMARIA > CABELO > CREME;0;0;19.88
7891150060883;C;CREME PENTEAR SEDA BABOSA + OLEOS 300ML;Drogaven;7.71;12.27;Drogaven;7.71;PRINCIPAL > PERFUMARIA > CABELO > CREME;7.71;0;0
7891150095922;D;CREME PENTEAR SEDA BOOM DEFINICAO FLEXIVEL 1K;Drogal;23.89;29.47;Drogal;23.89;PRINCIPAL > PERFUMARIA > CABELO > CREME;24.0;23.89;0
7891150095915;D;CREME PENTEAR SEDA BOOM DEFINICAO FLEXIVEL 350ML;Drogal;12.99;15.45;Drogal;12.99;PRINCIPAL > PERFUMARIA > CABELO > CREME;0;12.99;0
7891150088399;C;CREME PENTEAR SEDA BOOM DEFINICAO INTENSA 350ML;Drogaven;11.46;12.42;Drogaven;11.46;PRINCIPAL > PERFUMARIA > CABELO > CREME;11.46;0;0
7891150088368;D;CREME PENTEAR SEDA BOOM MODELADOR ANTIFRIZZ 350ML;Drogaven;11.46;13.07;Drogaven;11.46;PRINCIPAL > PERFUMARIA > CABELO > CREME;11.46;0;0
7891150088375;C;CREME PENTEAR SEDA BOOM VOLUME MAXIMO 350ML;Drogaven;11.46;14.62;Drogaven;11.46;PRINCIPAL > PERFUMARIA > CABELO > CREME;11.46;0;0
7891037000322;C;CREME PENTEAR SEDA CACHOS COMPORTADOS 300ML;Drogaven;10.28;12.27;Drogaven;10.28;PRINCIPAL > PERFUMARIA > CABELO > CREME;10.28;0;0
7891037144705;D;CREME PENTEAR SEDA CERAMIDAS 300ML;Drogaven;10.28;12.27;Drogaven;10.28;PRINCIPAL > PERFUMARIA > CABELO > CREME;10.28;0;0
7891150080102;D;CREME PENTEAR SEDA COLAGENO+VITAMINA C ;Drogaven;10.28;13.0;Drogaven;10.28;PRINCIPAL > PERFUMARIA > CABELO > CREME;10.28;0;0
7891150083639;C;CREME PENTEAR SEDA FROZEN JUNTINHOS 300ML;Drogaven;9.5;12.64;Drogaven;9.5;PRINCIPAL > PERFUMARIA > INFANTIL > HIGIENE INFANTIL > CREME PENTEAR/ATIVADOR/TRATAMENTO/MASCARA;9.5;0;0
7891037010048;C;CREME PENTEAR SEDA LISO PERFEITO 300ML;Drogaven;10.28;12.27;Drogaven;10.28;PRINCIPAL > PERFUMARIA > CABELO > CREME;10.28;0;0
7891150099852;D;CREME PENTEAR SEDA LUMINOUS UV 300ML;Drogaven;10.28;12.35;Drogaven;10.28;PRINCIPAL > PERFUMARIA > CABELO > CREME;10.28;0;0
7891150091436;C;CREME PENTEAR SEDA PREBIOT+BIOTINA 300ML;Drogaven;10.28;10.59;Drogaven;10.28;PRINCIPAL > PERFUMARIA > CABELO > CREME;10.28;0;0
7891150083653;D;CREME PENTEAR SEDA TIANA JUNTINHOS 300ML;Drogaven;9.5;12.64;Drogaven;9.5;PRINCIPAL > PERFUMARIA > INFANTIL > HIGIENE INFANTIL > CREME PENTEAR/ATIVADOR/TRATAMENTO/MASCARA;9.5;0;0
7891150101593;D;CREME PENTEAR SEDA TOQUE DE SEDA 300ML;Drogal;10.89;12.02;Drogal;10.89;PRINCIPAL > PERFUMARIA > CABELO > CREME;11.4;10.89;0
7896214000027;C;CREME RUGOL;Drogal;26.75;31.99;Drogal;26.75;PRINCIPAL > PERFUMARIA > BELEZA > ROSTO > classificar;29.39;26.75;0
7891150080119;C;CREME SEDA TRATAMENTO COLAGENO+VITAMINA C 300G;Drogaven;15.38;20.43;Drogaven;15.38;PRINCIPAL > PERFUMARIA > CABELO > CREME;15.38;0;0
7896015591106;C;CREME SENSODYNE LIMPEZA PROFUNDA 90G;Drogaven;16.65;16.13;DROGACENTRO;16.13;PRINCIPAL > PERFUMARIA > HIGIENE > ORAL > CREME DENTAL;16.65;0;0
7897042005048;C;CREME SKALA ABACATE 1KG;Drogaven;12.64;12.75;Drogaven;12.64;PRINCIPAL > PERFUMARIA > CABELO > CREME;12.64;0;0
7897042015269;C;CREME SKALA COQUETEL BRASIL NUTRIÇÃO E BRILHO 1KG;Drogaven;12.64;12.75;Drogaven;12.64;PRINCIPAL > PERFUMARIA > CABELO > CREME;12.64;0;0
7897042007226;C;CREME SKALA DIVINO POTINHO KIDS 1KG;Drogaven;12.64;12.75;Drogaven;12.64;PRINCIPAL > PERFUMARIA > INFANTIL > HIGIENE INFANTIL > classificar;12.64;0;0
7897042008407;C;CREME SKALA EXTRA LISOS 1KG;Drogaven;12.64;12.75;Drogaven;12.64;PRINCIPAL > PERFUMARIA > CABELO > CREME;12.64;0;0
7897042006021;D;CREME SKALA LAMA NEGRA 1KG;Drogaven;12.64;12.75;Drogaven;12.64;PRINCIPAL > PERFUMARIA > CABELO > CREME;12.64;0;0
7897042019304;B;CREME SKALA MELANCIA 1KG;Drogal;9.99;12.75;Drogal;9.99;PRINCIPAL > PERFUMARIA > CABELO > CREME;0;9.99;0
7897042019328;C;CREME SKALA MORANGO 1KG;Drogal;9.99;12.75;Drogal;9.99;PRINCIPAL > PERFUMARIA > CABELO > CREME;0;9.99;0
7897042010974;C;CREME SKALA OLEO DE COCO 1KG;Drogal;9.99;12.75;Drogal;9.99;PRINCIPAL > PERFUMARIA > CABELO > CREME;12.64;9.99;0
7897042012732;C;CREME SKALA TRATAMENTO AMIDO DE MILHO 1KG;Drogaven;7.55;12.75;Drogaven;7.55;PRINCIPAL > PERFUMARIA > CABELO > CREME;7.55;0;0
7897042012473;C;CREME SKALA TRATAMENTO DIVINO POTAO 1KG;Drogal;9.99;12.75;Drogal;9.99;PRINCIPAL > PERFUMARIA > CABELO > CREME;12.64;9.99;0
7897042019311;C;CREME SKALA UVA 1KG;Drogal;9.99;12.75;Drogal;9.99;PRINCIPAL > PERFUMARIA > CABELO > CREME;0;9.99;0
7908785461456;C;CREME TRATAMENTO  ELSEVE LISO DOS SONHOS ALINHADOR 300ML;Drogaven;27.34;33.58;Drogaven;27.34;PRINCIPAL > PERFUMARIA > CABELO > CREME;27.34;0;0
7899706197489;C;CREME TRATAMENTO ELSEVE CACHOS  DOS SONHOS 300ML;Drogaven;27.34;29.83;Drogaven;27.34;PRINCIPAL > PERFUMARIA > CABELO > CREME;27.34;0;0
7908615053110;C;CREME TRATAMENTO ELSEVE GLYCOLIC GLOSS 300G;Drogaven;24.2;29.83;Drogaven;24.2;PRINCIPAL > PERFUMARIA > CABELO > CREME;24.2;0;0
7899706244008;D;CREME TRATAMENTO ELSEVE HIALURONICO PURE 300G;Drogaven;27.34;29.83;Drogaven;27.34;PRINCIPAL > PERFUMARIA > CABELO > CREME;27.34;0;0
7899706187480;C;CREME TRATAMENTO ELSEVE HIDRA HIALURONICO MASC INTENS 300G;Drogaven;27.34;29.83;Drogaven;27.34;PRINCIPAL > PERFUMARIA > CABELO > CREME;27.34;0;0
7899706170918;C;CREME TRATAMENTO ELSEVE LONGO DOS SONHOS 300G;DrogaRaia;26.99;29.83;DrogaRaia;26.99;PRINCIPAL > PERFUMARIA > CABELO > CREME;27.34;0;26.99
7898587774475;D;CREME TRATAMENTO ELSEVE OLEO EXTRAORDINARIO NUTRIÇAO 300G;Drogal;30.99;29.83;DROGACENTRO;29.83;PRINCIPAL > PERFUMARIA > CABELO > CREME;0;30.99;0
7899706149822;C;CREME TRATAMENTO ELSEVE REP. TOTAL 5 CICATRI RENOV 50ML;Drogal;16.99;21.63;Drogal;16.99;PRINCIPAL > PERFUMARIA > CABELO > CREME;18.52;16.99;0
7899026457645;C;CREME TRATAMENTO ELSEVE REPARACAO TOTAL 5+ 300G;Drogal;30.99;29.83;DROGACENTRO;29.83;PRINCIPAL > PERFUMARIA > CABELO > CREME;0;30.99;0
7500435154291;C;CREME TRATAMENTO PANTENE BAMBU NUTRE & CRESCE 600ML;Drogal;38.09;38.06;DROGACENTRO;38.06;PRINCIPAL > PERFUMARIA > CABELO > CREME;0;38.09;0
7500435197014;C;CREME TRATAMENTO PANTENE COLAGENO 550ML;Drogaven;34.0;38.6;Drogaven;34.0;PRINCIPAL > PERFUMARIA > CABELO > CREME;34.0;0;0
7500435142229;C;CREME TRATAMENTO PANTENE HIDRATACAO 270ML;Drogaven;25.24;24.35;DROGACENTRO;24.35;PRINCIPAL > PERFUMARIA > CABELO > CREME;25.24;0;0
7500435142236;C;CREME TRATAMENTO PANTENE LISO EXTREMO 270ML;Drogaven;25.24;24.35;DROGACENTRO;24.35;PRINCIPAL > PERFUMARIA > CABELO > CREME;25.24;0;0
7500435142243;C;CREME TRATAMENTO PANTENE RESTAURAÇAO 270ML;Drogal;28.49;24.35;DROGACENTRO;24.35;PRINCIPAL > PERFUMARIA > CABELO > CREME;0;28.49;0
7898623952416;C;CREME TRATAMENTO SALON LINE MEU LISO AMIDO DE MILHO 300G;Drogaven;19.5;21.25;Drogaven;19.5;PRINCIPAL > PERFUMARIA > CABELO > CREME;19.5;0;0
7898647920880;C;CURVEX PARA CILIOS BASIC;Drogaven;16.65;22.78;Drogaven;16.65;PRINCIPAL > PERFUMARIA > BELEZA > MAQUIAGEM > classificar;16.65;0;0
7894222029764;D;DAILUS AGUA MICELAR DEMAQUILANTE 120ML;Drogaven;10.77;20.85;Drogaven;10.77;PRINCIPAL > PERFUMARIA > BELEZA > MAQUIAGEM > AGUA MICELAR;10.77;0;0
7908458306817;C;DEFRISANTE SPRAY SALON MEU LISO ACIDO HIALURONICO 240ML;Drogal;18.79;23.25;Drogal;18.79;PRINCIPAL > PERFUMARIA > CABELO > DEFRIZANTE;0;18.79;27.9
7894222030067;D;DELINEADOR LIQ PRETO DAILUS ;Drogaven;22.53;31.94;Drogaven;22.53;PRINCIPAL > PERFUMARIA > BELEZA > MAQUIAGEM > DELINEADOR;22.53;0;0
7896331705140;C;DENTAL FRESH PERIOTRAT SEM ALCOOL 250ML;Drogaven;25.33;20.46;DROGACENTRO;20.46;PRINCIPAL > PERFUMARIA > HIGIENE > ORAL > ANTISSEPTICO BUCAL;25.33;0;0
7898302722071;C;DEPILATORIO PERNAS NEORLY HIPOALERG.;Drogaven;26.45;33.05;Drogaven;26.45;PRINCIPAL > PERFUMARIA > BELEZA > DEPILACAO > CREME;26.45;0;0
7891035912405;C;DEPILATORIO VEET FACIAL 12FOLHAS PELES NORMAIS E SECAS;Drogaven;23.42;28.53;Drogaven;23.42;PRINCIPAL > PERFUMARIA > BELEZA > DEPILACAO > FOLHAS;23.42;0;0
7896004790657;B;DERMACYD BREEZE 200ML;Drogal;22.99;28.03;Drogal;22.99;PRINCIPAL > PERFUMARIA > HIGIENE > DESCARTAVEL-INTIMA > SABONETE INTIMO;0;22.99;0
7897595903914;B;DERMACYD DELICATA 200ML;Drogaven;25.47;20.37;DROGACENTRO;20.37;PRINCIPAL > PERFUMARIA > HIGIENE > DESCARTAVEL-INTIMA > SABONETE INTIMO;25.47;0;0
7896004790633;B;DERMACYD FEMINA 200ML;Drogal;22.99;28.03;Drogal;22.99;PRINCIPAL > PERFUMARIA > HIGIENE > DESCARTAVEL-INTIMA > SABONETE INTIMO;0;22.99;0
7897595901866;B;DERMACYD FEMINA 200ML;Drogaven;25.47;20.37;DROGACENTRO;20.37;PRINCIPAL > PERFUMARIA > HIGIENE > DESCARTAVEL-INTIMA > SABONETE INTIMO;25.47;0;0
7897595901859;C;DERMACYD LIQUIDO INFANTIL 200ML;Drogal;22.99;20.37;DROGACENTRO;20.37;PRINCIPAL > PERFUMARIA > INFANTIL > HIGIENE INFANTIL > SABONETE LIQUIDO/BARRA;25.47;22.99;0
7897930763005;D;DERMOTIVIN SALIX LIQUIDO 300ML;Drogaven;81.59;104.02;Drogaven;81.59;PRINCIPAL > PERFUMARIA > BELEZA > DERMOCOSMETICO;81.59;0;0
7897930762176;D;DERMOTIVIN SOFT FOAM 130ML;Drogal;71.89;90.27;Drogal;71.89;PRINCIPAL > PERFUMARIA > BELEZA > DERMOCOSMETICO;0;71.89;0
7897930762213;C;DERMOTIVIN SOFT SABONETE LIQUIDO 120ML;Drogal;51.65;67.14;Drogal;51.65;PRINCIPAL > PERFUMARIA > BELEZA > DERMOCOSMETICO;54.58;51.65;0
7898040326463;D;DERMOVANCE ES 100G;Drogal;51.49;53.23;Drogal;51.49;PRINCIPAL > PERFUMARIA > BELEZA > DERMOCOSMETICO;58.75;51.49;0
7896044997207;C;DES. CORPORAL BODY SPLASH GIOVANNA BABY BLANC VANILLA 260ML;Drogal;29.99;39.73;Drogal;29.99;PRINCIPAL > PERFUMARIA > HIGIENE > DESODORANTE FEMININO;0;29.99;0
7896046700331;C;DESCOLORANTE LIGHTNER 50G;Drogal;9.99;9.03;DROGACENTRO;9.03;PRINCIPAL > PERFUMARIA > CABELO > DESCOLORANTE;12.34;9.99;0
7896046702878;D;DESCOLORANTE LIGHTNER DIAMOND 20G;Drogal;6.99;14.64;Drogal;6.99;PRINCIPAL > PERFUMARIA > CABELO > DESCOLORANTE;0;6.99;0
7896046702922;D;DESCOLORANTE LIGHTNER DIAMOND 50G;Drogal;10.99;18.58;Drogal;10.99;PRINCIPAL > PERFUMARIA > CABELO > DESCOLORANTE;15.18;10.99;0
7896046710781;C;DESCOLORANTE LIGHTNER MENTA ALOE VERA 50G;Drogal;9.99;13.18;Drogal;9.99;PRINCIPAL > PERFUMARIA > CABELO > DESCOLORANTE;0;9.99;0
7896046714352;C;DESCOLORANTE LIGHTNER PEROLA 20G;Drogal;6.99;6.53;DROGACENTRO;6.53;PRINCIPAL > PERFUMARIA > CABELO > DESCOLORANTE;0;6.99;0
7896046703332;C;DESCOLORANTE LIGHTNER PROTEINAS 50G;Drogal;9.99;8.97;DROGACENTRO;8.97;PRINCIPAL > PERFUMARIA > CABELO > DESCOLORANTE;12.34;9.99;0
7896150012801;C;DESCOLORANTE YAMA CAMOMILA 20G;Drogal;6.99;8.29;Drogal;6.99;PRINCIPAL > PERFUMARIA > CABELO > DESCOLORANTE;0;6.99;0
7899674022011;C;DESODORANTE ABOVE AEROSOL ENERGY MEN 150ML;Drogal;8.19;10.44;Drogal;8.19;PRINCIPAL > PERFUMARIA > MASCULINO > DESODORANTE MASC;9.7;8.19;9.97
7899674027504;C;DESODORANTE ABOVE AEROSOL HURRICANE MEN 150ML;Drogal;4.89;10.44;Drogal;4.89;PRINCIPAL > PERFUMARIA > MASCULINO > DESODORANTE MASC;0;4.89;0
7899674027467;C;DESODORANTE ABOVE AEROSOL VULCAN MEN 150ML;Drogal;4.89;10.44;Drogal;4.89;PRINCIPAL > PERFUMARIA > MASCULINO > DESODORANTE MASC;9.2;4.89;0
7892940000010;C;DESODORANTE ADIDAS AEROSOL FEM PRO CONTROL 150ML;Drogaven;12.24;11.68;DROGACENTRO;11.68;PRINCIPAL > PERFUMARIA > HIGIENE > DESODORANTE FEMININO;12.24;0;0
7892940000034;D;DESODORANTE ADIDAS AEROSOL FEM PRO FRESH 150ML;Drogal;10.39;11.68;Drogal;10.39;PRINCIPAL > PERFUMARIA > HIGIENE > DESODORANTE FEMININO;0;10.39;0
7506306233362;C;DESODORANTE AXE AEROSOL ANTITRANSPIRANTE URBAN 152ML/90G;Drogal;9.99;15.23;Drogal;9.99;PRINCIPAL > PERFUMARIA > MASCULINO > DESODORANTE MASC;10.77;9.99;0
7791293025780;B;DESODORANTE AXE AEROSOL BS APOLLO 150ML 96G;Drogal;9.99;14.92;Drogal;9.99;PRINCIPAL > PERFUMARIA > MASCULINO > DESODORANTE MASC;10.77;9.99;0
7791293028781;C;DESODORANTE AXE AEROSOL BS BLACK 150ML 96G;Drogal;9.99;14.92;Drogal;9.99;PRINCIPAL > PERFUMARIA > MASCULINO > DESODORANTE MASC;10.77;9.99;0
7791293025797;C;DESODORANTE AXE AEROSOL BS DARK TEMPTATION 150ML 96G;Drogal;9.99;14.92;Drogal;9.99;PRINCIPAL > PERFUMARIA > MASCULINO > DESODORANTE MASC;10.77;9.99;0
7891150080966;C;DESODORANTE AXE AEROSOL BS MARINE 150ML 96G;Drogal;9.99;14.92;Drogal;9.99;PRINCIPAL > PERFUMARIA > MASCULINO > DESODORANTE MASC;10.77;9.99;0
7891150080973;B;DESODORANTE AXE AEROSOL BS MUSK 150ML 96G;Drogal;9.99;14.92;Drogal;9.99;PRINCIPAL > PERFUMARIA > MASCULINO > DESODORANTE MASC;10.77;9.99;0
7891350037807;C;DESODORANTE BOZZANO AEROSOL CARVAO ATIVADO 72HS 150ML;Drogal;8.99;10.19;Drogal;8.99;PRINCIPAL > PERFUMARIA > MASCULINO > DESODORANTE MASC;9.79;8.99;0
7891350038613;C;DESODORANTE BOZZANO AEROSOL CLINICAL CLEAN 94G/150ML;Drogal;14.99;13.76;DROGACENTRO;13.76;PRINCIPAL > PERFUMARIA > MASCULINO > DESODORANTE MASC;0;14.99;0
7891350038620;D;DESODORANTE BOZZANO AEROSOL CLINICAL ULTRA COOL 94G/150ML;Drogal;14.99;13.76;DROGACENTRO;13.76;PRINCIPAL > PERFUMARIA > MASCULINO > DESODORANTE MASC;0;14.99;0
7891350037791;C;DESODORANTE BOZZANO AEROSOL MEN DRY 48H ;Drogal;8.99;10.39;Drogal;8.99;PRINCIPAL > PERFUMARIA > MASCULINO > DESODORANTE MASC;9.79;8.99;0
7891350032857;C;DESODORANTE BOZZANO AEROSOL MEN EXTREME 72 H ;Drogal;8.99;10.28;Drogal;8.99;PRINCIPAL > PERFUMARIA > MASCULINO > DESODORANTE MASC;9.79;8.99;0
7891350032970;C;DESODORANTE BOZZANO AEROSOL MEN INVISIBILE THERMO 90G/150ML;Drogal;8.99;10.39;Drogal;8.99;PRINCIPAL > PERFUMARIA > MASCULINO > DESODORANTE MASC;9.79;8.99;0
7891350032741;D;DESODORANTE BOZZANO AEROSOL MEN SFRESH 90G/150ML;Drogal;8.99;10.39;Drogal;8.99;PRINCIPAL > PERFUMARIA > MASCULINO > DESODORANTE MASC;9.79;8.99;0
7896044997191;C;DESODORANTE CORP BODY SPLASH GIOVANNA BABY BLUE 260ML;Drogal;29.99;37.75;Drogal;29.99;PRINCIPAL > PERFUMARIA > HIGIENE > DESODORANTE FEMININO;34.2;29.99;0
7896044997276;C;DESODORANTE CORP BODY SPLASH GIOVANNA BABY BLUEBERRY 260ML;Drogal;29.99;37.75;Drogal;29.99;PRINCIPAL > PERFUMARIA > HIGIENE > DESODORANTE FEMININO;34.2;29.99;0
7896044997580;C;DESODORANTE CORP BODY SPLASH GIOVANNA BABY LILAC 260ML;Drogaven;34.2;39.73;Drogaven;34.2;PRINCIPAL > PERFUMARIA > HIGIENE > DESODORANTE FEMININO;34.2;0;0
7896049509948;C;DESODORANTE CREME HERBISSIMO BISNAGA LINHACA E COENZIMA 55G;Drogal;11.59;14.13;Drogal;11.59;PRINCIPAL > PERFUMARIA > HIGIENE > DESODORANTE FEMININO;0;11.59;0
7896049509924;C;DESODORANTE CREME HERBISSIMO BISNAGA ROSA MOSQ 55G;Drogaven;11.46;14.13;Drogaven;11.46;PRINCIPAL > PERFUMARIA > HIGIENE > DESODORANTE FEMININO;11.46;0;0
7896049526211;C;DESODORANTE CREME TWIST HERBISSIMO TRADICIONAL 45G;Drogaven;12.14;11.59;DROGACENTRO;11.59;PRINCIPAL > PERFUMARIA > HIGIENE > DESODORANTE FEMININO;12.14;0;0
7896092000010;D;DESODORANTE DAP CREME 55G;Drogal;9.65;12.11;Drogal;9.65;PRINCIPAL > PERFUMARIA > HIGIENE > DESODORANTE FEMININO;10.57;9.65;0
7791293033235;C;DESODORANTE DOVE AEROSOL BEAUTY FINISH;Drogal;14.89;23.03;Drogal;14.89;PRINCIPAL > PERFUMARIA > HIGIENE > DESODORANTE FEMININO;20.57;14.89;0
7791293051659;C;DESODORANTE DOVE AEROSOL FEM BODY LAVENDER/CAMOMILE 150ML;Drogal;29.95;22.32;DROGACENTRO;22.32;PRINCIPAL > PERFUMARIA > HIGIENE > DESODORANTE FEMININO;0;29.95;0
7791293051666;C;DESODORANTE DOVE AEROSOL FEM BODY RASPBERRY/ROSE 150ML;Drogaven;27.43;22.32;DROGACENTRO;22.32;PRINCIPAL > PERFUMARIA > HIGIENE > DESODORANTE FEMININO;27.43;0;0
7891150073098;C;DESODORANTE DOVE AEROSOL FEM CLINICAL 91G/150ML;Drogaven;20.08;23.62;Drogaven;20.08;PRINCIPAL > PERFUMARIA > HIGIENE > DESODORANTE FEMININO;20.08;0;0
7791293033242;C;DESODORANTE DOVE AEROSOL FEM CUIDA E PROTEGE 150ML/89G;Drogal;14.89;23.03;Drogal;14.89;PRINCIPAL > PERFUMARIA > HIGIENE > DESODORANTE FEMININO;20.57;14.89;0
7791293033266;C;DESODORANTE DOVE AEROSOL FEM GO FRESH ROMA 89G/150ML;Drogal;14.89;23.03;Drogal;14.89;PRINCIPAL > PERFUMARIA > HIGIENE > DESODORANTE FEMININO;20.57;14.89;0
7891150081246;C;DESODORANTE DOVE AEROSOL FEM INVISIBLE DRY 250ML;Drogal;25.99;33.52;Drogal;25.99;PRINCIPAL > PERFUMARIA > HIGIENE > DESODORANTE FEMININO;26.45;25.99;0
7506306241176;C;DESODORANTE DOVE AEROSOL FEM INVISIBLE DRY 89G/150ML;Drogal;14.89;23.03;Drogal;14.89;PRINCIPAL > PERFUMARIA > HIGIENE > DESODORANTE FEMININO;20.57;14.89;0
7891150081239;B;DESODORANTE DOVE AEROSOL FEM ORIGINAL 250ML;Drogal;25.99;33.52;Drogal;25.99;PRINCIPAL > PERFUMARIA > HIGIENE > DESODORANTE FEMININO;26.45;25.99;0
7506306241183;B;DESODORANTE DOVE AEROSOL FEM ORIGINAL 89G/150ML;Drogal;14.89;23.03;Drogal;14.89;PRINCIPAL > PERFUMARIA > HIGIENE > DESODORANTE FEMININO;20.57;14.89;0
7506306241169;C;DESODORANTE DOVE AEROSOL FEM PEPINO E CHA VERDE 89G/150ML;Drogal;14.89;23.03;Drogal;14.89;PRINCIPAL > PERFUMARIA > HIGIENE > DESODORANTE FEMININO;20.57;14.89;0
7791293051628;D;DESODORANTE DOVE AEROSOL MASC BODY ALOE/BAMBOO 150ML;Drogaven;26.36;22.32;DROGACENTRO;22.32;PRINCIPAL > PERFUMARIA > MASCULINO > DESODORANTE MASC;26.36;0;0
7791293051635;D;DESODORANTE DOVE AEROSOL MASC BODY SHEA BUTTER/CEDAR 150ML;Drogal;29.95;22.32;DROGACENTRO;22.32;PRINCIPAL > PERFUMARIA > MASCULINO > DESODORANTE MASC;0;29.95;0
7891150073081;D;DESODORANTE DOVE AEROSOL MEN CARE CLINICAL 91G/150ML;Drogaven;20.08;23.87;Drogaven;20.08;PRINCIPAL > PERFUMARIA > MASCULINO > DESODORANTE MASC;20.08;0;0
7791293022819;C;DESODORANTE DOVE AEROSOL MEN CARE INVISIBLE DRY 151ML ;Drogal;14.89;21.77;Drogal;14.89;PRINCIPAL > PERFUMARIA > MASCULINO > DESODORANTE MASC;20.57;14.89;0
7791293012087;C;DESODORANTE DOVE AEROSOL MEN CARE PROTECAO TOTAL 89G/150ML;Drogal;14.89;23.28;Drogal;14.89;PRINCIPAL > PERFUMARIA > MASCULINO > DESODORANTE MASC;20.57;14.89;0
7791293014838;C;DESODORANTE DOVE AEROSOL MEN CARE SEM PERFUME;Drogal;14.89;21.77;Drogal;14.89;PRINCIPAL > PERFUMARIA > MASCULINO > DESODORANTE MASC;20.57;14.89;0
7891150081215;C;DESODORANTE DOVE AEROSOL MEN CUIDADO TOTAL 250ML;Drogal;24.99;33.87;Drogal;24.99;PRINCIPAL > PERFUMARIA > HIGIENE > DESODORANTE FEMININO;26.45;24.99;0
7891150081222;C;DESODORANTE DOVE AEROSOL MEN INVISILBLE DRY 250ML;Drogal;24.99;33.87;Drogal;24.99;PRINCIPAL > PERFUMARIA > MASCULINO > DESODORANTE MASC;26.45;24.99;0
75062835;C;DESODORANTE DOVE ANTITRANSPIRANTE STICK ORIGINAL 45G;Drogaven;24.0;27.14;Drogaven;24.0;PRINCIPAL > PERFUMARIA > HIGIENE > DESODORANTE FEMININO;24.0;0;0
75076719;C;DESODORANTE DOVE CREME MEN+CARE STICK INVISIBLE DRY 45G;Drogaven;24.0;27.1;Drogaven;24.0;PRINCIPAL > PERFUMARIA > MASCULINO > DESODORANTE MASC;24.0;0;0
75076702;C;DESODORANTE DOVE CREME MEN+CARE STICK SPORT FRESH 45G;Drogaven;24.0;27.1;Drogaven;24.0;PRINCIPAL > PERFUMARIA > MASCULINO > DESODORANTE MASC;24.0;0;0
7891150094741;D;DESODORANTE DOVE CREME REPARACAO DIARIA 50G;Drogaven;14.59;18.48;Drogaven;14.59;PRINCIPAL > PERFUMARIA > HIGIENE > DESODORANTE FEMININO;14.59;0;0
7891150096783;B;DESODORANTE DOVE CREME SERUM PREVINE ESCURECIMENTO 50G;Drogaven;14.59;18.48;Drogaven;14.59;PRINCIPAL > PERFUMARIA > HIGIENE > DESODORANTE FEMININO;14.59;0;0
78924529;C;DESODORANTE DOVE ROLLON FEM INVISIBLE DRY 50ML;Drogal;8.99;12.56;Drogal;8.99;PRINCIPAL > PERFUMARIA > HIGIENE > DESODORANTE FEMININO;0;8.99;0
78933354;C;DESODORANTE DOVE ROLLON MEN CARE INVISIBLE DRY 50ML;Drogal;8.99;12.3;Drogal;8.99;PRINCIPAL > PERFUMARIA > MASCULINO > DESODORANTE MASC;0;8.99;0
78924468;B;DESODORANTE DOVE ROLLON ORIGINAL 50ML;Drogal;8.99;12.43;Drogal;8.99;PRINCIPAL > PERFUMARIA > HIGIENE > DESODORANTE FEMININO;0;8.99;0
75076696;C;DESODORANTE DOVE STICK ANT COMFORT PROT MEN+CARE 45G;Drogaven;24.0;27.06;Drogaven;24.0;PRINCIPAL > PERFUMARIA > MASCULINO > DESODORANTE MASC;24.0;0;0
079400500205;C;DESODORANTE DOVE STICK POWDER 45G;Drogal;26.89;28.88;Drogal;26.89;PRINCIPAL > PERFUMARIA > HIGIENE > DESODORANTE FEMININO;0;26.89;0
7896044999614;D;DESODORANTE GIOVANNA BABY AERO ZERO ALUMINIO NEUTRAL 150ML;DrogaRaia;23.99;21.42;DROGACENTRO;21.42;PRINCIPAL > PERFUMARIA > HIGIENE > DESODORANTE FEMININO;0;0;23.99
7896044936916;C;DESODORANTE GIOVANNA BABY AEROSOL FEM AZUL 150ML;Drogal;12.89;15.46;Drogal;12.89;PRINCIPAL > PERFUMARIA > HIGIENE > DESODORANTE FEMININO;16.56;12.89;0
7896044953562;C;DESODORANTE GIOVANNA BABY AEROSOL FEM CANDY 150ML;Drogal;12.89;15.46;Drogal;12.89;PRINCIPAL > PERFUMARIA > HIGIENE > DESODORANTE FEMININO;0;12.89;0
7896044952794;C;DESODORANTE GIOVANNA BABY AEROSOL FEM CHERRY 150ML;Drogal;12.89;15.46;Drogal;12.89;PRINCIPAL > PERFUMARIA > HIGIENE > DESODORANTE FEMININO;16.56;12.89;0
7896044998730;D;DESODORANTE GIOVANNA BABY AEROSOL ZERO ALUMINIO BLUE 150ML;Drogal;21.35;21.42;Drogal;21.35;PRINCIPAL > PERFUMARIA > HIGIENE > DESODORANTE FEMININO;23.42;21.35;0
7896044952817;D;DESODORANTE GIOVANNA BABY ROLLON CHERRY 50ML;Drogal;6.19;9.5;Drogal;6.19;PRINCIPAL > PERFUMARIA > INFANTIL > HIGIENE INFANTIL > classificar;10.18;6.19;0
7896049528512;B;DESODORANTE HERBISSIMO CREME 55G;Drogaven;5.78;5.4;DROGACENTRO;5.4;PRINCIPAL > PERFUMARIA > HIGIENE > DESODORANTE FEMININO;5.78;0;0
7896049528505;B;DESODORANTE HERBISSIMO CREME NEUTRO 55G;Drogaven;5.78;5.4;DROGACENTRO;5.4;PRINCIPAL > PERFUMARIA > HIGIENE > DESODORANTE FEMININO;5.78;0;0
7896049528567;C;DESODORANTE HERBISSIMO SENSITIVE CREME 55G;Drogaven;5.78;5.77;DROGACENTRO;5.77;PRINCIPAL > PERFUMARIA > HIGIENE > DESODORANTE FEMININO;5.78;0;0
7896049526174;B;DESODORANTE HERBISSIMO TWIST HIBISCO 45G;Drogaven;12.14;11.71;DROGACENTRO;11.71;PRINCIPAL > PERFUMARIA > HIGIENE > DESODORANTE FEMININO;12.14;0;0
7896049526150;C;DESODORANTE HERBISSIMO TWIST NEUTRO 45G;Drogal;11.89;11.71;DROGACENTRO;11.71;PRINCIPAL > PERFUMARIA > HIGIENE > DESODORANTE FEMININO;12.14;11.89;0
7896049526167;C;DESODORANTE HERBISSIMO TWIST SENSITIVE 45G;Drogal;11.89;11.71;DROGACENTRO;11.71;PRINCIPAL > PERFUMARIA > HIGIENE > DESODORANTE FEMININO;12.14;11.89;0
7896235354215;C;DESODORANTE MONANGE AEROSOL CLINICAL CONFORTO 94G;Drogaven;12.73;12.27;DROGACENTRO;12.27;PRINCIPAL > PERFUMARIA > HIGIENE > DESODORANTE FEMININO;12.73;0;0
7896235354222;C;DESODORANTE MONANGE AEROSOL CLINICAL REVIGORANTE 94G;Drogal;14.99;12.27;DROGACENTRO;12.27;PRINCIPAL > PERFUMARIA > HIGIENE > DESODORANTE FEMININO;0;14.99;0
7896235353904;B;DESODORANTE MONANGE AEROSOL DETOX FRESH 90G/150ML;Drogaven;10.77;11.57;Drogaven;10.77;PRINCIPAL > PERFUMARIA > HIGIENE > DESODORANTE FEMININO;10.77;0;0
7891350034622;A;DESODORANTE MONANGE AEROSOL FLOR DE LAVANDA 90G/150ML;Drogal;7.99;10.83;Drogal;7.99;PRINCIPAL > PERFUMARIA > HIGIENE > DESODORANTE FEMININO;10.77;7.99;0
7891350034639;B;DESODORANTE MONANGE AEROSOL FRUTAS VERMELHAS 90G/150ML;Drogal;7.99;10.83;Drogal;7.99;PRINCIPAL > PERFUMARIA > HIGIENE > DESODORANTE FEMININO;10.77;7.99;0
7891350034646;B;DESODORANTE MONANGE AEROSOL HIDRATACAO INTENSA 90G/150ML;Drogal;7.99;10.83;Drogal;7.99;PRINCIPAL > PERFUMARIA > HIGIENE > DESODORANTE FEMININO;10.77;7.99;0
7898919411900;B;DESODORANTE MONANGE AEROSOL INVISIVEL 90G/150ML;Drogal;7.99;10.83;Drogal;7.99;PRINCIPAL > PERFUMARIA > HIGIENE > DESODORANTE FEMININO;0;7.99;0
7896235353911;B;DESODORANTE MONANGE AEROSOL PROTECAO SECA 90G/150ML;Drogal;7.99;10.83;Drogal;7.99;PRINCIPAL > PERFUMARIA > HIGIENE > DESODORANTE FEMININO;0;7.99;0
7891350034615;B;DESODORANTE MONANGE AEROSOL SENSIVEL 90G/150ML;Drogaven;10.77;11.57;Drogaven;10.77;PRINCIPAL > PERFUMARIA > HIGIENE > DESODORANTE FEMININO;10.77;0;0
4005900429643;C;DESODORANTE NIVEA AER FEM INVIS FRESH BLACK&WHITE  92G/150ML;Drogaven;13.71;13.94;Drogaven;13.71;PRINCIPAL > PERFUMARIA > HIGIENE > DESODORANTE FEMININO;13.71;0;0
4005808662388;C;DESODORANTE NIVEA AERO FEM SENSITIVE E PURE 150ML 92G/150ML;Drogaven;13.71;13.94;Drogaven;13.71;PRINCIPAL > PERFUMARIA > HIGIENE > DESODORANTE FEMININO;13.71;0;0
7791969029807;C;DESODORANTE NIVEA AERO FOR MEN SENSITIVE PROTECT 92G/150ML;Drogaven;13.71;13.79;Drogaven;13.71;PRINCIPAL > PERFUMARIA > MASCULINO > DESODORANTE MASC;13.71;0;0
4005900036728;C;DESODORANTE NIVEA AERO MEN INVISIBLE BLACK WHITE POWER 150ML;Drogal;17.29;13.79;DROGACENTRO;13.79;PRINCIPAL > PERFUMARIA > MASCULINO > DESODORANTE MASC;0;17.29;0
4005900449559;C;DESODORANTE NIVEA AERO MEN INVISIBLE FRESH BLACK&WHITE 150ML;Drogaven;13.71;13.79;Drogaven;13.71;PRINCIPAL > PERFUMARIA > MASCULINO > DESODORANTE MASC;13.71;0;0
4005900937520;C;DESODORANTE NIVEA AEROSOL BLACK&PEARL 150ML;Drogaven;13.71;13.94;Drogaven;13.71;PRINCIPAL > PERFUMARIA > HIGIENE > DESODORANTE FEMININO;13.71;0;0
7791969016036;C;DESODORANTE NIVEA AEROSOL FEM  DRY 92G/150ML;Drogaven;13.71;13.94;Drogaven;13.71;PRINCIPAL > PERFUMARIA > HIGIENE > DESODORANTE FEMININO;13.71;0;0
4005900715814;C;DESODORANTE NIVEA AEROSOL FEM DEOMILK SENSITIVE ;Drogaven;16.16;14.73;DROGACENTRO;14.73;PRINCIPAL > PERFUMARIA > HIGIENE > DESODORANTE FEMININO;16.16;0;0
4005808631322;C;DESODORANTE NIVEA AEROSOL FEM DERMO CLAREADOR 90G/150ML;Drogaven;13.71;13.94;Drogaven;13.71;PRINCIPAL > PERFUMARIA > HIGIENE > DESODORANTE FEMININO;13.71;0;0
7791969016012;D;DESODORANTE NIVEA AEROSOL FEM FRESH NATURAL 92G/150ML;Drogaven;13.71;13.94;Drogaven;13.71;PRINCIPAL > PERFUMARIA > HIGIENE > DESODORANTE FEMININO;13.71;0;0
4005900036667;C;DESODORANTE NIVEA AEROSOL FEM INVISIBLE BLACK WHITE 150ML;Drogaven;13.71;13.94;Drogaven;13.71;PRINCIPAL > PERFUMARIA > HIGIENE > DESODORANTE FEMININO;13.71;0;0
4005900122186;C;DESODORANTE NIVEA AEROSOL FEM PROTECT&CARE 150ML;Drogaven;13.71;13.94;Drogaven;13.71;PRINCIPAL > PERFUMARIA > HIGIENE > DESODORANTE FEMININO;13.71;0;0
4005900396938;C;DESODORANTE NIVEA AEROSOL FOR MEN 90/150ML;Drogaven;13.71;13.79;Drogaven;13.71;PRINCIPAL > PERFUMARIA > MASCULINO > DESODORANTE MASC;13.71;0;0
7791969016029;C;DESODORANTE NIVEA AEROSOL FOR MEN DRY IMPACT 92G/150ML;Drogaven;13.71;13.79;Drogaven;13.71;PRINCIPAL > PERFUMARIA > MASCULINO > DESODORANTE MASC;13.71;0;0
4005900707536;C;DESODORANTE NIVEA AEROSOL MAS DEEP ORIGINAL 150ML;Drogaven;13.91;13.94;Drogaven;13.91;PRINCIPAL > PERFUMARIA > HIGIENE > DESODORANTE FEMININO;13.91;0;0
4005900707543;C;DESODORANTE NIVEA AEROSOL MASC DEEP AMADEIRADO 150ML;Drogaven;13.91;13.94;Drogaven;13.91;PRINCIPAL > PERFUMARIA > HIGIENE > DESODORANTE FEMININO;13.91;0;0
4005900950925;D;DESODORANTE NIVEA FEM AEROSOL DERMA CLINICAL 150ML;Drogaven;16.16;15.36;DROGACENTRO;15.36;PRINCIPAL > PERFUMARIA > HIGIENE > DESODORANTE FEMININO;16.16;0;0
4006000045498;C;DESODORANTE NIVEA FEM DERMA PROTECT CLINICAL 54G;Drogal;26.35;24.31;DROGACENTRO;24.31;PRINCIPAL > PERFUMARIA > HIGIENE > DESODORANTE FEMININO;0;26.35;0
4005900950918;C;DESODORANTE NIVEA MEN AEROSOL DERMA CLINICAL 150ML ;Drogaven;16.16;15.13;DROGACENTRO;15.13;PRINCIPAL > PERFUMARIA > HIGIENE > DESODORANTE FEMININO;16.16;0;0
4006000015361;C;DESODORANTE NIVEA MEN AEROSOL FRESH SENSATION 150ML ;DrogaRaia;12.6;13.94;DrogaRaia;12.6;PRINCIPAL > PERFUMARIA > MASCULINO > DESODORANTE MASC;0;0;12.6
4005808257584;C;DESODORANTE NIVEA ROLLON DRY COMFORT FEMININO 50ML;Drogaven;10.71;10.49;DROGACENTRO;10.49;PRINCIPAL > PERFUMARIA > HIGIENE > DESODORANTE FEMININO;10.71;0;0
4005900036704;C;DESODORANTE NIVEA ROLLON FEM BLACK CLEAR 50ML;Drogaven;10.71;10.49;DROGACENTRO;10.49;PRINCIPAL > PERFUMARIA > HIGIENE > DESODORANTE FEMININO;10.71;0;0
4005900130785;C;DESODORANTE NIVEA ROLLON FEM PROTECT&CARE 50ML;Drogaven;7.83;10.49;Drogaven;7.83;PRINCIPAL > PERFUMARIA > HIGIENE > DESODORANTE FEMININO;7.83;0;0
4005900036759;C;DESODORANTE NIVEA ROLLON MEN INVISIBLE FOR BLACK&WHITE 50ML;Drogaven;10.71;10.49;DROGACENTRO;10.49;PRINCIPAL > PERFUMARIA > MASCULINO > DESODORANTE MASC;10.71;0;0
4005808257669;C;DESODORANTE NIVEA ROLLON PEARL BEAUTY 50ML;Drogaven;10.71;10.49;DROGACENTRO;10.49;PRINCIPAL > PERFUMARIA > HIGIENE > DESODORANTE FEMININO;10.71;0;0
4005808663927;C;DESODORANTE NIVEA ROLLON SENSITIVE E PURE 50ML;Drogaven;10.71;10.6;DROGACENTRO;10.6;PRINCIPAL > PERFUMARIA > HIGIENE > DESODORANTE FEMININO;10.71;0;0
7791293032368;C;DESODORANTE REXONA AER FEM.SEM PERFUME 90G/150ML;Drogal;12.99;20.37;Drogal;12.99;PRINCIPAL > PERFUMARIA > HIGIENE > DESODORANTE FEMININO;17.14;12.99;0
7506306244184;C;DESODORANTE REXONA AER MEN INVISIBLE ANTIBACTERIAL 90G/150ML;Drogal;12.99;18.71;Drogal;12.99;PRINCIPAL > PERFUMARIA > MASCULINO > DESODORANTE MASC;17.14;12.99;0
7506306244177;C;DESODORANTE REXONA AER. FE. INVISIBLE ANTIBACTERIAL 90/150ML;Drogal;12.99;20.16;Drogal;12.99;PRINCIPAL > PERFUMARIA > HIGIENE > DESODORANTE FEMININO;17.14;12.99;0
7891150081291;C;DESODORANTE REXONA AERO INVISIBLE 250ML;Drogaven;22.44;27.68;Drogaven;22.44;PRINCIPAL > PERFUMARIA > HIGIENE > DESODORANTE FEMININO;22.44;0;0
7891150081321;C;DESODORANTE REXONA AERO MEN ANTIBACTERIAL INVISIBLE 250ML;Drogaven;22.44;27.68;Drogaven;22.44;PRINCIPAL > PERFUMARIA > HIGIENE > DESODORANTE FEMININO;22.44;0;0
7891150081260;C;DESODORANTE REXONA AEROSOL COTTON DRY 250ML;Drogaven;22.44;25.33;Drogaven;22.44;PRINCIPAL > PERFUMARIA > HIGIENE > DESODORANTE FEMININO;22.44;0;0
7791293032443;C;DESODORANTE REXONA AEROSOL FEM ACTIVE EMOTION 90G/150ML;Drogal;12.99;20.37;Drogal;12.99;PRINCIPAL > PERFUMARIA > HIGIENE > DESODORANTE FEMININO;17.14;12.99;0
7891150081284;C;DESODORANTE REXONA AEROSOL FEM ANT INVISIBLE 250ML;Drogaven;22.44;25.6;Drogaven;22.44;PRINCIPAL > PERFUMARIA > HIGIENE > DESODORANTE FEMININO;22.44;0;0
7791293032498;D;DESODORANTE REXONA AEROSOL FEM BAMBOO 90G/150ML;Drogal;12.99;20.37;Drogal;12.99;PRINCIPAL > PERFUMARIA > HIGIENE > DESODORANTE FEMININO;17.14;12.99;0
7791293051550;C;DESODORANTE REXONA AEROSOL FEM BODY FRESH CITRUS 150ML;Drogaven;24.4;20.1;DROGACENTRO;20.1;PRINCIPAL > PERFUMARIA > HIGIENE > DESODORANTE FEMININO;24.4;0;0
7791293032467;D;DESODORANTE REXONA AEROSOL FEM COTTON 90G/150ML;Drogal;12.99;20.37;Drogal;12.99;PRINCIPAL > PERFUMARIA > HIGIENE > DESODORANTE FEMININO;17.14;12.99;18.49
7891150064737;C;DESODORANTE REXONA AEROSOL FEM FRUTAS VERMELHAS 90G/150ML;Drogal;12.99;20.37;Drogal;12.99;PRINCIPAL > PERFUMARIA > HIGIENE > DESODORANTE FEMININO;17.14;12.99;0
7891150081277;C;DESODORANTE REXONA AEROSOL FEM INVISIBLE 250ML;Drogaven;22.44;25.6;Drogaven;22.44;PRINCIPAL > PERFUMARIA > HIGIENE > DESODORANTE FEMININO;22.44;0;0
7891150081253;B;DESODORANTE REXONA AEROSOL FEM POWDER DRY 250ML;Drogaven;22.44;25.6;Drogaven;22.44;PRINCIPAL > PERFUMARIA > HIGIENE > DESODORANTE FEMININO;22.44;0;0
7791293032436;C;DESODORANTE REXONA AEROSOL FEM POWDER DRY 90G/150ML;Drogal;12.99;20.37;Drogal;12.99;PRINCIPAL > PERFUMARIA > HIGIENE > DESODORANTE FEMININO;17.14;12.99;0
7891150054653;C;DESODORANTE REXONA AEROSOL FEM.ERVA DOCE 90G/150ML;Drogal;12.99;20.37;Drogal;12.99;PRINCIPAL > PERFUMARIA > HIGIENE > DESODORANTE FEMININO;17.14;12.99;0
7791293051581;D;DESODORANTE REXONA AEROSOL MASC BODY ACTIVE FRESH 150ML;Drogaven;24.4;20.1;DROGACENTRO;20.1;PRINCIPAL > PERFUMARIA > MASCULINO > DESODORANTE MASC;24.4;0;0
7791293051574;D;DESODORANTE REXONA AEROSOL MASC BODY OCEAN RUSH 150ML;Drogaven;24.4;20.1;DROGACENTRO;20.1;PRINCIPAL > PERFUMARIA > MASCULINO > DESODORANTE MASC;24.4;0;0
7791293022598;B;DESODORANTE REXONA AEROSOL MEN ACTIVE 90G/150ML;Drogaven;17.14;18.71;Drogaven;17.14;PRINCIPAL > PERFUMARIA > MASCULINO > DESODORANTE MASC;17.14;0;0
7891150081307;C;DESODORANTE REXONA AEROSOL MEN ACTIVE DRY 250ML;Drogaven;22.44;27.68;Drogaven;22.44;PRINCIPAL > PERFUMARIA > MASCULINO > DESODORANTE MASC;22.44;0;0
7791293025537;B;DESODORANTE REXONA AEROSOL MEN ANTIBACTERIAL 90G/150ML;Drogal;12.99;18.71;Drogal;12.99;PRINCIPAL > PERFUMARIA > MASCULINO > DESODORANTE MASC;17.14;12.99;0
7891150089983;D;DESODORANTE REXONA AEROSOL MEN CLINICAL INTENSE FRESH 91G;Drogaven;18.61;21.99;Drogaven;18.61;PRINCIPAL > PERFUMARIA > MASCULINO > DESODORANTE MASC;18.61;0;0
7891150054646;C;DESODORANTE REXONA AEROSOL MEN IMPACTO 90G/150ML;Drogal;12.99;18.71;Drogal;12.99;PRINCIPAL > PERFUMARIA > MASCULINO > DESODORANTE MASC;17.14;12.99;0
7791293022635;C;DESODORANTE REXONA AEROSOL MEN INVISIBLE 90G/150ML;Drogal;12.99;18.71;Drogal;12.99;PRINCIPAL > PERFUMARIA > MASCULINO > DESODORANTE MASC;17.14;12.99;0
7891150055872;C;DESODORANTE REXONA AEROSOL MEN SEM PERF. 90G/150ML;Drogal;12.99;18.71;Drogal;12.99;PRINCIPAL > PERFUMARIA > MASCULINO > DESODORANTE MASC;17.14;12.99;0
7891150081314;C;DESODORANTE REXONA AEROSOL MEN V8 250ML;Drogaven;22.44;27.68;Drogaven;22.44;PRINCIPAL > PERFUMARIA > MASCULINO > DESODORANTE MASC;22.44;0;0
7791293022567;C;DESODORANTE REXONA AEROSOL V8 90G/150ML;Drogal;12.99;18.71;Drogal;12.99;PRINCIPAL > PERFUMARIA > MASCULINO > DESODORANTE MASC;17.14;12.99;25.35
7791293022581;B;DESODORANTE REXONA AEROSOL XTRA COOL 105G/175ML;Drogal;12.99;18.71;Drogal;12.99;PRINCIPAL > PERFUMARIA > MASCULINO > DESODORANTE MASC;17.14;12.99;0
75082864;C;DESODORANTE REXONA ANT STICK ACTIVE DRY MEN 45G;Drogal;25.49;27.21;Drogal;25.49;PRINCIPAL > PERFUMARIA > MASCULINO > DESODORANTE MASC;0;25.49;0
75082833;D;DESODORANTE REXONA ANT STICK POWDER DRY FEM 45G;Drogal;25.49;26.31;Drogal;25.49;PRINCIPAL > PERFUMARIA > HIGIENE > DESODORANTE FEMININO;0;25.49;0
7891150102859;D;DESODORANTE REXONA CREME FEM BODY WILD ROSE 75G;Drogaven;24.4;20.05;DROGACENTRO;20.05;PRINCIPAL > PERFUMARIA > HIGIENE > DESODORANTE FEMININO;24.4;0;0
7891150102835;D;DESODORANTE REXONA CREME MASC BODY OCEAN RUSH 75G;Drogaven;24.4;20.05;DROGACENTRO;20.05;PRINCIPAL > PERFUMARIA > MASCULINO > DESODORANTE MASC;24.4;0;0
7791293038254;C;DESODORANTE REXONA FEM CLINICAL 55ML 33,5G;Drogaven;9.1;9.95;Drogaven;9.1;PRINCIPAL > PERFUMARIA > HIGIENE > DESODORANTE FEMININO;9.1;0;0
7506306214989;B;DESODORANTE REXONA FEM CLINICAL CLASSIC AEROSOL 90G/150ML;Drogaven;18.61;21.77;Drogaven;18.61;PRINCIPAL > PERFUMARIA > HIGIENE > DESODORANTE FEMININO;18.61;0;0
75076818;C;DESODORANTE REXONA FEM CLINICAL CREME 48G;Drogal;27.89;26.58;DROGACENTRO;26.58;PRINCIPAL > PERFUMARIA > HIGIENE > DESODORANTE FEMININO;0;27.89;0
7891150064300;C;DESODORANTE REXONA FEM CLINICAL EXTRA DRY AEROSOL 90G/150ML;Drogaven;18.61;21.77;Drogaven;18.61;PRINCIPAL > PERFUMARIA > HIGIENE > DESODORANTE FEMININO;18.61;0;0
75076870;B;DESODORANTE REXONA FEM CLINICAL EXTRA DRY CREME 48G;Drogal;27.89;26.58;DROGACENTRO;26.58;PRINCIPAL > PERFUMARIA > HIGIENE > DESODORANTE FEMININO;0;27.89;0
7891150089952;C;DESODORANTE REXONA FEM CLINICAL REFRESH AEROSOL 91G;Drogaven;18.61;23.82;Drogaven;18.61;PRINCIPAL > PERFUMARIA > HIGIENE > DESODORANTE FEMININO;18.61;0;0
7891150068728;C;DESODORANTE REXONA FEM CLINICAL S/PERFUME AEROSOL 90G/150ML;Drogaven;18.61;21.77;Drogaven;18.61;PRINCIPAL > PERFUMARIA > HIGIENE > DESODORANTE FEMININO;18.61;0;0
78926523;C;DESODORANTE REXONA FEM ROLLON ACTIVE EMOTION BENEFICIOS;Drogal;7.99;11.3;Drogal;7.99;PRINCIPAL > PERFUMARIA > HIGIENE > DESODORANTE FEMININO;0;7.99;0
75058845;C;DESODORANTE REXONA FEM ROLLON ANTIBACTERIAL+INVISIBLE 50ML;Drogal;7.99;11.3;Drogal;7.99;PRINCIPAL > PERFUMARIA > HIGIENE > DESODORANTE FEMININO;0;7.99;0
78924338;C;DESODORANTE REXONA FEM ROLLON POWDER 50ML;Drogal;7.99;11.3;Drogal;7.99;PRINCIPAL > PERFUMARIA > HIGIENE > DESODORANTE FEMININO;0;7.99;0
7791293038261;C;DESODORANTE REXONA MEN CLINICAL 55ML 33,5G;Drogaven;9.1;10.06;Drogaven;9.1;PRINCIPAL > PERFUMARIA > MASCULINO > DESODORANTE MASC;9.1;0;0
7506306214972;C;DESODORANTE REXONA MEN CLINICAL CLEAN AEROSOL 90G/150ML;Drogaven;18.61;21.77;Drogaven;18.61;PRINCIPAL > PERFUMARIA > MASCULINO > DESODORANTE MASC;18.61;0;0
75076825;C;DESODORANTE REXONA MEN CLINICAL CLEAN CREME 58G;Drogal;27.89;31.09;Drogal;27.89;PRINCIPAL > PERFUMARIA > MASCULINO > DESODORANTE MASC;0;27.89;0
7891150068735;D;DESODORANTE REXONA MEN CLINICAL SPORT AEROSOL 90G/150ML;Drogaven;18.61;21.77;Drogaven;18.61;PRINCIPAL > PERFUMARIA > MASCULINO > DESODORANTE MASC;18.61;0;0
75058852;C;DESODORANTE REXONA MEN ROLLON ANTIBACTERIAL+INVISIBLE 50ML;Drogal;7.99;11.56;Drogal;7.99;PRINCIPAL > PERFUMARIA > HIGIENE > DESODORANTE FEMININO;0;7.99;0
78925472;C;DESODORANTE REXONA MEN ROLLON INVISIBLE MEN BENEFICIOS 50ML;Drogal;7.99;11.56;Drogal;7.99;PRINCIPAL > PERFUMARIA > MASCULINO > DESODORANTE MASC;0;7.99;0
78938625;C;DESODORANTE REXONA MEN ROLLON S/PERFUME 50ML;Drogal;7.99;11.56;Drogal;7.99;PRINCIPAL > PERFUMARIA > HIGIENE > DESODORANTE FEMININO;0;7.99;0
78923454;B;DESODORANTE REXONA MEN ROLLON V8 50ML;Drogal;7.99;11.44;Drogal;7.99;PRINCIPAL > PERFUMARIA > MASCULINO > DESODORANTE MASC;0;7.99;0
78929395;C;DESODORANTE REXONA MEN ROLLON XTRA COOL 50ML;Drogal;7.99;11.44;Drogal;7.99;PRINCIPAL > PERFUMARIA > MASCULINO > DESODORANTE MASC;0;7.99;0
7896115704086;C;DESODORANTE ROLL ON BOM DE BOLA 65ML;Drogal;9.99;12.75;Drogal;9.99;PRINCIPAL > PERFUMARIA > INFANTIL > HIGIENE INFANTIL > classificar;13.51;9.99;0
7896115705496;D;DESODORANTE ROLL-ON KIDS SUAVE 65ML;Drogal;9.99;17.02;Drogal;9.99;PRINCIPAL > PERFUMARIA > INFANTIL > HIGIENE INFANTIL > classificar;13.51;9.99;0
7500435170024;C;DESODORANTE SECRET GEL BERRY 45G;Drogaven;22.53;29.87;Drogaven;22.53;PRINCIPAL > PERFUMARIA > HIGIENE > DESODORANTE FEMININO;22.53;0;0
7500435143875;D;DESODORANTE SECRET GEL ORANGE BLOSSOM 45G;Drogaven;22.53;28.37;Drogaven;22.53;PRINCIPAL > PERFUMARIA > HIGIENE > DESODORANTE FEMININO;22.53;0;0
7500435129367;C;DESODORANTE SECRET GEL PH BALANCED LAVENDER 45G;Drogaven;22.53;27.12;Drogaven;22.53;PRINCIPAL > PERFUMARIA > HIGIENE > DESODORANTE FEMININO;22.53;0;0
7500435129374;C;DESODORANTE SECRET POWDER PROTECT COTTON 45G;Drogaven;22.53;28.88;Drogaven;22.53;PRINCIPAL > PERFUMARIA > HIGIENE > DESODORANTE FEMININO;22.53;0;0
7891150070363;D;DESODORANTE SUAVE AEROSOL MEN INVISIBLE 200ML;Drogal;12.85;11.58;DROGACENTRO;11.58;PRINCIPAL > PERFUMARIA > MASCULINO > DESODORANTE MASC;0;12.85;0
4005808837311;C;DESOSORANTE NIVEA AEROSOL FEM  PEARL BEAUTY 92G/150ML;Drogaven;13.71;13.94;Drogaven;13.71;PRINCIPAL > PERFUMARIA > HIGIENE > DESODORANTE FEMININO;13.71;0;0
7791293032481;C;DESOSORANTE REXONA AEROSOL WOMAN INVISIBLE 90G/150ML;Drogal;12.99;20.37;Drogal;12.99;PRINCIPAL > PERFUMARIA > HIGIENE > DESODORANTE FEMININO;17.14;12.99;0
7891150094949;C;DOVE MASCARA HIDRATACAO 10 EM 1 270G;Drogal;22.4;52.91;Drogal;22.4;PRINCIPAL > PERFUMARIA > CABELO > MASCARA;39.19;22.4;0
78944725;D;DOVE MIX TEXTURA REAL 30ML;Drogal;13.99;21.95;Drogal;13.99;PRINCIPAL > PERFUMARIA > CABELO > classificar;0;13.99;0
7891150094345;D;DOVE SERUM HIDRATACAO VITAMINAS A & E 110ML;Drogaven;24.4;38.61;Drogaven;24.4;PRINCIPAL > PERFUMARIA > CABELO > SERUM;24.4;0;0
7899706208482;D;EFFACLAR REEQUILIBRANTE ESPUMA LIMPEZA 100G;Drogaven;75.28;94.54;Drogaven;75.28;PRINCIPAL > PERFUMARIA > BELEZA > DERMOCOSMETICO;75.28;0;0
7898958060893;D;ELASTICO  BELLESA SILICONE COLORIDO C/75 34-0893;Drogaven;2.64;1.98;DROGACENTRO;1.98;PRINCIPAL > PERFUMARIA > CABELO > ACESSORIOS > ELASTICO;2.64;0;0
7898958060879;C;ELASTICO  BELLESA SILICONE PRETO C/75 34-0879;Drogaven;2.64;1.98;DROGACENTRO;1.98;PRINCIPAL > PERFUMARIA > CABELO > ACESSORIOS > ELASTICO;2.64;0;0
7898647922266;C;ELASTICO BELLE MEIA GATINHA SORT C/3 34-2266;Drogaven;5.38;6.26;Drogaven;5.38;PRINCIPAL > PERFUMARIA > INFANTIL > ACESSORIO INFANTIL > classificar;5.38;0;0
7898647922280;D;ELASTICO BELLESA  PEROLA C/1 UN 34-2280;Drogaven;7.83;5.97;DROGACENTRO;5.97;PRINCIPAL > PERFUMARIA > CABELO > ACESSORIOS > ELASTICO;7.83;0;0
7898647920910;C;ELASTICO BELLESA  PRETO C/ ENFEITE C/2 UN 34-0910;Drogaven;5.87;3.47;DROGACENTRO;3.47;PRINCIPAL > PERFUMARIA > CABELO > ACESSORIOS > ELASTICO;5.87;0;0
7898958060824;C;ELASTICO BELLESA MEIA MARROM C/6 UN 34-0824 ;Drogaven;4.6;4.51;DROGACENTRO;4.51;PRINCIPAL > PERFUMARIA > CABELO > ACESSORIOS > ELASTICO;4.6;0;0
7898958060848;C;ELASTICO BELLESA MEIA PRETO C/6 UN 34-0848;Drogaven;4.6;4.51;DROGACENTRO;4.51;PRINCIPAL > PERFUMARIA > CABELO > ACESSORIOS > ELASTICO;4.6;0;0
7898647924338;D;ELASTICO KIDS GATINHA PEQUENO C/3 34-4338;Drogaven;5.38;3.44;DROGACENTRO;3.44;PRINCIPAL > PERFUMARIA > INFANTIL > ACESSORIO INFANTIL > classificar;5.38;0;0
7898647924369;C;ELASTICO KIDS POM POM PEQUENO C/2 34-4369;Drogaven;5.38;5.59;Drogaven;5.38;PRINCIPAL > PERFUMARIA > CABELO > ACESSORIOS > ELASTICO;5.38;0;0
7898647920897;C;ELASTICO LUXO BELLESA SORTIDOS COM 2 UND 34-0897;Drogaven;5.38;3.12;DROGACENTRO;3.12;PRINCIPAL > PERFUMARIA > CABELO > ACESSORIOS > ELASTICO;5.38;0;0
7898647920170;D;ELASTICO MEIA COLLORS COM 4 UN 34-0170;Drogaven;4.6;4.51;DROGACENTRO;4.51;PRINCIPAL > PERFUMARIA > CABELO > ACESSORIOS > ELASTICO;4.6;0;0
7898647923850;C;ELASTICO MEIA PASTEL COM 6 UND 34-3850;Drogaven;4.6;4.51;DROGACENTRO;4.51;PRINCIPAL > PERFUMARIA > CABELO > ACESSORIOS > ELASTICO;4.6;0;0
7897947620513;C;ENXAGUATORIO BUCAL CARMED FINI DENTADURA 250ML;Drogaven;19.58;23.18;Drogaven;19.58;PRINCIPAL > PERFUMARIA > HIGIENE > ORAL > ANTISSEPTICO BUCAL;19.58;0;0
7897947620735;C;ENXAGUATORIO BUCAL CARMED FINI MINHOCAS 250ML;Drogaven;19.58;22.38;Drogaven;19.58;PRINCIPAL > PERFUMARIA > HIGIENE > ORAL > ANTISSEPTICO BUCAL;19.58;0;0
7506195129104;C;ENXAGUATORIO BUCAL ORAL B HORT LEV.500 PG 300ML;Drogaven;18.52;23.54;Drogaven;18.52;PRINCIPAL > PERFUMARIA > HIGIENE > ORAL > ANTISSEPTICO BUCAL;18.52;0;0
7891142200235;C;EPIDRAT CALM 40G;Drogaven;83.05;108.49;Drogaven;83.05;PRINCIPAL > PERFUMARIA > BELEZA > DERMOCOSMETICO;83.05;0;0
7896114313074;C;ESCOVA BITUFO 2 TUFOS EXT.MACIA;Drogaven;20.96;26.5;Drogaven;20.96;PRINCIPAL > PERFUMARIA > HIGIENE > ORAL > ESCOVA DENTAL;20.96;0;0
7896114313180;C;ESCOVA BITUFO CLASS ORTO 17567 ;Drogaven;12.54;15.65;Drogaven;12.54;PRINCIPAL > PERFUMARIA > HIGIENE > ORAL > ESCOVA DENTAL;12.54;0;0
7896114313142;C;ESCOVA BITUFO CLASS SOFT;Drogaven;14.6;12.14;DROGACENTRO;12.14;PRINCIPAL > PERFUMARIA > HIGIENE > ORAL > ESCOVA DENTAL;14.6;0;0
7896114312879;C;ESCOVA BITUFO COCORICO 1 DENTINHO;Drogal;12.59;13.85;Drogal;12.59;PRINCIPAL > PERFUMARIA > INFANTIL > HIGIENE INFANTIL > ESCOVA DENTAL;0;12.59;0
7896114312886;C;ESCOVA BITUFO COCORICO 2 a 5 ANOS;Drogal;16.65;17.32;Drogal;16.65;PRINCIPAL > PERFUMARIA > INFANTIL > HIGIENE INFANTIL > ESCOVA DENTAL;0;16.65;0
7896114313135;C;ESCOVA BITUFO ESCOVA CLASS MACIA;Drogaven;11.66;13.02;Drogaven;11.66;PRINCIPAL > PERFUMARIA > HIGIENE > ORAL > ESCOVA DENTAL;11.66;0;0
7896114313159;C;ESCOVA BITUFO ESCOVA CLASS SENSITIVE ULTRA MACIA;Drogaven;21.84;31.71;Drogaven;21.84;PRINCIPAL > PERFUMARIA > HIGIENE > ORAL > ESCOVA DENTAL;21.84;0;0
7896114312947;C;ESCOVA BITUFO INTERDENTAL HB CILINDRICA FINA 4mm;Drogal;27.19;26.43;DROGACENTRO;26.43;PRINCIPAL > PERFUMARIA > HIGIENE > ORAL > ESCOVA DENTAL;0;27.19;0
7896114312923;D;ESCOVA BITUFO INTERDENTAL HB CONICA FINA 2,5 A 4MM;Drogaven;23.42;30.66;Drogaven;23.42;PRINCIPAL > PERFUMARIA > HIGIENE > ORAL > ESCOVA DENTAL;23.42;0;0
7896114312930;D;ESCOVA BITUFO INTERDENTAL HB EXTRA FINA 3MM;Drogal;27.19;30.39;Drogal;27.19;PRINCIPAL > PERFUMARIA > HIGIENE > ORAL > ESCOVA DENTAL;0;27.19;0
7896114312954;C;ESCOVA BITUFO INTERDENTAL INTERCLEAN HB ULTRAFINA 2MM;Drogaven;23.42;32.64;Drogaven;23.42;PRINCIPAL > PERFUMARIA > HIGIENE > ORAL > ESCOVA DENTAL;23.42;0;0
7896114312862;D;ESCOVA BITUFO KIDS LOONEY TUNES;Drogal;17.69;18.7;Drogal;17.69;PRINCIPAL > PERFUMARIA > INFANTIL > HIGIENE INFANTIL > ESCOVA DENTAL;0;17.69;0
7898647920422;C;ESCOVA CABELO BELLE ALMOF QUADRADA 34-0422;Drogaven;31.35;38.14;Drogaven;31.35;PRINCIPAL > PERFUMARIA > CABELO > ACESSORIOS > ESCOVA;31.35;0;0
7898647920521;D;ESCOVA CABELO BELLE PATA-PATA 34-0521;Drogaven;3.32;3.39;Drogaven;3.32;PRINCIPAL > PERFUMARIA > CABELO > ACESSORIOS > ESCOVA;3.32;0;0
7898647927674;C;ESCOVA CABELO BELLESA RAQUETE FLEX 34-7674;Drogaven;29.39;23.39;DROGACENTRO;23.39;PRINCIPAL > PERFUMARIA > CABELO > ACESSORIOS > ESCOVA;29.39;0;0
7898647927650;C;ESCOVA CABELO CANDY RAQUETE BELLESA;Drogaven;27.43;34.03;Drogaven;27.43;PRINCIPAL > PERFUMARIA > CABELO > ACESSORIOS > ESCOVA;27.43;0;0
7898647925885;D;ESCOVA DE CABELO BELLESA CACHOS POLVO 34-5885;Drogaven;19.59;17.28;DROGACENTRO;17.28;PRINCIPAL > PERFUMARIA > CABELO > ACESSORIOS > ESCOVA;19.59;0;0
7891024021590;C;ESCOVA DENTAL COLGATE  ULTRA SOFT C/1;Drogaven;22.44;23.04;Drogaven;22.44;PRINCIPAL > PERFUMARIA > HIGIENE > ORAL > ESCOVA DENTAL;22.44;0;0
7891024021668;C;ESCOVA DENTAL COLGATE  ULTRA SOFT C/2;Drogaven;33.31;35.44;Drogaven;33.31;PRINCIPAL > PERFUMARIA > HIGIENE > ORAL > ESCOVA DENTAL;33.31;0;0
7891024021606;C;ESCOVA DENTAL COLGATE  ULTRA SOFT C/3;Drogaven;44.0;44.57;Drogaven;44.0;PRINCIPAL > PERFUMARIA > HIGIENE > ORAL > ESCOVA DENTAL;44.0;0;0
7509546055169;C;ESCOVA DENTAL COLGATE 360 LUMINOUS WHITE LV 2 PG 1;Drogaven;32.04;25.07;DROGACENTRO;25.07;PRINCIPAL > PERFUMARIA > HIGIENE > ORAL > ESCOVA DENTAL;32.04;0;0
7891024184608;C;ESCOVA DENTAL COLGATE CLASSIC MEDIA;Drogaven;5.28;6.1;Drogaven;5.28;PRINCIPAL > PERFUMARIA > HIGIENE > ORAL > ESCOVA DENTAL;5.28;0;0
7891024026434;C;ESCOVA DENTAL COLGATE CLEAN CLASSIC MACIA LEV3 PG2;Drogaven;12.73;13.52;Drogaven;12.73;PRINCIPAL > PERFUMARIA > HIGIENE > ORAL > ESCOVA DENTAL;12.73;0;0
7793100151224;D;ESCOVA DENTAL COLGATE DR RABBIT 2+ ANOS ;Drogal;8.59;7.63;DROGACENTRO;7.63;PRINCIPAL > PERFUMARIA > INFANTIL > HIGIENE INFANTIL > ESCOVA DENTAL;0;8.59;0
5900273001566;C;ESCOVA DENTAL COLGATE EXTRA CLEAN MEDIA;Drogal;8.89;9.08;Drogal;8.89;PRINCIPAL > PERFUMARIA > HIGIENE > ORAL > ESCOVA DENTAL;0;8.89;0
7891024116128;C;ESCOVA DENTAL COLGATE EXTRA CLEAN MEDIA LEV3 PG2;Drogaven;17.34;18.79;Drogaven;17.34;PRINCIPAL > PERFUMARIA > HIGIENE > ORAL > ESCOVA DENTAL;17.34;0;0
7702010130755;C;ESCOVA DENTAL COLGATE MINIONS 2-5 ANOS C/2UN;Drogaven;28.41;31.32;Drogaven;28.41;PRINCIPAL > PERFUMARIA > INFANTIL > HIGIENE INFANTIL > ESCOVA DENTAL;28.41;0;0
7509546061689;C;ESCOVA DENTAL COLGATE SLIM SOFT BLACK LV2 PG1;Drogaven;19.5;22.63;Drogaven;19.5;PRINCIPAL > PERFUMARIA > HIGIENE > ORAL > ESCOVA DENTAL;19.5;0;0
7891024073001;C;ESCOVA DENTAL COLGATE SMILE LIGA DA JUST 6 ANOS C/2UN;Drogal;28.05;31.65;Drogal;28.05;PRINCIPAL > PERFUMARIA > INFANTIL > HIGIENE INFANTIL > ESCOVA DENTAL;0;28.05;0
7591083011081;B;ESCOVA DENTAL COLGATE SMILES DE 0 A 2 ANOS ;Drogaven;22.04;27.98;Drogaven;22.04;PRINCIPAL > PERFUMARIA > INFANTIL > HIGIENE INFANTIL > ESCOVA DENTAL;22.04;0;0
7891024008799;C;ESCOVA DENTAL COLGATE TANDY 5+ C/2 UNID;Drogaven;12.73;13.25;Drogaven;12.73;PRINCIPAL > PERFUMARIA > INFANTIL > HIGIENE INFANTIL > ESCOVA DENTAL;12.73;0;0
7509546665047;C;ESCOVA DENTAL COLGATE TITANS 6+ ANOS;Drogal;15.85;14.47;DROGACENTRO;14.47;PRINCIPAL > PERFUMARIA > INFANTIL > HIGIENE INFANTIL > ESCOVA DENTAL;0;15.85;0
7891024013540;C;ESCOVA DENTAL COLGATE WHITENING MACIA LV2 PG1;Drogaven;16.56;18.76;Drogaven;16.56;PRINCIPAL > PERFUMARIA > HIGIENE > ORAL > ESCOVA DENTAL;16.56;0;0
7612412546002;C;ESCOVA DENTAL CURAPROX;Drogaven;32.24;44.21;Drogaven;32.24;PRINCIPAL > PERFUMARIA > INFANTIL > HIGIENE INFANTIL > ESCOVA DENTAL;32.24;0;0
7612412396003;C;ESCOVA DENTAL CURAPROX AD MACIA 3960;Drogal;36.25;44.21;Drogal;36.25;PRINCIPAL > PERFUMARIA > INFANTIL > HIGIENE INFANTIL > ESCOVA DENTAL;41.06;36.25;0
7612412156003;C;ESCOVA DENTAL CURAPROX MACIA 1560;Drogal;36.25;44.21;Drogal;36.25;PRINCIPAL > PERFUMARIA > INFANTIL > HIGIENE INFANTIL > ESCOVA DENTAL;41.06;36.25;0
7612412700077;C;ESCOVA DENTAL CURAPROX ORTHO;Drogal;36.25;43.69;Drogal;36.25;PRINCIPAL > PERFUMARIA > INFANTIL > HIGIENE INFANTIL > ESCOVA DENTAL;0;36.25;0
7612412423037;D;ESCOVA DENTAL CURAPROX SMART;Drogal;36.25;39.13;Drogal;36.25;PRINCIPAL > PERFUMARIA > HIGIENE > ORAL > ESCOVA DENTAL;0;36.25;0
7612412422429;D;ESCOVA DENTAL CURAPROX SOFT C/3;Drogal;89.99;109.77;Drogal;89.99;PRINCIPAL > PERFUMARIA > INFANTIL > HIGIENE INFANTIL > ESCOVA DENTAL;0;89.99;106.9
7612412428964;D;ESCOVA DENTAL CURAPROX VELVET UL 12460;Drogal;44.19;61.6;Drogal;44.19;PRINCIPAL > PERFUMARIA > INFANTIL > HIGIENE INFANTIL > ESCOVA DENTAL;48.89;44.19;0
7898185416227;C;ESCOVA DENTAL INFANTIL DENTAL CLEAN STITCH;Drogal;14.05;16.85;Drogal;14.05;PRINCIPAL > PERFUMARIA > INFANTIL > HIGIENE INFANTIL > ESCOVA DENTAL;14.6;14.05;0
7509546661353;C;ESCOVA DENTAL INFANTIL MEU MALVADO FAVORITO 6+ MENINA;Drogal;28.05;31.65;Drogal;28.05;PRINCIPAL > PERFUMARIA > INFANTIL > HIGIENE INFANTIL > ESCOVA DENTAL;0;28.05;0
7891010925543;C;ESCOVA DENTAL JXJ REACH ECO ESSENCIAL MACIA;Drogaven;7.34;8.01;Drogaven;7.34;PRINCIPAL > PERFUMARIA > HIGIENE > ORAL > ESCOVA DENTAL;7.34;0;0
7891010926960;D;ESCOVA DENTAL JXJ REACH ECO ESSENCIAL MEDIA;Drogaven;7.34;7.76;Drogaven;7.34;PRINCIPAL > PERFUMARIA > HIGIENE > ORAL > ESCOVA DENTAL;7.34;0;0
7891010043469;C;ESCOVA DENTAL JXJ ULTRA CLEAN MACIA;Drogaven;10.77;10.64;DROGACENTRO;10.64;PRINCIPAL > PERFUMARIA > HIGIENE > ORAL > ESCOVA DENTAL;10.77;0;0
7891010043476;B;ESCOVA DENTAL JXJ ULTRA CLEAN MEDIA;Drogaven;10.77;10.52;DROGACENTRO;10.52;PRINCIPAL > PERFUMARIA > HIGIENE > ORAL > ESCOVA DENTAL;10.77;0;0
3014260833176;C;ESCOVA DENTAL ORAL B 123;Drogaven;5.78;6.94;Drogaven;5.78;PRINCIPAL > PERFUMARIA > HIGIENE > ORAL > ESCOVA DENTAL;5.78;0;0
7500435014359;C;ESCOVA DENTAL ORAL B 123 LV3 PG2;Drogal;11.29;12.32;Drogal;11.29;PRINCIPAL > PERFUMARIA > HIGIENE > ORAL > ESCOVA DENTAL;12.63;11.29;0
7500435204415;C;ESCOVA DENTAL ORAL B CHARCOAL 35 INDICATOR BLACK C/2;Drogal;15.59;17.69;Drogal;15.59;PRINCIPAL > PERFUMARIA > HIGIENE > ORAL > ESCOVA DENTAL;20.28;15.59;0
7500435204422;C;ESCOVA DENTAL ORAL B CHARCOAL 35 INDICATOR BLACK C/3;Drogal;19.09;31.41;Drogal;19.09;PRINCIPAL > PERFUMARIA > HIGIENE > ORAL > ESCOVA DENTAL;30.28;19.09;0
7891051037014;C;ESCOVA DENTAL ORAL B CLASSIC MACIA 40;Drogaven;9.89;11.78;Drogaven;9.89;PRINCIPAL > PERFUMARIA > HIGIENE > ORAL > ESCOVA DENTAL;9.89;0;0
7500435107754;C;ESCOVA DENTAL ORAL B INDICATOR PLUS 30 LV2 PG1;Drogal;12.49;20.75;Drogal;12.49;PRINCIPAL > PERFUMARIA > HIGIENE > ORAL > ESCOVA DENTAL;18.9;12.49;0
7500435024594;C;ESCOVA DENTAL ORAL B INDICATOR PLUS 35 LV2 PG1;Drogal;12.49;20.75;Drogal;12.49;PRINCIPAL > PERFUMARIA > HIGIENE > ORAL > ESCOVA DENTAL;18.9;12.49;0
7500435107761;C;ESCOVA DENTAL ORAL B INDICATOR PLUS 40 LV2 PG1;Drogal;12.49;20.53;Drogal;12.49;PRINCIPAL > PERFUMARIA > HIGIENE > ORAL > ESCOVA DENTAL;18.9;12.49;0
3014260019723;C;ESCOVA DENTAL ORAL B KIDS MICKEY;Drogaven;7.83;8.12;Drogaven;7.83;PRINCIPAL > PERFUMARIA > INFANTIL > HIGIENE INFANTIL > ESCOVA DENTAL;7.83;0;0
7500435127417;C;ESCOVA DENTAL ORAL B KIDS MICKEY C/2 3ANOS;Drogaven;13.62;13.08;DROGACENTRO;13.08;PRINCIPAL > PERFUMARIA > INFANTIL > HIGIENE INFANTIL > ESCOVA DENTAL;13.62;0;0
7501001100285;C;ESCOVA DENTAL ORAL B PRO-SAUDE LV 2 PG 1;Drogal;26.05;30.62;Drogal;26.05;PRINCIPAL > PERFUMARIA > HIGIENE > ORAL > ESCOVA DENTAL;26.27;26.05;0
3014260279264;D;ESCOVA DENTAL ORAL B STAGES 3 DE 5-7ANOS;Drogal;23.39;22.12;DROGACENTRO;22.12;PRINCIPAL > PERFUMARIA > INFANTIL > HIGIENE INFANTIL > ESCOVA DENTAL;0;23.39;0
7896015530082;C;ESCOVA DENTAL SENSODYNE GENTLE EXTRA MACIA;Drogaven;16.56;20.14;Drogaven;16.56;PRINCIPAL > PERFUMARIA > HIGIENE > ORAL > ESCOVA DENTAL;16.56;0;0
7896015530181;D;ESCOVA DENTAL SENSODYNE MULTI PROTECAO MACIA;Drogal;14.69;15.73;Drogal;14.69;PRINCIPAL > PERFUMARIA > HIGIENE > ORAL > ESCOVA DENTAL;16.51;14.69;0
7891055803509;C;ESCOVA DENTAL TRIP CONDOR LV2P1 8035;Drogaven;6.85;6.1;DROGACENTRO;6.1;PRINCIPAL > PERFUMARIA > HIGIENE > ORAL > ESCOVA DENTAL;6.85;0;0
7898185410621;C;ESCOVA INFANTIL DENTALCLEAN BATMAN MACIA ;Drogaven;11.26;14.69;Drogaven;11.26;PRINCIPAL > PERFUMARIA > INFANTIL > HIGIENE INFANTIL > ESCOVA DENTAL;11.26;0;0
7896114312916;C;ESCOVA P/HIGIENE DA LINGUA BITUFO;Drogaven;21.46;24.96;Drogaven;21.46;PRINCIPAL > PERFUMARIA > HIGIENE > ORAL > ESCOVA DENTAL;21.46;0;0
7898647922297;C;ESCOVA PARA UNHAS 34-2297;Drogaven;9.3;12.23;Drogaven;9.3;PRINCIPAL > PERFUMARIA > BELEZA > MAOS > classificar;9.3;0;0
7896902286917;D;ESFOLIANTE LABIAL HIDRADERM CICLOS 10G	;Drogaven;21.46;26.82;Drogaven;21.46;PRINCIPAL > PERFUMARIA > BELEZA > MAQUIAGEM > classificar;21.46;0;0
7898632472820;C;ESFOLIANTE MELANCIA ROSA MOSQUETA LABOTRAT 150G;Drogaven;18.52;23.98;Drogaven;18.52;PRINCIPAL > PERFUMARIA > BELEZA > ROSTO > classificar;18.52;0;0
4005900940759;D;ESFOLIANTE NIVEA ACNE CONTROL 75ML;Drogal;39.05;35.92;DROGACENTRO;35.92;PRINCIPAL > PERFUMARIA > BELEZA > ROSTO > classificar;0;39.05;0
7898632472813;C;ESFOLIANTE PITAYA C/ ACIDO HIALORONICO LABOTRAT 150G;Drogaven;18.52;23.98;Drogaven;18.52;PRINCIPAL > PERFUMARIA > BELEZA > ROSTO > classificar;18.52;0;0
7899026421257;D;ESMALTE COLORAMA  40 GRAUS;Drogaven;4.89;5.01;Drogaven;4.89;PRINCIPAL > PERFUMARIA > BELEZA > ESMALTES;4.89;0;0
7899026401747;B;ESMALTE COLORAMA  OLEO SECANTE S/BLISTER;Drogal;7.25;5.01;DROGACENTRO;5.01;PRINCIPAL > PERFUMARIA > BELEZA > ESMALTES;0;7.25;0
7899026410152;C;ESMALTE COLORAMA 5 AVENIDA;Drogaven;4.89;5.01;Drogaven;4.89;PRINCIPAL > PERFUMARIA > BELEZA > ESMALTES;4.89;0;0
7899706239349;C;ESMALTE COLORAMA AVISA QUE E FINI;Drogal;6.35;7.87;Drogal;6.35;PRINCIPAL > PERFUMARIA > BELEZA > ESMALTES;0;6.35;0
7899026401723;B;ESMALTE COLORAMA BASE SETIM S/BLISTER;Drogaven;4.89;5.65;Drogaven;4.89;PRINCIPAL > PERFUMARIA > BELEZA > ESMALTES;4.89;0;0
7899026423329;C;ESMALTE COLORAMA BATIDA DE COCO;Drogaven;4.89;5.01;Drogaven;4.89;PRINCIPAL > PERFUMARIA > BELEZA > ESMALTES;4.89;0;0
7899026400559;C;ESMALTE COLORAMA BLACK;Drogaven;4.89;5.01;Drogaven;4.89;PRINCIPAL > PERFUMARIA > BELEZA > ESMALTES;4.89;0;0
7899026413658;C;ESMALTE COLORAMA CHIC PELE;Drogaven;4.89;5.01;Drogaven;4.89;PRINCIPAL > PERFUMARIA > BELEZA > ESMALTES;4.89;0;0
7899026422315;B;ESMALTE COLORAMA COBERT. INTENSIFICADORA S/ BLISTER;Drogal;7.99;8.19;Drogal;7.99;PRINCIPAL > PERFUMARIA > BELEZA > ESMALTES;7.99;7.99;0
7908615090566;D;ESMALTE COLORAMA DIVERTIDAMENTE LARANJA DE NERVOSO;Drogal;6.59;8.96;Drogal;6.59;PRINCIPAL > PERFUMARIA > BELEZA > ESMALTES;0;6.59;0
7908615090504;D;ESMALTE COLORAMA DIVERTIDAMENTE VERDE DE INVEJA;Drogal;6.59;8.96;Drogal;6.59;PRINCIPAL > PERFUMARIA > BELEZA > ESMALTES;6.75;6.59;0
7899026401730;D;ESMALTE COLORAMA EXTRA BRILHO;Drogaven;4.89;5.01;Drogaven;4.89;PRINCIPAL > PERFUMARIA > BELEZA > ESMALTES;4.89;0;0
7899706239318;D;ESMALTE COLORAMA FINI ME PATROCINA;DrogaRaia;5.55;7.87;DrogaRaia;5.55;PRINCIPAL > PERFUMARIA > BELEZA > ESMALTES;6.76;0;5.55
7899706239431;C;ESMALTE COLORAMA FOI AQUI QUE PEDIRAM FINI;Drogal;6.35;7.87;Drogal;6.35;PRINCIPAL > PERFUMARIA > BELEZA > ESMALTES;6.76;6.35;0
7899026408340;C;ESMALTE COLORAMA GABRIELE;Drogaven;4.89;5.01;Drogaven;4.89;PRINCIPAL > PERFUMARIA > BELEZA > ESMALTES;4.89;0;0
7899026415355;C;ESMALTE COLORAMA JABUTICABA;Drogaven;4.89;5.01;Drogaven;4.89;PRINCIPAL > PERFUMARIA > BELEZA > ESMALTES;4.89;0;0
7899026414464;B;ESMALTE COLORAMA LEITE DE COCO;Drogaven;4.89;5.01;Drogaven;4.89;PRINCIPAL > PERFUMARIA > BELEZA > ESMALTES;4.89;0;0
7899706239370;D;ESMALTE COLORAMA NAO DIVIDO MINHA FINI;Drogal;6.35;7.87;Drogal;6.35;PRINCIPAL > PERFUMARIA > BELEZA > ESMALTES;0;6.35;0
7908785412229;C;ESMALTE COLORAMA NUDE DA SUA COR 1.0;Drogal;7.15;7.5;Drogal;7.15;PRINCIPAL > PERFUMARIA > BELEZA > ESMALTES;7.74;7.15;0
7908785412250;C;ESMALTE COLORAMA NUDE DA SUA COR 2.0;Drogal;7.15;7.5;Drogal;7.15;PRINCIPAL > PERFUMARIA > BELEZA > ESMALTES;0;7.15;0
7908785412281;D;ESMALTE COLORAMA NUDE DA SUA COR 3.0;Drogal;7.15;7.5;Drogal;7.15;PRINCIPAL > PERFUMARIA > BELEZA > ESMALTES;0;7.15;0
7908785412311;D;ESMALTE COLORAMA NUDE DA SUA COR 4.0;Drogal;7.15;7.5;Drogal;7.15;PRINCIPAL > PERFUMARIA > BELEZA > ESMALTES;0;7.15;0
7908785412342;C;ESMALTE COLORAMA NUDE DA SUA COR 5.0;Drogal;7.15;7.5;Drogal;7.15;PRINCIPAL > PERFUMARIA > BELEZA > ESMALTES;0;7.15;0
7908785412373;C;ESMALTE COLORAMA NUDE DA SUA COR 6.0;Drogal;7.15;7.5;Drogal;7.15;PRINCIPAL > PERFUMARIA > BELEZA > ESMALTES;0;7.15;0
7908785412403;C;ESMALTE COLORAMA NUDE DA SUA COR 7.0;Drogal;7.15;7.5;Drogal;7.15;PRINCIPAL > PERFUMARIA > BELEZA > ESMALTES;0;7.15;0
7908785412434;C;ESMALTE COLORAMA NUDE DA SUA COR 8.0;Drogal;7.15;7.5;Drogal;7.15;PRINCIPAL > PERFUMARIA > BELEZA > ESMALTES;0;7.15;0
7908785412465;C;ESMALTE COLORAMA NUDE DA SUA COR 9.0;Drogal;7.15;7.5;Drogal;7.15;PRINCIPAL > PERFUMARIA > BELEZA > ESMALTES;0;7.15;0
7899026408210;C;ESMALTE COLORAMA PETALA;Drogaven;4.89;5.01;Drogaven;4.89;PRINCIPAL > PERFUMARIA > BELEZA > ESMALTES;4.89;0;0
7899026400566;B;ESMALTE COLORAMA PETALA BRANCA;Drogaven;4.89;5.01;Drogaven;4.89;PRINCIPAL > PERFUMARIA > BELEZA > ESMALTES;4.89;0;0
7908785485223;C;ESMALTE COLORAMA RETRO GRACE;Drogal;7.39;10.7;Drogal;7.39;PRINCIPAL > PERFUMARIA > BELEZA > ESMALTES;9.5;7.39;0
7908785485179;C;ESMALTE COLORAMA RETRO NARIZ PALHACO;Drogal;7.39;10.7;Drogal;7.39;PRINCIPAL > PERFUMARIA > BELEZA > ESMALTES;9.5;7.39;0
7908785485025;C;ESMALTE COLORAMA RETRO ZAZA;Drogal;7.39;10.7;Drogal;7.39;PRINCIPAL > PERFUMARIA > BELEZA > ESMALTES;9.5;7.39;0
7908785484974;C;ESMALTE COLORAMA RETRO ZAZA CINTILANTE;Drogal;7.15;10.7;Drogal;7.15;PRINCIPAL > PERFUMARIA > BELEZA > ESMALTES;9.5;7.15;0
7899026414518;C;ESMALTE COLORAMA SAMBA JULIANA;Drogaven;4.89;5.01;Drogaven;4.89;PRINCIPAL > PERFUMARIA > BELEZA > ESMALTES;4.89;0;0
7899706239400;D;ESMALTE COLORAMA SOL EM FINI;DrogaRaia;5.55;7.87;DrogaRaia;5.55;PRINCIPAL > PERFUMARIA > BELEZA > ESMALTES;6.76;0;5.55
7899706239288;C;ESMALTE COLORAMA TA CHOVENDO FINI;Drogaven;6.76;7.87;Drogaven;6.76;PRINCIPAL > PERFUMARIA > BELEZA > ESMALTES;6.76;0;0
7899706239189;C;ESMALTE COLORAMA VEM VAI TER FINI;Drogal;6.35;7.87;Drogal;6.35;PRINCIPAL > PERFUMARIA > BELEZA > ESMALTES;6.76;6.35;0
7896111995303;C;ESMALTE IMPALA A COR DA SUA MODA ADMIRE;DrogaRaia;5.84;5.27;DROGACENTRO;5.27;PRINCIPAL > PERFUMARIA > BELEZA > ESMALTES;0;0;5.84
7896111902042;C;ESMALTE IMPALA A COR DA SUA MODA AFETO;Drogaven;4.89;5.27;Drogaven;4.89;PRINCIPAL > PERFUMARIA > BELEZA > ESMALTES;4.89;0;0
7896111999745;C;ESMALTE IMPALA A COR DA SUA MODA DELICADO;Drogaven;3.71;5.27;Drogaven;3.71;PRINCIPAL > PERFUMARIA > BELEZA > ESMALTES;3.71;0;0
7896111999738;C;ESMALTE IMPALA A COR DA SUA MODA DESTINOS;Drogaven;3.71;5.27;Drogaven;3.71;PRINCIPAL > PERFUMARIA > BELEZA > ESMALTES;3.71;0;0
7896111902073;C;ESMALTE IMPALA A COR DA SUA MODA DEVANEIO;Drogaven;4.89;5.27;Drogaven;4.89;PRINCIPAL > PERFUMARIA > BELEZA > ESMALTES;4.89;0;0
7896111902059;D;ESMALTE IMPALA A COR DA SUA MODA DISCRETO;Drogaven;4.89;5.27;Drogaven;4.89;PRINCIPAL > PERFUMARIA > BELEZA > ESMALTES;4.89;0;0
7896111902004;C;ESMALTE IMPALA A COR DA SUA MODA ELEGANTE;Drogaven;4.89;5.27;Drogaven;4.89;PRINCIPAL > PERFUMARIA > BELEZA > ESMALTES;4.89;0;0
7896111999721;C;ESMALTE IMPALA A COR DA SUA MODA FASCINACAO;Drogaven;3.71;5.27;Drogaven;3.71;PRINCIPAL > PERFUMARIA > BELEZA > ESMALTES;3.71;0;0
7896111999752;C;ESMALTE IMPALA A COR DA SUA MODA INTENSO;Drogaven;3.71;5.27;Drogaven;3.71;PRINCIPAL > PERFUMARIA > BELEZA > ESMALTES;3.71;0;0
7896111999813;C;ESMALTE IMPALA A COR DA SUA MODA LEMBRANCAS;Drogaven;3.71;5.27;Drogaven;3.71;PRINCIPAL > PERFUMARIA > BELEZA > ESMALTES;3.71;0;0
7896111902035;C;ESMALTE IMPALA A COR DA SUA MODA LINHO;Drogaven;4.89;5.27;Drogaven;4.89;PRINCIPAL > PERFUMARIA > BELEZA > ESMALTES;4.89;0;0
7896111902011;D;ESMALTE IMPALA A COR DA SUA MODA PRESENCA;Drogaven;4.89;5.27;Drogaven;4.89;PRINCIPAL > PERFUMARIA > BELEZA > ESMALTES;4.89;0;0
7896111999790;C;ESMALTE IMPALA A COR DA SUA MODA QUERER;Drogaven;3.71;5.27;Drogaven;3.71;PRINCIPAL > PERFUMARIA > BELEZA > ESMALTES;3.71;0;0
7896111902066;C;ESMALTE IMPALA A COR DA SUA MODA RELIQUIA;Drogaven;4.89;5.27;Drogaven;4.89;PRINCIPAL > PERFUMARIA > BELEZA > ESMALTES;4.89;0;0
7896111999806;C;ESMALTE IMPALA A COR DA SUA MODA SEGREDOS;Drogaven;3.71;5.27;Drogaven;3.71;PRINCIPAL > PERFUMARIA > BELEZA > ESMALTES;3.71;0;0
7896111901991;C;ESMALTE IMPALA A COR DA SUA MODA SOFISTICACAO;Drogaven;4.89;5.27;Drogaven;4.89;PRINCIPAL > PERFUMARIA > BELEZA > ESMALTES;4.89;0;0
7896111999776;C;ESMALTE IMPALA A COR DA SUA MODA SOSSEGO;Drogaven;3.71;5.27;Drogaven;3.71;PRINCIPAL > PERFUMARIA > BELEZA > ESMALTES;3.71;0;0
7896111999769;C;ESMALTE IMPALA A COR DA SUA MODA VIRTUDE;Drogaven;3.71;5.27;Drogaven;3.71;PRINCIPAL > PERFUMARIA > BELEZA > ESMALTES;3.71;0;0
7896111999783;C;ESMALTE IMPALA A COR DA SUA MODA VIVENCIA;Drogaven;3.71;5.27;Drogaven;3.71;PRINCIPAL > PERFUMARIA > BELEZA > ESMALTES;3.71;0;0
7896111998946;C;ESMALTE IMPALA ANA CASTELA E A BOIADEIRA;Drogaven;4.6;5.02;Drogaven;4.6;PRINCIPAL > PERFUMARIA > BELEZA > ESMALTES;4.6;0;0
7896111999066;D;ESMALTE IMPALA ANA CASTELA LANCADA PERFEITA;Drogaven;4.6;5.02;Drogaven;4.6;PRINCIPAL > PERFUMARIA > BELEZA > ESMALTES;4.6;0;0
7896111999141;C;ESMALTE IMPALA ANA CASTELA SEGURA A FIVELA;Drogaven;4.6;5.02;Drogaven;4.6;PRINCIPAL > PERFUMARIA > BELEZA > ESMALTES;4.6;0;0
7896111999226;C;ESMALTE IMPALA ANA CASTELA SOLTA O AGRONEJO;Drogaven;4.6;5.02;Drogaven;4.6;PRINCIPAL > PERFUMARIA > BELEZA > ESMALTES;4.6;0;0
7896111997215;B;ESMALTE IMPALA CHAMEGO MEU CREMOSO;Drogaven;5.28;3.79;DROGACENTRO;3.79;PRINCIPAL > PERFUMARIA > BELEZA > ESMALTES;5.28;0;0
7896111901168;C;ESMALTE IMPALA GLOBOPLAY ME CHAMA DE SENHORA;Drogaven;5.48;6.19;Drogaven;5.48;PRINCIPAL > PERFUMARIA > BELEZA > ESMALTES;5.48;0;0
7896111901632;C;ESMALTE IMPALA IMPREVISIVEL COMPLICADA/PERFEITINHA;Drogaven;6.85;5.95;DROGACENTRO;5.95;PRINCIPAL > PERFUMARIA > BELEZA > ESMALTES;6.85;0;0
7896111901656;D;ESMALTE IMPALA IMPREVISIVEL DESENROLADA/MISTERIOSA;Drogaven;6.85;5.95;DROGACENTRO;5.95;PRINCIPAL > PERFUMARIA > BELEZA > ESMALTES;6.85;0;0
7896111901571;C;ESMALTE IMPALA IMPREVISIVEL GLAMUROSA/BASIQUINHA;Drogaven;6.85;5.95;DROGACENTRO;5.95;PRINCIPAL > PERFUMARIA > BELEZA > ESMALTES;6.85;0;0
7896111901649;C;ESMALTE IMPALA IMPREVISIVEL MEIGA/SINCERONA;Drogaven;6.85;5.95;DROGACENTRO;5.95;PRINCIPAL > PERFUMARIA > BELEZA > ESMALTES;6.85;0;0
7896111901595;C;ESMALTE IMPALA IMPREVISIVEL REALISTA/FANFIQUEIRA;Drogaven;6.85;5.95;DROGACENTRO;5.95;PRINCIPAL > PERFUMARIA > BELEZA > ESMALTES;6.85;0;0
7896111901601;C;ESMALTE IMPALA IMPREVISIVEL TIMIDA/BISCOTEIRA;Drogaven;6.85;5.95;DROGACENTRO;5.95;PRINCIPAL > PERFUMARIA > BELEZA > ESMALTES;6.85;0;0
7896111901625;D;ESMALTE IMPALA IMPREVISIVEL TRANQUILA/SURTADA;Drogaven;6.85;5.95;DROGACENTRO;5.95;PRINCIPAL > PERFUMARIA > BELEZA > ESMALTES;6.85;0;0
7896111998021;C;ESMALTE IMPALA JU PAES METAL LIKE VEM DE CARONA;Drogaven;4.89;5.58;Drogaven;4.89;PRINCIPAL > PERFUMARIA > BELEZA > ESMALTES;4.89;0;0
7896111998007;D;ESMALTE IMPALA JUPAES METAL LIKE CONFIANTE IMPREVISIVEL;Drogaven;4.89;5.58;Drogaven;4.89;PRINCIPAL > PERFUMARIA > BELEZA > ESMALTES;4.89;0;0
7896111998052;C;ESMALTE IMPALA JUPAES METAL LIKE SEM LIMITE;Drogaven;4.89;5.58;Drogaven;4.89;PRINCIPAL > PERFUMARIA > BELEZA > ESMALTES;4.89;0;0
7896111919477;B;ESMALTE IMPALA LUA;Drogaven;3.62;3.79;Drogaven;3.62;PRINCIPAL > PERFUMARIA > BELEZA > ESMALTES;3.62;0;0
7896111992364;C;ESMALTE IMPALA NOVO DADIVA ;Drogaven;3.62;3.79;Drogaven;3.62;PRINCIPAL > PERFUMARIA > BELEZA > ESMALTES;3.62;0;0
7896111997185;D;ESMALTE IMPALA SEM PRESSA CREMOSO;Drogaven;3.62;3.79;Drogaven;3.62;PRINCIPAL > PERFUMARIA > BELEZA > ESMALTES;3.62;0;0
7896111998397;C;ESMALTE IMPALA TRATAMENTO REVITAL BRANCO SOFT;Drogaven;4.89;5.82;Drogaven;4.89;PRINCIPAL > PERFUMARIA > BELEZA > ESMALTES;4.89;0;0
7896111998403;C;ESMALTE IMPALA TRATAMENTO REVITAL CORAL LIGHT;Drogaven;4.89;5.82;Drogaven;4.89;PRINCIPAL > PERFUMARIA > BELEZA > ESMALTES;4.89;0;0
7896111998427;C;ESMALTE IMPALA TRATAMENTO REVITAL OLEO EM GEL;Drogaven;4.89;5.82;Drogaven;4.89;PRINCIPAL > PERFUMARIA > BELEZA > ESMALTES;4.89;0;0
7896111998410;C;ESMALTE IMPALA TRATAMENTO REVITAL ROSA SWEET;Drogaven;4.89;5.82;Drogaven;4.89;PRINCIPAL > PERFUMARIA > BELEZA > ESMALTES;4.89;0;0
7896111954478;B;ESMALTE IMPALA VERNIZ EXTRA BRILHO;Drogaven;5.18;5.08;DROGACENTRO;5.08;PRINCIPAL > PERFUMARIA > BELEZA > ESMALTES;5.18;0;0
7896111992326;D;ESMALTE IMPALA VIBRACOES;Drogaven;3.62;3.79;Drogaven;3.62;PRINCIPAL > PERFUMARIA > BELEZA > ESMALTES;3.62;0;0
7896111999516;C;ESMALTE IMPALA VIVA AME E BRILHE HOJE EU POSSO;Drogaven;5.87;5.94;Drogaven;5.87;PRINCIPAL > PERFUMARIA > BELEZA > ESMALTES;5.87;0;0
7896111999554;C;ESMALTE IMPALA VIVA AME E BRILHE NINGUEM ME SEGURA;Drogaven;5.87;5.94;Drogaven;5.87;PRINCIPAL > PERFUMARIA > BELEZA > ESMALTES;5.87;0;0
7896111999530;C;ESMALTE IMPALA VIVA AME E BRILHE OSTENTE SEU PODER;Drogaven;5.87;5.94;Drogaven;5.87;PRINCIPAL > PERFUMARIA > BELEZA > ESMALTES;5.87;0;0
7896111999547;C;ESMALTE IMPALA VIVA AME E BRILHE PRONTA PRA TUDO;Drogaven;5.87;5.94;Drogaven;5.87;PRINCIPAL > PERFUMARIA > BELEZA > ESMALTES;5.87;0;0
7896111999523;C;ESMALTE IMPALA VIVA AME E BRILHE VIM BRILHAR;Drogaven;5.87;5.94;Drogaven;5.87;PRINCIPAL > PERFUMARIA > BELEZA > ESMALTES;5.87;0;0
7891350043075;D;ESMALTE RISQUE DORITOS NADA OBVIO;Drogaven;5.87;6.55;Drogaven;5.87;PRINCIPAL > PERFUMARIA > BELEZA > ESMALTES;5.87;0;0
7891350043051;C;ESMALTE RISQUE DORITOS OUSADIA PONTA DOS DEDOS;Drogaven;5.87;6.55;Drogaven;5.87;PRINCIPAL > PERFUMARIA > BELEZA > ESMALTES;5.87;0;0
7891350043020;C;ESMALTE RISQUE DORITOS ULTIMO DORITOS DO PACOTE;Drogaven;5.87;6.55;Drogaven;5.87;PRINCIPAL > PERFUMARIA > BELEZA > ESMALTES;5.87;0;0
7891350042535;C;ESMALTE RISQUE E DO MEU JEITO A ARTISTA SOU EU;Drogaven;4.8;7.26;Drogaven;4.8;PRINCIPAL > PERFUMARIA > BELEZA > ESMALTES;4.8;0;0
7891350042573;C;ESMALTE RISQUE E DO MEU JEITO MAR DE POSSIBILIDADES;Drogal;8.65;7.26;DROGACENTRO;7.26;PRINCIPAL > PERFUMARIA > BELEZA > ESMALTES;0;8.65;0
7891350042559;C;ESMALTE RISQUE E DO MEU JEITO VAI TER ARCO-IRIS;Drogal;8.65;7.26;DROGACENTRO;7.26;PRINCIPAL > PERFUMARIA > BELEZA > ESMALTES;0;8.65;0
7891350042566;C;ESMALTE RISQUE E DO MEU JEITO VIVENDO DA MINHA ART;Drogal;8.65;7.26;DROGACENTRO;7.26;PRINCIPAL > PERFUMARIA > BELEZA > ESMALTES;0;8.65;0
7891350038057;C;ESMALTE RISQUE INSPIRADORACAO DIVINA;Drogaven;5.18;4.69;DROGACENTRO;4.69;PRINCIPAL > PERFUMARIA > BELEZA > ESMALTES;5.18;0;0
7891350045277;C;ESMALTE RISQUE MANICORES CREDITA NO BRILHO;Drogaven;6.36;6.67;Drogaven;6.36;PRINCIPAL > PERFUMARIA > BELEZA > ESMALTES;6.36;0;0
7891350045239;C;ESMALTE RISQUE MANICORES FACO UM PINX EM CASA;Drogal;8.15;6.67;DROGACENTRO;6.67;PRINCIPAL > PERFUMARIA > BELEZA > ESMALTES;0;8.15;0
7891350045291;C;ESMALTE RISQUE MANICORES JOGA PRO UNIVERSO;Drogal;8.15;6.89;DROGACENTRO;6.89;PRINCIPAL > PERFUMARIA > BELEZA > ESMALTES;0;8.15;0
7891350045260;C;ESMALTE RISQUE MANICORES RECUPEREI A DIGNIDADE;Drogal;8.15;6.67;DROGACENTRO;6.67;PRINCIPAL > PERFUMARIA > BELEZA > ESMALTES;0;8.15;0
7891350045246;D;ESMALTE RISQUE MANICORES SE LIBERTA DO BASICO;Drogal;8.15;6.67;DROGACENTRO;6.67;PRINCIPAL > PERFUMARIA > BELEZA > ESMALTES;0;8.15;0
7891350045253;D;ESMALTE RISQUE MANICORES UM DIA AMADURE;Drogaven;6.36;6.67;Drogaven;6.36;PRINCIPAL > PERFUMARIA > BELEZA > ESMALTES;6.36;0;0
7891350039726;C;ESMALTE RISQUE METAVERSO CRIPTO ROSA ;Drogaven;5.18;4.69;DROGACENTRO;4.69;PRINCIPAL > PERFUMARIA > BELEZA > ESMALTES;5.18;0;0
7891182015127;C;ESMALTE RISQUE NINFA;Drogaven;4.89;5.38;Drogaven;4.89;PRINCIPAL > PERFUMARIA > BELEZA > ESMALTES;4.89;0;0
7891350044881;C;ESMALTE RISQUE NOVA COR CHOCOLIGHT;Drogal;6.05;4.42;DROGACENTRO;4.42;PRINCIPAL > PERFUMARIA > BELEZA > ESMALTES;0;6.05;0
7891350044942;C;ESMALTE RISQUE NOVA COR DOURA-ME SE FOR CAPAZ;Drogal;6.05;4.42;DROGACENTRO;4.42;PRINCIPAL > PERFUMARIA > BELEZA > ESMALTES;0;6.05;0
7891350044874;D;ESMALTE RISQUE NOVA COR MARROMVILHOSO;Drogal;6.05;4.42;DROGACENTRO;4.42;PRINCIPAL > PERFUMARIA > BELEZA > ESMALTES;0;6.05;0
7891350044867;C;ESMALTE RISQUE NOVA COR ME DEIXA AMEIXA;Drogal;6.05;4.42;DROGACENTRO;4.42;PRINCIPAL > PERFUMARIA > BELEZA > ESMALTES;0;6.05;0
7891350042832;C;ESMALTE RISQUE OI SUMIDA;Drogaven;5.18;4.69;DROGACENTRO;4.69;PRINCIPAL > PERFUMARIA > BELEZA > ESMALTES;5.18;0;0
7891350040036;C;ESMALTE RISQUE REINVENTE PADRAOZINHO PRA QUEM;Drogal;9.35;5.55;DROGACENTRO;5.55;PRINCIPAL > PERFUMARIA > BELEZA > ESMALTES;0;9.35;0
7891182820028;C;ESMALTE RISQUE RENDA S/BLISTER;Drogaven;4.89;4.75;DROGACENTRO;4.75;PRINCIPAL > PERFUMARIA > BELEZA > ESMALTES;4.89;0;0
7891182035941;C;ESMALTE RISQUE RENDINHA NATURAL;Drogaven;4.89;4.75;DROGACENTRO;4.75;PRINCIPAL > PERFUMARIA > BELEZA > ESMALTES;4.89;0;0
7891350038101;C;ESMALTE RISQUE TODAS PO UMA;Drogaven;5.18;4.69;DROGACENTRO;4.69;PRINCIPAL > PERFUMARIA > BELEZA > ESMALTES;5.18;0;0
7891350042818;D;ESMALTE RISQUE VERDE ESMERALDA;Drogaven;5.18;4.69;DROGACENTRO;4.69;PRINCIPAL > PERFUMARIA > BELEZA > ESMALTES;5.18;0;0
7896075709343;C;ESPATULA MANICURE MERHEJE ROSA;Drogal;2.99;4.3;Drogal;2.99;PRINCIPAL > PERFUMARIA > BELEZA > MAOS > classificar;0;2.99;0
7891040001187;C;ESPONJA PONJITA BANHO;Drogaven;5.05;5.65;Drogaven;5.05;PRINCIPAL > PERFUMARIA > HIGIENE > CORPORAL > ACESSORIOS;5.05;0;0
7891350000115;C;ESPUMA BARBEAR BOZZANO REFRESCANTE 193G/200ML;Drogal;18.99;25.65;Drogal;18.99;PRINCIPAL > PERFUMARIA > MASCULINO > BARBA/BIGODE > CREME/ESPUMA/OLEO/BALM/LOCAO/GEL;0;18.99;0
4005800220012;C;EUCERIN DUOPACK AQUAPHOR 20G;Drogal;54.05;67.44;Drogal;54.05;PRINCIPAL > PERFUMARIA > BELEZA > DERMOCOSMETICO;0;54.05;0
7896094211889;D;FILTRUM COLOR FPS70 COR 1.0 50G;Drogal;69.89;112.27;Drogal;69.89;PRINCIPAL > PERFUMARIA > BELEZA > DERMOCOSMETICO;87.12;69.89;0
7896094211865;D;FILTRUM COLOR FPS70 COR 3.0 50G;Drogal;69.89;110.11;Drogal;69.89;PRINCIPAL > PERFUMARIA > BELEZA > DERMOCOSMETICO;87.12;69.89;0
7896094211834;D;FILTRUM SENSI FPS50 50G;Drogal;46.99;90.93;Drogal;46.99;PRINCIPAL > PERFUMARIA > BELEZA > DERMOCOSMETICO;76.56;46.99;0
7896094208537;C;FILTRUM ULTRA SECO FPS30 CREME 60G;Drogal;39.99;73.17;Drogal;39.99;PRINCIPAL > PERFUMARIA > BELEZA > DERMOCOSMETICO;59.29;39.99;0
7891150095601;C;FINALIZADOR CAPILAR DOVE CREME LEAVE-IN BOND 50ML;Drogaven;15.08;19.07;Drogaven;15.08;PRINCIPAL > PERFUMARIA > CABELO > LEAVE IN/ATIVADOR;15.08;0;0
7891033583126;C;FINALIZADOR JELLY SIAGE PRO CRONOLOGY CURVA 300ML;Drogaven;64.01;64.96;Drogaven;64.01;PRINCIPAL > PERFUMARIA > CABELO > CREME;64.01;0;0
7891024183021;C;FIO DENTAL COLGATE MENTA 50M;Drogaven;13.74;18.05;Drogaven;13.74;PRINCIPAL > PERFUMARIA > HIGIENE > ORAL > FIO DENTAL;13.74;0;0
7891024183007;C;FIO DENTAL COLGATE TRADICIONAL 50M;Drogaven;13.74;16.34;Drogaven;13.74;PRINCIPAL > PERFUMARIA > HIGIENE > ORAL > FIO DENTAL;13.74;0;0
070942003322;D;FIO DENTAL INFANTIL GUM FLOSSER PATRULIA CANINA C/40;Drogal;21.85;26.14;Drogal;21.85;PRINCIPAL > PERFUMARIA > INFANTIL > HIGIENE INFANTIL > classificar;0;21.85;0
7891010501105;B;FIO DENTAL J&J ESSENCIAL 100M;Drogal;13.25;17.85;Drogal;13.25;PRINCIPAL > PERFUMARIA > HIGIENE > ORAL > FIO DENTAL;15.58;13.25;0
7891010038908;C;FIO DENTAL J&J MENTA 50M;Drogaven;15.58;18.92;Drogaven;15.58;PRINCIPAL > PERFUMARIA > HIGIENE > ORAL > FIO DENTAL;15.58;0;0
7891010038915;C;FIO DENTAL J&J REACH EXT FINO 50M;Drogaven;15.58;16.88;Drogaven;15.58;PRINCIPAL > PERFUMARIA > HIGIENE > ORAL > FIO DENTAL;15.58;0;0
7896114312756;C;FIO DENTAL SANIFIL CLASSICO 100M;Drogaven;12.73;15.0;Drogaven;12.73;PRINCIPAL > PERFUMARIA > HIGIENE > ORAL > FIO DENTAL;12.73;0;0
7891024183182;C;FITA DENTAL COLGATE TOTAL 25M;Drogaven;21.26;26.64;Drogaven;21.26;PRINCIPAL > PERFUMARIA > HIGIENE > ORAL > FIO DENTAL;21.26;0;0
7898185416203;C;FITA DENTAL INFANTIL COM CABO STITCH MORANGO;Drogal;22.55;33.01;Drogal;22.55;PRINCIPAL > PERFUMARIA > INFANTIL > HIGIENE INFANTIL > classificar;29.3;22.55;0
7896114312817;B;FITA DENTAL SANIFIL MENTA 125MT;Drogaven;11.75;13.49;Drogaven;11.75;PRINCIPAL > PERFUMARIA > HIGIENE > ORAL > FIO DENTAL;11.75;0;0
076660008625;B;FIXODENT ORIGINAL 21G;Drogal;33.99;39.6;Drogal;33.99;PRINCIPAL > PERFUMARIA > HIGIENE > ORAL > CREME FIXADOR;0;33.99;0
7898040324438;C;FLETOP LOCAO 200ML;Drogaven;59.23;77.2;Drogaven;59.23;PRINCIPAL > PERFUMARIA > BELEZA > DERMOCOSMETICO;59.23;0;0
7898610377338;C;FLUIDO HASKELL CAVALO FORTE HIDRA 120ML;Drogaven;41.06;38.38;DROGACENTRO;38.38;PRINCIPAL > PERFUMARIA > CABELO > classificar;41.06;0;0
7898610373460;C;FLUIDO HASKELL FINALIZADOR ENCORPORA CABELO 120ML;Drogaven;41.06;38.38;DROGACENTRO;38.38;PRINCIPAL > PERFUMARIA > CABELO > classificar;41.06;0;0
7898610375174;C;FLUIDO HASKELL OBRIGATORIO BANANEIRA 120ML;Drogaven;41.06;38.38;DROGACENTRO;38.38;PRINCIPAL > PERFUMARIA > CABELO > classificar;41.06;0;0
7898610375242;C;FLUIDO HASKELL POS PROGRESSIVA 120ML ;Drogaven;41.06;38.38;DROGACENTRO;38.38;PRINCIPAL > PERFUMARIA > CABELO > classificar;41.06;0;0
7896061996610;B;FRALDA BABYSEC GALINHA PINTADINHA G HIPER C/60;Drogaven;77.41;75.83;DROGACENTRO;75.83;PRINCIPAL > PERFUMARIA > INFANTIL > FRALDA INFANTIL;77.41;0;0
7896061995910;B;FRALDA BABYSEC GALINHA PINTADINHA G MEGA C/32;Drogal;41.89;41.59;DROGACENTRO;41.59;PRINCIPAL > PERFUMARIA > INFANTIL > FRALDA INFANTIL;44.65;41.89;0
7896061996603;B;FRALDA BABYSEC GALINHA PINTADINHA M HIPER C/68;Drogaven;77.41;75.83;DROGACENTRO;75.83;PRINCIPAL > PERFUMARIA > INFANTIL > FRALDA INFANTIL;77.41;0;0
7896061995903;B;FRALDA BABYSEC GALINHA PINTADINHA M MEGA C/38;Drogal;41.89;41.59;DROGACENTRO;41.59;PRINCIPAL > PERFUMARIA > INFANTIL > FRALDA INFANTIL;44.65;41.89;0
7896061995460;C;FRALDA BABYSEC GALINHA PINTADINHA P MEGA C/42;Drogal;41.89;41.59;DROGACENTRO;41.59;PRINCIPAL > PERFUMARIA > INFANTIL > FRALDA INFANTIL;44.65;41.89;0
7896061996627;B;FRALDA BABYSEC GALINHA PINTADINHA XG HIPER C/56;Drogaven;77.41;75.83;DROGACENTRO;75.83;PRINCIPAL > PERFUMARIA > INFANTIL > FRALDA INFANTIL;77.41;0;0
7896061995927;B;FRALDA BABYSEC GALINHA PINTADINHA XG MEGA C/30;Drogal;41.89;41.59;DROGACENTRO;41.59;PRINCIPAL > PERFUMARIA > INFANTIL > FRALDA INFANTIL;44.65;41.89;0
7896061996832;B;FRALDA BABYSEC GALINHA PINTADINHA XXG HIPER C/48;Drogaven;77.41;75.83;DROGACENTRO;75.83;PRINCIPAL > PERFUMARIA > INFANTIL > FRALDA INFANTIL;77.41;0;0
7896061995477;B;FRALDA BABYSEC GALINHA PINTADINHA XXG MEGA C/28;Drogal;41.89;41.59;DROGACENTRO;41.59;PRINCIPAL > PERFUMARIA > INFANTIL > FRALDA INFANTIL;44.65;41.89;0
7899700800804;C;FRALDA GERIATRICA SAFETY REGULAR M C/08;Drogaven;18.02;22.06;Drogaven;18.02;PRINCIPAL > PERFUMARIA > HIGIENE > DESCARTAVEL-INTIMA > FRALDA GERIATRICA;18.02;0;0
7896877602613;A;FRALDA GERIATRICA SUAVIDADE EG C/7;Drogaven;19.5;20.78;Drogaven;19.5;PRINCIPAL > PERFUMARIA > HIGIENE > DESCARTAVEL-INTIMA > FRALDA GERIATRICA;19.5;0;0
7896877601456;B;FRALDA GERIATRICA SUAVIDADE G C/30;Drogaven;70.06;70.84;Drogaven;70.06;PRINCIPAL > PERFUMARIA > HIGIENE > DESCARTAVEL-INTIMA > FRALDA GERIATRICA;70.06;0;0
7896877602606;A;FRALDA GERIATRICA SUAVIDADE G C/8;Drogaven;19.5;20.78;Drogaven;19.5;PRINCIPAL > PERFUMARIA > HIGIENE > DESCARTAVEL-INTIMA > FRALDA GERIATRICA;19.5;0;0
7896877601449;C;FRALDA GERIATRICA SUAVIDADE M C/30;Drogaven;70.06;70.84;Drogaven;70.06;PRINCIPAL > PERFUMARIA > HIGIENE > DESCARTAVEL-INTIMA > FRALDA GERIATRICA;70.06;0;0
7896877602590;A;FRALDA GERIATRICA SUAVIDADE M C/9;Drogaven;19.5;20.78;Drogaven;19.5;PRINCIPAL > PERFUMARIA > HIGIENE > DESCARTAVEL-INTIMA > FRALDA GERIATRICA;19.5;0;0
7896007552016;B;FRALDA HUGGIES NATURAL CARE RN C/34;Drogal;29.99;43.65;Drogal;29.99;PRINCIPAL > PERFUMARIA > INFANTIL > FRALDA INFANTIL;44.38;29.99;0
7896007551088;C;FRALDA HUGGIES PISCINA L SWIMMERS M/G C/10;Drogal;40.55;41.18;Drogal;40.55;PRINCIPAL > PERFUMARIA > INFANTIL > FRALDA INFANTIL;0;40.55;0
7896007551095;D;FRALDA HUGGIES PISCINA L SWIMMERS P/M C/11;Drogal;40.55;43.15;Drogal;40.55;PRINCIPAL > PERFUMARIA > INFANTIL > FRALDA INFANTIL;0;40.55;0
7896007552801;B;FRALDA HUGGIES SUPREME CARE G HIPERZINHA  C/58;Drogaven;97.9;88.0;DROGACENTRO;88.0;PRINCIPAL > PERFUMARIA > INFANTIL > FRALDA INFANTIL;97.9;0;0
7896007548378;C;FRALDA HUGGIES SUPREME CARE G JUMBO C/20;Drogaven;33.7;36.66;Drogaven;33.7;PRINCIPAL > PERFUMARIA > INFANTIL > FRALDA INFANTIL;33.7;0;0
7896007548415;C;FRALDA HUGGIES SUPREME CARE G MEGA C/32;Drogal;41.99;50.07;Drogal;41.99;PRINCIPAL > PERFUMARIA > INFANTIL > FRALDA INFANTIL;47.92;41.99;58.9
7896007549689;B;FRALDA HUGGIES SUPREME CARE G ROUPA C/30;Drogal;50.55;49.12;DROGACENTRO;49.12;PRINCIPAL > PERFUMARIA > INFANTIL > FRALDA INFANTIL;53.89;50.55;0
7896007548361;C;FRALDA HUGGIES SUPREME CARE M JUMBO C/24;Drogaven;33.7;36.66;Drogaven;33.7;PRINCIPAL > PERFUMARIA > INFANTIL > FRALDA INFANTIL;33.7;0;0
7896007548408;C;FRALDA HUGGIES SUPREME CARE M MEGA C/40;Drogal;41.99;50.07;Drogal;41.99;PRINCIPAL > PERFUMARIA > INFANTIL > FRALDA INFANTIL;47.92;41.99;0
7896007549672;C;FRALDA HUGGIES SUPREME CARE M ROUPA C/36;Drogal;50.55;49.12;DROGACENTRO;49.12;PRINCIPAL > PERFUMARIA > INFANTIL > FRALDA INFANTIL;53.89;50.55;0
7896007548507;C;FRALDA HUGGIES SUPREME CARE P JUMBO C/28;Drogaven;33.7;36.66;Drogaven;33.7;PRINCIPAL > PERFUMARIA > INFANTIL > FRALDA INFANTIL;33.7;0;0
7896007548514;B;FRALDA HUGGIES SUPREME CARE P MEGA C/48;Drogal;41.99;50.07;Drogal;41.99;PRINCIPAL > PERFUMARIA > INFANTIL > FRALDA INFANTIL;47.92;41.99;72.53
7896007552825;B;FRALDA HUGGIES SUPREME CARE XG HIPERZINHA C/56;Drogaven;97.9;88.0;DROGACENTRO;88.0;PRINCIPAL > PERFUMARIA > INFANTIL > FRALDA INFANTIL;97.9;0;0
7896007549696;B;FRALDA HUGGIES SUPREME CARE XG ROUPA C/24;Drogal;50.55;49.12;DROGACENTRO;49.12;PRINCIPAL > PERFUMARIA > INFANTIL > FRALDA INFANTIL;53.89;50.55;0
7896007548422;C;FRALDA HUGGIES SUPREME CARE XG ROUPA C/26;Drogal;41.99;50.07;Drogal;41.99;PRINCIPAL > PERFUMARIA > INFANTIL > FRALDA INFANTIL;47.92;41.99;0
7896007552849;B;FRALDA HUGGIES SUPREME CARE XXG HIPERZINHA C/54;Drogaven;97.9;88.0;DROGACENTRO;88.0;PRINCIPAL > PERFUMARIA > INFANTIL > FRALDA INFANTIL;97.9;0;0
7896007548392;C;FRALDA HUGGIES SUPREME CARE XXG JUMBO C/16;Drogaven;33.7;36.66;Drogaven;33.7;PRINCIPAL > PERFUMARIA > INFANTIL > FRALDA INFANTIL;33.7;0;0
7896007548439;C;FRALDA HUGGIES SUPREME CARE XXG MEGA C/26;Drogal;41.99;50.07;Drogal;41.99;PRINCIPAL > PERFUMARIA > INFANTIL > FRALDA INFANTIL;47.92;41.99;0
7896007549702;B;FRALDA HUGGIES SUPREME CARE XXG ROUPA C/24;Drogal;50.55;49.12;DROGACENTRO;49.12;PRINCIPAL > PERFUMARIA > INFANTIL > FRALDA INFANTIL;53.89;50.55;0
7896007549269;B;FRALDA HUGGIES TRIPLA PROTECAO G HIPER C/78;Drogaven;85.36;85.97;Drogaven;85.36;PRINCIPAL > PERFUMARIA > INFANTIL > FRALDA INFANTIL;85.36;0;0
7896007549252;C;FRALDA HUGGIES TRIPLA PROTECAO M HIPER C/92;Drogaven;85.36;85.97;Drogaven;85.36;PRINCIPAL > PERFUMARIA > INFANTIL > FRALDA INFANTIL;85.36;0;0
7896007552450;C;FRALDA HUGGIES TRIPLA PROTECAO M JUMBO C/28;Drogaven;32.72;33.09;Drogaven;32.72;PRINCIPAL > PERFUMARIA > INFANTIL > FRALDA INFANTIL;32.72;0;0
7896007549276;B;FRALDA HUGGIES TRIPLA PROTECAO XG HIPER C/66;Drogaven;85.36;85.97;Drogaven;85.36;PRINCIPAL > PERFUMARIA > INFANTIL > FRALDA INFANTIL;85.36;0;0
7896007553723;C;FRALDA HUGGIES TRIPLA PROTECAO XG MEGA C/28 GRATIS 2 TIRAS;Drogal;34.99;33.7;DROGACENTRO;33.7;PRINCIPAL > PERFUMARIA > INFANTIL > FRALDA INFANTIL;37.23;34.99;0
7896007551293;B;FRALDA HUGGIES TRIPLA PROTECAO XXG HIPER C/66;Drogaven;85.36;85.97;Drogaven;85.36;PRINCIPAL > PERFUMARIA > INFANTIL > FRALDA INFANTIL;85.36;0;0
7896007547982;B;FRALDA HUGGIES TRIPLA PROTECAO XXG JUMBO C/22;Drogaven;32.72;33.09;Drogaven;32.72;PRINCIPAL > PERFUMARIA > INFANTIL > FRALDA INFANTIL;32.72;0;0
7896007553730;C;FRALDA HUGGIES TRIPLA PROTECAO XXG MEGA C/26 GRATIS 2 TIRAS;Drogal;34.99;33.7;DROGACENTRO;33.7;PRINCIPAL > PERFUMARIA > INFANTIL > FRALDA INFANTIL;37.23;34.99;0
7500435106672;C;FRALDA PAMPERS CONFORT SEC FORTBAG  G C/60;Drogaven;102.8;106.22;Drogaven;102.8;PRINCIPAL > PERFUMARIA > INFANTIL > FRALDA INFANTIL;102.8;0;0
7500435106665;C;FRALDA PAMPERS CONFORT SEC FORTBAG  M C/70;Drogaven;102.8;106.22;Drogaven;102.8;PRINCIPAL > PERFUMARIA > INFANTIL > FRALDA INFANTIL;102.8;0;0
7500435132602;C;FRALDA PAMPERS CONFORT SEC FORTBAG  XG C/58;Drogaven;102.8;106.52;Drogaven;102.8;PRINCIPAL > PERFUMARIA > INFANTIL > FRALDA INFANTIL;102.8;0;0
7500435232944;C;FRALDA PAMPERS CONFORT SEC FORTBAG XXXG C/44;Drogaven;102.8;106.52;Drogaven;102.8;PRINCIPAL > PERFUMARIA > INFANTIL > FRALDA INFANTIL;102.8;0;0
7500435106634;C;FRALDA PAMPERS CONFORT SEC G MEGA C/38;Drogaven;72.22;70.7;DROGACENTRO;70.7;PRINCIPAL > PERFUMARIA > INFANTIL > FRALDA INFANTIL;72.22;0;0
7500435106627;C;FRALDA PAMPERS CONFORT SEC M MEGA C/44;Drogaven;72.22;70.7;DROGACENTRO;70.7;PRINCIPAL > PERFUMARIA > INFANTIL > FRALDA INFANTIL;72.22;0;0
7500435106610;C;FRALDA PAMPERS CONFORT SEC P MEGA C/50;Drogaven;72.22;70.7;DROGACENTRO;70.7;PRINCIPAL > PERFUMARIA > INFANTIL > FRALDA INFANTIL;72.22;0;0
7500435106641;C;FRALDA PAMPERS CONFORT SEC XG MEGA C/34;Drogaven;72.22;70.7;DROGACENTRO;70.7;PRINCIPAL > PERFUMARIA > INFANTIL > FRALDA INFANTIL;72.22;0;0
7500435106658;D;FRALDA PAMPERS CONFORT SEC XXG MEGA C/30;Drogaven;72.22;70.7;DROGACENTRO;70.7;PRINCIPAL > PERFUMARIA > INFANTIL > FRALDA INFANTIL;72.22;0;0
7500435132534;C;FRALDA PAMPERS PREMIUM CARE RN C/36;Drogaven;57.32;60.17;Drogaven;57.32;PRINCIPAL > PERFUMARIA > INFANTIL > FRALDA INFANTIL;57.32;0;0
7500435132732;C;FRALDA PAMPERS SUPERSEC G C/26;Drogaven;39.1;43.51;Drogaven;39.1;PRINCIPAL > PERFUMARIA > INFANTIL > FRALDA INFANTIL;39.1;0;0
7500435226943;C;FRALDA PAMPERS SUPERSEC G MEGA C/34;Drogal;46.65;50.16;Drogal;46.65;PRINCIPAL > PERFUMARIA > INFANTIL > FRALDA INFANTIL;0;46.65;0
7500435132725;C;FRALDA PAMPERS SUPERSEC M C/30;Drogal;38.39;43.51;Drogal;38.39;PRINCIPAL > PERFUMARIA > INFANTIL > FRALDA INFANTIL;39.1;38.39;0
7500435226950;C;FRALDA PAMPERS SUPERSEC M MEGA C/ 40;Drogal;46.65;50.16;Drogal;46.65;PRINCIPAL > PERFUMARIA > INFANTIL > FRALDA INFANTIL;0;46.65;0
7500435132718;C;FRALDA PAMPERS SUPERSEC P C/34;Drogaven;39.1;43.51;Drogaven;39.1;PRINCIPAL > PERFUMARIA > INFANTIL > FRALDA INFANTIL;39.1;0;0
7500435239417;C;FRALDA PAMPERS SUPERSEC P MEGA C/42;Drogal;46.65;50.16;Drogal;46.65;PRINCIPAL > PERFUMARIA > INFANTIL > FRALDA INFANTIL;0;46.65;0
7500435132749;D;FRALDA PAMPERS SUPERSEC XG C/ 22;Drogal;38.39;43.51;Drogal;38.39;PRINCIPAL > PERFUMARIA > INFANTIL > FRALDA INFANTIL;39.1;38.39;0
7500435244671;C;FRALDA PAMPERS SUPERSEC XG MEGA C/32;Drogal;46.65;50.16;Drogal;46.65;PRINCIPAL > PERFUMARIA > INFANTIL > FRALDA INFANTIL;0;46.65;0
7896007550043;C;FRALDA PLENITUDE ACTIVE FEMME P/M C/8;Drogaven;39.1;37.86;DROGACENTRO;37.86;PRINCIPAL > PERFUMARIA > HIGIENE > DESCARTAVEL-INTIMA > FRALDA GERIATRICA;39.1;0;0
7896007547210;B;FRALDA PLENITUDE ACTIVE G/XG C/16;Drogaven;68.31;60.83;DROGACENTRO;60.83;PRINCIPAL > PERFUMARIA > HIGIENE > DESCARTAVEL-INTIMA > FRALDA GERIATRICA;68.31;0;0
7896007547173;B;FRALDA PLENITUDE ACTIVE G/XG C/8;Drogaven;33.02;35.32;Drogaven;33.02;PRINCIPAL > PERFUMARIA > HIGIENE > DESCARTAVEL-INTIMA > FRALDA GERIATRICA;33.02;0;0
7896007547203;B;FRALDA PLENITUDE ACTIVE P/M C/16;Drogaven;68.31;60.83;DROGACENTRO;60.83;PRINCIPAL > PERFUMARIA > HIGIENE > DESCARTAVEL-INTIMA > FRALDA GERIATRICA;68.31;0;0
7896007547128;B;FRALDA PLENITUDE ACTIVE P/M C/8;Drogaven;33.02;35.32;Drogaven;33.02;PRINCIPAL > PERFUMARIA > HIGIENE > DESCARTAVEL-INTIMA > FRALDA GERIATRICA;33.02;0;0
7896007551743;C;FRALDA PLENITUDE PREMIUM NOTURNA G/XG C/14;Drogaven;72.96;68.8;DROGACENTRO;68.8;PRINCIPAL > PERFUMARIA > HIGIENE > DESCARTAVEL-INTIMA > FRALDA GERIATRICA;72.96;0;0
7896007551736;C;FRALDA PLENITUDE PREMIUM NOTURNA P/M C/14;Drogaven;72.96;68.8;DROGACENTRO;68.8;PRINCIPAL > PERFUMARIA > HIGIENE > DESCARTAVEL-INTIMA > FRALDA GERIATRICA;72.96;0;0
7896012879986;B;FRALDA POM POM DERMA PROTEK G JUMBO C/24;Drogaven;28.8;26.74;DROGACENTRO;26.74;PRINCIPAL > PERFUMARIA > INFANTIL > FRALDA INFANTIL;28.8;0;0
7896012879979;C;FRALDA POM POM DERMA PROTEK M JUMBO C/28;Drogaven;28.8;26.74;DROGACENTRO;26.74;PRINCIPAL > PERFUMARIA > INFANTIL > FRALDA INFANTIL;28.8;0;0
7896012879962;B;FRALDA POM POM DERMA PROTEK P JUMBO C/30;Drogaven;28.8;26.74;DROGACENTRO;26.74;PRINCIPAL > PERFUMARIA > INFANTIL > FRALDA INFANTIL;28.8;0;0
7896012880005;C;FRALDA POM POM DERMA PROTEK XXG JUMBO C/18;Drogaven;28.8;26.74;DROGACENTRO;26.74;PRINCIPAL > PERFUMARIA > INFANTIL > FRALDA INFANTIL;28.8;0;0
7896877602910;B;FRALDA TOQUINHO CONFORT SEC EG C/64;Drogaven;61.73;58.87;DROGACENTRO;58.87;PRINCIPAL > PERFUMARIA > INFANTIL > FRALDA INFANTIL;61.73;0;0
7896877602903;A;FRALDA TOQUINHO CONFORT SEC G C/72;Drogaven;61.73;58.87;DROGACENTRO;58.87;PRINCIPAL > PERFUMARIA > INFANTIL > FRALDA INFANTIL;61.73;0;0
7896877602897;B;FRALDA TOQUINHO CONFORT SEC M C/80;Drogaven;61.73;58.87;DROGACENTRO;58.87;PRINCIPAL > PERFUMARIA > INFANTIL > FRALDA INFANTIL;61.73;0;0
7896877602880;C;FRALDA TOQUINHO CONFORT SEC P C/96;Drogaven;61.73;58.87;DROGACENTRO;58.87;PRINCIPAL > PERFUMARIA > INFANTIL > FRALDA INFANTIL;61.73;0;0
7896877602927;B;FRALDA TOQUINHO CONFORT SEC SXG C/54;Drogaven;61.73;58.87;DROGACENTRO;58.87;PRINCIPAL > PERFUMARIA > INFANTIL > FRALDA INFANTIL;61.73;0;0
7896115702785;C;GEL C/GLITER TRA LA LA KIDS MUSICAL 150G;Drogal;12.99;22.34;Drogal;12.99;PRINCIPAL > PERFUMARIA > INFANTIL > HIGIENE INFANTIL > classificar;0;12.99;0
7908615088945;C;GEL DE LIMPEZA GLYCOLIC BRIGHT ANTI-MARCAS 150G;Drogal;49.55;41.2;DROGACENTRO;41.2;PRINCIPAL > PERFUMARIA > BELEZA > ROSTO > classificar;0;49.55;0
7897144661302;C;GEL DENTAL BITUFO COCORICO C/FLUOR TUTI FRUTI 90G;Drogaven;14.6;16.77;Drogaven;14.6;PRINCIPAL > PERFUMARIA > INFANTIL > HIGIENE INFANTIL > CREME DENTAL/FIO;14.6;0;0
7897144661289;C;GEL DENTAL BITUFO COCORICO S/FLUOR MORANGO 90G;Drogal;15.69;16.77;Drogal;15.69;PRINCIPAL > PERFUMARIA > INFANTIL > HIGIENE INFANTIL > CREME DENTAL/FIO;0;15.69;18.12
7897144661296;C;GEL DENTAL BITUFO COCORICO S/FLUOR TUTI FRUTI 90G;Drogaven;14.6;16.77;Drogaven;14.6;PRINCIPAL > PERFUMARIA > INFANTIL > HIGIENE INFANTIL > CREME DENTAL/FIO;14.6;0;0
7897947620506;C;GEL DENTAL CARMED C/FLUOR FINI BEIJOS 70G;Drogaven;19.49;23.18;Drogaven;19.49;PRINCIPAL > PERFUMARIA > HIGIENE > ORAL > CREME DENTAL;19.49;0;0
7897947620551;C;GEL DENTAL CARMED C/FLUOR FINI CEREJA 70G;Drogaven;19.49;23.18;Drogaven;19.49;PRINCIPAL > PERFUMARIA > HIGIENE > ORAL > CREME DENTAL;19.49;0;0
7897947620490;C;GEL DENTAL CARMED C/FLUOR FINI DENTADURA 70G;Drogaven;19.49;23.18;Drogaven;19.49;PRINCIPAL > PERFUMARIA > HIGIENE > ORAL > CREME DENTAL;19.49;0;0
7897947620773;C;GEL DENTAL CARMED C/FLUOR FINI MELANCIA 70G;Drogaven;19.49;23.18;Drogaven;19.49;PRINCIPAL > PERFUMARIA > HIGIENE > ORAL > CREME DENTAL;19.49;0;0
7897947620766;C;GEL DENTAL CARMED C/FLUOR FINI MINHOCAS 70G;Drogaven;19.49;23.18;Drogaven;19.49;PRINCIPAL > PERFUMARIA > HIGIENE > ORAL > CREME DENTAL;19.49;0;0
7898185416210;C;GEL DENTAL INFANTIL COM FLUOR MORANGO STITCH 104G;Drogal;14.05;17.23;Drogal;14.05;PRINCIPAL > PERFUMARIA > INFANTIL > HIGIENE INFANTIL > CREME DENTAL/FIO;19.5;14.05;0
7898185416364;C;GEL DENTAL INFANTIL COM FLUOR MORANGO STITCH 50G;Drogal;8.89;9.38;Drogal;8.89;PRINCIPAL > PERFUMARIA > INFANTIL > HIGIENE INFANTIL > CREME DENTAL/FIO;0;8.89;0
42176763;D;GEL FACIAL ESFOLIANTE NIVEA 75ML;Drogal;34.59;36.71;Drogal;34.59;PRINCIPAL > PERFUMARIA > BELEZA > ROSTO > classificar;0;34.59;35.61
7899852022840;C;GEL FACIAL VULT HIDRATANTE 100G REFRESCANTE;Drogal;21.99;34.18;Drogal;21.99;PRINCIPAL > PERFUMARIA > BELEZA > ROSTO > classificar;0;21.99;0
7891350034868;C;GEL FIXADOR BOZZANO AZUL 300G;Drogaven;13.92;16.8;Drogaven;13.92;PRINCIPAL > PERFUMARIA > MASCULINO > CABELO MASC > GEL/POMADA;13.92;0;0
7891350034844;C;GEL FIXADOR BOZZANO BRANCO 300G;Drogaven;13.92;16.8;Drogaven;13.92;PRINCIPAL > PERFUMARIA > MASCULINO > CABELO MASC > GEL/POMADA;13.92;0;0
7896115700040;C;GEL FIXADOR TRA LA LA INFANTIL COLA AZUL;Drogal;10.99;17.89;Drogal;10.99;PRINCIPAL > PERFUMARIA > INFANTIL > HIGIENE INFANTIL > classificar;0;10.99;0
7898157616419;C;GEL FIXADOR TURMA DA MONICA CEBOLINHA 180G;Drogaven;17.63;19.71;Drogaven;17.63;PRINCIPAL > PERFUMARIA > INFANTIL > HIGIENE INFANTIL > classificar;17.63;0;0
7899706192019;C;GEL LIMPEZA GARNIER UNIF&MAT 150G;Drogaven;25.38;26.96;Drogaven;25.38;PRINCIPAL > PERFUMARIA > BELEZA > ROSTO > classificar;25.38;0;0
7896222720764;C;GEL LUBRIFICANTE JONTEX CEREJA 50G ;Drogal;30.89;26.91;DROGACENTRO;26.91;PRINCIPAL > PERFUMARIA > MASCULINO > RELACOES INTIMAS > LUBRIFICANTE;0;30.89;0
7891350034950;B;GEL NY LOOKS AZUL 240G;Drogaven;10.77;10.11;DROGACENTRO;10.11;PRINCIPAL > PERFUMARIA > MASCULINO > CABELO MASC > GEL/POMADA;10.77;0;0
7891350034929;C;GEL NY LOOKS BRANCO 240G;Drogaven;10.77;10.11;DROGACENTRO;10.11;PRINCIPAL > PERFUMARIA > MASCULINO > CABELO MASC > GEL/POMADA;10.77;0;0
7891350034943;D;GEL NY LOOKS VERDE 240G;Drogaven;10.77;10.11;DROGACENTRO;10.11;PRINCIPAL > PERFUMARIA > MASCULINO > CABELO MASC > GEL/POMADA;10.77;0;0
7894222022246;D;GEL SOBRANCELHA INCOLOR DAILUS ;Drogaven;19.5;26.01;Drogaven;19.5;PRINCIPAL > PERFUMARIA > BELEZA > MAQUIAGEM > classificar;19.5;0;0
7908458326181;C;GELACREME SALON LINE #TODECACHO DEFINICAO UL EXTRAORD. 500G;Drogal;27.09;31.47;Drogal;27.09;PRINCIPAL > PERFUMARIA > CABELO > GELATINA;0;27.09;0
7908458324484;C;GELATINA ATIVADORA SALON LINE KIDS MELANCIA 550G;Drogaven;26.14;30.53;Drogaven;26.14;PRINCIPAL > PERFUMARIA > INFANTIL > HIGIENE INFANTIL > GEL/GELATINA;26.14;0;0
7908458324477;C;GELATINA ATIVADORA SALON LINE KIDS UVA 550G;DrogaRaia;29.99;30.53;DrogaRaia;29.99;PRINCIPAL > PERFUMARIA > INFANTIL > HIGIENE INFANTIL > GEL/GELATINA;0;0;29.99
7908324405606;C;GELATINA KOLENE CACHINHOS C/ GLITTER 500ML;Drogaven;29.39;35.07;Drogaven;29.39;PRINCIPAL > PERFUMARIA > INFANTIL > HIGIENE INFANTIL > GEL/GELATINA;29.39;0;0
7908458326549;D;GELATINA SALON LINE #TODECACHO KIDS MORANGO 550G;Drogal;21.05;31.47;Drogal;21.05;PRINCIPAL > PERFUMARIA > INFANTIL > HIGIENE INFANTIL > GEL/GELATINA;0;21.05;0
7908458304523;C;GELATINA SALON LINE #TODECACHO LINHACA 550G;DrogaRaia;33.67;33.25;DROGACENTRO;33.25;PRINCIPAL > PERFUMARIA > CABELO > GELATINA;0;0;33.67
7898623956797;C;GELATINA SALON LINE #TODECACHO SUPER DEFINICAO 1KG;Drogal;35.69;46.13;Drogal;35.69;PRINCIPAL > PERFUMARIA > CABELO > GELATINA;0;35.69;88.31
7898623951198;C;GELATINA SALON LINE #TODECACHO SUPER DEFINICAO 550G;Drogal;20.99;33.25;Drogal;20.99;PRINCIPAL > PERFUMARIA > CABELO > GELATINA;26.14;20.99;0
7898623950047;C;GELATINA SALON LINE #TODECACHO SUPER VOLUME 550G;Drogal;20.99;33.25;Drogal;20.99;PRINCIPAL > PERFUMARIA > CABELO > GELATINA;26.14;20.99;0
7894222040691;D;GLOSS LABIAL DAILUS LIP GLOSSY CAKE;Drogaven;32.72;34.58;Drogaven;32.72;PRINCIPAL > PERFUMARIA > BELEZA > MAQUIAGEM > GLOSS;32.72;0;0
7894222040684;D;GLOSS LABIAL DAILUS LIP GLOSSY CANDY;Drogaven;32.72;34.58;Drogaven;32.72;PRINCIPAL > PERFUMARIA > BELEZA > MAQUIAGEM > GLOSS;32.72;0;0
7894222040677;C;GLOSS LABIAL DAILUS LIP GLOSSY COOKIE;Drogaven;32.72;34.58;Drogaven;32.72;PRINCIPAL > PERFUMARIA > BELEZA > MAQUIAGEM > GLOSS;32.72;0;0
7908615088983;C;GLYCOLIC BRIGHT DAY CREAM ANTI-MARCAS FPS30  49G;Drogal;91.85;86.83;DROGACENTRO;86.83;PRINCIPAL > PERFUMARIA > BELEZA > DERMOCOSMETICO;0;91.85;0
7908615088969;D;GLYCOLIC BRIGHT NOITE ANTI-MARCAS 49G;Drogal;91.85;70.37;DROGACENTRO;70.37;PRINCIPAL > PERFUMARIA > BELEZA > DERMOCOSMETICO;0;91.85;0
7898636190584;C;GOICOECHEA ANTICELULITE 350G;Drogaven;37.92;50.26;Drogaven;37.92;PRINCIPAL > PERFUMARIA > BELEZA > CORPO > classificar;37.92;0;0
7898636190515;C;GOICOECHEA DIABET TX 400G;Drogaven;48.99;60.44;Drogaven;48.99;PRINCIPAL > PERFUMARIA > BELEZA > CORPO > classificar;48.99;0;0
7898760140011;C;GOTA SECANTE ACEMAR 10ML;Drogaven;9.7;10.34;Drogaven;9.7;PRINCIPAL > PERFUMARIA > BELEZA > MAOS > SECANTE;9.7;0;0
7898647921139;C;GRAMPO CABELO Nº5 PRETO C/50 BELLESA 34-1139;Drogaven;8.22;11.02;Drogaven;8.22;PRINCIPAL > PERFUMARIA > CABELO > ACESSORIOS > GRAMPO;8.22;0;0
7891653010507;D;GRECIN TONS GRISALHOS GEL 40G;Drogal;69.99;70.32;Drogal;69.99;PRINCIPAL > PERFUMARIA > BELEZA > DEPILACAO > GEL;70.41;69.99;0
7893300521022;C;HAIR SPRAY KARINA 250ML;Drogal;24.95;28.38;Drogal;24.95;PRINCIPAL > PERFUMARIA > CABELO > FIXADOR;26.56;24.95;29.31
7893300521084;D;HAIR SPRAY KARINA 400ML;Drogaven;31.64;32.0;Drogaven;31.64;PRINCIPAL > PERFUMARIA > CABELO > FIXADOR;31.64;0;0
7893300521169;C;HAIR SPRAY KARINA FIXACAO EXTRA FORTE 400ML/250G;Drogaven;29.3;32.0;Drogaven;29.3;PRINCIPAL > PERFUMARIA > CABELO > FIXADOR;29.3;0;0
7893300521145;C;HAIR SPRAY KARINA FIXACAO FORTE 18HRS 250ML/155G;Drogaven;26.56;28.37;Drogaven;26.56;PRINCIPAL > PERFUMARIA > CABELO > FIXADOR;26.56;0;0
7896013501848;C;HAIRLIFE CACHO & NATURAL 160G;Drogaven;17.14;18.56;Drogaven;17.14;PRINCIPAL > PERFUMARIA > CABELO > linha afro;17.14;0;0
7896013501824;C;HAIRLIFE CREME LISO NATURAL 180G;Drogaven;17.14;18.56;Drogaven;17.14;PRINCIPAL > PERFUMARIA > CABELO > linha afro;17.14;0;0
7898623954304;C;HIDRA KIT SALON LINE SHAMPOO+CONDICIONADOR BABOSA 300ML;Drogal;12.39;20.93;Drogal;12.39;PRINCIPAL > PERFUMARIA > CABELO > KIT;0;12.39;0
7898623956711;C;HIDRA KIT SALON LINE SHAMPOO+CONDICIONADOR CERAMIDAS 300ML;Drogal;12.39;20.93;Drogal;12.39;PRINCIPAL > PERFUMARIA > CABELO > KIT;0;12.39;0
7898632473278;D;HIDRATANTE CORPO E ROSTO DIA A DIA MELANCIA LABOTRAT 190ML;Drogaven;24.88;24.51;DROGACENTRO;24.51;PRINCIPAL > PERFUMARIA > BELEZA > CORPO > HIDRATANTE;24.88;0;0
7898632473292;C;HIDRATANTE CORPO E ROSTO DIA A DIA PITAYA LABOTRAT 190ML;Drogaven;24.88;24.51;DROGACENTRO;24.51;PRINCIPAL > PERFUMARIA > BELEZA > CORPO > HIDRATANTE;24.88;0;0
7891150095793;D;HIDRATANTE DOVE SERUM CORPORAL DERMO REPARADOR 380ML;Drogal;25.19;51.55;Drogal;25.19;PRINCIPAL > PERFUMARIA > BELEZA > CORPO > LOCAO;33.8;25.19;0
7891150095786;D;HIDRATANTE DOVE SERUM CORPORAL HIALURONICO 180ML;Drogaven;19.5;31.31;Drogaven;19.5;PRINCIPAL > PERFUMARIA > BELEZA > CORPO > LOCAO;19.5;0;0
7891150095830;C;HIDRATANTE DOVE SERUM CORPORAL HIALURONICO 380ML;Drogal;25.19;51.55;Drogal;25.19;PRINCIPAL > PERFUMARIA > BELEZA > CORPO > LOCAO;33.8;25.19;0
7891150095861;C;HIDRATANTE DOVE SERUM CORPORAL PRO CERAMIDAS 180ML;Drogaven;19.5;31.18;Drogaven;19.5;PRINCIPAL > PERFUMARIA > BELEZA > CORPO > LOCAO;19.5;0;0
7891150095878;C;HIDRATANTE DOVE SERUM CORPORAL PRO CERAMIDAS 380ML;Drogal;25.19;51.55;Drogal;25.19;PRINCIPAL > PERFUMARIA > BELEZA > CORPO > LOCAO;33.8;25.19;0
7891150095823;C;HIDRATANTE DOVE SERUM CORPORAL PRO RETINOL 380ML;Drogal;25.19;51.55;Drogal;25.19;PRINCIPAL > PERFUMARIA > BELEZA > CORPO > LOCAO;33.8;25.19;0
7891150095809;C;HIDRATANTE DOVE SERUM CORPORAL UNIFORMIZADOR 380ML;Drogal;25.19;51.55;Drogal;25.19;PRINCIPAL > PERFUMARIA > BELEZA > CORPO > LOCAO;33.8;25.19;0
7908785422136;C;HIDRATANTE FACIAL GARNIER ANTIACNE 85G;Drogal;37.69;42.1;Drogal;37.69;PRINCIPAL > PERFUMARIA > BELEZA > ROSTO > CREME;38.21;37.69;0
7908785422099;B;HIDRATANTE FACIAL GARNIER ANTIMANCHAS 85G;Drogal;37.69;42.1;Drogal;37.69;PRINCIPAL > PERFUMARIA > BELEZA > ROSTO > CREME;38.21;37.69;0
7908785422150;C;HIDRATANTE FACIAL GARNIER ANTISSINAIS 85G;Drogal;37.69;42.1;Drogal;37.69;PRINCIPAL > PERFUMARIA > BELEZA > ROSTO > CREME;0;37.69;0
7897947620445;C;HIDRATANTE LABIAL CARMED ACAI 10G;Drogaven;24.49;28.8;Drogaven;24.49;PRINCIPAL > PERFUMARIA > BELEZA > ROSTO > classificar;24.49;0;0
7897947619579;C;HIDRATANTE LABIAL CARMED AMORA 10G;Drogal;24.89;28.8;Drogal;24.89;PRINCIPAL > PERFUMARIA > BELEZA > ROSTO > classificar;27.43;24.89;0
7897947619586;C;HIDRATANTE LABIAL CARMED AMORA INTENSA 10G;Drogal;24.89;28.8;Drogal;24.89;PRINCIPAL > PERFUMARIA > BELEZA > ROSTO > classificar;27.43;24.89;0
7897947617940;C;HIDRATANTE LABIAL CARMED ANA CASTELA BRIGADEIRO 10G;Drogal;24.89;28.8;Drogal;24.89;PRINCIPAL > PERFUMARIA > BELEZA > ROSTO > classificar;0;24.89;0
7897947617803;C;HIDRATANTE LABIAL CARMED ANA CASTELA LEITE CONDENSADO 10G;Drogaven;24.49;28.8;Drogaven;24.49;PRINCIPAL > PERFUMARIA > BELEZA > ROSTO > classificar;24.49;0;0
7897947620421;D;HIDRATANTE LABIAL CARMED CHOCOTTONE 10G;Drogaven;24.49;28.8;Drogaven;24.49;PRINCIPAL > PERFUMARIA > BELEZA > ROSTO > classificar;24.49;0;0
7897947601857;C;HIDRATANTE LABIAL CARMED FINI BEIJOS 10G;Drogal;22.99;28.8;Drogal;22.99;PRINCIPAL > PERFUMARIA > BELEZA > ROSTO > classificar;27.44;22.99;0
7897947601864;C;HIDRATANTE LABIAL CARMED FINI DENTADURAS 10G;Drogal;22.99;28.8;Drogal;22.99;PRINCIPAL > PERFUMARIA > BELEZA > ROSTO > classificar;27.44;22.99;0
7897947617476;C;HIDRATANTE LABIAL CARMED FPS30 BEIJINHO 10G;Drogal;27.99;28.8;Drogal;27.99;PRINCIPAL > PERFUMARIA > BELEZA > ROSTO > classificar;29.39;27.99;0
7897947616882;C;HIDRATANTE LABIAL CARMED MACA DO AMOR 10G;Drogal;22.99;28.8;Drogal;22.99;PRINCIPAL > PERFUMARIA > BELEZA > ROSTO > classificar;27.44;22.99;0
7897947600348;C;HIDRATANTE LABIAL CARMED MELANCIA 10G;Drogal;16.99;28.8;Drogal;16.99;PRINCIPAL > PERFUMARIA > BELEZA > ROSTO > classificar;24.93;16.99;0
7897947619593;C;HIDRATANTE LABIAL CARMED MINHOCAS 10G;Drogal;24.89;28.8;Drogal;24.89;PRINCIPAL > PERFUMARIA > BELEZA > ROSTO > classificar;27.43;24.89;0
7897947621176;B;HIDRATANTE LABIAL CARMED SMURFS 10G;Drogaven;24.49;28.8;Drogaven;24.49;PRINCIPAL > PERFUMARIA > BELEZA > ROSTO > classificar;24.49;0;0
7898632471205;C;HIDRATANTE LABOTRAT DIA A DIA MORANGO 190ML;Drogaven;20.57;24.51;Drogaven;20.57;PRINCIPAL > PERFUMARIA > BELEZA > ROSTO > classificar;20.57;0;0
4005808311286;C;HIDRATANTE NIVEA FIRMADOR Q10 PLUS 200ML;DrogaRaia;34.83;29.06;DROGACENTRO;29.06;PRINCIPAL > PERFUMARIA > BELEZA > CORPO > HIDRATANTE;0;0;34.83
4005900498205;C;HIDRATANTE NIVEA FIRMADOR Q10+VITAMINA C 200ML;Drogaven;26.36;27.01;Drogaven;26.36;PRINCIPAL > PERFUMARIA > BELEZA > CORPO > HIDRATANTE;26.36;0;0
4005900549266;C;HIDRATANTE NIVEA FIRMADOR Q10+VITAMINA C 400ML;Drogaven;44.0;49.89;Drogaven;44.0;PRINCIPAL > PERFUMARIA > BELEZA > CORPO > HIDRATANTE;44.0;0;0
7899852021539;C;ILUMINADOR VULT FUN 3X1 DOURADO RADIANTE 6,5G;Drogal;29.59;28.98;DROGACENTRO;28.98;PRINCIPAL > PERFUMARIA > BELEZA > MAQUIAGEM > classificar;0;29.59;0
7896014140480;C;IMEDIA CASTANHO CLARO 5;Drogal;24.99;29.52;Drogal;24.99;PRINCIPAL > PERFUMARIA > CABELO > TINTURA/TONALIZANTE;28.12;24.99;0
7896014140503;C;IMEDIA CASTANHO CLARO DOURADO 5.3;Drogaven;28.12;29.52;Drogaven;28.12;PRINCIPAL > PERFUMARIA > CABELO > TINTURA/TONALIZANTE;28.12;0;0
7896014140442;C;IMEDIA CASTANHO ESCURO 3;Drogal;24.99;29.52;Drogal;24.99;PRINCIPAL > PERFUMARIA > CABELO > TINTURA/TONALIZANTE;28.12;24.99;0
7896014140459;C;IMEDIA CASTANHO NATURAL 4;Drogal;24.99;29.52;Drogal;24.99;PRINCIPAL > PERFUMARIA > CABELO > TINTURA/TONALIZANTE;0;24.99;0
7896014182480;C;IMEDIA CHOCOLATE PURO 6.7;Drogal;24.99;29.52;Drogal;24.99;PRINCIPAL > PERFUMARIA > CABELO > TINTURA/TONALIZANTE;28.12;24.99;0
7896014140596;C;IMEDIA LOURO ACINZENTADO 7.1;Drogal;24.99;29.52;Drogal;24.99;PRINCIPAL > PERFUMARIA > CABELO > TINTURA/TONALIZANTE;28.12;24.99;0
7896014140633;C;IMEDIA LOURO CLARO 8;Drogal;24.99;29.52;Drogal;24.99;PRINCIPAL > PERFUMARIA > CABELO > TINTURA/TONALIZANTE;28.12;24.99;0
7896014140527;C;IMEDIA LOURO ESCURO 6;Drogal;24.99;29.52;Drogal;24.99;PRINCIPAL > PERFUMARIA > CABELO > TINTURA/TONALIZANTE;28.12;24.99;0
7896014140534;C;IMEDIA LOURO ESCURO ACINZENTADO 6.1;Drogal;24.99;29.52;Drogal;24.99;PRINCIPAL > PERFUMARIA > CABELO > TINTURA/TONALIZANTE;28.12;24.99;0
7896014140589;C;IMEDIA LOURO NATURAL 7;Drogal;24.99;29.52;Drogal;24.99;PRINCIPAL > PERFUMARIA > CABELO > TINTURA/TONALIZANTE;28.12;24.99;0
7896014140558;C;IMEDIA MARROM 6.41;Drogal;24.99;29.52;Drogal;24.99;PRINCIPAL > PERFUMARIA > CABELO > TINTURA/TONALIZANTE;28.12;24.99;0
7896014140435;C;IMEDIA PRETO 1;Drogal;24.99;29.52;Drogal;24.99;PRINCIPAL > PERFUMARIA > CABELO > TINTURA/TONALIZANTE;28.12;24.99;0
7896111971888;C;IMPALA SPRAY SECANTE DE ESMALTE 400ML ;Drogal;16.99;21.09;Drogal;16.99;PRINCIPAL > PERFUMARIA > BELEZA > MAOS > SECANTE;0;16.99;0
8429420200678;C;ISDIN CEUTICS HYALURONIC SERUM FACIAL CONCENTRATE 30ML;Drogal;180.09;228.11;Drogal;180.09;PRINCIPAL > PERFUMARIA > BELEZA > DERMOCOSMETICO;219.04;180.09;0
8429420079632;D;ISDIN FOTOPROT GEL CREAM 50+ FPS60;Drogal;88.75;85.07;DROGACENTRO;85.07;PRINCIPAL > PERFUMARIA > BELEZA > DERMOCOSMETICO;110.64;88.75;0
7896523221724;B;K-MED GEL 100G;Drogaven;19.38;32.0;Drogaven;19.38;PRINCIPAL > PERFUMARIA > MASCULINO > RELACOES INTIMAS > LUBRIFICANTE;19.38;0;0
7896523210582;C;K-MED GEL 2 EM 1 200ML;Drogaven;36.25;38.62;Drogaven;36.25;PRINCIPAL > PERFUMARIA > MASCULINO > RELACOES INTIMAS > LUBRIFICANTE;36.25;0;0
7896523206790;B;K-MED GEL 50G;Drogal;12.39;29.3;Drogal;12.39;PRINCIPAL > PERFUMARIA > MASCULINO > RELACOES INTIMAS > LUBRIFICANTE;14.09;12.39;0
7896523201498;D;K-MED ICE 200G;Drogaven;38.02;36.77;DROGACENTRO;36.77;PRINCIPAL > PERFUMARIA > MASCULINO > RELACOES INTIMAS > LUBRIFICANTE;38.02;0;0
7899706152860;C;KERIUM SH ANTI-CASPA DS INTENSIVO 125ML;Drogal;132.95;162.22;Drogal;132.95;PRINCIPAL > PERFUMARIA > BELEZA > DERMOCOSMETICO;134.05;132.95;0
7896033290272;C;KIT 2 COPOS LILLO COLORS DISNEY 300ML BOY;DrogaRaia;59.9;75.91;DrogaRaia;59.9;PRINCIPAL > PERFUMARIA > INFANTIL > ACESSORIO INFANTIL > COPO/CANECA;0;0;59.9
3282779340847;C;KIT ACTINE GEL DE LIMPEZA ACTINE 140G+GEL DE LIMPEZA 40G;Drogaven;55.76;56.3;Drogaven;55.76;PRINCIPAL > PERFUMARIA > BELEZA > DERMOCOSMETICO;55.76;0;0
7898647921641;C;KIT BELLESA C/ 3 PENTES PLASTICO 34-1641;Drogaven;6.16;7.31;Drogaven;6.16;PRINCIPAL > PERFUMARIA > CABELO > ACESSORIOS > PENTE;6.16;0;0
3282779340298;D;KIT CLEANANCE 150G + CLEANANCE 40G;Drogaven;68.59;84.97;Drogaven;68.59;PRINCIPAL > PERFUMARIA > BELEZA > DERMOCOSMETICO;68.59;0;0
7896699011648;C;KIT CONCHAS LOLLY AMAMENTA MACIA ;Drogaven;38.41;53.44;Drogaven;38.41;PRINCIPAL > PERFUMARIA > INFANTIL > ACESSORIO INFANTIL > classificar;38.41;0;0
7896699011099;D;KIT CONCHAS LOLLY AMAMENTA RIGIDA ;Drogaven;36.16;48.47;Drogaven;36.16;PRINCIPAL > PERFUMARIA > INFANTIL > ACESSORIO INFANTIL > classificar;36.16;0;0
7891150099784;C;KIT DESODORANTE DOVE ROLLON ORIGINAL 50ML C/2 UN 50% DESC;Drogal;13.49;18.47;Drogal;13.49;PRINCIPAL > PERFUMARIA > HIGIENE > DESODORANTE FEMININO;16.56;13.49;0
7899706164337;C;KIT ELSEVE REPARAÇÃO TOTAL 5 SH 375ML+COND 170ML;Drogaven;34.2;40.3;Drogaven;34.2;PRINCIPAL > PERFUMARIA > CABELO > SHAMPOO ;34.2;0;0
7500435113823;C;KIT ESCOVA DENTAL ORAL B COLOR C/4;Drogal;23.99;34.04;Drogal;23.99;PRINCIPAL > PERFUMARIA > HIGIENE > ORAL > ESCOVA DENTAL;29.28;23.99;0
7891055816097;C;KIT ESCOVA DENTAL+CR+ESTOJO BARBIE 2/5ANOS CONDOR 8367;Drogaven;24.29;21.41;DROGACENTRO;21.41;PRINCIPAL > PERFUMARIA > INFANTIL > HIGIENE INFANTIL > ESCOVA DENTAL;24.29;0;0
7898610373941;C;KIT EXCLLUSIV COLOR PRATIC HASKELL 1.0 PRETO AZULADO;Drogaven;30.28;32.91;Drogaven;30.28;PRINCIPAL > PERFUMARIA > CABELO > TINTURA/TONALIZANTE;30.28;0;0
7898610374160;C;KIT EXCLLUSIV COLOR PRATIC HASKELL 12.1;Drogaven;30.28;32.91;Drogaven;30.28;PRINCIPAL > PERFUMARIA > CABELO > TINTURA/TONALIZANTE;30.28;0;0
7898610374177;C;KIT EXCLLUSIV COLOR PRATIC HASKELL 12.21 SUPER PEROLA;Drogaven;30.28;32.91;Drogaven;30.28;PRINCIPAL > PERFUMARIA > CABELO > TINTURA/TONALIZANTE;30.28;0;0
7898610373958;C;KIT EXCLLUSIV COLOR PRATIC HASKELL 2.0 PRETO;Drogaven;30.28;32.91;Drogaven;30.28;PRINCIPAL > PERFUMARIA > CABELO > TINTURA/TONALIZANTE;30.28;0;0
7898610373972;C;KIT EXCLLUSIV COLOR PRATIC HASKELL 4.0 CASTANHO MEDIO;Drogaven;30.28;32.91;Drogaven;30.28;PRINCIPAL > PERFUMARIA > CABELO > TINTURA/TONALIZANTE;30.28;0;0
7898610373989;C;KIT EXCLLUSIV COLOR PRATIC HASKELL 5.0 CASTANHO CLARO;Drogaven;30.28;32.91;Drogaven;30.28;PRINCIPAL > PERFUMARIA > CABELO > TINTURA/TONALIZANTE;30.28;0;0
7898610374122;C;KIT EXCLLUSIV COLOR PRATIC HASKELL 55.62 VERM VIOLINE ESPECI;Drogaven;30.28;32.91;Drogaven;30.28;PRINCIPAL > PERFUMARIA > CABELO > TINTURA/TONALIZANTE;30.28;0;0
7898610373996;C;KIT EXCLLUSIV COLOR PRATIC HASKELL 6.0 LOURO ESCURO;Drogaven;30.28;32.91;Drogaven;30.28;PRINCIPAL > PERFUMARIA > CABELO > TINTURA/TONALIZANTE;30.28;0;0
7898610374061;C;KIT EXCLLUSIV COLOR PRATIC HASKELL 6.7 CHOCOLATE;Drogaven;30.28;32.91;Drogaven;30.28;PRINCIPAL > PERFUMARIA > CABELO > TINTURA/TONALIZANTE;30.28;0;0
7898610374139;C;KIT EXCLLUSIV COLOR PRATIC HASKELL 66.46 VERM CEREJA ESPECIA;Drogaven;30.28;32.91;Drogaven;30.28;PRINCIPAL > PERFUMARIA > CABELO > TINTURA/TONALIZANTE;30.28;0;0
7898610374009;D;KIT EXCLLUSIV COLOR PRATIC HASKELL 7.0 LOURO MEDIO;Drogaven;30.28;32.91;Drogaven;30.28;PRINCIPAL > PERFUMARIA > CABELO > TINTURA/TONALIZANTE;30.28;0;0
7896044900511;C;KIT GIOVANA BABY NECESSAIRE COL 20ML+LOCAO 200ML+SAB 90G;Drogaven;43.21;48.78;Drogaven;43.21;PRINCIPAL > PERFUMARIA > HIGIENE > DESODORANTE FEMININO;43.21;0;0
7896044900580;D;KIT GIOVANNA BABY BODY SPLASH+2 SAB 90G BLUE;Drogal;36.99;51.82;Drogal;36.99;PRINCIPAL > PERFUMARIA > HIGIENE > DESODORANTE FEMININO;0;36.99;0
7896044900573;C;KIT GIOVANNA BABY BODY SPLASH+2 SAB 90G CLASSIC;Drogal;36.99;51.82;Drogal;36.99;PRINCIPAL > PERFUMARIA > HIGIENE > DESODORANTE FEMININO;46.94;36.99;0
7898632474725;C;KIT LABOTRAT ESFOLIANTE+HIDRATANTE DIA A DIA MORANGO;Drogaven;40.17;45.39;Drogaven;40.17;PRINCIPAL > PERFUMARIA > BELEZA > CORPO > HIDRATANTE;40.17;0;0
7898632474701;C;KIT LABOTRAT ESFOLIANTE+HIDRATANTE DIA A DIA PITAYA;Drogaven;40.17;45.39;Drogaven;40.17;PRINCIPAL > PERFUMARIA > BELEZA > CORPO > HIDRATANTE;40.17;0;0
7891033557646;D;KIT MASCARA+2 POTENCIALIZADORES SIAGE PRO CRONOLOGY ;Drogaven;97.99;134.37;Drogaven;97.99;PRINCIPAL > PERFUMARIA > CABELO > KIT;97.99;0;0
7896044900528;C;KIT NECESSAIRE COL 20ML+LOCAO 200ML+SAB 90G;Drogaven;43.21;48.78;Drogaven;43.21;PRINCIPAL > PERFUMARIA > HIGIENE > DESODORANTE FEMININO;43.21;0;0
7891010256098;D;KIT NEUTROGENA SUN FRESH CORPORAL FPS50 200ML+120ML;Drogaven;84.27;112.48;Drogaven;84.27;PRINCIPAL > PERFUMARIA > BELEZA > DERMOCOSMETICO;84.27;0;0
7891010253561;C;KIT NEUTROGENA SUN FRESH FPS70 200ML+FACIAL FPS70 40G;Drogaven;101.42;100.53;DROGACENTRO;100.53;PRINCIPAL > PERFUMARIA > BELEZA > DERMOCOSMETICO;101.42;0;0
7896000727527;C;KIT NIELY GOLD SH+COND HIDRATACAO MILAGROSA;Drogaven;20.09;23.09;Drogaven;20.09;PRINCIPAL > PERFUMARIA > CABELO > KIT;20.09;0;0
7500435200301;C;KIT PANTENE SHAMPOO 300ML+CONDICIONADOR 150ML COLAGENO;Drogal;35.99;41.79;Drogal;35.99;PRINCIPAL > PERFUMARIA > CABELO > KIT;37.14;35.99;0
7500435233644;D;KIT PANTENE SHAMPOO 300ML+CONDICIONADOR 150ML QUERATINA;Drogal;35.99;41.79;Drogal;35.99;PRINCIPAL > PERFUMARIA > CABELO > KIT;0;35.99;39.9
7500435169370;C;KIT PANTENE SHAMPOO+CONDICIONADOR HIDRATACAO 350ML + 175ML;Drogal;35.99;45.36;Drogal;35.99;PRINCIPAL > PERFUMARIA > CABELO > KIT;37.72;35.99;0
7500435128346;C;KIT PANTENE SHAMPOO+CONDICIONADOR RESTAURAÇÃO 175ML;Drogaven;29.3;30.78;Drogaven;29.3;PRINCIPAL > PERFUMARIA > CABELO > KIT;29.3;0;0
7908615085418;C;KIT PROMO ELSEVE GLYCO SHAMPOO 375ML+CONDICIONADOR 170ML;Drogaven;34.2;40.3;Drogaven;34.2;PRINCIPAL > PERFUMARIA > CABELO > KIT;34.2;0;0
4006000136783;C;KIT PROTETOR NIVEA 200ML E PROTETOR ANTISSINAIS FPS70 40ML;Drogal;78.79;81.85;Drogal;78.79;PRINCIPAL > PERFUMARIA > BELEZA > PROTETOR PELE > CORPORAL;86.14;78.79;0
7897947604384;A;KIT SABONETE INTIMO DERMAFEME FLORAL 200ML C/2;Drogaven;19.59;22.34;Drogaven;19.59;PRINCIPAL > PERFUMARIA > HIGIENE > DESCARTAVEL-INTIMA > SABONETE INTIMO;19.59;0;0
7897947615397;B;KIT SABONETE INTIMO DERMAFEME FRESH 200ML C/2;Drogaven;19.59;22.34;Drogaven;19.59;PRINCIPAL > PERFUMARIA > HIGIENE > DESCARTAVEL-INTIMA > SABONETE INTIMO;19.59;0;0
7897947600843;B;KIT SABONETE INTIMO DERMAFEME TUTTI FRUTTI 200ML C/2;Drogaven;19.59;22.34;Drogaven;19.59;PRINCIPAL > PERFUMARIA > HIGIENE > DESCARTAVEL-INTIMA > SABONETE INTIMO;19.59;0;0
7898009437353;D;KIT SALON LINE GUANIDINA MILD (735) 215G POTE;Drogaven;28.41;36.22;Drogaven;28.41;PRINCIPAL > PERFUMARIA > CABELO > linha afro;28.41;0;0
7898524341715;D;KIT SALON LINE GUANIDINA RELAX ARGAN (171) 218G POTE;Drogaven;28.67;36.77;Drogaven;28.67;PRINCIPAL > PERFUMARIA > CABELO > linha afro;28.67;0;0
7891150097339;C;KIT SEDA SHAMPOO 300ML+CONDICIONADOR 190ML BABOSA E OLEOS;Drogaven;14.7;23.09;Drogaven;14.7;PRINCIPAL > PERFUMARIA > CABELO > KIT;14.7;0;0
7891150097353;C;KIT SEDA SHAMPOO 300ML+CONDICIONADOR 190ML CACHOS;Drogaven;17.63;23.09;Drogaven;17.63;PRINCIPAL > PERFUMARIA > CABELO > KIT;17.63;0;0
7891150097377;C;KIT SEDA SHAMPOO 300ML+CONDICIONADOR 190ML CERAMIDAS;Drogal;20.89;23.09;Drogal;20.89;PRINCIPAL > PERFUMARIA > CABELO > KIT;0;20.89;0
7891150097384;C;KIT SEDA SHAMPOO 300ML+CONDICIONADOR 190ML LISO PERFEITO;Drogaven;17.63;23.09;Drogaven;17.63;PRINCIPAL > PERFUMARIA > CABELO > KIT;17.63;0;0
7891150099982;C;KIT SEDA SHAMPOO 300ML+CONDICIONADOR 190ML LUMIOUS UV;Drogaven;17.63;22.94;Drogaven;17.63;PRINCIPAL > PERFUMARIA > CABELO > KIT;17.63;0;0
7908458326532;D;KIT SH 300ML+COND 200ML SALON LINE #TODECACHO KIDS MARACUJA;Drogal;18.59;31.97;Drogal;18.59;PRINCIPAL > PERFUMARIA > INFANTIL > HIGIENE INFANTIL > SHAMPOO;0;18.59;0
7908458326471;D;KIT SH 300ML+COND 200ML SALON LINE #TODECACHO KIDS MELANCIA;Drogal;18.59;31.97;Drogal;18.59;PRINCIPAL > PERFUMARIA > INFANTIL > HIGIENE INFANTIL > SHAMPOO;0;18.59;0
7908458326501;D;KIT SH 300ML+COND 200ML SALON LINE #TODECACHO KIDS UVA;Drogal;18.59;31.97;Drogal;18.59;PRINCIPAL > PERFUMARIA > INFANTIL > HIGIENE INFANTIL > SHAMPOO;0;18.59;0
7891150097643;C;KIT SH 350ML+COND 150ML DOVE BOND INTENSE REPAIR;Drogal;27.25;35.41;Drogal;27.25;PRINCIPAL > PERFUMARIA > CABELO > KIT;28.32;27.25;0
7891150095250;C;KIT SH 350ML+CONDICIONADOR 150ML DOVE RITUAL DE REPARACAO;Drogal;19.99;35.41;Drogal;19.99;PRINCIPAL > PERFUMARIA > CABELO > KIT;26.45;19.99;0
7908458329236;D;KIT SHAMPOO 300ML+COND 200ML SALON LINE MEU LISO MELANCIA;Drogal;18.59;33.66;Drogal;18.59;PRINCIPAL > PERFUMARIA > INFANTIL > HIGIENE INFANTIL > SHAMPOO;0;18.59;0
7891150093256;C;KIT SHAMPOO 350ML+CONDICIONADOR 150ML DOVE NUTRICAO;Drogal;19.99;35.06;Drogal;19.99;PRINCIPAL > PERFUMARIA > CABELO > KIT;28.32;19.99;0
7891150093263;C;KIT SHAMPOO 350ML+CONDICIONADOR 150ML DOVE RECONSTRUCAO;Drogal;19.99;35.41;Drogal;19.99;PRINCIPAL > PERFUMARIA > CABELO > KIT;28.32;19.99;0
7899706188302;D;KIT SHAMPOO ELSEVE HIAL 375ML+ CONDICIONADOR 170ML;Drogaven;34.2;40.4;Drogaven;34.2;PRINCIPAL > PERFUMARIA > CABELO > KIT;34.2;0;0
7908615017211;C;KIT SHAMPOO ELSEVE PURE HIAL 375ML+CONDICIONADOR 170ML;Drogaven;34.2;40.4;Drogaven;34.2;PRINCIPAL > PERFUMARIA > CABELO > KIT;34.2;0;0
7896000717658;C;KIT SHAMPOO+COND NIELY GOLD POS QUIMICA OLEO DE ARGAN ;Drogaven;20.09;18.42;DROGACENTRO;18.42;PRINCIPAL > PERFUMARIA > CABELO > KIT;20.09;0;0
7898623957350;D;KIT SHAMPOO+CONDICIONADOR SALON LINE HIDRA MULT KIDS 300ML ;Drogal;15.55;21.66;Drogal;15.55;PRINCIPAL > PERFUMARIA > INFANTIL > HIGIENE INFANTIL > SHAMPOO;0;15.55;0
7897042014026;D;KIT SHAMPOO+CONDICIONADOR SKALA BABOSA 325ML;Drogaven;16.56;17.41;Drogaven;16.56;PRINCIPAL > PERFUMARIA > CABELO > KIT;16.56;0;0
7897042013746;C;KIT SHAMPOO+CONDICIONADOR SKALA BOMBA ABACATE 325ML;Drogaven;16.56;17.41;Drogaven;16.56;PRINCIPAL > PERFUMARIA > CABELO > KIT;16.56;0;0
7897042015450;C;KIT SHAMPOO+CONDICIONADOR SKALA CRESPO DIVINO 325ML;Drogaven;16.56;17.41;Drogaven;16.56;PRINCIPAL > PERFUMARIA > CABELO > KIT;16.56;0;0
7897042015801;C;KIT SHAMPOO+CONDICIONADOR SKALA MAIS LISOS 325ML;Drogaven;16.56;17.41;Drogaven;16.56;PRINCIPAL > PERFUMARIA > CABELO > KIT;16.56;0;0
7891033545957;C;KIT SIAGE HAIRPLASTIA SHAMPOO 250ML/CONDICIONADOR 125ML;Drogaven;68.59;70.49;Drogaven;68.59;PRINCIPAL > PERFUMARIA > CABELO > KIT;68.59;0;0
7891010253523;C;KIT SUNDOWN FPS50 200ML GANHE FPS50 120ML;Drogaven;58.79;61.39;Drogaven;58.79;PRINCIPAL > PERFUMARIA > BELEZA > PROTETOR PELE > classificar;58.79;0;0
7896902285521;C;KIT SUNLESS FPS 50 120G COMPRE E GANHE MINI PROT. FACIAL 30G;Drogaven;44.0;48.3;Drogaven;44.0;PRINCIPAL > PERFUMARIA > BELEZA > PROTETOR PELE > classificar;44.0;0;0
7896020162964;C;KIT TENY PE BARUEL JATO SECO ORIGINAL 92G+ WOMAN 92G;Drogal;40.16;40.58;Drogal;40.16;PRINCIPAL > PERFUMARIA > MASCULINO > TALCO/ANTISSEPTICO PES;0;40.16;0
7896020162452;C;KIT TENYS PE BARUEL ORIGINAL 100G+WOMAN 100G C/50%;Drogaven;19.39;22.05;Drogaven;19.39;PRINCIPAL > PERFUMARIA > MASCULINO > TALCO/ANTISSEPTICO PES;19.39;0;0
7896020163701;D;KIT TENYS PE BARUEL TALCO 100G+JATO SECO 92G;Drogal;32.44;26.37;DROGACENTRO;26.37;PRINCIPAL > PERFUMARIA > MASCULINO > TALCO/ANTISSEPTICO PES;0;32.44;0
7896115703720;C;KIT TRA LA LA HIDRAKIDS;Drogaven;30.28;39.81;Drogaven;30.28;PRINCIPAL > PERFUMARIA > INFANTIL > HIGIENE INFANTIL > SHAMPOO;30.28;0;0
7891182016476;D;KOLESTON AMORA VERMELHO ESPECIAL 5546;Drogal;17.99;23.78;Drogal;17.99;PRINCIPAL > PERFUMARIA > CABELO > TINTURA/TONALIZANTE;25.23;17.99;0
7891182016513;C;KOLESTON BORGONHA VIBRANTE ESPECIAL 4446;Drogal;17.99;23.78;Drogal;17.99;PRINCIPAL > PERFUMARIA > CABELO > TINTURA/TONALIZANTE;0;17.99;0
7891182016278;C;KOLESTON CAST.CLARO 50;Drogal;17.99;23.78;Drogal;17.99;PRINCIPAL > PERFUMARIA > CABELO > TINTURA/TONALIZANTE;25.23;17.99;0
7891182016247;B;KOLESTON CAST.ESCURO 30;Drogal;17.99;23.78;Drogal;17.99;PRINCIPAL > PERFUMARIA > CABELO > TINTURA/TONALIZANTE;25.23;17.99;0
7891182016254;B;KOLESTON CAST.MED. 40;Drogal;17.99;23.78;Drogal;17.99;PRINCIPAL > PERFUMARIA > CABELO > TINTURA/TONALIZANTE;25.23;17.99;0
7891350037456;D;KOLESTON CAST.OURO 53;Drogal;17.99;23.78;Drogal;17.99;PRINCIPAL > PERFUMARIA > CABELO > TINTURA/TONALIZANTE;25.23;17.99;0
7891182016490;C;KOLESTON CEREJA VERMELHO ESPECIAL 6646;Drogal;17.99;23.78;Drogal;17.99;PRINCIPAL > PERFUMARIA > CABELO > TINTURA/TONALIZANTE;25.23;17.99;0
7891182016346;C;KOLESTON CHOCOLATE 67;Drogal;17.99;23.78;Drogal;17.99;PRINCIPAL > PERFUMARIA > CABELO > TINTURA/TONALIZANTE;25.23;17.99;0
7891182016377;C;KOLESTON LOURO AVELA 73;Drogal;17.99;23.78;Drogal;17.99;PRINCIPAL > PERFUMARIA > CABELO > TINTURA/TONALIZANTE;25.23;17.99;0
7891182016407;C;KOLESTON LOURO CINZA CLARO 81;Drogal;17.99;23.78;Drogal;17.99;PRINCIPAL > PERFUMARIA > CABELO > TINTURA/TONALIZANTE;25.23;17.99;26.99
7891182016292;C;KOLESTON LOURO CINZA ESCURO 61;Drogal;17.99;23.78;Drogal;17.99;PRINCIPAL > PERFUMARIA > CABELO > TINTURA/TONALIZANTE;25.23;17.99;22.79
7891182016360;C;KOLESTON LOURO CINZA MEDIO 71;Drogal;17.99;23.78;Drogal;17.99;PRINCIPAL > PERFUMARIA > CABELO > TINTURA/TONALIZANTE;25.23;17.99;26.99
7891182016315;C;KOLESTON LOURO CLARISSIMO ACINZENTADO 121;Drogaven;25.23;23.78;DROGACENTRO;23.78;PRINCIPAL > PERFUMARIA > CABELO > TINTURA/TONALIZANTE;25.23;0;0
7891182016285;B;KOLESTON LOURO ESCURO 60;Drogal;17.99;23.78;Drogal;17.99;PRINCIPAL > PERFUMARIA > CABELO > TINTURA/TONALIZANTE;25.23;17.99;0
7891182016612;C;KOLESTON LOURO MATE MEDIO 72;Drogaven;25.23;23.78;DROGACENTRO;23.78;PRINCIPAL > PERFUMARIA > CABELO > TINTURA/TONALIZANTE;25.23;0;0
7891182016339;C;KOLESTON MARROM SEDUC.537;Drogal;17.99;23.78;Drogal;17.99;PRINCIPAL > PERFUMARIA > CABELO > TINTURA/TONALIZANTE;25.23;17.99;0
7891182016223;B;KOLESTON PRETO 20;Drogal;17.99;23.78;Drogal;17.99;PRINCIPAL > PERFUMARIA > CABELO > TINTURA/TONALIZANTE;25.23;17.99;0
7891182016230;B;KOLESTON PRETO AZULADO 28;Drogal;17.99;23.78;Drogal;17.99;PRINCIPAL > PERFUMARIA > CABELO > TINTURA/TONALIZANTE;25.23;17.99;0
7897211100208;C;KY GEL LUBRIFICANTE 100G;Drogaven;44.0;49.06;Drogaven;44.0;PRINCIPAL > PERFUMARIA > MASCULINO > RELACOES INTIMAS > LUBRIFICANTE;44.0;0;0
7897211100192;C;KY GEL LUBRIFICANTE 50G;Drogal;26.29;30.85;Drogal;26.29;PRINCIPAL > PERFUMARIA > MASCULINO > RELACOES INTIMAS > LUBRIFICANTE;27.23;26.29;0
7897211100406;C;KY GEL LUBRIFICANTE INTIMO HOT 50G;Drogal;41.45;38.62;DROGACENTRO;38.62;PRINCIPAL > PERFUMARIA > MASCULINO > RELACOES INTIMAS > LUBRIFICANTE;0;41.45;0
7897211100437;C;KY GEL LUBRIFICANTE INTIMO ULTRA 50G;Drogal;49.19;43.58;DROGACENTRO;43.58;PRINCIPAL > PERFUMARIA > MASCULINO > RELACOES INTIMAS > LUBRIFICANTE;0;49.19;0
7898647920101;B;LACAROTE BELLEZA C/ 1 UNID;Drogaven;7.84;7.46;DROGACENTRO;7.46;PRINCIPAL > PERFUMARIA > CABELO > ACESSORIOS > ELASTICO;7.84;0;0
7894222027760;C;LAPIS DAILUS ULTRA PRETO APONTAVEL;Drogaven;18.61;23.36;Drogaven;18.61;PRINCIPAL > PERFUMARIA > BELEZA > MAQUIAGEM > LAPIS;18.61;0;0
7894222027838;C;LAPISEIRA DAILUS SOBRANCELHA MEDIO;Drogaven;18.61;23.37;Drogaven;18.61;PRINCIPAL > PERFUMARIA > BELEZA > MAQUIAGEM > LAPIS;18.61;0;0
7894222027807;C;LAPISEIRA RETRATIL DAILUS P/ OLHOS MARROM VEGANO;Drogaven;18.61;23.36;Drogaven;18.61;PRINCIPAL > PERFUMARIA > BELEZA > MAQUIAGEM > LAPIS;18.61;0;0
7894222027791;C;LAPISEIRA RETRATIL DAILUS P/ OLHOS PRETO VEGANO;Drogaven;18.61;23.36;Drogaven;18.61;PRINCIPAL > PERFUMARIA > BELEZA > MAQUIAGEM > LAPIS;18.61;0;0
7894222027845;D;LAPISEIRA SOBRANCELHA ESCURO;Drogaven;18.61;22.66;Drogaven;18.61;PRINCIPAL > PERFUMARIA > BELEZA > MAQUIAGEM > LAPIS;18.61;0;0
7500435240512;C;LEAVE IN FINALIZADOR QUERATINA PANTENE OLEO MILAGROSO 95ML;Drogaven;34.29;36.98;Drogaven;34.29;PRINCIPAL > PERFUMARIA > CABELO > LEAVE IN/ATIVADOR;34.29;0;0
7898610370124;C;LEAVE IN HASKELL CAVALO FORTE 150G;Drogaven;49.97;46.79;DROGACENTRO;46.79;PRINCIPAL > PERFUMARIA > CABELO > LEAVE IN/ATIVADOR;49.97;0;0
7898924602904;D;LEAVE IN HASKELL IN QUINA ROSA 240G;Drogaven;57.03;53.34;DROGACENTRO;53.34;PRINCIPAL > PERFUMARIA > CABELO > LEAVE IN/ATIVADOR;57.03;0;0
7898610377635;D;LEAVE IN HASKELL INFUSAO DE OLEOS 150G;Drogaven;49.97;46.79;DROGACENTRO;46.79;PRINCIPAL > PERFUMARIA > CABELO > LEAVE IN/ATIVADOR;49.97;0;0
7898610372623;C;LEAVE IN HASKELL LISO COM FORÇA 150G;Drogaven;39.1;46.79;Drogaven;39.1;PRINCIPAL > PERFUMARIA > CABELO > LEAVE IN/ATIVADOR;39.1;0;0
7898912665126;D;LEAVE IN HASKELL MANDIOCA 240G;Drogaven;57.03;53.34;DROGACENTRO;53.34;PRINCIPAL > PERFUMARIA > CABELO > LEAVE IN/ATIVADOR;57.03;0;0
7898610371015;D;LEAVE IN HASKELL MEMORIZADOR CACHOS SIM 300ML;Drogaven;49.28;53.34;Drogaven;49.28;PRINCIPAL > PERFUMARIA > CABELO > LEAVE IN/ATIVADOR;49.28;0;0
7891033530960;D;LEAVE IN MEMORIZADOR SIAGE PRO CRONOLOGY 100ML;DrogaRaia;46.9;66.72;DrogaRaia;46.9;PRINCIPAL > PERFUMARIA > CABELO > LEAVE IN/ATIVADOR;67.55;0;46.9
7891150099821;C;LEAVE-IN SERUM SEDA LUMINOUS UV PUMP 110ML;Drogaven;21.55;25.42;Drogaven;21.55;PRINCIPAL > PERFUMARIA > CABELO > LEAVE IN/ATIVADOR;21.55;0;0
7896235353256;C;LEITE COLONIA 200ML;Drogaven;7.83;8.64;Drogaven;7.83;PRINCIPAL > PERFUMARIA > BELEZA > ROSTO > classificar;7.83;0;0
7896235353270;C;LEITE COLONIA FINAL FANT.200ML;Drogal;9.05;8.26;DROGACENTRO;8.26;PRINCIPAL > PERFUMARIA > BELEZA > ROSTO > classificar;0;9.05;0
7898489511086;C;LEITE DE AVEIA DAVENE TODOS OS TIPOS DE PELE 180ML;Drogaven;13.62;15.7;Drogaven;13.62;PRINCIPAL > PERFUMARIA > BELEZA > CORPO > HIDRATANTE;13.62;0;0
7896235354055;C;LEITE HIDRATANTE PAIXAO FRAMBOESA NEGRA 200ML;Drogal;8.99;12.62;Drogal;8.99;PRINCIPAL > PERFUMARIA > BELEZA > CORPO > HIDRATANTE;0;8.99;0
78907850;C;LEITE HIDRATANTE PAIXAO INSPIRADORA 200ML;Drogal;8.99;10.43;Drogal;8.99;PRINCIPAL > PERFUMARIA > BELEZA > CORPO > HIDRATANTE;10.67;8.99;0
78914957;C;LEITE HIDRATANTE PAIXAO IRRESISTIVEL  200ML;Drogal;8.99;10.43;Drogal;8.99;PRINCIPAL > PERFUMARIA > BELEZA > CORPO > HIDRATANTE;10.67;8.99;0
78922686;C;LEITE HIDRATANTE PAIXAO TENTADORA 200ML;Drogal;8.99;10.43;Drogal;8.99;PRINCIPAL > PERFUMARIA > BELEZA > CORPO > HIDRATANTE;10.67;8.99;0
7896235354178;C;LEITE MONANGE FIRMADOR Q10 PELE EXTRASSECA 200ML;Drogal;18.95;13.84;DROGACENTRO;13.84;PRINCIPAL > PERFUMARIA > BELEZA > CORPO > HIDRATANTE;0;18.95;0
7896235354161;D;LEITE MONANGE FIRMADOR Q10 PELE NORMAL/SECA 200ML;Drogaven;12.64;12.51;DROGACENTRO;12.51;PRINCIPAL > PERFUMARIA > BELEZA > CORPO > HIDRATANTE;12.64;0;0
7898919412280;C;LEITE MONANGE FLOR DE LAVANDA 400ML;Drogal;12.99;15.7;Drogal;12.99;PRINCIPAL > PERFUMARIA > BELEZA > CORPO > HIDRATANTE;13.32;12.99;0
7898919412334;C;LEITE MONANGE FRUTAS VERMELHAS 200ML;Drogal;8.99;10.3;Drogal;8.99;PRINCIPAL > PERFUMARIA > BELEZA > CORPO > HIDRATANTE;10.68;8.99;0
7898919412297;C;LEITE MONANGE FRUTAS VERMELHAS 400ML;Drogal;12.99;15.7;Drogal;12.99;PRINCIPAL > PERFUMARIA > BELEZA > CORPO > HIDRATANTE;13.32;12.99;0
7898919412341;C;LEITE MONANGE IOGURTE COM AVEIA 200ML;Drogal;8.99;10.3;Drogal;8.99;PRINCIPAL > PERFUMARIA > BELEZA > CORPO > HIDRATANTE;10.68;8.99;0
7898919412372;C;LEITE MONANGE PELE EXTRA SECA 200ML;Drogal;8.99;10.3;Drogal;8.99;PRINCIPAL > PERFUMARIA > BELEZA > CORPO > HIDRATANTE;0;8.99;0
7898919412303;D;LEITE MONANGE PELE EXTRA SECA 400ML;Drogal;12.99;15.7;Drogal;12.99;PRINCIPAL > PERFUMARIA > BELEZA > CORPO > HIDRATANTE;0;12.99;0
7896806700021;C;LEITE ROSAS 100ML;Drogaven;5.15;5.33;Drogaven;5.15;PRINCIPAL > PERFUMARIA > BELEZA > ROSTO > classificar;5.15;0;0
7896806700038;C;LEITE ROSAS 170ML;Drogaven;8.33;6.99;DROGACENTRO;6.99;PRINCIPAL > PERFUMARIA > BELEZA > ROSTO > classificar;8.33;0;0
7896018700536;C;LENCO INTIMUS C/16;Drogal;9.49;10.34;Drogal;9.49;PRINCIPAL > PERFUMARIA > HIGIENE > DESCARTAVEL-INTIMA > SABONETE INTIMO;10.68;9.49;0
7891172171666;A;LENCO KLEENEX BOLSO;Drogal;2.55;2.16;DROGACENTRO;2.16;PRINCIPAL > PERFUMARIA > HIGIENE > DESCARTAVEL-INTIMA > LENCO DE PAPEL;0;2.55;0
7894222029757;C;LENCO MICELAR DEMAQUILANTE;Drogaven;16.65;21.31;Drogaven;16.65;PRINCIPAL > PERFUMARIA > BELEZA > ROSTO > LENCO DEMAQUILANTE;16.65;0;0
7896061951428;B;LENCO SOFTYS C/100;Drogaven;10.49;13.34;Drogaven;10.49;PRINCIPAL > PERFUMARIA > HIGIENE > DESCARTAVEL-INTIMA > LENCO DE PAPEL;10.49;0;0
7896061951619;C;LENCO SOFTYS C/50;Drogal;5.49;7.95;Drogal;5.49;PRINCIPAL > PERFUMARIA > HIGIENE > DESCARTAVEL-INTIMA > LENCO DE PAPEL;7.5;5.49;0
7891106915052;C;LENCO UMEDECIDO BEPANTOL BABY C/48UNID;Drogal;11.99;16.38;Drogal;11.99;PRINCIPAL > PERFUMARIA > INFANTIL > HIGIENE INFANTIL > LENCO UMEDECIDO;17.6;11.99;75.41
7891106915182;B;LENCO UMEDECIDO BEPANTOL BABY C/96UNID;Drogal;27.09;26.62;DROGACENTRO;26.62;PRINCIPAL > PERFUMARIA > INFANTIL > HIGIENE INFANTIL > LENCO UMEDECIDO;29.23;27.09;0
7891010568757;C;LENCO UMEDECIDO J&J BABY EXTRA CUIDADO C/48;Drogaven;15.67;17.8;Drogaven;15.67;PRINCIPAL > PERFUMARIA > INFANTIL > HIGIENE INFANTIL > LENCO UMEDECIDO;15.67;0;0
7891010568764;C;LENCO UMEDECIDO J&J BABY HORA DO SONO C/48;Drogal;19.95;17.8;DROGACENTRO;17.8;PRINCIPAL > PERFUMARIA > INFANTIL > HIGIENE INFANTIL > LENCO UMEDECIDO;0;19.95;0
7896018700659;B;LENCO UMEDECIDO MONICA HUGGIES CLASSIC C/48;Drogal;11.79;12.04;Drogal;11.79;PRINCIPAL > PERFUMARIA > INFANTIL > HIGIENE INFANTIL > LENCO UMEDECIDO;14.69;11.79;0
7896018700604;C;LENCO UMEDECIDO MONICA HUGGIES N. CARE C/48;Drogal;11.79;13.99;Drogal;11.79;PRINCIPAL > PERFUMARIA > INFANTIL > HIGIENE INFANTIL > LENCO UMEDECIDO;14.69;11.79;0
7500435158077;D;LENCO UMEDECIDO PAMPERS SPLASH BABY SHARK C/48;Drogal;18.49;17.78;DROGACENTRO;17.78;PRINCIPAL > PERFUMARIA > INFANTIL > HIGIENE INFANTIL > LENCO UMEDECIDO;0;18.49;0
7898079005728;C;LENCO UMEDECIDO PRUDENCE INTIMA L20P16;Drogal;4.99;8.5;Drogal;4.99;PRINCIPAL > PERFUMARIA > HIGIENE > DESCARTAVEL-INTIMA > classificar;0;4.99;0
7894222037769;C;LIP GLITTER DAILUS GOLD GLITTER;Drogaven;29.3;40.69;Drogaven;29.3;PRINCIPAL > PERFUMARIA > BELEZA > MAQUIAGEM > classificar;29.3;0;0
7894222037752;D;LIP GLITTER DAILUS HOLO BOMB;Drogaven;29.3;40.69;Drogaven;29.3;PRINCIPAL > PERFUMARIA > BELEZA > MAQUIAGEM > classificar;29.3;0;0
7894222028842;C;LIP GLOSS DAILUS INCOLOR ;Drogaven;20.08;26.56;Drogaven;20.08;PRINCIPAL > PERFUMARIA > BELEZA > MAQUIAGEM > GLOSS;20.08;0;0
7894222036311;C;LIP TINT DAILUS BALM COCO;Drogaven;16.65;24.62;Drogaven;16.65;PRINCIPAL > PERFUMARIA > BELEZA > MAQUIAGEM > BATOM;16.65;0;0
7894222028866;C;LIPT DAILUS BATIDA DE AMORA;Drogaven;20.08;24.63;Drogaven;20.08;PRINCIPAL > PERFUMARIA > BELEZA > MAOS > classificar;20.08;0;0
7894222020488;C;LIPT DAILUS FROZEN DE MELANCIA 02;Drogaven;20.08;26.11;Drogaven;20.08;PRINCIPAL > PERFUMARIA > BELEZA > MAOS > classificar;20.08;0;0
7894222020501;C;LIPT DAILUS MARGARITA DE MORANGO 06;Drogaven;20.08;26.11;Drogaven;20.08;PRINCIPAL > PERFUMARIA > BELEZA > MAOS > classificar;20.08;0;0
7898958060039;C;LIXA BELLE RETA MEDIA 34-0039;Drogaven;8.12;16.15;Drogaven;8.12;PRINCIPAL > PERFUMARIA > BELEZA > PES > LIXA;8.12;0;0
7898647921542;C;LIXA BELLESA BIG PARDA P/UNHA C/3 34-1542;Drogaven;4.01;3.93;DROGACENTRO;3.93;PRINCIPAL > PERFUMARIA > BELEZA > MAOS > LIXA;4.01;0;0
7898958060404;C;LIXA BELLESA EXTRA PARDA UNHAS C/6 34-0404;Drogaven;2.83;5.33;Drogaven;2.83;PRINCIPAL > PERFUMARIA > BELEZA > MAOS > LIXA;2.83;0;0
7898958060466;C;LIXA BELLESA MINI PARDA UNHAS C/20 34-0466;Drogaven;6.91;7.38;Drogaven;6.91;PRINCIPAL > PERFUMARIA > BELEZA > MAOS > LIXA;6.91;0;0
7898958060169;C;LIXA PLASTICA BASIC 34-0169;Drogaven;9.4;7.65;DROGACENTRO;7.65;PRINCIPAL > PERFUMARIA > BELEZA > PES > LIXA;9.4;0;0
7896044954521;C;LOCAO HIDR. GIOVANNA BABY CLASSIC 200ML;Drogal;15.99;23.44;Drogal;15.99;PRINCIPAL > PERFUMARIA > HIGIENE > DESODORANTE FEMININO;19.88;15.99;0
7891010579265;C;LOCAO HIDRAT  J&J BABY RECEM-NASCIDO 200ML;Drogaven;48.99;52.91;Drogaven;48.99;PRINCIPAL > PERFUMARIA > INFANTIL > HIGIENE INFANTIL > classificar;48.99;0;0
7891010917715;D;LOCAO HIDRAT INTENSA J&J 200ML;Drogaven;32.82;41.79;Drogaven;32.82;PRINCIPAL > PERFUMARIA > INFANTIL > HIGIENE INFANTIL > classificar;32.82;0;0
7891010795542;D;LOCAO HIDRAT J&J HORA SONO 200ML;Drogaven;32.82;35.79;Drogaven;32.82;PRINCIPAL > PERFUMARIA > INFANTIL > HIGIENE INFANTIL > classificar;32.82;0;0
7891150074484;D;LOCAO HIDRATANTE DOVE BABY HORA DE DORMIR 200ML;Drogal;22.05;27.78;Drogal;22.05;PRINCIPAL > PERFUMARIA > INFANTIL > HIGIENE INFANTIL > classificar;0;22.05;0
7896044954538;C;LOCAO HIDRATANTE GIOVANNA BABY BLUE 200ML;Drogal;15.99;23.44;Drogal;15.99;PRINCIPAL > PERFUMARIA > HIGIENE > DESODORANTE FEMININO;19.88;15.99;0
7896044954552;D;LOCAO HIDRATANTE GIOVANNA BABY CHERRY 200ML;Drogal;15.99;23.44;Drogal;15.99;PRINCIPAL > PERFUMARIA > HIGIENE > DESODORANTE FEMININO;0;15.99;0
7896044900122;D;LOCAO HIDRATANTE GIOVANNA BABY GOLD 200ML;Drogal;27.69;19.94;DROGACENTRO;19.94;PRINCIPAL > PERFUMARIA > HIGIENE > DESODORANTE FEMININO;0;27.69;32.88
7896369126610;D;LOCAO HIDRATANTE HIDRAMAIS PERFUME DE BEBE 500ML;DrogaRaia;49.9;17.68;DROGACENTRO;17.68;PRINCIPAL > PERFUMARIA > HIGIENE > CORPORAL > HIDRATANTE;0;0;49.9
7891010503505;B;LOCAO HIDRATANTE J&J BABY 200ML;Drogaven;32.82;35.79;Drogaven;32.82;PRINCIPAL > PERFUMARIA > INFANTIL > HIGIENE INFANTIL > classificar;32.82;0;0
7891010255954;C;LOCAO HIDRATANTE J&J BABY DERMA PROTECT 200ML;Drogaven;62.62;71.89;Drogaven;62.62;PRINCIPAL > PERFUMARIA > INFANTIL > HIGIENE INFANTIL > HIDRATANTE/OLEO CORPORAL;62.62;0;0
7894650940006;B;LOCAO HIDRATANTE OFF! FAMILY 200ML;Drogal;13.99;20.9;Drogal;13.99;PRINCIPAL > PERFUMARIA > BELEZA > PROTETOR PELE > REPELENTE;22.44;13.99;0
7896235354079;C;LOCAO HIDRATANTE PAIXAO FLOR BAUNILHA 200ML;Drogal;8.99;10.48;Drogal;8.99;PRINCIPAL > PERFUMARIA > BELEZA > CORPO > LOCAO;0;8.99;0
7896235354147;D;LOCAO HIDRATANTE PAIXAO ULTRA TENT AME 200ML;Drogal;19.55;15.67;DROGACENTRO;15.67;PRINCIPAL > PERFUMARIA > BELEZA > CORPO > LOCAO;0;19.55;0
7897042015818;C;LOCAO HIDRATANTE SKALA 400ML AVEIA;Drogaven;7.5;7.98;Drogaven;7.5;PRINCIPAL > PERFUMARIA > BELEZA > CORPO > LOCAO;7.5;0;0
7897042015894;C;LOCAO HIDRATANTE SKALA 400ML LAVANDA;Drogaven;7.5;7.98;Drogaven;7.5;PRINCIPAL > PERFUMARIA > BELEZA > CORPO > HIDRATANTE;7.5;0;0
7891350026627;C;LOCAO POS BARBA BOZZANO NIGHT BLUE 100ML;Drogal;24.49;31.89;Drogal;24.49;PRINCIPAL > PERFUMARIA > MASCULINO > BARBA/BIGODE > CREME/ESPUMA/OLEO/BALM/LOCAO/GEL;29.2;24.49;0
4005900648419;C;LOCAO POS BARBA NIVEA DEEP COMFORT 100ML;Drogal;37.99;45.03;Drogal;37.99;PRINCIPAL > PERFUMARIA > MASCULINO > BARBA/BIGODE > CREME/ESPUMA/OLEO/BALM/LOCAO/GEL;50.95;37.99;0
7896902214231;D;LOÇÃO POS SOL SUNLESS ALOE VERA E CAMOMILA 120G;Drogaven;15.28;19.58;Drogaven;15.28;PRINCIPAL > PERFUMARIA > BELEZA > PROTETOR PELE > classificar;15.28;0;0
7509552917413;C;MAGIC RETOUCH LOURO 75ML;Drogaven;44.98;54.21;Drogaven;44.98;PRINCIPAL > PERFUMARIA > CABELO > TINTURA/TONALIZANTE;44.98;0;0
7509552917420;C;MAGIC RETOUCH LOURO ESCURO 75ML;Drogaven;44.98;54.21;Drogaven;44.98;PRINCIPAL > PERFUMARIA > CABELO > TINTURA/TONALIZANTE;44.98;0;0
7908458308514;C;MAIONESE CAPILAR TO DE CACHO MATIZ MARSALA 500G;Drogaven;34.11;38.48;Drogaven;34.11;PRINCIPAL > PERFUMARIA > CABELO > linha afro;34.11;0;0
7896036526217;D;MAMADEIRA  NEOPAN CONV AZUL REF 2621 130ML;Drogaven;32.32;35.68;Drogaven;32.32;PRINCIPAL > PERFUMARIA > INFANTIL > ACESSORIO INFANTIL > MAMADEIRA;32.32;0;0
7896036526224;D;MAMADEIRA  NEOPAN CONV ROSA REF 2622 130ML;Drogaven;32.32;35.68;Drogaven;32.32;PRINCIPAL > PERFUMARIA > INFANTIL > ACESSORIO INFANTIL > MAMADEIRA;32.32;0;0
7896033211963;C;MAMADEIRA LILLO 240ML ORTO BCO REF602021;DrogaRaia;27.9;41.82;DrogaRaia;27.9;PRINCIPAL > PERFUMARIA > INFANTIL > ACESSORIO INFANTIL > MAMADEIRA;0;0;27.9
7896033211659;D;MAMADEIRA LILLO MAGIA ORTO SILICONE 120ML ROSA;Drogal;34.65;31.5;DROGACENTRO;31.5;PRINCIPAL > PERFUMARIA > INFANTIL > ACESSORIO INFANTIL > MAMADEIRA;0;34.65;0
7896033221016;D;MAMADEIRA LILLO MIRIN AZUL 50ML REF601120;Drogaven;18.02;18.17;Drogaven;18.02;PRINCIPAL > PERFUMARIA > INFANTIL > ACESSORIO INFANTIL > MAMADEIRA;18.02;0;0
7896033221023;C;MAMADEIRA LILLO MIRIN ROSA 50ML REF601130;Drogaven;18.02;18.17;Drogaven;18.02;PRINCIPAL > PERFUMARIA > INFANTIL > ACESSORIO INFANTIL > MAMADEIRA;18.02;0;0
7896033212779;C;MAMADEIRA LILLO SUPER EVOLUTION PRIM PASSOS MENINO 240ML;Drogaven;41.84;46.55;Drogaven;41.84;PRINCIPAL > PERFUMARIA > INFANTIL > ACESSORIO INFANTIL > MAMADEIRA;41.84;0;0
7896036527320;C;MAMADEIRA NEOPAN COLORPAN ORTO ROSA 300ML;Drogaven;30.48;39.71;Drogaven;30.48;PRINCIPAL > PERFUMARIA > INFANTIL > ACESSORIO INFANTIL > MAMADEIRA;30.48;0;0
7896036521519;D;MAMADEIRA PANFORME 250ML CONV AZUL ;Drogaven;30.57;34.43;Drogaven;30.57;PRINCIPAL > PERFUMARIA > INFANTIL > ACESSORIO INFANTIL > MAMADEIRA;30.57;0;0
7896036528013;C;MAMADEIRA SUPER VENTILADA 300ML AZUL NEOPAN 2801;Drogaven;36.68;41.67;Drogaven;36.68;PRINCIPAL > PERFUMARIA > INFANTIL > ACESSORIO INFANTIL > MAMADEIRA;36.68;0;0
7891033535064;C;MASCARA CAPILAR SIAGE ACELERA CRESCIMENTO 250G;DrogaRaia;80.49;72.34;DROGACENTRO;72.34;PRINCIPAL > PERFUMARIA > CABELO > MASCARA;0;0;80.49
7891033581214;D;MASCARA CAPILAR SIAGE NUTRI ACID COMPLEX 250G;Drogaven;46.05;72.18;Drogaven;46.05;PRINCIPAL > PERFUMARIA > CABELO > MASCARA;46.05;0;0
7891033535217;D;MASCARA CAPILAR SIAGE RECONSTROI FIOS 250G;Drogaven;46.05;72.34;Drogaven;46.05;PRINCIPAL > PERFUMARIA > CABELO > MASCARA;46.05;0;0
7894222027616;D;MASCARA CILIOS VOLUME RUSSO;Drogaven;27.92;36.54;Drogaven;27.92;PRINCIPAL > PERFUMARIA > BELEZA > MAQUIAGEM > classificar;27.92;0;0
7891150094932;C;MASCARA DE TRATAMENTO DOVE 10 EM 1 BRILHO 270G;Drogal;22.4;54.53;Drogal;22.4;PRINCIPAL > PERFUMARIA > CABELO > MASCARA;0;22.4;0
7898610375105;C;MASCARA HASKELL CAVALO FORTE 300G;Drogaven;57.52;57.11;DROGACENTRO;57.11;PRINCIPAL > PERFUMARIA > CABELO > MASCARA;57.52;0;0
7898610377314;D;MASCARA HASKELL CAVALO FORTE HIDRA 300G;Drogaven;57.52;57.11;DROGACENTRO;57.11;PRINCIPAL > PERFUMARIA > CABELO > MASCARA;57.52;0;0
7898610375259;D;MASCARA HASKELL ENCORPA CABELO 300G;Drogaven;54.88;55.04;Drogaven;54.88;PRINCIPAL > PERFUMARIA > CABELO > MASCARA;54.88;0;0
7898610377611;C;MASCARA HASKELL INFUSAO DE OLEOS 300G;Drogaven;54.88;57.11;Drogaven;54.88;PRINCIPAL > PERFUMARIA > CABELO > MASCARA;54.88;0;0
7898610377833;D;MASCARA HASKELL LIQUIDA LAMELAR 200ML;Drogaven;85.7;80.83;DROGACENTRO;80.83;PRINCIPAL > PERFUMARIA > CABELO > MASCARA;85.7;0;0
7898610375129;C;MASCARA HASKELL LISO COM FORCA 300G;Drogaven;54.88;55.04;Drogaven;54.88;PRINCIPAL > PERFUMARIA > CABELO > MASCARA;54.88;0;0
7898610375037;C;MASCARA HASKELL MANDIOCA 300G;Drogaven;53.4;53.48;Drogaven;53.4;PRINCIPAL > PERFUMARIA > CABELO > MASCARA;53.4;0;0
7898610375457;C;MASCARA HASKELL MATIZA+ ULTRA VIOLETA 300G;Drogaven;63.31;61.32;DROGACENTRO;61.32;PRINCIPAL > PERFUMARIA > CABELO > MASCARA;63.31;0;0
7898610375150;C;MASCARA HASKELL MURUMURU 300G;Drogaven;53.4;53.48;Drogaven;53.4;PRINCIPAL > PERFUMARIA > CABELO > MASCARA;53.4;0;0
7898610375235;C;MASCARA HASKELL POS PROGRESSIVA 300G;Drogaven;54.88;55.04;Drogaven;54.88;PRINCIPAL > PERFUMARIA > CABELO > MASCARA;54.88;0;0
7898610375464;D;MASCARA HASKELL QUINA ROSA 300G;Drogaven;53.4;53.48;Drogaven;53.4;PRINCIPAL > PERFUMARIA > CABELO > MASCARA;53.4;0;0
7899852023151;C;MASCARA INCOLOR VULT MAKE 3 EM 1 2,5G;Drogaven;25.83;26.03;Drogaven;25.83;PRINCIPAL > PERFUMARIA > BELEZA > MAQUIAGEM > classificar;25.83;0;0
7899852021553;C;MASCARA P/ CILIOS VULT MAKE EXTR FIO A FIO 10G;Drogal;42.19;43.97;Drogal;42.19;PRINCIPAL > PERFUMARIA > BELEZA > MAQUIAGEM > classificar;0;42.19;0
7894222020648;C;MASCARA P/CILIOS DAILUS POWER EFEITO BONECA 7ML;Drogaven;20.57;27.71;Drogaven;20.57;PRINCIPAL > PERFUMARIA > BELEZA > MAQUIAGEM > classificar;20.57;0;0
7899852024233;C;MASCARA P/CILIOS EXTREME BOMBASTIC RES/AGUA 10G;Drogal;42.19;45.66;Drogal;42.19;PRINCIPAL > PERFUMARIA > BELEZA > MAQUIAGEM > classificar;43.36;42.19;0
7899852021379;D;MASCARA P/CILIOS VULT BOMBASTIC VOLUME;Drogal;42.19;43.97;Drogal;42.19;PRINCIPAL > PERFUMARIA > BELEZA > MAQUIAGEM > classificar;0;42.19;0
7891033473649;C;MASCARA SIAGE CICA THERAPY 250G;Drogaven;46.05;72.34;Drogaven;46.05;PRINCIPAL > PERFUMARIA > CABELO > MASCARA;46.05;0;0
7891033471775;C;MASCARA SIAGE GLOW EXPERT 250G;Drogaven;64.58;72.34;Drogaven;64.58;PRINCIPAL > PERFUMARIA > CABELO > MASCARA;64.58;0;0
7891033016440;C;MASCARA SIAGE HAIRPLASTIA 250G;Drogaven;46.05;72.34;Drogaven;46.05;PRINCIPAL > PERFUMARIA > CABELO > MASCARA;46.05;0;0
7891033535002;C;MASCARA SIAGE LISO INTENSO MASCARA CAP 250G;Drogal;72.89;72.34;DROGACENTRO;72.34;PRINCIPAL > PERFUMARIA > CABELO > MASCARA;0;72.89;0
7891033534654;C;MASCARA SIAGE LOIRO EXPERT 250G;Drogal;72.89;72.34;DROGACENTRO;72.34;PRINCIPAL > PERFUMARIA > CABELO > MASCARA;0;72.89;88.54
7891033925582;D;MASCARA SIAGE NUTRI DIAMOND 250G;Drogaven;46.05;72.34;Drogaven;46.05;PRINCIPAL > PERFUMARIA > CABELO > MASCARA;46.05;0;0
7891033931057;C;MASCARA SIAGE NUTRI OLEOS PODER 250G;Drogaven;46.05;72.34;Drogaven;46.05;PRINCIPAL > PERFUMARIA > CABELO > MASCARA;46.05;0;0
7891033534708;D;MASCARA SIAGE REVELA CACHOS 250G;Drogal;72.89;72.34;DROGACENTRO;72.34;PRINCIPAL > PERFUMARIA > CABELO > MASCARA;0;72.89;0
7891033558049;D;MASCARA SIAGE SIAGE RESGATE IMEDIATO 250G;Drogaven;46.05;72.18;Drogaven;46.05;PRINCIPAL > PERFUMARIA > CABELO > MASCARA;46.05;0;0
7891150095557;C;MASCARA TRATAMENTO DOVE BOND INTENSE REPAIR 250G;Drogaven;41.84;47.9;Drogaven;41.84;PRINCIPAL > PERFUMARIA > CABELO > MASCARA;41.84;0;0
7891150094918;D;MASCARA TRATAMENTO DOVE RECONSTRUCAO 270G;Drogal;22.4;48.53;Drogal;22.4;PRINCIPAL > PERFUMARIA > CABELO > MASCARA;39.19;22.4;0
7891150080744;C;MASCARA TRATAMENTO DOVE RITUAL REPAR 500G;Drogal;30.95;31.25;Drogal;30.95;PRINCIPAL > PERFUMARIA > CABELO > MASCARA;0;30.95;0
7891150088573;D;MASCARA TRATAMENTO SEDA BOOM HIDRATACAO DURADOURA 500G;Drogaven;22.79;29.38;Drogaven;22.79;PRINCIPAL > PERFUMARIA > CABELO > MASCARA;22.79;0;0
7891150101678;D;MASCARA TRATAMENTO SEDA CACHOS DEFINIDOS 300G;Drogal;17.89;18.88;Drogal;17.89;PRINCIPAL > PERFUMARIA > CABELO > MASCARA;19.59;17.89;0
7891150101661;D;MASCARA TRATAMENTO SEDA CERAMIDAS 300G;Drogal;17.89;18.88;Drogal;17.89;PRINCIPAL > PERFUMARIA > CABELO > MASCARA;19.59;17.89;0
7891150101685;D;MASCARA TRATAMENTO SEDA LISO PERFEITO 300G;Drogal;17.89;18.88;Drogal;17.89;PRINCIPAL > PERFUMARIA > CABELO > MASCARA;19.59;17.89;0
7891150099883;C;MASCARA TRATAMENTO SEDA LUMINOUS UV 300G;Drogaven;17.67;19.87;Drogaven;17.67;PRINCIPAL > PERFUMARIA > CABELO > MASCARA;17.67;0;0
7891150091474;C;MASCARA TRATAMENTO SEDA PREBIOT+BIOTINA 300G;Drogaven;15.38;18.02;Drogaven;15.38;PRINCIPAL > PERFUMARIA > CABELO > MASCARA;15.38;0;0
7891150101579;D;MASCARA TRATAMENTO SEDA TOQUE DE SEDA 300G;Drogaven;16.65;21.46;Drogaven;16.65;PRINCIPAL > PERFUMARIA > CABELO > MASCARA;16.65;0;0
7896036514719;D;MASSAGEADOR DE GENGIVA NEOPAN;Drogaven;16.53;17.05;Drogaven;16.53;PRINCIPAL > PERFUMARIA > INFANTIL > HIGIENE INFANTIL > classificar;16.53;0;0
7896033232289;C;MORDEDOR LILLO CARANGUEJO AZUL;Drogaven;13.62;14.99;Drogaven;13.62;PRINCIPAL > PERFUMARIA > INFANTIL > ACESSORIO INFANTIL > CHOCALHO/MORDEDOR;13.62;0;0
7896033232296;D;MORDEDOR LILLO CARANGUEJO ROSA;Drogaven;13.62;14.99;Drogaven;13.62;PRINCIPAL > PERFUMARIA > INFANTIL > ACESSORIO INFANTIL > CHOCALHO/MORDEDOR;13.62;0;0
7896647077047;D;MORDEDOR PEZINHO BLISTER PAIS E FILHOS;Drogaven;14.69;13.3;DROGACENTRO;13.3;PRINCIPAL > PERFUMARIA > INFANTIL > ACESSORIO INFANTIL > CHOCALHO/MORDEDOR;14.69;0;0
3504105035624;C;MUSTELA HIDRA BEBE CORPO 300ML;Drogal;95.85;129.6;Drogal;95.85;PRINCIPAL > PERFUMARIA > BELEZA > DERMOCOSMETICO;0;95.85;0
7896013502951;C;NATUCOR KIT CASTANHO CLARO 5.0;DrogaRaia;14.19;14.69;DrogaRaia;14.19;PRINCIPAL > PERFUMARIA > CABELO > TINTURA/TONALIZANTE;0;0;14.19
7898610375532;D;NECTAR CONCENTRADO HASKELL MURUMURU 35 ML;Drogaven;42.62;42.95;Drogaven;42.62;PRINCIPAL > PERFUMARIA > CABELO > classificar;42.62;0;0
7898610376393;D;NECTAVITA HASKELL QUERATINA 35ML;Drogaven;23.9;20.51;DROGACENTRO;20.51;PRINCIPAL > PERFUMARIA > CABELO > classificar;23.9;0;0
7891010248178;C;NEOSTRATA MINESOL OIL CONTROL FPS70 40G;Drogal;69.89;110.22;Drogal;69.89;PRINCIPAL > PERFUMARIA > BELEZA > DERMOCOSMETICO;85.16;69.89;0
7891010250799;C;NEOSTRATA MINESOL OIL CONTROL FPS70 MEDIO CLARO 40G;Drogaven;85.16;110.23;Drogaven;85.16;PRINCIPAL > PERFUMARIA > BELEZA > DERMOCOSMETICO;85.16;0;0
7891010253790;C;NEUTROGENA ANTISSINAIS FPS22 C/100G;Drogaven;36.16;37.52;Drogaven;36.16;PRINCIPAL > PERFUMARIA > BELEZA > ROSTO > CREME;36.16;0;0
7891010253806;C;NEUTROGENA ANTISSINAIS REPARADOR C/100G;Drogaven;36.16;41.59;Drogaven;36.16;PRINCIPAL > PERFUMARIA > BELEZA > ROSTO > CREME;36.16;0;0
7891010253899;B;NEUTROGENA BODY CARE HIDRATA E REPARA 200ML;Drogal;18.49;25.39;Drogal;18.49;PRINCIPAL > PERFUMARIA > BELEZA > CORPO > HIDRATANTE;20.83;18.49;22.59
7891010253905;B;NEUTROGENA BODY CARE HIDRATA E REPARA 400ML;Drogaven;39.19;41.38;Drogaven;39.19;PRINCIPAL > PERFUMARIA > BELEZA > CORPO > HIDRATANTE;39.19;0;0
7891010253257;C;NEUTROGENA BODY CARE HIDRATA E REVITALIZA 400ML;Drogaven;39.19;41.38;Drogaven;39.19;PRINCIPAL > PERFUMARIA > BELEZA > CORPO > HIDRATANTE;39.19;0;0
7891010253929;C;NEUTROGENA BODY CARE HIDRATA E SUAVISA 200ML;Drogal;18.49;25.39;Drogal;18.49;PRINCIPAL > PERFUMARIA > BELEZA > CORPO > HIDRATANTE;20.83;18.49;0
7891010253936;B;NEUTROGENA BODY CARE HIDRATA E SUAVISA 400ML;Drogaven;39.19;41.38;Drogaven;39.19;PRINCIPAL > PERFUMARIA > BELEZA > CORPO > HIDRATANTE;39.19;0;0
7702031310914;C;NEUTROGENA BOOST HYDRO WAT GEL 400ML;Drogal;42.89;60.91;Drogal;42.89;PRINCIPAL > PERFUMARIA > BELEZA > ROSTO > classificar;49.55;42.89;0
7891010972226;C;NEUTROGENA GEL DE LIMPEZA GRAPEFRUIT 150G;Drogal;24.99;41.25;Drogal;24.99;PRINCIPAL > PERFUMARIA > BELEZA > DERMOCOSMETICO;41.15;24.99;36.9
7891010253813;C;NEUTROGENA HIDR FACIAL MATTE 3EM1 100G;Drogaven;36.16;46.4;Drogaven;36.16;PRINCIPAL > PERFUMARIA > BELEZA > PROTETOR PELE > FACIAL;36.16;0;0
7891010255138;D;NEUTROGENA HYDRO BOOST FPS25 40G;Drogal;70.19;91.25;Drogal;70.19;PRINCIPAL > PERFUMARIA > BELEZA > ROSTO > classificar;0;70.19;0
7891010882983;C;NEUTROGENA HYDRO BOOST GEL AQUA 50G;Drogal;59.89;79.97;Drogal;59.89;PRINCIPAL > PERFUMARIA > BELEZA > ROSTO > classificar;69.84;59.89;0
7891010254957;B;NEUTROGENA NORWEGIAN HIDRAT.CORPORAL 200ML;Drogal;42.89;60.85;Drogal;42.89;PRINCIPAL > PERFUMARIA > BELEZA > CORPO > HIDRATANTE;52.91;42.89;0
7891010254964;C;NEUTROGENA NORWEGIAN HIDRAT.CORPORAL FRAGANCIA 200ML;Drogal;42.89;69.76;Drogal;42.89;PRINCIPAL > PERFUMARIA > BELEZA > CORPO > HIDRATANTE;52.91;42.89;0
7891010253769;C;NEUTROGENA SUN FRESH DERM CARE COM COR FPS 70 40G;Drogal;52.49;62.95;Drogal;52.49;PRINCIPAL > PERFUMARIA > BELEZA > PROTETOR PELE > classificar;58.78;52.49;0
7891010253752;C;NEUTROGENA SUN FRESH DERM CARE FPS70 40G;Drogal;52.49;51.93;DROGACENTRO;51.93;PRINCIPAL > PERFUMARIA > BELEZA > PROTETOR PELE > classificar;0;52.49;0
7891010253202;C;NEUTROGENA SUN FRESH FACIAL OIL CLARA FPS70 40G;Drogal;52.49;62.74;Drogal;52.49;PRINCIPAL > PERFUMARIA > BELEZA > PROTETOR PELE > FACIAL;59.77;52.49;0
7891010253196;C;NEUTROGENA SUN FRESH FACIAL OIL FPS70 40G;Drogal;52.49;62.06;Drogal;52.49;PRINCIPAL > PERFUMARIA > BELEZA > PROTETOR PELE > FACIAL;64.67;52.49;0
7891010250997;C;NEUTROGENA SUN FRESH FACIAL PFS70 40G;Drogaven;62.12;68.54;Drogaven;62.12;PRINCIPAL > PERFUMARIA > BELEZA > PROTETOR PELE > FACIAL;62.12;0;0
7891010514846;D;NEUTROGENA SUN FRESH FPS30 200ML;Drogaven;58.7;70.36;Drogaven;58.7;PRINCIPAL > PERFUMARIA > BELEZA > PROTETOR PELE > classificar;58.7;0;0
7891010591038;C;NEUTROGENA SUN FRESH FPS50 200ML;Drogaven;76.23;63.87;DROGACENTRO;63.87;PRINCIPAL > PERFUMARIA > BELEZA > PROTETOR PELE > classificar;76.23;0;0
7891010591007;C;NEUTROGENA SUN FRESH FPS70 200ML;Drogaven;80.35;85.86;Drogaven;80.35;PRINCIPAL > PERFUMARIA > BELEZA > PROTETOR PELE > classificar;80.35;0;0
7891010249106;C;NEUTROGENA SUN FRESH FPS90 200ML;Drogaven;125.63;96.95;DROGACENTRO;96.95;PRINCIPAL > PERFUMARIA > BELEZA > PROTETOR PELE > classificar;125.63;0;0
4005900919625;C;NIVEA BELEZA RADIANTE PELE NEGRA 400ML;Drogal;19.99;34.4;Drogal;19.99;PRINCIPAL > PERFUMARIA > BELEZA > CORPO > HIDRATANTE;22.44;19.99;0
4005808310999;C;NIVEA BODY LOTION EXPRESS 200ML;Drogaven;18.52;19.65;Drogaven;18.52;PRINCIPAL > PERFUMARIA > BELEZA > CORPO > HIDRATANTE;18.52;0;0
4005808309436;B;NIVEA BODY MILK PELE EXTRA SECA 200ML;Drogaven;18.52;19.65;Drogaven;18.52;PRINCIPAL > PERFUMARIA > BELEZA > CORPO > HIDRATANTE;18.52;0;0
4005808315697;B;NIVEA BODY MILK PELE EXTRA SECA 400ML;Drogal;19.99;34.4;Drogal;19.99;PRINCIPAL > PERFUMARIA > BELEZA > CORPO > HIDRATANTE;22.44;19.99;0
4005900004956;C;NIVEA BODY SOFT 400ML;Drogal;19.99;34.4;Drogal;19.99;PRINCIPAL > PERFUMARIA > BELEZA > CORPO > HIDRATANTE;22.44;19.99;0
4005808335435;C;NIVEA BODY SOFT MILK 200ML;Drogaven;18.52;19.65;Drogaven;18.52;PRINCIPAL > PERFUMARIA > BELEZA > CORPO > HIDRATANTE;18.52;0;0
4005808692576;C;NIVEA MOUSSE DE LIMPEZA 150ML;Drogal;43.85;46.75;Drogal;43.85;PRINCIPAL > PERFUMARIA > BELEZA > ROSTO > classificar;0;43.85;0
4005900453259;B;NIVEA PROT.LABIAL AMORA SHINE 4,8G;Drogal;23.99;26.1;Drogal;23.99;PRINCIPAL > PERFUMARIA > BELEZA > PROTETOR PELE > LABIAL;25.38;23.99;0
4005900663993;B;NIVEA PROT.LABIAL CEREJA SHINE 4,8G;Drogal;23.99;26.1;Drogal;23.99;PRINCIPAL > PERFUMARIA > BELEZA > PROTETOR PELE > LABIAL;25.38;23.99;0
4005808850617;B;NIVEA PROT.LABIAL ESSENTIAL CARE 4,8G;Drogal;23.99;26.1;Drogal;23.99;PRINCIPAL > PERFUMARIA > BELEZA > PROTETOR PELE > LABIAL;25.38;23.99;0
4005808850839;B;NIVEA PROT.LABIAL MORANGO 4,8G;Drogal;23.99;26.1;Drogal;23.99;PRINCIPAL > PERFUMARIA > BELEZA > PROTETOR PELE > LABIAL;25.38;23.99;28.0
7890704851335;C;NIVEA PROT.LABIAL SUN PROTECT FPS30 4,8G;Drogaven;24.4;26.1;Drogaven;24.4;PRINCIPAL > PERFUMARIA > BELEZA > PROTETOR PELE > LABIAL;24.4;0;0
4005900995544;C;NIVEA PROT.LABIAL ULTRA HIALURONICO 5,2G;Drogaven;29.3;38.54;Drogaven;29.3;PRINCIPAL > PERFUMARIA > BELEZA > PROTETOR PELE > LABIAL;29.3;0;0
4005900921567;C;NIVEA PROTETOR LABIAL COLOR NUDE 4,8G;Drogaven;24.49;26.94;Drogaven;24.49;PRINCIPAL > PERFUMARIA > BELEZA > PROTETOR PELE > LABIAL;24.49;0;0
4005900921598;C;NIVEA PROTETOR LABIAL COLOR ROSA 4,8G;Drogaven;24.49;26.13;Drogaven;24.49;PRINCIPAL > PERFUMARIA > BELEZA > PROTETOR PELE > LABIAL;24.49;0;0
4005900921574;C;NIVEA PROTETOR LABIAL COLOR VERMELHO 4,8G;Drogaven;24.49;26.13;Drogaven;24.49;PRINCIPAL > PERFUMARIA > BELEZA > PROTETOR PELE > LABIAL;24.49;0;0
4005900207296;D;NIVEA SUN PROTETOR BRONZE FPS 6 125ML;Drogaven;31.84;29.04;DROGACENTRO;29.04;PRINCIPAL > PERFUMARIA > BELEZA > PROTETOR PELE > classificar;31.84;0;0
4005808956401;D;NIVEA SUN PROTETOR BRONZE FPS15 200ML;Drogaven;36.16;40.08;Drogaven;36.16;PRINCIPAL > PERFUMARIA > BELEZA > PROTETOR PELE > CORPORAL;36.16;0;0
4005808189625;C;NIVEA VISAGE GEL DE LIMPEZA PELE OLEOSA 150ML;Drogaven;32.24;29.32;DROGACENTRO;29.32;PRINCIPAL > PERFUMARIA > BELEZA > ROSTO > classificar;32.24;0;0
4005808811717;D;NIVEA VISAGE TONICO ADSTRINGENTE CONTOLE DO BRILHO 200ML;Drogaven;30.57;34.13;Drogaven;30.57;PRINCIPAL > PERFUMARIA > BELEZA > ROSTO > classificar;30.57;0;0
7899706129602;D;NORMADERM LIMPEZA PROFUNDA GEL 150ML;Drogaven;70.46;86.25;Drogaven;70.46;PRINCIPAL > PERFUMARIA > BELEZA > DERMOCOSMETICO;70.46;0;0
7894650009567;B;OFF FAMILY SPRAY 170ML;Drogal;22.29;19.67;DROGACENTRO;19.67;PRINCIPAL > PERFUMARIA > BELEZA > PROTETOR PELE > classificar;0;22.29;0
7894650130117;D;OFF! AEROSOL 165ML;Drogal;35.99;29.22;DROGACENTRO;29.22;PRINCIPAL > PERFUMARIA > BELEZA > PROTETOR PELE > REPELENTE;36.16;35.99;0
7894650005712;B;OFF! KIDS LOCAO LV 200 PAG 117ML;Drogaven;22.44;20.28;DROGACENTRO;20.28;PRINCIPAL > PERFUMARIA > BELEZA > PROTETOR PELE > REPELENTE;22.44;0;0
7894650013373;C;OFF! LONGA DURAÇÃO LOÇÃO 100ML;Drogal;18.69;18.29;DROGACENTRO;18.29;PRINCIPAL > PERFUMARIA > BELEZA > PROTETOR PELE > REPELENTE;0;18.69;0
78907874;C;OLEO AMENDOA PAIXAO INSPIRADOR 200ML;Drogaven;19.59;20.85;Drogaven;19.59;PRINCIPAL > PERFUMARIA > BELEZA > CORPO > OLEO;19.59;0;0
78914940;C;OLEO AMENDOA PAIXAO IRRESISTIVEL 200ML;Drogaven;19.59;20.85;Drogaven;19.59;PRINCIPAL > PERFUMARIA > BELEZA > CORPO > OLEO;19.59;0;0
78922693;B;OLEO AMENDOA PAIXAO TENTADORA 200ML;Drogaven;19.59;20.85;Drogaven;19.59;PRINCIPAL > PERFUMARIA > BELEZA > CORPO > OLEO;19.59;0;0
7896902240148;D;OLEO BRONZEADOR URUCUM FPS6 120ML SUNLESS ;Drogaven;20.96;20.37;DROGACENTRO;20.37;PRINCIPAL > PERFUMARIA > BELEZA > PROTETOR PELE > BRONZEADOR;20.96;0;0
7891150101753;C;OLEO CAPILAR SEDA TOQUE DE SEDA 60ML;Drogaven;24.98;28.91;Drogaven;24.98;PRINCIPAL > PERFUMARIA > CABELO > MASCARA;24.98;0;0
7896902217003;C;OLEO DE ROSA MOSQUETA FARMAX 100ML;Drogaven;11.47;12.56;Drogaven;11.47;PRINCIPAL > PERFUMARIA > BELEZA > CORPO > OLEO;11.47;0;0
7896902218406;B;OLEO DE ROSA MOSQUETA FARMAX PURO 30ML;Drogaven;20.06;24.77;Drogaven;20.06;PRINCIPAL > PERFUMARIA > BELEZA > CORPO > OLEO;20.06;0;0
7899026478909;B;OLEO ELSEVE EXTRAORDINARIO 100ML;Drogaven;38.21;50.06;Drogaven;38.21;PRINCIPAL > PERFUMARIA > CABELO > OLEO;38.21;0;0
7891010877613;C;OLEO J&J BABY 200ML;Drogal;59.89;59.61;DROGACENTRO;59.61;PRINCIPAL > PERFUMARIA > INFANTIL > HIGIENE INFANTIL > classificar;0;59.89;0
7891010506513;C;OLEO J&J HORA DO SONO 200ML;Drogal;59.89;59.62;DROGACENTRO;59.62;PRINCIPAL > PERFUMARIA > INFANTIL > HIGIENE INFANTIL > classificar;0;59.89;0
7891010878016;C;OLEO JXJ C/AMENDOAS 200ML;Drogaven;53.89;59.63;Drogaven;53.89;PRINCIPAL > PERFUMARIA > INFANTIL > HIGIENE INFANTIL > classificar;53.89;0;0
7908458328925;C;OLEO MULTY IRRESISTIVEL SALON LINE 50ML;Drogal;18.65;21.97;Drogal;18.65;PRINCIPAL > PERFUMARIA > CABELO > OLEO;0;18.65;0
7896279103787;C;OLEO MURIEL AMENDOA C/ COLAGENO 100ML;DrogaRaia;13.76;12.02;DROGACENTRO;12.02;PRINCIPAL > PERFUMARIA > BELEZA > CORPO > OLEO;0;0;13.76
7896235354017;C;OLEO PAIXAO INSP ROSAS BRA DES CORPORAL 100ML;Drogal;12.79;13.09;Drogal;12.79;PRINCIPAL > PERFUMARIA > BELEZA > CORPO > OLEO;0;12.79;0
7908458326242;C;OLEO SALON LINE MULTY PODEROSOS MELANCIA 50ML;Drogal;18.65;21.92;Drogal;18.65;PRINCIPAL > PERFUMARIA > CABELO > OLEO;0;18.65;0
7891150095540;C;OLEO+SERUM CABELO DOVE SPRAY BOND INTENSE REPAIR 110ML;Drogaven;36.25;39.09;Drogaven;36.25;PRINCIPAL > PERFUMARIA > CABELO > SERUM;36.25;0;0
7896222718860;C;OLLA GEL LUBRIFICANTE MIX SENSATIONS 50G;Drogaven;25.97;28.03;Drogaven;25.97;PRINCIPAL > PERFUMARIA > MASCULINO > RELACOES INTIMAS > LUBRIFICANTE;25.97;0;0
7898647921764;D;PALITO DE UNHA BELLESA PONTA CHANFRADA C/6UN 34-1764;Drogaven;1.95;4.07;Drogaven;1.95;PRINCIPAL > PERFUMARIA > BELEZA > MAOS > PALITO;1.95;0;0
7896114312992;C;PASSAFIO BITUFO C/30;Drogaven;13.23;14.74;Drogaven;13.23;PRINCIPAL > PERFUMARIA > HIGIENE > ORAL > ACESSORIOS;13.23;0;0
7898958060121;C;PEDRA POMES BELLESA 34-0121;Drogaven;2.93;4.7;Drogaven;2.93;PRINCIPAL > PERFUMARIA > BELEZA > PES > classificar;2.93;0;0
7898647920552;C;PENTE CABO LARGO PLASTICO BELE 34-0552;Drogaven;4.79;4.65;DROGACENTRO;4.65;PRINCIPAL > PERFUMARIA > CABELO > ACESSORIOS > PENTE;4.79;0;0
7898647920514;C;PENTE DE BOLSO BELLE C/3 UN 34-0514;Drogaven;5.91;5.38;DROGACENTRO;5.38;PRINCIPAL > PERFUMARIA > CABELO > ACESSORIOS > PENTE;5.91;0;0
7898647920569;C;PENTE P-112 PROF PLASTICO BELLE 34-0569;Drogaven;2.94;3.6;Drogaven;2.94;PRINCIPAL > PERFUMARIA > CABELO > ACESSORIOS > PENTE;2.94;0;0
7898662430487;C;PERFUME AMAKHA FEMININO 521 VIP ROSE 15ML;Drogaven;32.24;31.12;DROGACENTRO;31.12;PRINCIPAL > PERFUMARIA > BELEZA > PERFUMES > FEMININO;32.24;0;0
7898662430807;D;PERFUME AMAKHA FEMININO ATHENA 15ML;Drogaven;32.24;31.12;DROGACENTRO;31.12;PRINCIPAL > PERFUMARIA > BELEZA > PERFUMES > FEMININO;32.24;0;0
7898662431002;D;PERFUME AMAKHA FEMININO CHIC WOMAN 15ML;Drogaven;32.24;31.12;DROGACENTRO;31.12;PRINCIPAL > PERFUMARIA > BELEZA > PERFUMES > FEMININO;32.24;0;0
7898662430920;C;PERFUME AMAKHA FEMININO ELEGANCE BLUE 15ML;Drogaven;32.24;31.12;DROGACENTRO;31.12;PRINCIPAL > PERFUMARIA > BELEZA > PERFUMES > FEMININO;32.24;0;0
7898662431057;C;PERFUME AMAKHA FEMININO ESCANDALOSA 15ML;Drogaven;32.24;31.12;DROGACENTRO;31.12;PRINCIPAL > PERFUMARIA > BELEZA > PERFUMES > FEMININO;32.24;0;0
7898662430470;C;PERFUME AMAKHA FEMININO GD 15ML;Drogaven;32.24;31.12;DROGACENTRO;31.12;PRINCIPAL > PERFUMARIA > BELEZA > PERFUMES > FEMININO;32.24;0;0
7898662435147;C;PERFUME AMAKHA MASCULINO 521 VIP BLACK 15ML;Drogaven;32.24;31.12;DROGACENTRO;31.12;PRINCIPAL > PERFUMARIA > BELEZA > PERFUMES > MASCULINO;32.24;0;0
7898662435123;C;PERFUME AMAKHA MASCULINO AMK FOR MEN 15ML;Drogaven;32.24;31.12;DROGACENTRO;31.12;PRINCIPAL > PERFUMARIA > BELEZA > PERFUMES > MASCULINO;32.24;0;0
7898662430418;C;PERFUME AMAKHA MASCULINO FORTUNE 15ML;Drogaven;32.24;31.12;DROGACENTRO;31.12;PRINCIPAL > PERFUMARIA > BELEZA > PERFUMES > MASCULINO;32.24;0;0
7898662430500;C;PERFUME AMAKHA MASCULINO IMORTAL 15ML;Drogaven;32.24;31.12;DROGACENTRO;31.12;PRINCIPAL > PERFUMARIA > BELEZA > PERFUMES > MASCULINO;32.24;0;0
7898589684482;D;PERFUME FEMININO PARFUM AMORE 100ML;Drogaven;85.16;106.7;Drogaven;85.16;PRINCIPAL > PERFUMARIA > BELEZA > PERFUMES > FEMININO;85.16;0;0
7898589684536;D;PERFUME FEMININO PARFUM ESCANDALO 100ML;Drogaven;85.16;106.7;Drogaven;85.16;PRINCIPAL > PERFUMARIA > BELEZA > PERFUMES > FEMININO;85.16;0;0
7898589684550;D;PERFUME FEMININO PARFUM GOOD GIRL 100ML;Drogaven;85.16;106.7;Drogaven;85.16;PRINCIPAL > PERFUMARIA > BELEZA > PERFUMES > FEMININO;85.16;0;0
7898589684604;C;PERFUME FEMININO PARFUM LA BELLA 100ML;Drogaven;85.16;106.7;Drogaven;85.16;PRINCIPAL > PERFUMARIA > BELEZA > PERFUMES > FEMININO;85.16;0;0
7898589684611;C;PERFUME FEMININO PARFUM M12 SEXY 100ML;Drogaven;85.16;106.7;Drogaven;85.16;PRINCIPAL > PERFUMARIA > BELEZA > PERFUMES > FEMININO;85.16;0;0
7898589684390;C;PERFUME MASCULINO PARFUM MEN INVICTO 100ML;Drogaven;85.16;106.7;Drogaven;85.16;PRINCIPAL > PERFUMARIA > BELEZA > PERFUMES > MASCULINO;85.16;0;0
7898589684406;C;PERFUME MASCULINO PARFUM MILLION 100ML;Drogaven;85.16;106.7;Drogaven;85.16;PRINCIPAL > PERFUMARIA > BELEZA > PERFUMES > MASCULINO;85.16;0;0
7891024179925;B;PERIOGARD S/ALCOOL SOL 250ML;Drogal;32.79;31.72;DROGACENTRO;31.72;PRINCIPAL > PERFUMARIA > HIGIENE > ORAL > ANTISSEPTICO BUCAL;35.27;32.79;0
7891024033425;B;PERIOGARD S/ALCOOL SOL EXTRA MINT 250ML;Drogal;32.79;31.72;DROGACENTRO;31.72;PRINCIPAL > PERFUMARIA > HIGIENE > ORAL > ANTISSEPTICO BUCAL;35.27;32.79;0
3701129810767;D;PHOTODERM FACIAL ANTIOLEOSIDADE CLARO FPS70 40G;Drogal;88.99;83.91;DROGACENTRO;83.91;PRINCIPAL > PERFUMARIA > BELEZA > DERMOCOSMETICO;0;88.99;0
3701129810705;D;PHOTODERM FACIAL ANTIOLEOSIDADE MEDIO FPS70 40G;Drogal;88.99;83.9;DROGACENTRO;83.9;PRINCIPAL > PERFUMARIA > BELEZA > DERMOCOSMETICO;0;88.99;0
3701129810224;C;PHOTODERM TOQUE SECO ANTIOLEOSIDADE S/ COR FPS 70 40G;Drogaven;63.58;95.65;Drogaven;63.58;PRINCIPAL > PERFUMARIA > BELEZA > DERMOCOSMETICO;63.58;0;0
7898647920187;D;PINCA BELLE BASIC COM 2 UN 34-0187;Drogaven;7.93;5.97;DROGACENTRO;5.97;PRINCIPAL > PERFUMARIA > BELEZA > MAQUIAGEM > classificar;7.93;0;0
7896075711001;C;PINCA DEPILAT.MERHEJE PROF P.DIAGO;Drogaven;9.44;16.39;Drogaven;9.44;PRINCIPAL > PERFUMARIA > BELEZA > MAQUIAGEM > classificar;9.44;0;0
7896075709053;B;PINCA DEPILATORIA MERHEJE C/2 UNID.;Drogaven;3.43;5.7;Drogaven;3.43;PRINCIPAL > PERFUMARIA > BELEZA > MAQUIAGEM > classificar;3.43;0;0
7898647923201;B;PINCA DIAGONAL BASIC 34-3201;Drogaven;8.03;11.56;Drogaven;8.03;PRINCIPAL > PERFUMARIA > BELEZA > MAQUIAGEM > classificar;8.03;0;0
7898647920545;C;PINCEL PARA TINTURA BELLE GD 34-4321;Drogaven;8.12;7.45;DROGACENTRO;7.45;PRINCIPAL > PERFUMARIA > CABELO > ACESSORIOS > classificar;8.12;0;0
7898647920286;C;PIRANHA BELLESA FASHION C/1 UN 34-0286;Drogaven;5.38;5.98;Drogaven;5.38;PRINCIPAL > PERFUMARIA > CABELO > ACESSORIOS > classificar;5.38;0;0
7898958060930;C;PIRANHA BELLESA MEDIA C/1 UN 34-0930;Drogaven;3.72;2.4;DROGACENTRO;2.4;PRINCIPAL > PERFUMARIA > CABELO > ACESSORIOS > classificar;3.72;0;0
7898647922051;C;PIRANHA BIANCA 4 DENTES MEDIA 34-2051;Drogaven;6.95;7.57;Drogaven;6.95;PRINCIPAL > PERFUMARIA > CABELO > ACESSORIOS > classificar;6.95;0;0
7891024130728;C;PLAX FRESH MINT 60ML;Drogaven;5.78;5.91;Drogaven;5.78;PRINCIPAL > PERFUMARIA > HIGIENE > ORAL > ANTISSEPTICO BUCAL;5.78;0;0
7891024027622;C;PLAX ICE INFINIT LV 500 PG 350ML;Drogal;19.09;19.94;Drogal;19.09;PRINCIPAL > PERFUMARIA > HIGIENE > ORAL > ANTISSEPTICO BUCAL;19.5;19.09;0
7894222022017;C;PO COMPACTO DAILUS D3 CLARO VEGANO;Drogaven;17.54;23.36;Drogaven;17.54;PRINCIPAL > PERFUMARIA > BELEZA > MAQUIAGEM > classificar;17.54;0;0
7894222022024;C;PO COMPACTO DAILUS D4 CLARO VEGANO;Drogaven;17.54;23.36;Drogaven;17.54;PRINCIPAL > PERFUMARIA > BELEZA > MAQUIAGEM > classificar;17.54;0;0
7894222022031;C;PO COMPACTO DAILUS D5 MEDIO VEGANO;Drogaven;17.54;23.36;Drogaven;17.54;PRINCIPAL > PERFUMARIA > BELEZA > MAQUIAGEM > classificar;17.54;0;0
7894222022048;C;PO COMPACTO DAILUS D6 MEDIO VEGANO;Drogaven;17.54;23.36;Drogaven;17.54;PRINCIPAL > PERFUMARIA > BELEZA > MAQUIAGEM > classificar;17.54;0;0
7894222022055;C;PO COMPACTO DAILUS D7 MEDIO VEGANO;Drogaven;17.54;23.36;Drogaven;17.54;PRINCIPAL > PERFUMARIA > BELEZA > MAQUIAGEM > classificar;17.54;0;0
7899852022673;C;PO COMPACTO VULT MAKE MATTE ULTRA FINO 9G V440;Drogaven;24.0;30.22;Drogaven;24.0;PRINCIPAL > PERFUMARIA > BELEZA > MAQUIAGEM > classificar;24.0;0;0
7899852022659;C;PO COMPACTO VULT MATTE ULTA FINO 9G V430;Drogaven;24.0;30.22;Drogaven;24.0;PRINCIPAL > PERFUMARIA > BELEZA > MAQUIAGEM > classificar;24.0;0;0
7899852022635;C;PO COMPACTO VULT MATTE ULTA FINO 9G V450;Drogaven;24.0;30.22;Drogaven;24.0;PRINCIPAL > PERFUMARIA > BELEZA > MAQUIAGEM > classificar;24.0;0;0
7899852022703;C;PO COMPACTO VULT MATTE ULTA FINO 9G V460;Drogaven;24.0;30.22;Drogaven;24.0;PRINCIPAL > PERFUMARIA > BELEZA > MAQUIAGEM > classificar;24.0;0;0
7899852022642;C;PO COMPACTO VULT MATTE ULTRA FINO 9G V420;Drogaven;24.0;30.22;Drogaven;24.0;PRINCIPAL > PERFUMARIA > BELEZA > MAQUIAGEM > classificar;24.0;0;0
7896902206540;C;PO DESCOLORANTE DOURA PELOS SUNLESS 20G;Drogaven;6.03;7.6;Drogaven;6.03;PRINCIPAL > PERFUMARIA > CABELO > DESCOLORANTE;6.03;0;0
7894222039220;C;PO SOLTO DAILUS CLARO;Drogaven;32.33;43.14;Drogaven;32.33;PRINCIPAL > PERFUMARIA > BELEZA > MAQUIAGEM > classificar;32.33;0;0
7894222039244;C;PO SOLTO DAILUS ESCURO;Drogaven;32.33;43.14;Drogaven;32.33;PRINCIPAL > PERFUMARIA > BELEZA > MAQUIAGEM > classificar;32.33;0;0
7894222039237;C;PO SOLTO DAILUS MEDIO;Drogaven;32.33;43.14;Drogaven;32.33;PRINCIPAL > PERFUMARIA > BELEZA > MAQUIAGEM > classificar;32.33;0;0
7896512902504;C;POLVILHO GRANADO 200G;Drogal;23.49;25.8;Drogal;23.49;PRINCIPAL > PERFUMARIA > MASCULINO > TALCO/ANTISSEPTICO PES;23.89;23.49;0
7896512904126;C;POLVILHO SPORT GRANADO 100G;Drogal;13.39;16.25;Drogal;13.39;PRINCIPAL > PERFUMARIA > MASCULINO > TALCO/ANTISSEPTICO PES;15.04;13.39;0
7896512904089;C;POLVILHO TRADICIONAL GRANADO 100G;Drogal;13.39;16.25;Drogal;13.39;PRINCIPAL > PERFUMARIA > MASCULINO > TALCO/ANTISSEPTICO PES;15.04;13.39;0
7896007200887;C;PRESERVATIVO BLOWTEX SKYN C/6;Drogaven;24.0;28.03;Drogaven;24.0;PRINCIPAL > PERFUMARIA > MASCULINO > RELACOES INTIMAS > PRESERVATIVO;24.0;0;0
7896007202096;C;PRESERVATIVO BLOWTEX SKYN ORIGINAL L8P6;Drogal;34.85;24.53;DROGACENTRO;24.53;PRINCIPAL > PERFUMARIA > MASCULINO > RELACOES INTIMAS > PRESERVATIVO;0;34.85;0
7896222720030;C;PRESERVATIVO JONTEX LUBRIFICADO BOLSO C/3;Drogaven;8.85;7.56;DROGACENTRO;7.56;PRINCIPAL > PERFUMARIA > MASCULINO > RELACOES INTIMAS > PRESERVATIVO;8.85;0;0
7896222721075;B;PRESERVATIVO JONTEX LUBRIFICADO LV 8 PG 6 ;Drogal;18.45;16.42;DROGACENTRO;16.42;PRINCIPAL > PERFUMARIA > MASCULINO > RELACOES INTIMAS > PRESERVATIVO;20.65;18.45;0
7896222720009;C;PRESERVATIVO JONTEX LUBRIFICADO SENSITIVE BOLSO C/3;Drogaven;11.31;11.51;Drogaven;11.31;PRINCIPAL > PERFUMARIA > MASCULINO > RELACOES INTIMAS > PRESERVATIVO;11.31;0;0
7891035990489;D;PRESERVATIVO JONTEX ORGASMO EM SINTONIA C/2;Drogal;15.85;13.97;DROGACENTRO;13.97;PRINCIPAL > PERFUMARIA > MASCULINO > RELACOES INTIMAS > PRESERVATIVO;0;15.85;0
7891035990496;C;PRESERVATIVO JONTEX ORGASMO EM SINTONIA C/4;Drogaven;25.47;26.68;Drogaven;25.47;PRINCIPAL > PERFUMARIA > MASCULINO > RELACOES INTIMAS > PRESERVATIVO;25.47;0;0
7891035990441;C;PRESERVATIVO JONTEX PELE C/PELE C/2;Drogaven;16.26;15.79;DROGACENTRO;15.79;PRINCIPAL > PERFUMARIA > MASCULINO > RELACOES INTIMAS > PRESERVATIVO;16.26;0;0
7896222721068;C;PRESERVATIVO JONTEX SENSITIVE LV 8 PG 7 ;Drogaven;26.06;25.18;DROGACENTRO;25.18;PRINCIPAL > PERFUMARIA > MASCULINO > RELACOES INTIMAS > PRESERVATIVO;26.06;0;0
7896222716279;C;PRESERVATIVO OLLA C/3;Drogaven;8.72;7.1;DROGACENTRO;7.1;PRINCIPAL > PERFUMARIA > MASCULINO > RELACOES INTIMAS > PRESERVATIVO;8.72;0;0
7896222717788;B;PRESERVATIVO OLLA LV8 PG6;Drogal;13.99;16.01;Drogal;13.99;PRINCIPAL > PERFUMARIA > MASCULINO > RELACOES INTIMAS > PRESERVATIVO;16.73;13.99;0
7896222716453;C;PRESERVATIVO OLLA MORANGO C/3;Drogaven;7.34;7.25;DROGACENTRO;7.25;PRINCIPAL > PERFUMARIA > MASCULINO > RELACOES INTIMAS > PRESERVATIVO;7.34;0;0
7891035990861;C;PRESERVATIVO OLLA PLAY C/3;Drogaven;6.48;6.13;DROGACENTRO;6.13;PRINCIPAL > PERFUMARIA > MASCULINO > RELACOES INTIMAS > PRESERVATIVO;6.48;0;0
7896222718334;C;PRESERVATIVO OLLA PROLONG C/3;Drogaven;11.26;9.12;DROGACENTRO;9.12;PRINCIPAL > PERFUMARIA > MASCULINO > RELACOES INTIMAS > PRESERVATIVO;11.26;0;0
7896222717948;C;PRESERVATIVO OLLA SENSITIVE C/3;Drogaven;13.08;7.89;DROGACENTRO;7.89;PRINCIPAL > PERFUMARIA > MASCULINO > RELACOES INTIMAS > PRESERVATIVO;13.08;0;0
7896222718846;B;PRESERVATIVO OLLA SENSITIVE LV.8 PG.6;Drogaven;19.59;21.04;Drogaven;19.59;PRINCIPAL > PERFUMARIA > MASCULINO > RELACOES INTIMAS > PRESERVATIVO;19.59;0;0
7898079006770;C;PRESERVATIVO PRUDENCE LUBRIFICADO CORES E SABORES L8P6;Drogal;11.99;12.1;Drogal;11.99;PRINCIPAL > PERFUMARIA > MASCULINO > RELACOES INTIMAS > PRESERVATIVO;0;11.99;0
7898079000143;C;PRESERVATIVO PRUDENCE LUBRIFICADO EXTRA GRANDE C/3;Drogal;12.05;9.91;DROGACENTRO;9.91;PRINCIPAL > PERFUMARIA > MASCULINO > RELACOES INTIMAS > PRESERVATIVO;0;12.05;0
7898079000433;D;PRESERVATIVO PRUDENCE LUBRIFICADO EXTRA GRANDE L8P6;Drogal;21.35;16.83;DROGACENTRO;16.83;PRINCIPAL > PERFUMARIA > MASCULINO > RELACOES INTIMAS > PRESERVATIVO;0;21.35;0
7898079000440;C;PRESERVATIVO PRUDENCE LUBRIFICADO EXTRA TEXTURIZADO C/6;Drogal;17.15;14.19;DROGACENTRO;14.19;PRINCIPAL > PERFUMARIA > MASCULINO > RELACOES INTIMAS > PRESERVATIVO;0;17.15;0
7898079000938;D;PRESERVATIVO PRUDENCE LUBRIFICADO MIX TROPICAL L8P6;Drogal;11.99;12.1;Drogal;11.99;PRINCIPAL > PERFUMARIA > MASCULINO > RELACOES INTIMAS > PRESERVATIVO;0;11.99;0
7898079000235;C;PRESERVATIVO PRUDENCE LUBRIFICADO NEON C/3;Drogal;22.29;17.62;DROGACENTRO;17.62;PRINCIPAL > PERFUMARIA > MASCULINO > RELACOES INTIMAS > PRESERVATIVO;0;22.29;0
7898079000419;C;PRESERVATIVO PRUDENCE LUBRIFICADO PARTY PACK MISTA C/12;Drogal;26.49;24.18;DROGACENTRO;24.18;PRINCIPAL > PERFUMARIA > MASCULINO > RELACOES INTIMAS > PRESERVATIVO;0;26.49;0
7898079003120;D;PRESERVATIVO PRUDENCE LUBRIFICADO SUPER SENSIT INTENSE C/3;Drogal;13.99;10.08;DROGACENTRO;10.08;PRINCIPAL > PERFUMARIA > MASCULINO > RELACOES INTIMAS > PRESERVATIVO;0;13.99;0
7898079003106;C;PRESERVATIVO PRUDENCE LUBRIFICADO SUPER SENSIT INTENSE C/6;Drogal;19.99;17.57;DROGACENTRO;17.57;PRINCIPAL > PERFUMARIA > MASCULINO > RELACOES INTIMAS > PRESERVATIVO;0;19.99;0
7898079001386;C;PRESERVATIVO PRUDENCE LUBRIFICADO SUPER SENSIT L12P10;Drogal;36.65;30.67;DROGACENTRO;30.67;PRINCIPAL > PERFUMARIA > MASCULINO > RELACOES INTIMAS > PRESERVATIVO;0;36.65;0
7898079001416;C;PRESERVATIVO PRUDENCE LUBRIFICADO SUPER SENSIT L8P6;Drogal;14.99;18.4;Drogal;14.99;PRINCIPAL > PERFUMARIA > MASCULINO > RELACOES INTIMAS > PRESERVATIVO;0;14.99;0
7898079002963;D;PRESERVATIVO PRUDENCE LUBRIFICADO ULTRA SENSIVEL L8P6;Drogal;11.99;14.19;Drogal;11.99;PRINCIPAL > PERFUMARIA > MASCULINO > RELACOES INTIMAS > PRESERVATIVO;0;11.99;0
7898556850612;C;PRESERVATIVO RILEX ALGODAO DOCE C/3;Drogaven;4.11;4.08;DROGACENTRO;4.08;PRINCIPAL > PERFUMARIA > MASCULINO > RELACOES INTIMAS > PRESERVATIVO;4.11;0;0
7898556850667;D;PRESERVATIVO RILEX SENSITIVE L8 P6;Drogaven;13.81;16.32;Drogaven;13.81;PRINCIPAL > PERFUMARIA > MASCULINO > RELACOES INTIMAS > PRESERVATIVO;13.81;0;0
7898903991524;C;PRESERVATIVO RILEX TUTTI FRUTTI C/3;Drogaven;3.91;3.88;DROGACENTRO;3.88;PRINCIPAL > PERFUMARIA > MASCULINO > RELACOES INTIMAS > PRESERVATIVO;3.91;0;0
7896641810510;C;PROCTODERM 100ML ;Drogal;61.69;82.96;Drogal;61.69;PRINCIPAL > PERFUMARIA > HIGIENE > DESCARTAVEL-INTIMA > classificar;63.69;61.69;0
7898636192489;C;PROTETOR CICATRICURE MATTE FPS 50 40G;Drogal;43.29;54.38;Drogal;43.29;PRINCIPAL > PERFUMARIA > BELEZA > PROTETOR PELE > FACIAL;44.86;43.29;0
7896902287099;C;PROTETOR FACIAL TOQUE AVELUDADO FPS50 35G SUNLESS ;Drogaven;44.0;45.31;Drogaven;44.0;PRINCIPAL > PERFUMARIA > BELEZA > PROTETOR PELE > FACIAL;44.0;0;0
7896902204942;D;PROTETOR FACIAL TOQUE SECO BEGE CLARO FPS50 60G SUNLESS ;Drogaven;30.14;39.18;Drogaven;30.14;PRINCIPAL > PERFUMARIA > BELEZA > PROTETOR PELE > FACIAL;30.14;0;0
7896902212596;D;PROTETOR FACIAL TOQUE SECO BEGE MEDIO FPS50 60G SUNLESS ;Drogaven;30.28;44.66;Drogaven;30.28;PRINCIPAL > PERFUMARIA > BELEZA > PROTETOR PELE > FACIAL;30.28;0;0
7896902205147;C;PROTETOR FACIAL TOQUE SECO SEM BASE FPS50 60G SUNLESS ;Drogaven;25.38;37.48;Drogaven;25.38;PRINCIPAL > PERFUMARIA > BELEZA > PROTETOR PELE > FACIAL;25.38;0;0
7899706185745;C;PROTETOR HIDRATANTE + VITAMINA C COM COR CLARA;Drogaven;47.42;52.57;Drogaven;47.42;PRINCIPAL > PERFUMARIA > BELEZA > PROTETOR PELE > classificar;47.42;0;0
7899706185769;C;PROTETOR HIDRATANTE + VITAMINA C COM COR MEDIA;Drogaven;46.74;52.58;Drogaven;46.74;PRINCIPAL > PERFUMARIA > BELEZA > PROTETOR PELE > classificar;46.74;0;0
7899706185783;D;PROTETOR HIDRATANTE + VITAMINA C COM COR MORENA;Drogal;53.49;56.38;Drogal;53.49;PRINCIPAL > PERFUMARIA > BELEZA > PROTETOR PELE > classificar;0;53.49;0
7899852025780;C;PROTETOR LABIAL AMORA VULT 3,5G;Drogal;17.99;21.66;Drogal;17.99;PRINCIPAL > PERFUMARIA > BELEZA > MAQUIAGEM > classificar;18.52;17.99;0
7899852020051;C;PROTETOR LABIAL MELANCIA VULT 3,5G;Drogal;17.99;21.66;Drogal;17.99;PRINCIPAL > PERFUMARIA > BELEZA > MAQUIAGEM > classificar;18.52;17.99;0
7899852020068;C;PROTETOR LABIAL MENTA VULT 3,5G;Drogaven;14.69;21.66;Drogaven;14.69;PRINCIPAL > PERFUMARIA > BELEZA > MAQUIAGEM > classificar;14.69;0;0
7899852020075;C;PROTETOR LABIAL MORANGO VULT 3,5G;Drogal;17.99;21.66;Drogal;17.99;PRINCIPAL > PERFUMARIA > BELEZA > MAQUIAGEM > classificar;18.52;17.99;0
4005900659712;C;PROTETOR NIVEA BEAUTY EXPERT FACIAL EFEITO MATTE FPS50;Drogaven;54.87;67.32;Drogaven;54.87;PRINCIPAL > PERFUMARIA > BELEZA > PROTETOR PELE > FACIAL;54.87;0;0
4005808555345;C;PROTETOR NIVEA SUN LOCAO FPS 50 200ML;Drogaven;66.63;55.52;DROGACENTRO;55.52;PRINCIPAL > PERFUMARIA > BELEZA > PROTETOR PELE > classificar;66.63;0;0
4005900308719;C;PROTETOR NIVEA SUN LOCAO FPS 70 200ML;Drogaven;86.73;69.6;DROGACENTRO;69.6;PRINCIPAL > PERFUMARIA > BELEZA > PROTETOR PELE > classificar;86.73;0;0
4005900980397;C;PROTETOR NIVEA TOQUE SECO ANTISSINAIS FPS70 40ML;Drogaven;44.98;47.82;Drogaven;44.98;PRINCIPAL > PERFUMARIA > BELEZA > PROTETOR PELE > classificar;44.98;0;0
7896902215788;C;PROTETOR SOLAR BABY FPS60 HIPOALERGENICO SUNLESS 120G;Drogaven;48.7;54.76;Drogaven;48.7;PRINCIPAL > PERFUMARIA > BELEZA > PROTETOR PELE > classificar;48.7;0;0
7896902205956;C;PROTETOR SOLAR FPS30 TOQUE SECO 200G SUNLESS ;Drogaven;37.23;42.39;Drogaven;37.23;PRINCIPAL > PERFUMARIA > BELEZA > PROTETOR PELE > classificar;37.23;0;0
7896902206298;C;PROTETOR SOLAR FPS50 TOQUE SECO 200G SUNLESS ;Drogaven;48.9;43.8;DROGACENTRO;43.8;PRINCIPAL > PERFUMARIA > BELEZA > PROTETOR PELE > classificar;48.9;0;0
7896902213098;C;PROTETOR SOLAR FPS50 TOQUE SECO SUNLESS 120G;Drogaven;39.19;38.58;DROGACENTRO;38.58;PRINCIPAL > PERFUMARIA > BELEZA > PROTETOR PELE > classificar;39.19;0;0
7896902209107;C;PROTETOR SOLAR FPS60 KIDS 120G SUNLESS;Drogaven;55.85;52.04;DROGACENTRO;52.04;PRINCIPAL > PERFUMARIA > BELEZA > PROTETOR PELE > classificar;55.85;0;0
7896902217416;C;PROTETOR SOLAR FPS60 KIDS TOQUE SECO 200G SUNLESS ;Drogaven;61.73;63.0;Drogaven;61.73;PRINCIPAL > PERFUMARIA > BELEZA > PROTETOR PELE > classificar;61.73;0;0
7896902285286;C;PROTETOR SOLAR FPS60 TOQUE SECO 200G SUNLESS ;Drogaven;57.72;64.7;Drogaven;57.72;PRINCIPAL > PERFUMARIA > BELEZA > PROTETOR PELE > classificar;57.72;0;0
7908785422075;D;PROTETOR SOLAR L'OREAL FPS60 FACIAL 40G+GEL DE LIMPEZA 40G;Drogal;60.05;56.16;DROGACENTRO;56.16;PRINCIPAL > PERFUMARIA > BELEZA > DERMOCOSMETICO;0;60.05;0
7898647924260;D;PULSEIRA KID DIVERSOS C/2 UN 34-4260;Drogaven;11.66;16.46;Drogaven;11.66;PRINCIPAL > PERFUMARIA > INFANTIL > ACESSORIO INFANTIL > classificar;11.66;0;0
7894222031163;D;QUARTETO PARA SOBRANCELHAS;Drogaven;28.41;35.6;Drogaven;28.41;PRINCIPAL > PERFUMARIA > BELEZA > MAQUIAGEM > classificar;28.41;0;0
7896013551447;C;RECARGA DE QUERATINA NOVEX 80G;Drogaven;14.69;17.26;Drogaven;14.69;PRINCIPAL > PERFUMARIA > CABELO > classificar;14.69;0;0
7702018037865;B;REFIL GILETTE MACH 3 SENSITIVE C/ 2 UN;Drogaven;28.41;29.21;Drogaven;28.41;PRINCIPAL > PERFUMARIA > MASCULINO > BARBA/BIGODE > APARELHO/CARGA/LAMINA/NAVALHA;28.41;0;0
047400179240;A;REFIL GILETTE MACH 3 TRADICIONAL C/ 2 UN;Drogal;29.99;22.45;DROGACENTRO;22.45;PRINCIPAL > PERFUMARIA > MASCULINO > BARBA/BIGODE > APARELHO/CARGA/LAMINA/NAVALHA;0;29.99;0
7896114313111;C;REFIL INTERDENT BITUFO CILINDRICA ULTRAFINA C/6 3MM;Drogal;21.55;25.38;Drogal;21.55;PRINCIPAL > PERFUMARIA > HIGIENE > ORAL > ESCOVA DENTAL;0;21.55;0
7898610375051;C;REPARADOR DE PONTAS HASKELL MANDIOCA 35ML;Drogaven;44.48;42.95;DROGACENTRO;42.95;PRINCIPAL > PERFUMARIA > CABELO > classificar;44.48;0;0
7896902200623;D;REPELENTE ADULTO AERO MOSKITOFF 165ML;Drogaven;24.4;24.64;Drogaven;24.4;PRINCIPAL > PERFUMARIA > BELEZA > PROTETOR PELE > REPELENTE;24.4;0;0
7896902207127;C;REPELENTE ADULTO SPRAY MOSKITOFF 100ML;DrogaRaia;26.9;12.19;DROGACENTRO;12.19;PRINCIPAL > PERFUMARIA > BELEZA > PROTETOR PELE > REPELENTE;0;0;26.9
7894650938751;D;REPELENTE EXPOSIS AEROSOL 100ML;Drogal;71.89;65.75;DROGACENTRO;65.75;PRINCIPAL > PERFUMARIA > BELEZA > PROTETOR PELE > REPELENTE;0;71.89;0
7898392800161;C;REPELENTE EXPOSIS EXTREME SPRAY 100ML;Drogaven;63.6;64.62;Drogaven;63.6;PRINCIPAL > PERFUMARIA > BELEZA > PROTETOR PELE > REPELENTE;63.6;0;0
7898392800178;C;REPELENTE EXPOSIS GEL 100ML;Drogal;72.75;70.25;DROGACENTRO;70.25;PRINCIPAL > PERFUMARIA > BELEZA > PROTETOR PELE > REPELENTE;0;72.75;0
7894650938898;D;REPELENTE EXPOSIS GEL BEBE 117G;Drogaven;63.6;63.58;DROGACENTRO;63.58;PRINCIPAL > PERFUMARIA > BELEZA > PROTETOR PELE > REPELENTE;63.6;0;0
7898392800277;C;REPELENTE EXPOSIS GEL INFANTIL 100ML;Drogal;78.05;63.58;DROGACENTRO;63.58;PRINCIPAL > PERFUMARIA > BELEZA > PROTETOR PELE > REPELENTE;0;78.05;0
7898392800055;C;REPELENTE EXPOSIS INFANTIL SPRAY 100ML;Drogaven;66.15;61.04;DROGACENTRO;61.04;PRINCIPAL > PERFUMARIA > BELEZA > PROTETOR PELE > REPELENTE;66.15;0;0
7894650940068;C;REPELENTE EXPOSIS SPRAY 150ML;DrogaRaia;74.48;100.11;DrogaRaia;74.48;PRINCIPAL > PERFUMARIA > BELEZA > PROTETOR PELE > REPELENTE;0;0;74.48
7894650009598;C;REPELENTE OFF! ACTIVE SPRAY 170ML;Drogal;33.19;37.95;Drogal;33.19;PRINCIPAL > PERFUMARIA > BELEZA > PROTETOR PELE > REPELENTE;45.76;33.19;0
7894650010747;C;REPELENTE OFF! TOQUE LEVE GEL HIDRATANTE 100G;Drogaven;26.66;36.67;Drogaven;26.66;PRINCIPAL > PERFUMARIA > BELEZA > PROTETOR PELE > REPELENTE;26.66;0;0
7891035000898;C;REPELENTE SBP BABY LOÇAO 100ML  ;Drogaven;31.64;30.04;DROGACENTRO;30.04;PRINCIPAL > PERFUMARIA > BELEZA > PROTETOR PELE > REPELENTE;31.64;0;0
7899706171601;C;REVITALIFT HIALU DIA FPS20 49G;Drogaven;40.38;50.41;Drogaven;40.38;PRINCIPAL > PERFUMARIA > BELEZA > DERMOCOSMETICO;40.38;0;0
7899706171588;C;REVITALIFT HIALU NOTURNO 49G;Drogaven;40.38;47.68;Drogaven;40.38;PRINCIPAL > PERFUMARIA > BELEZA > DERMOCOSMETICO;40.38;0;0
7899706190145;C;REVITALIFT HIALURONICO GEL DE LIMPEZA 80G;Drogaven;25.08;28.47;Drogaven;25.08;PRINCIPAL > PERFUMARIA > BELEZA > DERMOCOSMETICO;25.08;0;0
7899706197106;C;REVITALIFT HIALURONICO OIL CONTR 49G;Drogaven;51.93;61.73;Drogaven;51.93;PRINCIPAL > PERFUMARIA > BELEZA > DERMOCOSMETICO;51.93;0;0
7899706124959;D;REVITALIFT LASER X3 CICATRICORRECT 30G;Drogal;68.45;82.59;Drogal;68.45;PRINCIPAL > PERFUMARIA > BELEZA > DERMOCOSMETICO;0;68.45;0
7908615012049;C;REVITALIFT PRO RETINOL GEL DE LIMPEZA 150G;Drogal;36.89;41.17;Drogal;36.89;PRINCIPAL > PERFUMARIA > BELEZA > DERMOCOSMETICO;0;36.89;0
7896082900054;C;SABONETE ACNASE 110G;Drogaven;14.4;17.65;Drogaven;14.4;PRINCIPAL > PERFUMARIA > BELEZA > DERMOCOSMETICO;14.4;0;0
7898549756624;C;SABONETE ACNASE CLEAN ANTIACNEICO 80G;Drogaven;16.27;18.94;Drogaven;16.27;PRINCIPAL > PERFUMARIA > BELEZA > ROSTO > classificar;16.27;0;0
7898549756631;D;SABONETE ACNASE CLEAN LIMPEZA PROFUNDA 80G;Drogaven;14.69;18.94;Drogaven;14.69;PRINCIPAL > PERFUMARIA > BELEZA > ROSTO > classificar;14.69;0;0
7898636190874;C;SABONETE ASEPXIA DETOX 80G;Drogaven;14.69;15.31;Drogaven;14.69;PRINCIPAL > PERFUMARIA > BELEZA > ROSTO > classificar;14.69;0;0
7898949409533;C;SABONETE ASEPXIA ESFOLIANTE 80G;Drogaven;12.33;14.74;Drogaven;12.33;PRINCIPAL > PERFUMARIA > BELEZA > ROSTO > classificar;12.33;0;0
650240012730;D;SABONETE ASEPXIA FORTE 80G;Drogaven;12.33;14.74;Drogaven;12.33;PRINCIPAL > PERFUMARIA > BELEZA > ROSTO > classificar;12.33;0;0
7898949409540;C;SABONETE ASEPXIA SUAVIZANTE 80G;Drogaven;12.33;14.74;Drogaven;12.33;PRINCIPAL > PERFUMARIA > BELEZA > ROSTO > classificar;12.33;0;0
3282770388596;C;SABONETE BARRA ACTINE CONTROL DERMATOL 70G;Drogaven;33.46;40.96;Drogaven;33.46;PRINCIPAL > PERFUMARIA > BELEZA > DERMOCOSMETICO;33.46;0;0
7897930750043;C;SABONETE BARRA SOAPEX 80G;Drogaven;29.3;37.49;Drogaven;29.3;PRINCIPAL > PERFUMARIA > BELEZA > DERMOCOSMETICO;29.3;0;0
7891150065321;C;SABONETE DOVE BABY HIDRA BALANCEADA 75G;Drogal;4.49;4.94;Drogal;4.49;PRINCIPAL > PERFUMARIA > INFANTIL > HIGIENE INFANTIL > classificar;4.6;4.49;0
7891150026025;C;SABONETE DOVE BABY HIDRAT. ENRIQUECIDA 75G;Drogal;4.49;5.01;Drogal;4.49;PRINCIPAL > PERFUMARIA > INFANTIL > HIGIENE INFANTIL > classificar;4.6;4.49;0
7891150019560;C;SABONETE DOVE CREAMY COMFORT KARITE E BAUNILHA 90G;Drogaven;4.89;5.25;Drogaven;4.89;PRINCIPAL > PERFUMARIA > HIGIENE > CORPORAL > SABONETE BARRA;4.89;0;0
7891150076051;C;SABONETE DOVE CUIDA & PROTEGE 90G C/6;Drogal;21.89;29.44;Drogal;21.89;PRINCIPAL > PERFUMARIA > HIGIENE > CORPORAL > SABONETE BARRA;0;21.89;0
7891150088238;C;SABONETE DOVE ERVA DOCE 90G;Drogaven;4.89;5.21;Drogaven;4.89;PRINCIPAL > PERFUMARIA > HIGIENE > CORPORAL > SABONETE BARRA;4.89;0;0
7891150088474;C;SABONETE DOVE ERVA DOCE 90G C/6;Drogal;21.89;32.0;Drogal;21.89;PRINCIPAL > PERFUMARIA > HIGIENE > CORPORAL > SABONETE BARRA;25.38;21.89;0
7898422746827;B;SABONETE DOVE ESFOLIACAO 90G;Drogaven;4.89;5.25;Drogaven;4.89;PRINCIPAL > PERFUMARIA > HIGIENE > CORPORAL > SABONETE BARRA;4.89;0;0
7891150034075;C;SABONETE DOVE LEITE DE COCO 90G;Drogal;4.99;5.25;Drogal;4.99;PRINCIPAL > PERFUMARIA > HIGIENE > CORPORAL > SABONETE BARRA;0;4.99;0
7891150065338;C;SABONETE DOVE LIQ BABY HIDRATAÇAO GLICERINADA REFIL 180ML;Drogal;11.15;12.54;Drogal;11.15;PRINCIPAL > PERFUMARIA > INFANTIL > HIGIENE INFANTIL > SABONETE LIQUIDO/BARRA;11.46;11.15;11.8
7891150025981;C;SABONETE DOVE LIQUIDO BABY HIDRAT. ENRIQUECIDA 200ML;Drogal;13.89;16.46;Drogal;13.89;PRINCIPAL > PERFUMARIA > INFANTIL > HIGIENE INFANTIL > SABONETE LIQUIDO/BARRA;16.65;13.89;0
7891150035874;C;SABONETE DOVE LIQUIDO BABY HIDRAT. ENRIQUECIDA REFIL 180ML;Drogal;11.15;12.64;Drogal;11.15;PRINCIPAL > PERFUMARIA > INFANTIL > HIGIENE INFANTIL > SABONETE LIQUIDO/BARRA;11.46;11.15;0
7891150065291;C;SABONETE DOVE LIQUIDO BABY HIDRATACAO GLICERINADA 200ML;Drogal;13.89;15.71;Drogal;13.89;PRINCIPAL > PERFUMARIA > INFANTIL > HIGIENE INFANTIL > SABONETE LIQUIDO/BARRA;16.65;13.89;0
7891150079229;D;SABONETE DOVE LIQUIDO BABY HORA DE DORMIR 180ML REFIL;Drogal;11.15;11.69;Drogal;11.15;PRINCIPAL > PERFUMARIA > INFANTIL > HIGIENE INFANTIL > SABONETE LIQUIDO/BARRA;0;11.15;0
7891150074491;D;SABONETE DOVE LIQUIDO BABY HORA DE DORMIR 200ML;Drogal;13.89;15.71;Drogal;13.89;PRINCIPAL > PERFUMARIA > INFANTIL > HIGIENE INFANTIL > SABONETE LIQUIDO/BARRA;0;13.89;0
7891150075405;C;SABONETE DOVE LIQUIDO CUIDA PROTEGE 250ML;Drogal;13.89;16.4;Drogal;13.89;PRINCIPAL > PERFUMARIA > HIGIENE > CORPORAL > SABONETE LIQUIDO;0;13.89;0
7891150053229;D;SABONETE DOVE LIQUIDO NUTRIÇÃO PROFUNDA 200ML;Drogal;9.89;11.5;Drogal;9.89;PRINCIPAL > PERFUMARIA > HIGIENE > CORPORAL > SABONETE LIQUIDO;10.28;9.89;0
7891150095694;C;SABONETE DOVE LIQUIDO PELE SENSIVEL 250ML;Drogal;13.89;15.62;Drogal;13.89;PRINCIPAL > PERFUMARIA > HIGIENE > CORPORAL > SABONETE LIQUIDO;0;13.89;0
7891150057470;D;SABONETE DOVE MICELAR ANTI STRESS 90G;Drogaven;4.89;5.09;Drogaven;4.89;PRINCIPAL > PERFUMARIA > HIGIENE > CORPORAL > SABONETE BARRA;4.89;0;0
7898422746759;B;SABONETE DOVE ORIGINAL 90G;Drogaven;4.89;5.25;Drogaven;4.89;PRINCIPAL > PERFUMARIA > HIGIENE > CORPORAL > SABONETE BARRA;4.89;0;0
7891150095618;D;SABONETE DOVE PELE SENSIVEL 90G;Drogal;4.99;5.6;Drogal;4.99;PRINCIPAL > PERFUMARIA > HIGIENE > CORPORAL > SABONETE BARRA;5.18;4.99;0
7891150095632;C;SABONETE DOVE PELE SENSIVEL 90G C/ 6 UNIDADES;Drogal;21.89;32.0;Drogal;21.89;PRINCIPAL > PERFUMARIA > HIGIENE > CORPORAL > SABONETE BARRA;26.45;21.89;0
7891150043923;C;SABONETE DOVE REVIGORANTE 90G;Drogaven;4.89;5.25;Drogaven;4.89;PRINCIPAL > PERFUMARIA > HIGIENE > CORPORAL > SABONETE BARRA;4.89;0;0
7891150044616;B;SABONETE DOVE TRADICIONAL 90G C/6 UNIDADES;Drogal;21.89;29.44;Drogal;21.89;PRINCIPAL > PERFUMARIA > HIGIENE > CORPORAL > SABONETE BARRA;25.38;21.89;0
4005900696847;C;SABONETE EM BARRA NIVEA AGUA DE COCO 85G;Drogal;3.35;3.54;Drogal;3.35;PRINCIPAL > PERFUMARIA > HIGIENE > CORPORAL > SABONETE BARRA;3.91;3.35;0
4005900521897;B;SABONETE EM BARRA NIVEA AVEIA 85G;Drogal;3.35;3.54;Drogal;3.35;PRINCIPAL > PERFUMARIA > HIGIENE > CORPORAL > SABONETE BARRA;3.91;3.35;0
4005900527073;B;SABONETE EM BARRA NIVEA BAUNILHA 85G;Drogal;3.35;3.54;Drogal;3.35;PRINCIPAL > PERFUMARIA > HIGIENE > CORPORAL > SABONETE BARRA;3.91;3.35;0
4005900521934;B;SABONETE EM BARRA NIVEA ERVA DOCE&OLEOS  85G;Drogal;3.35;3.54;Drogal;3.35;PRINCIPAL > PERFUMARIA > HIGIENE > CORPORAL > SABONETE BARRA;3.91;3.35;0
4005900696823;C;SABONETE EM BARRA NIVEA FLOR DE CEREJEIRA 85G;Drogal;3.35;3.54;Drogal;3.35;PRINCIPAL > PERFUMARIA > HIGIENE > CORPORAL > SABONETE BARRA;3.91;3.35;0
4005900696830;C;SABONETE EM BARRA NIVEA FLOR DE LARANJEIRA 85G;Drogal;2.69;3.54;Drogal;2.69;PRINCIPAL > PERFUMARIA > HIGIENE > CORPORAL > SABONETE BARRA;3.91;2.69;0
4005900521972;C;SABONETE EM BARRA NIVEA LAVANDA&OLEOS 85G;Drogal;3.35;3.54;Drogal;3.35;PRINCIPAL > PERFUMARIA > HIGIENE > CORPORAL > SABONETE BARRA;3.91;3.35;0
4005900522016;B;SABONETE EM BARRA NIVEA ORQUIDEAS 85G;Drogal;3.35;3.54;Drogal;3.35;PRINCIPAL > PERFUMARIA > HIGIENE > CORPORAL > SABONETE BARRA;3.91;3.35;0
4005900521910;B;SABONETE EM BARRA NIVEA PROT LEITE 85G;Drogal;3.35;3.54;Drogal;3.35;PRINCIPAL > PERFUMARIA > HIGIENE > CORPORAL > SABONETE BARRA;3.91;3.35;0
7896512900043;B;SABONETE ENXOFRE GRANADO 90G;Drogal;9.55;10.16;Drogal;9.55;PRINCIPAL > PERFUMARIA > HIGIENE > CORPORAL > SABONETE BARRA;10.68;9.55;19.95
7898549756617;C;SABONETE ESFOLIANTE ACNASE CLEAN 80G;Drogaven;13.71;18.94;Drogaven;13.71;PRINCIPAL > PERFUMARIA > BELEZA > ROSTO > classificar;13.71;0;0
7898632473025;C;SABONETE ESFOLIANTE FACIAL ANTIACNE 80ML LABOTRAT;Drogaven;19.5;16.62;DROGACENTRO;16.62;PRINCIPAL > PERFUMARIA > BELEZA > ROSTO > classificar;19.5;0;0
7891010099725;C;SABONETE FACIAL NEUTROGENA DEEP CLEAN 80G;Drogal;12.99;20.34;Drogal;12.99;PRINCIPAL > PERFUMARIA > BELEZA > DERMOCOSMETICO;16.16;12.99;0
7899706178167;C;SABONETE GARNIER UNIF&MATTE LIMPEZ FACIAL 120G	;Drogaven;31.06;32.54;Drogaven;31.06;PRINCIPAL > PERFUMARIA > BELEZA > ROSTO > classificar;31.06;0;0
7896512928122;C;SABONETE GLICERINA GRANADO LAVANDA 90G;Drogaven;6.36;10.16;Drogaven;6.36;PRINCIPAL > PERFUMARIA > HIGIENE > CORPORAL > SABONETE BARRA;6.36;0;0
7896512939593;C;SABONETE GLICERINA GRANADO TRADICIONAL 300ML;Drogaven;23.02;32.48;Drogaven;23.02;PRINCIPAL > PERFUMARIA > HIGIENE > CORPORAL > SABONETE LIQUIDO;23.02;0;0
7896512905222;B;SABONETE GLICERINA GRANADO TRADICIONAL 90G;Drogaven;6.66;10.16;Drogaven;6.66;PRINCIPAL > PERFUMARIA > HIGIENE > CORPORAL > SABONETE BARRA;6.66;0;0
7896512900166;C;SABONETE GRANADO ANTISSEPTICO 90G;Drogaven;8.03;9.05;Drogaven;8.03;PRINCIPAL > PERFUMARIA > BELEZA > ROSTO > classificar;8.03;0;0
7896512941947;C;SABONETE GRANADO GLIC.BEBE CAMOMILA 90G;Drogaven;6.37;7.97;Drogaven;6.37;PRINCIPAL > PERFUMARIA > HIGIENE > CORPORAL > SABONETE BARRA;6.37;0;0
7896512911858;C;SABONETE GRANADO GLIC.BEBE LAVANDA 90G;Drogal;6.59;7.97;Drogal;6.59;PRINCIPAL > PERFUMARIA > HIGIENE > CORPORAL > SABONETE BARRA;0;6.59;8.54
7896512959836;C;SABONETE GRANADO GLIC.BEBE LIQUIDO CALENDULA 250ML;Drogal;21.99;31.82;Drogal;21.99;PRINCIPAL > PERFUMARIA > INFANTIL > HIGIENE INFANTIL > SABONETE LIQUIDO/BARRA;0;21.99;0
7896512941923;C;SABONETE GRANADO GLIC.BEBE LIQUIDO CAMOMILA 250ML;Drogal;21.99;31.82;Drogal;21.99;PRINCIPAL > PERFUMARIA > INFANTIL > HIGIENE INFANTIL > SABONETE LIQUIDO/BARRA;25.38;21.99;0
7896512911940;C;SABONETE GRANADO GLIC.BEBE LIQUIDO ERVA DOCE 250ML;Drogaven;29.21;31.82;Drogaven;29.21;PRINCIPAL > PERFUMARIA > INFANTIL > HIGIENE INFANTIL > SABONETE LIQUIDO/BARRA;29.21;0;0
7896512911933;C;SABONETE GRANADO GLIC.BEBE LIQUIDO LAVANDA 250ML;Drogal;21.99;31.82;Drogal;21.99;PRINCIPAL > PERFUMARIA > INFANTIL > HIGIENE INFANTIL > SABONETE LIQUIDO/BARRA;29.21;21.99;0
7896512904621;B;SABONETE GRANADO GLIC.BEBE LIQUIDO NEUTRO 250ML;Drogal;21.99;31.82;Drogal;21.99;PRINCIPAL > PERFUMARIA > INFANTIL > HIGIENE INFANTIL > SABONETE LIQUIDO/BARRA;0;21.99;46.22
7896512922373;B;SABONETE GRANADO GLIC.BEBE LIQUIDO NEUTRO REFIL 250ML;Drogal;16.99;24.02;Drogal;16.99;PRINCIPAL > PERFUMARIA > INFANTIL > HIGIENE INFANTIL > SABONETE LIQUIDO/BARRA;19.33;16.99;0
7896512905420;C;SABONETE GRANADO GLIC.BEBE NEUTRO 90G ;Drogaven;6.37;7.97;Drogaven;6.37;PRINCIPAL > PERFUMARIA > HIGIENE > CORPORAL > SABONETE BARRA;6.37;0;0
7897947601437;C;SABONETE INTIMO DERMAFEME CALM 100ML;Drogaven;29.39;24.62;DROGACENTRO;24.62;PRINCIPAL > PERFUMARIA > HIGIENE > DESCARTAVEL-INTIMA > SABONETE INTIMO;29.39;0;0
7897947617568;D;SABONETE INTIMO DERMAFEME PREBIOTICO 100ML;Drogaven;25.47;25.34;DROGACENTRO;25.34;PRINCIPAL > PERFUMARIA > HIGIENE > DESCARTAVEL-INTIMA > SABONETE INTIMO;25.47;0;0
7896902210332;C;SABONETE INTIMO FRESH HIDRADERM 200ML;Drogaven;14.91;14.86;DROGACENTRO;14.86;PRINCIPAL > PERFUMARIA > HIGIENE > DESCARTAVEL-INTIMA > SABONETE INTIMO;14.91;0;0
7896902210325;C;SABONETE INTIMO NEUTRO HIDRADERM 200ML;Drogaven;14.91;14.86;DROGACENTRO;14.86;PRINCIPAL > PERFUMARIA > HIGIENE > DESCARTAVEL-INTIMA > SABONETE INTIMO;14.91;0;0
7891010035976;C;SABONETE J&J BABY GLICERINADO 80G;Drogal;5.65;7.34;Drogal;5.65;PRINCIPAL > PERFUMARIA > INFANTIL > HIGIENE INFANTIL > classificar;5.87;5.65;0
7891010781668;C;SABONETE J&J BABY HORA DO SONO 80G;Drogal;5.65;7.34;Drogal;5.65;PRINCIPAL > PERFUMARIA > INFANTIL > HIGIENE INFANTIL > classificar;5.87;5.65;0
7891010256807;C;SABONETE J&J BABY LIQUIDO CAMOMILA 200ML;Drogal;18.95;23.31;Drogal;18.95;PRINCIPAL > PERFUMARIA > INFANTIL > HIGIENE INFANTIL > SABONETE LIQUIDO/BARRA;21.26;18.95;0
7891010871031;B;SABONETE J&J BABY REFIL GLICERINA 180ML;Drogal;14.99;15.98;Drogal;14.99;PRINCIPAL > PERFUMARIA > INFANTIL > HIGIENE INFANTIL > SABONETE LIQUIDO/BARRA;17.63;14.99;0
7891010032906;C;SABONETE J&J BABY TRADICIONAL 80G;Drogal;5.65;7.34;Drogal;5.65;PRINCIPAL > PERFUMARIA > INFANTIL > HIGIENE INFANTIL > classificar;5.87;5.65;0
7891010005757;B;SABONETE J&J GLICERINA CABEÇA AOS PES BABY 200ML;Drogal;18.95;23.31;Drogal;18.95;PRINCIPAL > PERFUMARIA > INFANTIL > HIGIENE INFANTIL > SABONETE LIQUIDO/BARRA;21.26;18.95;0
7891010870744;C;SABONETE J&J GLICERINA CABEÇA AOS PES BABY 400ML;Drogal;29.89;41.41;Drogal;29.89;PRINCIPAL > PERFUMARIA > INFANTIL > HIGIENE INFANTIL > SABONETE LIQUIDO/BARRA;37.23;29.89;0
7891010256814;C;SABONETE J&J LIQUIDO CAMOMILA 400ML;Drogal;29.89;41.41;Drogal;29.89;PRINCIPAL > PERFUMARIA > INFANTIL > HIGIENE INFANTIL > SABONETE LIQUIDO/BARRA;41.53;29.89;0
7891010042950;C;SABONETE J&J LIQUIDO HORA DO SONO 200ML;Drogal;18.95;23.31;Drogal;18.95;PRINCIPAL > PERFUMARIA > INFANTIL > HIGIENE INFANTIL > SABONETE LIQUIDO/BARRA;21.26;18.95;0
7891010870713;C;SABONETE J&J LIQUIDO HORA DO SONO 400ML;Drogal;29.89;41.41;Drogal;29.89;PRINCIPAL > PERFUMARIA > INFANTIL > HIGIENE INFANTIL > SABONETE LIQUIDO/BARRA;40.47;29.89;0
7898636192458;D;SABONETE LIQUIDO ASEPXIA DETOX 150ML;Drogal;28.25;30.63;Drogal;28.25;PRINCIPAL > PERFUMARIA > BELEZA > ROSTO > SABONETE LIQUIDO / ESPUMA;0;28.25;0
7898636192441;C;SABONETE LIQUIDO ASEPXIA LIMPEZA PROFUNDA 150ML;Drogaven;27.34;30.58;Drogaven;27.34;PRINCIPAL > PERFUMARIA > BELEZA > ROSTO > SABONETE LIQUIDO / ESPUMA;27.34;0;0
7896020162810;B;SABONETE LIQUIDO BARUEL BABY SONO TRANQUILO 400ML	;Drogaven;23.51;25.94;Drogaven;23.51;PRINCIPAL > PERFUMARIA > INFANTIL > HIGIENE INFANTIL > SABONETE LIQUIDO/BARRA;23.51;0;0
7896902209800;C;SABONETE LIQUIDO ESFOLIANTE MARACUJA HIDRADERM 180ML;Drogaven;29.39;24.62;DROGACENTRO;24.62;PRINCIPAL > PERFUMARIA > HIGIENE > CORPORAL > SABONETE LIQUIDO;29.39;0;0
7896902286825;C;SABONETE LIQUIDO ESFOLIANTE PITAYA HIDRADERM 180ML;Drogaven;29.39;24.62;DROGACENTRO;24.62;PRINCIPAL > PERFUMARIA > HIGIENE > CORPORAL > SABONETE LIQUIDO;29.39;0;0
7898632472592;C;SABONETE LIQUIDO FACIAL DEMAQUILANT 100ML LABOTRAT;Drogaven;19.5;23.24;Drogaven;19.5;PRINCIPAL > PERFUMARIA > BELEZA > ROSTO > SABONETE LIQUIDO / ESPUMA;19.5;0;0
7898632472677;C;SABONETE LIQUIDO FACIAL LABOTRAT ANTIACNE 100ML;Drogaven;19.5;21.28;Drogaven;19.5;PRINCIPAL > PERFUMARIA > BELEZA > ROSTO > SABONETE LIQUIDO / ESPUMA;19.5;0;0
7898632472578;C;SABONETE LIQUIDO FACIAL LABOTRAT VITAMINA C 100ML;Drogaven;19.5;18.57;DROGACENTRO;18.57;PRINCIPAL > PERFUMARIA > BELEZA > ROSTO > SABONETE LIQUIDO / ESPUMA;19.5;0;0
7898632472691;C;SABONETE LIQUIDO FACIAL PRIMER 100ML LABOTRAT;Drogaven;19.5;18.59;DROGACENTRO;18.59;PRINCIPAL > PERFUMARIA > BELEZA > ROSTO > SABONETE LIQUIDO / ESPUMA;19.5;0;0
7896020162803;C;SABONETE LIQUIDO GLICERINA BARUEL BABY 400ML;Drogaven;23.51;25.94;Drogaven;23.51;PRINCIPAL > PERFUMARIA > INFANTIL > HIGIENE INFANTIL > SABONETE LIQUIDO/BARRA;23.51;0;0
7896512949417;C;SABONETE LIQUIDO GRANADO GLICERINADO BEBE TRADICIONAL 500ML;Drogaven;36.94;47.58;Drogaven;36.94;PRINCIPAL > PERFUMARIA > INFANTIL > HIGIENE INFANTIL > SABONETE LIQUIDO/BARRA;36.94;0;0
7891653014024;C;SABONETE LIQUIDO INTIMO VAGISIL OB 300ML;Drogaven;24.99;23.64;DROGACENTRO;23.64;PRINCIPAL > PERFUMARIA > HIGIENE > DESCARTAVEL-INTIMA > SABONETE INTIMO;24.99;0;0
7891010579289;C;SABONETE LIQUIDO J&J BABY RECEM-NACIDO 200ML;Drogal;24.69;28.42;Drogal;24.69;PRINCIPAL > PERFUMARIA > INFANTIL > HIGIENE INFANTIL > SABONETE LIQUIDO/BARRA;29.3;24.69;30.89
7891150082786;C;SABONETE LIQUIDO LUX DAMA DA NOITE 300ML;Drogaven;10.14;15.86;Drogaven;10.14;PRINCIPAL > PERFUMARIA > HIGIENE > CORPORAL > SABONETE LIQUIDO;10.14;0;0
7898911309212;C;SABONETE LIQUIDO NUPILL FACIAL DERME CONTROL 200ML;Drogaven;26.84;28.78;Drogaven;26.84;PRINCIPAL > PERFUMARIA > BELEZA > ROSTO > classificar;26.84;0;0
7891024112861;C;SABONETE LIQUIDO PALMOLIVE NUTRI MILK 250ML;Drogal;13.59;10.91;DROGACENTRO;10.91;PRINCIPAL > PERFUMARIA > HIGIENE > CORPORAL > SABONETE LIQUIDO;0;13.59;0
7891024028995;C;SABONETE LIQUIDO PALMOLIVE NUTRI MILK REFIL 200ML;Drogal;8.09;7.79;DROGACENTRO;7.79;PRINCIPAL > PERFUMARIA > HIGIENE > CORPORAL > SABONETE LIQUIDO;0;8.09;0
7896512937919;C;SABONETE LIQUIDO PHEBO ODOR ROSAS 320ML;Drogaven;23.02;27.7;Drogaven;23.02;PRINCIPAL > PERFUMARIA > HIGIENE > CORPORAL > SABONETE LIQUIDO;23.02;0;0
7896018700741;C;SABONETE LIQUIDO TURMA DA MONICA CAMOMILA ALOE 200ML;Drogal;15.29;20.72;Drogal;15.29;PRINCIPAL > PERFUMARIA > INFANTIL > HIGIENE INFANTIL > SABONETE LIQUIDO/BARRA;18.55;15.29;0
7896018700338;C;SABONETE LIQUIDO TURMA DA MONICA GLICERINA 200ML;Drogal;15.29;20.72;Drogal;15.29;PRINCIPAL > PERFUMARIA > INFANTIL > HIGIENE INFANTIL > SABONETE LIQUIDO/BARRA;0;15.29;0
7891150059924;B;SABONETE LUX BOTANICAL FLOR DE LOTUS 85G;Drogal;3.05;2.85;DROGACENTRO;2.85;PRINCIPAL > PERFUMARIA > HIGIENE > CORPORAL > SABONETE BARRA;0;3.05;0
7891150095304;C;SABONETE LUX BOTANICAL GARDENIA E OLEO DE AMENDOAS 85G;Drogaven;2.44;2.99;Drogaven;2.44;PRINCIPAL > PERFUMARIA > HIGIENE > CORPORAL > SABONETE BARRA;2.44;0;0
7891150059849;C;SABONETE LUX BUQUE DE JASMIN 85G;Drogaven;2.44;2.85;Drogaven;2.44;PRINCIPAL > PERFUMARIA > HIGIENE > CORPORAL > SABONETE BARRA;2.44;0;0
7891150069602;C;SABONETE LUX CAPIM LIMAO FRANG 85G;Drogaven;2.44;2.82;Drogaven;2.44;PRINCIPAL > PERFUMARIA > HIGIENE > CORPORAL > SABONETE BARRA;2.44;0;0
7891150083462;C;SABONETE LUX ESSENCIAS DO BRASIL LQ MAOS DA NOITE RF 240ML;Drogaven;8.81;9.94;Drogaven;8.81;PRINCIPAL > PERFUMARIA > HIGIENE > CORPORAL > SABONETE LIQUIDO;8.81;0;0
7891150059856;C;SABONETE LUX FLOR DE VERBENA 85G;Drogaven;2.44;2.85;Drogaven;2.44;PRINCIPAL > PERFUMARIA > HIGIENE > CORPORAL > SABONETE BARRA;2.44;0;0
7891150059887;C;SABONETE LUX LAVANDA 85G;Drogaven;2.44;2.85;Drogaven;2.44;PRINCIPAL > PERFUMARIA > HIGIENE > CORPORAL > SABONETE BARRA;2.44;0;0
7891150060241;C;SABONETE LUX LIQUIDO BUQ. DE JASMIM REFIL 200ML;Drogaven;6.85;7.73;Drogaven;6.85;PRINCIPAL > PERFUMARIA > HIGIENE > CORPORAL > SABONETE LIQUIDO;6.85;0;0
7891150060159;C;SABONETE LUX LIQUIDO LAVANDA 250ML;Drogal;9.49;11.99;Drogal;9.49;PRINCIPAL > PERFUMARIA > HIGIENE > CORPORAL > SABONETE LIQUIDO;0;9.49;12.0
7891150060227;C;SABONETE LUX LIQUIDO LAVANDA REFIL 200ML;Drogaven;6.85;7.73;Drogaven;6.85;PRINCIPAL > PERFUMARIA > HIGIENE > CORPORAL > SABONETE LIQUIDO;6.85;0;0
7891150060142;C;SABONETE LUX LIQUIDO ORQUIDEA NEGRA 250ML;Drogal;9.49;11.99;Drogal;9.49;PRINCIPAL > PERFUMARIA > HIGIENE > CORPORAL > SABONETE LIQUIDO;0;9.49;0
7891150060210;B;SABONETE LUX LIQUIDO ORQUIDEA NEGRA REFIL 200ML;Drogaven;6.85;7.73;Drogaven;6.85;PRINCIPAL > PERFUMARIA > HIGIENE > CORPORAL > SABONETE LIQUIDO;6.85;0;0
7891150060197;C;SABONETE LUX LIQUIDO ROSAS FRANCESA 250ML;Drogaven;9.2;11.99;Drogaven;9.2;PRINCIPAL > PERFUMARIA > HIGIENE > CORPORAL > SABONETE LIQUIDO;9.2;0;0
7891150060234;C;SABONETE LUX LIQUIDO ROSAS FRANCESAS REFIL 200ML;Drogaven;6.85;7.73;Drogaven;6.85;PRINCIPAL > PERFUMARIA > HIGIENE > CORPORAL > SABONETE LIQUIDO;6.85;0;0
7891150059900;C;SABONETE LUX ORQUIDEA NEGRA 85G;Drogaven;2.44;2.85;Drogaven;2.44;PRINCIPAL > PERFUMARIA > HIGIENE > CORPORAL > SABONETE BARRA;2.44;0;0
7891150059870;C;SABONETE LUX ROSAS FRANCESAS 85G;Drogaven;2.44;2.85;Drogaven;2.44;PRINCIPAL > PERFUMARIA > HIGIENE > CORPORAL > SABONETE BARRA;2.44;0;0
7891150060289;B;SABONETE LUX SUAVE BRANCO BUQUE DE JASMIM 125G;Drogal;3.39;3.79;Drogal;3.39;PRINCIPAL > PERFUMARIA > HIGIENE > CORPORAL > SABONETE BARRA;0;3.39;0
4005900916129;C;SABONETE NIVEA ANTIBACTERIANO 3EM1 85G;Drogal;3.35;3.54;Drogal;3.35;PRINCIPAL > PERFUMARIA > HIGIENE > CORPORAL > SABONETE BARRA;3.91;3.35;0
4005900701367;C;SABONETE NIVEA CREME CARE C/6 UN 90G;Drogaven;22.44;25.79;Drogaven;22.44;PRINCIPAL > PERFUMARIA > HIGIENE > CORPORAL > SABONETE BARRA;22.44;0;0
4005900602220;D;SABONETE NIVEA GEL MIC ROSAS 150ML;Drogaven;29.88;34.09;Drogaven;29.88;PRINCIPAL > PERFUMARIA > HIGIENE > CORPORAL > SABONETE LIQUIDO;29.88;0;0
7890704810738;C;SABONETE NIVEA LIQUIDO ERVA DOCE 250ML;Drogaven;13.62;13.37;DROGACENTRO;13.37;PRINCIPAL > PERFUMARIA > HIGIENE > CORPORAL > SABONETE LIQUIDO;13.62;0;0
4005808808281;C;SABONETE NIVEA LIQUIDO NATURAL OIL 200ML;Drogal;40.55;47.92;Drogal;40.55;PRINCIPAL > PERFUMARIA > HIGIENE > CORPORAL > SABONETE LIQUIDO;40.86;40.55;0
4005900810885;C;SABONETE NIVEA MILK SENSITIVE C/6 UN 90G;Drogal;22.25;25.79;Drogal;22.25;PRINCIPAL > PERFUMARIA > HIGIENE > CORPORAL > SABONETE BARRA;0;22.25;0
4005900807854;C;SABONETE NIVEA PURE MILK SENSITIVE 90G;Drogal;4.45;4.14;DROGACENTRO;4.14;PRINCIPAL > PERFUMARIA > HIGIENE > CORPORAL > SABONETE BARRA;4.69;4.45;0
7509546676425;D;SABONETE PALMOLIVE KIDS 220ML;Drogal;20.99;22.85;Drogal;20.99;PRINCIPAL > PERFUMARIA > HIGIENE > CORPORAL > SABONETE LIQUIDO;0;20.99;0
7891024042229;D;SABONETE PALMOLIVE MINIONS KIDS 85G;Drogal;4.85;5.44;Drogal;4.85;PRINCIPAL > PERFUMARIA > HIGIENE > CORPORAL > SABONETE BARRA;0;4.85;0
7896512909732;C;SABONETE PHEBO AMAZONIAN 90G;Drogal;4.29;6.48;Drogal;4.29;PRINCIPAL > PERFUMARIA > HIGIENE > CORPORAL > SABONETE BARRA;4.8;4.29;0
7896512936622;C;SABONETE PHEBO LIMA DA PERSIA 90G;Drogal;4.29;6.48;Drogal;4.29;PRINCIPAL > PERFUMARIA > HIGIENE > CORPORAL > SABONETE BARRA;0;4.29;0
7896512909770;C;SABONETE PHEBO NATURELLE 90G;Drogal;4.29;6.48;Drogal;4.29;PRINCIPAL > PERFUMARIA > HIGIENE > CORPORAL > SABONETE BARRA;4.8;4.29;0
7896512909787;C;SABONETE PHEBO ODOR DE ROSAS 90G;Drogal;4.29;6.48;Drogal;4.29;PRINCIPAL > PERFUMARIA > HIGIENE > CORPORAL > SABONETE BARRA;0;4.29;0
7896512909794;B;SABONETE PHEBO TOQUE DE LAVANDA 90G;Drogal;4.29;6.48;Drogal;4.29;PRINCIPAL > PERFUMARIA > HIGIENE > CORPORAL > SABONETE BARRA;4.8;4.29;0
7896094905634;B;SABONETE POM POM HIDRATANTE 90G;Drogaven;4.69;5.44;Drogaven;4.69;PRINCIPAL > PERFUMARIA > INFANTIL > HIGIENE INFANTIL > classificar;4.69;0;0
7891024035504;C;SABONETE PROTEX AVEIA LV6 PG5 85G/510G;Drogal;22.3;22.82;Drogal;22.3;PRINCIPAL > PERFUMARIA > HIGIENE > CORPORAL > SABONETE BARRA;0;22.3;0
7509546673226;C;SABONETE PROTEX BABY GLICERINA 85G;Drogaven;3.81;4.48;Drogaven;3.81;PRINCIPAL > PERFUMARIA > INFANTIL > HIGIENE INFANTIL > classificar;3.81;0;0
7891024035078;C;SABONETE PROTEX CREAM 85G;Drogal;4.15;4.77;Drogal;4.15;PRINCIPAL > PERFUMARIA > HIGIENE > CORPORAL > SABONETE BARRA;4.4;4.15;0
7891024035047;C;SABONETE PROTEX LIMPEZA PROFUNDA 85G;Drogal;4.15;4.77;Drogal;4.15;PRINCIPAL > PERFUMARIA > HIGIENE > CORPORAL > SABONETE BARRA;4.4;4.15;0
7891024035511;C;SABONETE PROTEX LIMPEZA PROFUNDA LV6 PG5 85G/510G;Drogaven;18.32;22.82;Drogaven;18.32;PRINCIPAL > PERFUMARIA > HIGIENE > CORPORAL > SABONETE BARRA;18.32;0;0
7509546656465;C;SABONETE PROTEX LIQUIDO BABY 400ML;Drogaven;26.94;32.4;Drogaven;26.94;PRINCIPAL > PERFUMARIA > HIGIENE > CORPORAL > SABONETE LIQUIDO;26.94;0;0
7509546673189;D;SABONETE PROTEX LIQUIDO BABY GLICERINA 200ML	;Drogal;17.35;21.5;Drogal;17.35;PRINCIPAL > PERFUMARIA > INFANTIL > HIGIENE INFANTIL > SABONETE LIQUIDO/BARRA;19.3;17.35;0
7509546673202;D;SABONETE PROTEX LIQUIDO BABY GLICERINA REFIL 180ML;Drogal;11.35;14.53;Drogal;11.35;PRINCIPAL > PERFUMARIA > INFANTIL > HIGIENE INFANTIL > SABONETE LIQUIDO/BARRA;0;11.35;0
7509546656670;D;SABONETE PROTEX LIQUIDO BABY PROTEÇÃO DELICADA 200ML;Drogaven;19.3;23.66;Drogaven;19.3;PRINCIPAL > PERFUMARIA > HIGIENE > CORPORAL > SABONETE LIQUIDO;19.3;0;0
7509546653587;D;SABONETE PROTEX LIQUIDO BABY PROTEÇÃO DELICADA REFIL 180ML;Drogaven;13.02;15.81;Drogaven;13.02;PRINCIPAL > PERFUMARIA > HIGIENE > CORPORAL > SABONETE LIQUIDO;13.02;0;0
7509546662022;D;SABONETE PROTEX LIQUIDO BABY REFIL 380ML;Drogaven;21.55;25.23;Drogaven;21.55;PRINCIPAL > PERFUMARIA > HIGIENE > CORPORAL > SABONETE LIQUIDO;21.55;0;0
7891024115848;C;SABONETE PROTEX LIQUIDO ERVA DOCE 250ML;Drogal;13.85;14.02;Drogal;13.85;PRINCIPAL > PERFUMARIA > HIGIENE > CORPORAL > SABONETE LIQUIDO;15.18;13.85;0
7891024114674;C;SABONETE PROTEX LIQUIDO LIMPEZA PROFUNDA 250ML;Drogal;13.85;14.02;Drogal;13.85;PRINCIPAL > PERFUMARIA > HIGIENE > CORPORAL > SABONETE LIQUIDO;15.18;13.85;0
7509546692043;C;SABONETE PROTEX LIQUIDO SERUM RETINOL 250ML;Drogal;15.19;18.72;Drogal;15.19;PRINCIPAL > PERFUMARIA > HIGIENE > CORPORAL > SABONETE LIQUIDO;15.58;15.19;0
7891024027257;C;SABONETE PROTEX LIQUIDO VIT E REFIL 200ML;Drogal;8.99;10.8;Drogal;8.99;PRINCIPAL > PERFUMARIA > HIGIENE > CORPORAL > SABONETE LIQUIDO;10.27;8.99;11.9
7891024114865;C;SABONETE PROTEX LIQUIDO VITAMINA E 250ML;Drogal;13.85;14.02;Drogal;13.85;PRINCIPAL > PERFUMARIA > HIGIENE > CORPORAL > SABONETE LIQUIDO;15.18;13.85;0
7891024035535;C;SABONETE PROTEX MACADAMIA LV6 PG5 85G/510G;Drogaven;18.32;22.82;Drogaven;18.32;PRINCIPAL > PERFUMARIA > HIGIENE > CORPORAL > SABONETE BARRA;18.32;0;0
7509546692050;C;SABONETE PROTEX SERUM HIALURONICO 250ML;Drogal;15.19;18.72;Drogal;15.19;PRINCIPAL > PERFUMARIA > HIGIENE > CORPORAL > SABONETE LIQUIDO;15.58;15.19;0
7891024035528;C;SABONETE PROTEX VITAMINA E LV6 PG5 85G/510G;Drogaven;18.32;22.82;Drogaven;18.32;PRINCIPAL > PERFUMARIA > HIGIENE > CORPORAL > SABONETE BARRA;18.32;0;0
7891150083264;D;SABONETE REXONA ANTIBACTERIANO ERVA DOCE 84G;Drogal;2.25;2.67;Drogal;2.25;PRINCIPAL > PERFUMARIA > HIGIENE > CORPORAL > SABONETE BARRA;2.93;2.25;0
7891150034952;C;SABONETE REXONA ANTIBACTERIANO FRESH 84G;Drogal;2.25;3.39;Drogal;2.25;PRINCIPAL > PERFUMARIA > HIGIENE > CORPORAL > SABONETE BARRA;0;2.25;0
7891150024793;D;SABONETE REXONA ANTIBACTERIANO ORCHID 84G;Drogal;2.25;3.39;Drogal;2.25;PRINCIPAL > PERFUMARIA > HIGIENE > CORPORAL > SABONETE BARRA;2.93;2.25;0
7891150024816;C;SABONETE REXONA BAMBOO FRESH 84G;Drogal;2.25;3.39;Drogal;2.25;PRINCIPAL > PERFUMARIA > HIGIENE > CORPORAL > SABONETE BARRA;2.93;2.25;0
7891150083127;D;SABONETE REXONA LIQUIDO ANTIB LIMPEZA REFIL 200ML;Drogaven;7.34;8.77;Drogaven;7.34;PRINCIPAL > PERFUMARIA > HIGIENE > CORPORAL > SABONETE LIQUIDO;7.34;0;0
7896018700789;C;SABONETE TURMA MONICA CAMOL E ALOE 75G;Drogal;5.09;5.31;Drogal;5.09;PRINCIPAL > PERFUMARIA > INFANTIL > HIGIENE INFANTIL > classificar;0;5.09;0
7896018700369;C;SABONETE TURMA MONICA SUAVE 75G;Drogaven;4.89;5.33;Drogaven;4.89;PRINCIPAL > PERFUMARIA > INFANTIL > HIGIENE INFANTIL > classificar;4.89;0;0
7898647922655;C;SABONETEIRA BELLE FITNESS	5.2 34-2655;Drogaven;6.81;8.78;Drogaven;6.81;PRINCIPAL > PERFUMARIA > CABELO > ACESSORIOS > classificar;6.81;0;0
3401365334248;C;SAFORELLE DOUX 250ML;Drogaven;42.33;44.3;Drogaven;42.33;PRINCIPAL > PERFUMARIA > BELEZA > DERMOCOSMETICO;42.33;0;0
7908458316908;D;SALON LINE MEU LISO RECARGA DE QUERATINA REST 80G;Drogaven;11.66;12.4;Drogaven;11.66;PRINCIPAL > PERFUMARIA > CABELO > TINTURA/TONALIZANTE;11.66;0;0
7891035024894;C;SBP AEROSOL CITRONELA 450ML;Drogaven;20.09;22.6;Drogaven;20.09;PRINCIPAL > CONVENIENCIA > UTILIDADES > INSETICIDA;20.09;0;0
7898610375198;D;SEIVA NUTRITIVA HASKELL MURUMURU 35ML;Drogaven;23.9;24.29;Drogaven;23.9;PRINCIPAL > PERFUMARIA > CABELO > classificar;23.9;0;0
7898610375099;C;SELANTE DE PONTAS HASKELL CAVALO FORTE 35ML;Drogaven;50.46;47.22;DROGACENTRO;47.22;PRINCIPAL > PERFUMARIA > CABELO > classificar;50.46;0;0
7908615055183;C;SERUM ELSEVE GLYCOLIC SUPER GLOSS 100ML;Drogal;39.35;46.58;Drogal;39.35;PRINCIPAL > PERFUMARIA > CABELO > SERUM;48.01;39.35;0
7908785461555;B;SERUM ELSEVE LISO DOS SONHOS SUPER ALINHADOR 100ML;Drogaven;48.99;54.22;Drogaven;48.99;PRINCIPAL > PERFUMARIA > CABELO > SERUM;48.99;0;0
7899706251068;D;SERUM GARNIER ANTIACNE 15ML;Drogaven;67.83;78.62;Drogaven;67.83;PRINCIPAL > PERFUMARIA > BELEZA > DERMOCOSMETICO;67.83;0;0
7891150096301;D;SERUM GEL SEDA BOOM DEFINICAO FLEXIVEL 190ML;Drogaven;20.47;26.77;Drogaven;20.47;PRINCIPAL > PERFUMARIA > CABELO > SERUM;20.47;0;0
7898610375488;D;SERUM HASKELL QUINA ROSA 35ML ;Drogaven;39.54;42.95;Drogaven;39.54;PRINCIPAL > PERFUMARIA > CABELO > SERUM;39.54;0;0
7891150101760;D;SERUM LEAVE-IN SEDA TOQUE DE SEDA 100ML;Drogal;23.99;28.66;Drogal;23.99;PRINCIPAL > PERFUMARIA > CABELO > LEAVE IN/ATIVADOR;24.69;23.99;0
7898610377642;C;SERUM OLEO NUTRITIVO HASKELL INFUSAO DE OLEOS 100ML;Drogaven;79.72;74.77;DROGACENTRO;74.77;PRINCIPAL > PERFUMARIA > CABELO > SERUM;79.72;0;0
7891150091276;D;SERUM TRESEMME BRILHO LAMELAR 170ML;Drogaven;24.4;35.52;Drogaven;24.4;PRINCIPAL > PERFUMARIA > CABELO > SERUM;24.4;0;0
7896020162728;C;SHAMPOO BARUEL BABY SUAVE 400ML;Drogaven;20.28;16.41;DROGACENTRO;16.41;PRINCIPAL > PERFUMARIA > INFANTIL > HIGIENE INFANTIL > SHAMPOO;20.28;0;0
7891150055704;C;SHAMPOO CLEAR ANTICASPA CLEAR FLOR DE CEREJEIRA 200ML ;Drogaven;17.53;21.33;Drogaven;17.53;PRINCIPAL > PERFUMARIA > CABELO > SHAMPOO ;17.53;0;0
7891150008151;D;SHAMPOO CLEAR ANTICASPA HIDRATACAO INTENSA 200ML;Drogaven;17.53;21.33;Drogaven;17.53;PRINCIPAL > PERFUMARIA > CABELO > SHAMPOO ;17.53;0;0
7891150014107;C;SHAMPOO CLEAR MEN ANTICASPA CONTROLE DA COCEIRA 200ML;Drogaven;17.53;18.65;Drogaven;17.53;PRINCIPAL > PERFUMARIA > MASCULINO > CABELO MASC > SHAMPOO;17.53;0;0
7891150007406;C;SHAMPOO CLEAR MEN ANTICASPA ICE COOL MENTHOL 200ML;Drogaven;17.53;18.65;Drogaven;17.53;PRINCIPAL > PERFUMARIA > MASCULINO > CABELO MASC > SHAMPOO;17.53;0;0
7891150095267;C;SHAMPOO CLEAR MEN ANTICASPA ICE COOL MENTHOL 200ML+30ML GRAT;Drogaven;14.6;19.15;Drogaven;14.6;PRINCIPAL > PERFUMARIA > MASCULINO > CABELO MASC > SHAMPOO;14.6;0;0
7891150001183;C;SHAMPOO CLEAR MEN ANTICASPA ICE COOL MENTHOL 400ML;Drogaven;31.26;38.23;Drogaven;31.26;PRINCIPAL > PERFUMARIA > MASCULINO > CABELO MASC > SHAMPOO;31.26;0;0
7898422746216;B;SHAMPOO CLEAR MEN ANTICASPA LIMPEZA DIARIA 2 EM 1 200ML;Drogaven;17.53;18.65;Drogaven;17.53;PRINCIPAL > PERFUMARIA > MASCULINO > CABELO MASC > SHAMPOO;17.53;0;0
7891150019508;C;SHAMPOO CLEAR MEN ANTICASPA LIMPEZA PROFUNDA 200ML;Drogaven;17.53;18.65;Drogaven;17.53;PRINCIPAL > PERFUMARIA > MASCULINO > CABELO MASC > SHAMPOO;17.53;0;0
7891150019416;C;SHAMPOO CLEAR MEN ANTICASPA LIMPEZA PROFUNDA 400ML;Drogaven;31.26;38.23;Drogaven;31.26;PRINCIPAL > PERFUMARIA > MASCULINO > CABELO MASC > SHAMPOO;31.26;0;0
7891150001077;C;SHAMPOO CLEAR MEN ANTICASPA QUEDA CONTROL 200ML;Drogaven;17.53;18.65;Drogaven;17.53;PRINCIPAL > PERFUMARIA > MASCULINO > CABELO MASC > SHAMPOO;17.53;0;0
7891150001268;B;SHAMPOO CLEAR MEN ANTICASPA QUEDA CONTROL 400ML;Drogaven;31.26;38.23;Drogaven;31.26;PRINCIPAL > PERFUMARIA > MASCULINO > CABELO MASC > SHAMPOO;31.26;0;0
7899706190657;D;SHAMPOO DERCOS SENSI-SCALP CALM 200ML;Drogaven;113.58;131.3;Drogaven;113.58;PRINCIPAL > PERFUMARIA > BELEZA > DERMOCOSMETICO;113.58;0;0
7891150054462;D;SHAMPOO DOVE  HIDRATAÇÃO INTENSA OXIGENIO 200ML;Drogal;8.89;17.13;Drogal;8.89;PRINCIPAL > PERFUMARIA > CABELO > SHAMPOO ;0;8.89;0
7891150075238;C;SHAMPOO DOVE BABY HID GLICERINA 400ML;Drogal;19.99;22.05;Drogal;19.99;PRINCIPAL > PERFUMARIA > INFANTIL > HIGIENE INFANTIL > SHAMPOO;20.57;19.99;0
7891150025929;C;SHAMPOO DOVE BABY HIDRAT. ENRIQUECIDA 200ML;Drogaven;14.0;16.21;Drogaven;14.0;PRINCIPAL > PERFUMARIA > INFANTIL > HIGIENE INFANTIL > SHAMPOO;14.0;0;0
7891150045316;C;SHAMPOO DOVE BABY HIDRAT. ENRIQUECIDA CABELOS CLAROS 200ML;Drogaven;13.32;16.21;Drogaven;13.32;PRINCIPAL > PERFUMARIA > INFANTIL > HIGIENE INFANTIL > SHAMPOO;13.32;0;0
7891150044555;C;SHAMPOO DOVE BABY HIDRAT. ENRIQUECIDA CACHEADOS 200ML;Drogal;16.09;16.21;Drogal;16.09;PRINCIPAL > PERFUMARIA > INFANTIL > HIGIENE INFANTIL > SHAMPOO;0;16.09;0
7891150065307;C;SHAMPOO DOVE BABY HIDRATAÇAO GLICERINADA 200ML;Drogaven;14.0;16.21;Drogaven;14.0;PRINCIPAL > PERFUMARIA > INFANTIL > HIGIENE INFANTIL > SHAMPOO;14.0;0;0
7891150095571;D;SHAMPOO DOVE BOND INTENSE REPAIR 175ML;Drogaven;15.53;18.61;Drogaven;15.53;PRINCIPAL > PERFUMARIA > CABELO > SHAMPOO ;15.53;0;0
7891150095588;C;SHAMPOO DOVE BOND INTENSE REPAIR 350ML;Drogaven;22.53;29.78;Drogaven;22.53;PRINCIPAL > PERFUMARIA > CABELO > SHAMPOO ;22.53;0;0
7891150084483;C;SHAMPOO DOVE CACHEADO TEXTURAS REAIS 400ML;Drogal;13.89;27.43;Drogal;13.89;PRINCIPAL > PERFUMARIA > CABELO > SHAMPOO ;24.01;13.89;0
7891150054455;C;SHAMPOO DOVE HIDRATAÇÃO INTENSA OXIGENIO 400ML;Drogal;13.89;27.43;Drogal;13.89;PRINCIPAL > PERFUMARIA > CABELO > SHAMPOO ;24.01;13.89;0
7891150062528;D;SHAMPOO DOVE MEN ALIVIO REFRESCANTE 400ML;Drogaven;30.34;32.54;Drogaven;30.34;PRINCIPAL > PERFUMARIA > MASCULINO > CABELO MASC > SHAMPOO;30.34;0;0
7891150021662;C;SHAMPOO DOVE MEN FOR FORCA RESISTENTE 200ML;Drogal;22.79;18.32;DROGACENTRO;18.32;PRINCIPAL > PERFUMARIA > MASCULINO > CABELO MASC > SHAMPOO;0;22.79;0
7891150068926;D;SHAMPOO DOVE MEN+CARE 3X1 SP 200ML;Drogal;22.79;23.39;Drogal;22.79;PRINCIPAL > PERFUMARIA > MASCULINO > CABELO MASC > SHAMPOO;0;22.79;0
7891150055162;D;SHAMPOO DOVE NUTRIÇÃO OLEO-MICELAR 400ML;Drogal;13.89;27.43;Drogal;13.89;PRINCIPAL > PERFUMARIA > CABELO > SHAMPOO ;18.61;13.89;0
7891150017368;C;SHAMPOO DOVE OLEO NUTRICAO 400ML;Drogal;13.89;27.43;Drogal;13.89;PRINCIPAL > PERFUMARIA > CABELO > SHAMPOO ;24.01;13.89;0
7891150050105;C;SHAMPOO DOVE RITUAL  DE CRESCIMENTO 400ML;Drogal;13.89;27.43;Drogal;13.89;PRINCIPAL > PERFUMARIA > CABELO > SHAMPOO ;0;13.89;0
7891150050082;C;SHAMPOO DOVE RITUAL REPARACAO 400ML;Drogal;13.89;27.43;Drogal;13.89;PRINCIPAL > PERFUMARIA > CABELO > SHAMPOO ;24.01;13.89;0
7899706197601;C;SHAMPOO ELSEVE CACHOS DOS SONHOS 200ML;Drogaven;15.67;17.84;Drogaven;15.67;PRINCIPAL > PERFUMARIA > CABELO > SHAMPOO ;15.67;0;0
7899706197649;C;SHAMPOO ELSEVE CACHOS DOS SONHOS 400ML;Drogal;24.99;31.47;Drogal;24.99;PRINCIPAL > PERFUMARIA > CABELO > SHAMPOO ;27.34;24.99;0
7899026417885;D;SHAMPOO ELSEVE COLORVIVE 400ML;Drogal;24.99;31.47;Drogal;24.99;PRINCIPAL > PERFUMARIA > CABELO > SHAMPOO ;0;24.99;0
7908615060385;C;SHAMPOO ELSEVE GLYCOLIC CLOSS 200ML;Drogaven;15.38;17.84;Drogaven;15.38;PRINCIPAL > PERFUMARIA > CABELO > SHAMPOO ;15.38;0;0
7908615060606;C;SHAMPOO ELSEVE GLYCOLIC CLOSS 400ML;Drogal;24.99;31.47;Drogal;24.99;PRINCIPAL > PERFUMARIA > CABELO > SHAMPOO ;26.36;24.99;0
7899706244121;C;SHAMPOO ELSEVE HIALURONICO PURE 200ML;Drogaven;15.67;17.84;Drogaven;15.67;PRINCIPAL > PERFUMARIA > CABELO > SHAMPOO ;15.67;0;0
7899706244107;D;SHAMPOO ELSEVE HIALURONICO PURE 400ML;Drogal;24.99;31.47;Drogal;24.99;PRINCIPAL > PERFUMARIA > CABELO > SHAMPOO ;27.34;24.99;0
7899706187343;C;SHAMPOO ELSEVE HIDRA HIALURONICO PREENCHEDOR 200ML;Drogaven;15.67;17.84;Drogaven;15.67;PRINCIPAL > PERFUMARIA > CABELO > SHAMPOO ;15.67;0;0
7899706187367;C;SHAMPOO ELSEVE HIDRA HIALURONICO PREENCHEDOR 400ML;Drogal;24.99;31.47;Drogal;24.99;PRINCIPAL > PERFUMARIA > CABELO > SHAMPOO ;27.34;24.99;0
7899706134156;C;SHAMPOO ELSEVE HYDRA DETOX ANTICASPA 200ML;Drogaven;19.2;17.84;DROGACENTRO;17.84;PRINCIPAL > PERFUMARIA > CABELO > SHAMPOO ;19.2;0;0
7899706134170;C;SHAMPOO ELSEVE HYDRA DETOX ANTICASPA 400ML;Drogaven;32.33;31.47;DROGACENTRO;31.47;PRINCIPAL > PERFUMARIA > CABELO > SHAMPOO ;32.33;0;0
7899706180924;C;SHAMPOO ELSEVE LISO DOS SONHOS 200ML;Drogaven;15.67;17.84;Drogaven;15.67;PRINCIPAL > PERFUMARIA > CABELO > SHAMPOO ;15.67;0;0
7908785461753;B;SHAMPOO ELSEVE LISO DOS SONHOS SUPER ALINHADOR 200ML;Drogaven;15.67;17.84;Drogaven;15.67;PRINCIPAL > PERFUMARIA > CABELO > SHAMPOO ;15.67;0;0
7908785461708;B;SHAMPOO ELSEVE LISO DOS SONHOS SUPER ALINHADOR 400ML;Drogal;24.99;33.2;Drogal;24.99;PRINCIPAL > PERFUMARIA > CABELO > SHAMPOO ;27.34;24.99;0
7899706170833;C;SHAMPOO ELSEVE LONGO DOS SONHOS 200ML;Drogaven;15.67;17.84;Drogaven;15.67;PRINCIPAL > PERFUMARIA > CABELO > SHAMPOO ;15.67;0;0
7899706170819;C;SHAMPOO ELSEVE LONGO DOS SONHOS 400ML;Drogal;24.99;31.47;Drogal;24.99;PRINCIPAL > PERFUMARIA > CABELO > SHAMPOO ;27.34;24.99;0
7898587774338;C;SHAMPOO ELSEVE OLEO EXTRAORDINARIO NUTRICAO 400ML;Drogal;24.99;31.47;Drogal;24.99;PRINCIPAL > PERFUMARIA > CABELO > SHAMPOO ;27.34;24.99;0
7898587774314;C;SHAMPOO ELSEVE OLEO EXTRAORDINARIO NUTRIÇÃO 200ML ;Drogal;19.79;17.84;DROGACENTRO;17.84;PRINCIPAL > PERFUMARIA > CABELO > SHAMPOO ;0;19.79;0
7898924603949;C;SHAMPOO HASKELL BANANEIRA 300ML;Drogaven;48.77;48.0;DROGACENTRO;48.0;PRINCIPAL > PERFUMARIA > CABELO > SHAMPOO ;48.77;0;0
7898610375334;C;SHAMPOO HASKELL BENDITO LOIRO 300ML;Drogaven;48.77;48.0;DROGACENTRO;48.0;PRINCIPAL > PERFUMARIA > CABELO > SHAMPOO ;48.77;0;0
7898610370902;D;SHAMPOO HASKELL CACHOS SIM 300ML;Drogaven;48.77;48.0;DROGACENTRO;48.0;PRINCIPAL > PERFUMARIA > CABELO > SHAMPOO ;48.77;0;0
7898610370063;C;SHAMPOO HASKELL CAVALO FORTE 300ML;Drogaven;52.13;48.85;DROGACENTRO;48.85;PRINCIPAL > PERFUMARIA > CABELO > SHAMPOO ;52.13;0;0
7898610377574;D;SHAMPOO HASKELL INFUSAO DE OLEOS 300ML;Drogaven;48.77;48.85;Drogaven;48.77;PRINCIPAL > PERFUMARIA > CABELO > SHAMPOO ;48.77;0;0
7898944073951;C;SHAMPOO HASKELL JABORANDI 300ML;Drogaven;45.27;45.37;Drogaven;45.27;PRINCIPAL > PERFUMARIA > CABELO > SHAMPOO ;45.27;0;0
7898944073241;C;SHAMPOO HASKELL MANDIOCA 300ML;Drogaven;45.27;45.37;Drogaven;45.27;PRINCIPAL > PERFUMARIA > CABELO > SHAMPOO ;45.27;0;0
7898610375433;D;SHAMPOO HASKELL MATIZA + VIOLETA 300ML  ;Drogaven;52.36;53.27;Drogaven;52.36;PRINCIPAL > PERFUMARIA > CABELO > SHAMPOO ;52.36;0;0
7898610372982;C;SHAMPOO HASKELL MURUMURU 300ML;Drogaven;45.27;45.37;Drogaven;45.27;PRINCIPAL > PERFUMARIA > CABELO > SHAMPOO ;45.27;0;0
7898944073012;D;SHAMPOO HASKELL QUERATINA 300ML;Drogaven;39.19;45.37;Drogaven;39.19;PRINCIPAL > PERFUMARIA > CABELO > SHAMPOO ;39.19;0;0
7898944073166;D;SHAMPOO HASKELL TUTANO 300ML;Drogaven;39.1;45.37;Drogaven;39.1;PRINCIPAL > PERFUMARIA > CABELO > SHAMPOO ;39.1;0;0
7506195142035;C;SHAMPOO HEAD E SHOULDERS ANTI COCEIRA 200ML;Drogal;17.45;18.88;Drogal;17.45;PRINCIPAL > PERFUMARIA > CABELO > SHAMPOO ;18.61;17.45;0
7506309865393;C;SHAMPOO HEAD E SHOULDERS MEN 3EM1 200ML;Drogal;17.45;18.88;Drogal;17.45;PRINCIPAL > PERFUMARIA > MASCULINO > CABELO MASC > SHAMPOO;18.61;17.45;0
7896018750807;C;SHAMPOO HUGGIES KIDS CACHOS 360ML;Drogal;16.85;19.98;Drogal;16.85;PRINCIPAL > PERFUMARIA > INFANTIL > HIGIENE INFANTIL > SHAMPOO;17.54;16.85;0
7896018750838;C;SHAMPOO HUGGIES KIDS HIDRATACAO E BRILHO 360ML;Drogal;16.85;19.98;Drogal;16.85;PRINCIPAL > PERFUMARIA > INFANTIL > HIGIENE INFANTIL > SHAMPOO;17.54;16.85;0
7896018750869;C;SHAMPOO HUGGIES KIDS NUTRICAO 360ML;Drogal;16.85;19.98;Drogal;16.85;PRINCIPAL > PERFUMARIA > INFANTIL > HIGIENE INFANTIL > SHAMPOO;17.54;16.85;0
7896018750968;C;SHAMPOO HUGGIES KIDS NUTRICAO HULK 360ML;Drogal;16.85;19.98;Drogal;16.85;PRINCIPAL > PERFUMARIA > INFANTIL > HIGIENE INFANTIL > SHAMPOO;17.54;16.85;0
7891010030391;C;SHAMPOO J&J BABY CABELOS CACHEADOS 200ML;Drogal;15.89;22.29;Drogal;15.89;PRINCIPAL > PERFUMARIA > INFANTIL > HIGIENE INFANTIL > SHAMPOO;20.57;15.89;0
7891010030889;C;SHAMPOO J&J BABY CABELOS CLAROS 200ML;Drogal;15.89;22.29;Drogal;15.89;PRINCIPAL > PERFUMARIA > INFANTIL > HIGIENE INFANTIL > SHAMPOO;20.57;15.89;0
7891010875640;C;SHAMPOO J&J BABY CABELOS CLAROS 400ML;Drogal;21.89;27.42;Drogal;21.89;PRINCIPAL > PERFUMARIA > INFANTIL > HIGIENE INFANTIL > SHAMPOO;29.33;21.89;0
7891010521448;C;SHAMPOO J&J BABY CHEIRINHO PROLONGADO 400ML;Drogal;21.89;27.42;Drogal;21.89;PRINCIPAL > PERFUMARIA > INFANTIL > HIGIENE INFANTIL > SHAMPOO;0;21.89;0
7891010601171;C;SHAMPOO J&J BABY GOTAS DE BRILHO 400ML;Drogal;21.89;32.05;Drogal;21.89;PRINCIPAL > PERFUMARIA > INFANTIL > HIGIENE INFANTIL > SHAMPOO;0;21.89;0
7891010030094;B;SHAMPOO J&J BABY TRADICIONAL 200ML;Drogal;15.89;22.29;Drogal;15.89;PRINCIPAL > PERFUMARIA > INFANTIL > HIGIENE INFANTIL > SHAMPOO;18.52;15.89;0
7891010800048;B;SHAMPOO J&J BABY TRADICIONAL 400ML;Drogal;21.89;27.42;Drogal;21.89;PRINCIPAL > PERFUMARIA > INFANTIL > HIGIENE INFANTIL > SHAMPOO;28.41;21.89;72.8
3504105034405;D;SHAMPOO MUSTELA BEBE RECEM NASCIDO 150ML;Drogaven;57.23;62.11;Drogaven;57.23;PRINCIPAL > PERFUMARIA > BELEZA > DERMOCOSMETICO;57.23;0;0
7891024042113;D;SHAMPOO PALMOLIVE MINIONS KIDS 350ML;Drogaven;16.16;17.54;Drogaven;16.16;PRINCIPAL > PERFUMARIA > INFANTIL > HIGIENE INFANTIL > SHAMPOO;16.16;0;0
7891024174135;C;SHAMPOO PALMOLIVE NATURALS KIDS 350ML;Drogal;16.85;19.33;Drogal;16.85;PRINCIPAL > PERFUMARIA > INFANTIL > HIGIENE INFANTIL > SHAMPOO;0;16.85;0
7500435154222;C;SHAMPOO PANTENE BAMBU NUTRE & CRESCE 200ML;Drogal;16.49;16.68;Drogal;16.49;PRINCIPAL > PERFUMARIA > CABELO > SHAMPOO ;0;16.49;0
7500435154239;C;SHAMPOO PANTENE BAMBU NUTRE & CRESCE 400ML;Drogaven;27.34;30.8;Drogaven;27.34;PRINCIPAL > PERFUMARIA > CABELO > SHAMPOO ;27.34;0;0
7500435248136;C;SHAMPOO PANTENE BIOTIAMINA B3 175ML;Drogaven;14.69;19.23;Drogaven;14.69;PRINCIPAL > PERFUMARIA > CABELO > SHAMPOO ;14.69;0;0
7501007457789;C;SHAMPOO PANTENE BRILHO EXTREMO 200ML;Drogal;16.49;16.68;Drogal;16.49;PRINCIPAL > PERFUMARIA > CABELO > SHAMPOO ;0;16.49;0
7501007457796;C;SHAMPOO PANTENE BRILHO EXTREMO 400ML;Drogaven;27.43;30.8;Drogaven;27.43;PRINCIPAL > PERFUMARIA > CABELO > SHAMPOO ;27.43;0;0
7500435196970;C;SHAMPOO PANTENE COLAGENO 175ML;Drogal;16.49;17.28;Drogal;16.49;PRINCIPAL > PERFUMARIA > CABELO > SHAMPOO ;0;16.49;0
7500435125383;C;SHAMPOO PANTENE HIDRATACAO 175ML;Drogaven;11.95;17.28;Drogaven;11.95;PRINCIPAL > PERFUMARIA > CABELO > SHAMPOO ;11.95;0;0
7500435125420;C;SHAMPOO PANTENE LISO EXTREMO 175ML;Drogaven;11.95;17.28;Drogaven;11.95;PRINCIPAL > PERFUMARIA > CABELO > SHAMPOO ;11.95;0;0
7501001165246;C;SHAMPOO PANTENE LISO EXTREMO 400ML;Drogaven;27.43;30.8;Drogaven;27.43;PRINCIPAL > PERFUMARIA > CABELO > SHAMPOO ;27.43;0;0
7500435128933;C;SHAMPOO PANTENE MICELAR PURIFICA E HIDRATA 400ML;Drogaven;27.43;30.8;Drogaven;27.43;PRINCIPAL > PERFUMARIA > CABELO > SHAMPOO ;27.43;0;0
7500435232777;C;SHAMPOO PANTENE QUERATINA 175ML;Drogaven;14.69;16.83;Drogaven;14.69;PRINCIPAL > PERFUMARIA > CABELO > SHAMPOO ;14.69;0;0
7500435232814;C;SHAMPOO PANTENE QUERATINA 300ML;Drogal;28.79;24.52;DROGACENTRO;24.52;PRINCIPAL > PERFUMARIA > CABELO > SHAMPOO ;0;28.79;35.7
7501006721133;D;SHAMPOO PANTENE RESTAURACAO PROF.400ML;Drogaven;27.43;30.8;Drogaven;27.43;PRINCIPAL > PERFUMARIA > CABELO > SHAMPOO ;27.43;0;0
7897517928520;C;SHAMPOO RICCA A SECO MACA DO AMOR 150ML;Drogal;19.89;31.97;Drogal;19.89;PRINCIPAL > PERFUMARIA > CABELO > SHAMPOO ;28.32;19.89;0
7898524349438;C;SHAMPOO SALON LINE MEU LISO DESMAIADO 300ML;Drogal;15.29;21.56;Drogal;15.29;PRINCIPAL > PERFUMARIA > CABELO > SHAMPOO ;0;15.29;0
7898623956902;D;SHAMPOO SALON LINE MEU LISO RESTAURAÇÃO INTENSA 300ML;DrogaRaia;21.45;21.56;DrogaRaia;21.45;PRINCIPAL > PERFUMARIA > CABELO > SHAMPOO ;0;0;21.45
7891150037458;C;SHAMPOO SEDA ANTICASPA  325ML;Drogaven;12.64;14.19;Drogaven;12.64;PRINCIPAL > PERFUMARIA > CABELO > SHAMPOO ;12.64;0;0
7891150037588;D;SHAMPOO SEDA ANTIQUEBRA 325ML;Drogaven;12.64;14.19;Drogaven;12.64;PRINCIPAL > PERFUMARIA > CABELO > SHAMPOO ;12.64;0;0
7891150096288;D;SHAMPOO SEDA BOOM HIDRATACAO DURADOURA 250ML;Drogal;12.89;19.04;Drogal;12.89;PRINCIPAL > PERFUMARIA > CABELO > SHAMPOO ;13.62;12.89;16.99
7891150037595;C;SHAMPOO SEDA CACHOS DEFINIDOS 325ML;Drogaven;12.64;14.19;Drogaven;12.64;PRINCIPAL > PERFUMARIA > CABELO > SHAMPOO ;12.64;0;0
7891150037397;C;SHAMPOO SEDA CERAMIDAS 325ML;Drogaven;12.64;14.19;Drogaven;12.64;PRINCIPAL > PERFUMARIA > CABELO > SHAMPOO ;12.64;0;0
7891150101692;C;SHAMPOO SEDA COLAGENO E VITAMINA C 300ML;Drogaven;13.71;15.78;Drogaven;13.71;PRINCIPAL > PERFUMARIA > CABELO > SHAMPOO ;13.71;0;0
7891150083561;C;SHAMPOO SEDA FROZEN JUNTINHOS 300ML;Drogaven;12.35;14.73;Drogaven;12.35;PRINCIPAL > PERFUMARIA > INFANTIL > HIGIENE INFANTIL > SHAMPOO;12.35;0;0
7891150037519;C;SHAMPOO SEDA LISO PERFEITO 325ML;Drogaven;12.64;14.19;Drogaven;12.64;PRINCIPAL > PERFUMARIA > CABELO > SHAMPOO ;12.64;0;0
7891150099845;C;SHAMPOO SEDA LUMINOUS UV 300ML;Drogal;12.89;15.79;Drogal;12.89;PRINCIPAL > PERFUMARIA > CABELO > SHAMPOO ;12.94;12.89;0
7891150083585;C;SHAMPOO SEDA MOANA JUNTINHOS 300ML;Drogaven;12.35;14.73;Drogaven;12.35;PRINCIPAL > PERFUMARIA > INFANTIL > HIGIENE INFANTIL > SHAMPOO;12.35;0;0
7891150037526;C;SHAMPOO SEDA PRETOS LUMINOSOS 325ML;Drogaven;12.64;14.19;Drogaven;12.64;PRINCIPAL > PERFUMARIA > CABELO > SHAMPOO ;12.64;0;0
7891150037564;D;SHAMPOO SEDA PUREZA DETOX 325ML;Drogal;12.89;14.19;Drogal;12.89;PRINCIPAL > PERFUMARIA > CABELO > SHAMPOO ;0;12.89;0
7891150083592;C;SHAMPOO SEDA TIANA JUNTINHOS 300ML;Drogaven;12.35;14.73;Drogaven;12.35;PRINCIPAL > PERFUMARIA > INFANTIL > HIGIENE INFANTIL > SHAMPOO;12.35;0;0
7891150101616;D;SHAMPOO SEDA TOQUE DE SEDA 300ML;Drogal;12.89;17.81;Drogal;12.89;PRINCIPAL > PERFUMARIA > CABELO > SHAMPOO ;12.94;12.89;0
7891033535026;C;SHAMPOO SIAGE ACELERA CRESCIMENTO 250ML;Drogal;39.59;47.41;Drogal;39.59;PRINCIPAL > PERFUMARIA > CABELO > SHAMPOO ;0;39.59;0
7891033554881;C;SHAMPOO SIAGE ANTIOLEOSIDADE MICELAR 250ML;Drogal;39.59;47.41;Drogal;39.59;PRINCIPAL > PERFUMARIA > CABELO > SHAMPOO ;47.09;39.59;0
7891033534289;C;SHAMPOO SIAGE CAUTERIZACAO FIOS 250ML;DrogaRaia;52.9;47.41;DROGACENTRO;47.41;PRINCIPAL > PERFUMARIA > CABELO > SHAMPOO ;0;0;52.9
7891033198160;C;SHAMPOO SIAGE CICA THERAPY 250ML;Drogal;39.59;47.41;Drogal;39.59;PRINCIPAL > PERFUMARIA > CABELO > SHAMPOO ;45.67;39.59;0
7891033471751;C;SHAMPOO SIAGE GLOW EXPERT 250ML;Drogal;39.59;46.04;Drogal;39.59;PRINCIPAL > PERFUMARIA > CABELO > SHAMPOO ;45.67;39.59;0
7891033016419;C;SHAMPOO SIAGE HAIRPLASTIA 250ML;Drogal;39.59;47.41;Drogal;39.59;PRINCIPAL > PERFUMARIA > CABELO > SHAMPOO ;45.67;39.59;0
7891033535040;C;SHAMPOO SIAGE LISO INTENSO 250ML;Drogal;39.59;47.41;Drogal;39.59;PRINCIPAL > PERFUMARIA > CABELO > SHAMPOO ;0;39.59;0
7891033534715;C;SHAMPOO SIAGE LOIRO EXPERT 250ML;Drogal;39.59;47.41;Drogal;39.59;PRINCIPAL > PERFUMARIA > CABELO > SHAMPOO ;0;39.59;0
7891033581191;D;SHAMPOO SIAGE NUTRI ACID COMPLEX 250ML;Drogal;39.59;47.28;Drogal;39.59;PRINCIPAL > PERFUMARIA > CABELO > SHAMPOO ;45.56;39.59;0
7891033931033;C;SHAMPOO SIAGE NUTRI OLEOS PODER 250ML;Drogal;39.59;47.41;Drogal;39.59;PRINCIPAL > PERFUMARIA > CABELO > SHAMPOO ;45.67;39.59;0
7891033534357;C;SHAMPOO SIAGE NUTRI ROSE 250ML;Drogal;39.59;47.41;Drogal;39.59;PRINCIPAL > PERFUMARIA > CABELO > SHAMPOO ;0;39.59;0
7891033530946;C;SHAMPOO SIAGE PRO CRONOLOGY 250ML;Drogal;39.59;46.04;Drogal;39.59;PRINCIPAL > PERFUMARIA > CABELO > SHAMPOO ;45.67;39.59;0
7891033583072;C;SHAMPOO SIAGE PRO CRONOLOGY CURVA 250ML;Drogal;39.59;47.28;Drogal;39.59;PRINCIPAL > PERFUMARIA > CABELO > SHAMPOO ;47.09;39.59;0
7891033535194;C;SHAMPOO SIAGE RECONSTROI FIOS 250ML;Drogal;39.59;47.41;Drogal;39.59;PRINCIPAL > PERFUMARIA > CABELO > SHAMPOO ;45.67;39.59;0
7891033534395;C;SHAMPOO SIAGE REGEN POS QUIMICA 250ML;Drogaven;45.67;46.04;Drogaven;45.67;PRINCIPAL > PERFUMARIA > CABELO > SHAMPOO ;45.67;0;0
7891033558025;D;SHAMPOO SIAGE RESGATE IMEDIATO 250ML;Drogal;39.59;45.93;Drogal;39.59;PRINCIPAL > PERFUMARIA > CABELO > SHAMPOO ;45.67;39.59;0
7891033534623;C;SHAMPOO SIAGE REVELA CACHOS 250ML;Drogal;39.59;47.41;Drogal;39.59;PRINCIPAL > PERFUMARIA > CABELO > SHAMPOO ;0;39.59;0
7898949409717;C;SHAMPOO TIO NACHO ANTI-IDADE 415ML;Drogaven;39.1;43.14;Drogaven;39.1;PRINCIPAL > PERFUMARIA > CABELO > SHAMPOO ;39.1;0;0
7898949409724;C;SHAMPOO TIO NACHO CLAREADOR 415ML;Drogal;35.99;43.14;Drogal;35.99;PRINCIPAL > PERFUMARIA > CABELO > SHAMPOO ;39.1;35.99;45.75
7898949409922;C;SHAMPOO TIO NACHO ENGROSSADOR 415ML;Drogal;35.99;43.14;Drogal;35.99;PRINCIPAL > PERFUMARIA > CABELO > SHAMPOO ;39.1;35.99;0
7898949409731;C;SHAMPOO TIO NACHO ERVAS MILENARES 415ML;Drogal;35.99;43.14;Drogal;35.99;PRINCIPAL > PERFUMARIA > CABELO > SHAMPOO ;39.1;35.99;0
7896115700019;D;SHAMPOO TRA LA LA HIDRAKIS 480ML;Drogaven;15.67;14.69;DROGACENTRO;14.69;PRINCIPAL > PERFUMARIA > INFANTIL > HIGIENE INFANTIL > SHAMPOO;15.67;0;0
7896115700187;C;SHAMPOO TRA LA LA SEM EMBARACO 480ML;Drogaven;15.67;14.06;DROGACENTRO;14.06;PRINCIPAL > PERFUMARIA > INFANTIL > HIGIENE INFANTIL > SHAMPOO;15.67;0;0
7896018700710;D;SHAMPOO TURMA MONICA CAMOMILA 200ML;Drogal;14.79;17.15;Drogal;14.79;PRINCIPAL > PERFUMARIA > INFANTIL > HIGIENE INFANTIL > SHAMPOO;0;14.79;0
7891033857555;C;SIAGE AMPOLA NUTRICAO PRO CRONOLOGY CURVA 30ML	;Drogaven;40.24;40.82;Drogaven;40.24;PRINCIPAL > PERFUMARIA > CABELO > classificar;40.24;0;0
7891033857562;C;SIAGE AMPOLA RECONSTRUCAO PRO CRONOLOGY CURVA 30ML	;Drogaven;40.24;40.82;Drogaven;40.24;PRINCIPAL > PERFUMARIA > CABELO > classificar;40.24;0;0
7891033072347;C;SIAGE CICA THERAPY LEAVE IN CAP 100ML;Drogaven;54.38;54.5;Drogaven;54.38;PRINCIPAL > PERFUMARIA > CABELO > LEAVE IN/ATIVADOR;54.38;0;0
7891033471713;D;SIAGE COMBATE FRIZZ MAGIC SPRAY 50ML;DrogaRaia;61.9;46.04;DROGACENTRO;46.04;PRINCIPAL > PERFUMARIA > CABELO > classificar;0;0;61.9
7891033535033;D;SIAGE LISO INTENSO LEAVE IN FINAL 100ML;Drogal;56.25;54.5;DROGACENTRO;54.5;PRINCIPAL > PERFUMARIA > CABELO > LEAVE IN/ATIVADOR;0;56.25;0
7891033931316;C;SIAGE NUTRI OLEOS PODER OLEO CAPILAR 90ML;Drogaven;58.7;77.05;Drogaven;58.7;PRINCIPAL > PERFUMARIA > CABELO > OLEO;58.7;0;0
7891033581221;C;SIAGE OLEO EM CREME NUTRI ACID COMPLEX 100ML;Drogaven;68.5;71.02;Drogaven;68.5;PRINCIPAL > PERFUMARIA > CABELO > OLEO;68.5;0;0
7891033558056;D;SIAGE RESGATE IMEDIATO AGUA LAMELAR 150ML;Drogaven;58.79;74.58;Drogaven;58.79;PRINCIPAL > PERFUMARIA > CABELO > LEAVE IN/ATIVADOR;58.79;0;0
7891033570768;C;SIAGE RESGATE IMEDIATO LEAVE IN CAP 100ML;Drogal;63.99;63.94;DROGACENTRO;63.94;PRINCIPAL > PERFUMARIA > CABELO > LEAVE IN/ATIVADOR;66.04;63.99;0
7896000716804;C;SILICONE NIELY GOLD LISO PROLONGADO 42ML ;Drogaven;21.75;27.18;Drogaven;21.75;PRINCIPAL > PERFUMARIA > CABELO > classificar;21.75;0;0
7896000722553;C;SILICONE NIELY GOLD NUTRICAO PODEROSA 42ML ;Drogaven;21.75;27.18;Drogaven;21.75;PRINCIPAL > PERFUMARIA > CABELO > classificar;21.75;0;0
7896000717436;C;SILICONE NIELY GOLD POS QUIMICA 42ML;Drogaven;21.75;27.18;Drogaven;21.75;PRINCIPAL > PERFUMARIA > CABELO > classificar;21.75;0;0
7896000716781;C;SILICONE NIELY GOLD QUER C/ OL DE ARGAN 42ML ;Drogaven;21.75;27.18;Drogaven;21.75;PRINCIPAL > PERFUMARIA > CABELO > classificar;21.75;0;0
7891182016858;C;SOFT COLOR CAST.CLARO 50;Drogal;31.39;27.09;DROGACENTRO;27.09;PRINCIPAL > PERFUMARIA > CABELO > TINTURA/TONALIZANTE;0;31.39;0
7891182016711;C;SOFT COLOR CAST.ESC.30;Drogal;31.39;27.09;DROGACENTRO;27.09;PRINCIPAL > PERFUMARIA > CABELO > TINTURA/TONALIZANTE;0;31.39;0
7891182016865;C;SOFT COLOR CAST.MEDIO 40;Drogal;31.39;27.09;DROGACENTRO;27.09;PRINCIPAL > PERFUMARIA > CABELO > TINTURA/TONALIZANTE;0;31.39;0
7891182016841;C;SOFT COLOR PRETO 20;Drogal;31.39;27.09;DROGACENTRO;27.09;PRINCIPAL > PERFUMARIA > CABELO > TINTURA/TONALIZANTE;0;31.39;0
7899706181716;D;SOLAR DEFENDER ANTIOLEOSIDADE FPS60 40G;Drogaven;53.94;66.96;Drogaven;53.94;PRINCIPAL > PERFUMARIA > BELEZA > PROTETOR PELE > classificar;53.94;0;0
7899706181730;D;SOLAR DEFENDER FPS60 CLARA 40G;Drogaven;53.94;62.78;Drogaven;53.94;PRINCIPAL > PERFUMARIA > BELEZA > PROTETOR PELE > classificar;53.94;0;0
7899706181754;C;SOLAR DEFENDER FPS60 MEDIA 40G;Drogaven;53.94;69.76;Drogaven;53.94;PRINCIPAL > PERFUMARIA > BELEZA > PROTETOR PELE > classificar;53.94;0;0
7899706198004;C;SOLAR EXPERTISE ANTIOLEOSIDADE FPS30 40G;Drogal;47.75;38.59;DROGACENTRO;38.59;PRINCIPAL > PERFUMARIA > BELEZA > PROTETOR PELE > classificar;0;47.75;0
7899706184960;C;SOLAR EXPERTISE FACIAL ANTIRRUGAS C/COR FPS 60 40G;Drogaven;44.78;53.12;Drogaven;44.78;PRINCIPAL > PERFUMARIA > BELEZA > PROTETOR PELE > FACIAL;44.78;0;0
7899706185011;C;SOLAR EXPERTISE FACIAL ANTIRRUGAS FPS 30 40G;Drogaven;38.21;45.76;Drogaven;38.21;PRINCIPAL > PERFUMARIA > BELEZA > PROTETOR PELE > FACIAL;38.21;0;0
7899706185028;C;SOLAR EXPERTISE FACIAL ANTIRRUGAS FPS 60 40G;Drogaven;46.05;53.6;Drogaven;46.05;PRINCIPAL > PERFUMARIA > BELEZA > PROTETOR PELE > FACIAL;46.05;0;0
7899706135795;D;SOLAR EXPERTISE SUPREME PROTECT FPS 50 120ML;Drogaven;53.6;61.65;Drogaven;53.6;PRINCIPAL > PERFUMARIA > BELEZA > PROTETOR PELE > classificar;53.6;0;0
7899852025124;D;SOMBRA/PRIMER MULTIFUNCIONAL  VULT MAKE COLORS 7ML;Drogal;25.95;28.78;Drogal;25.95;PRINCIPAL > PERFUMARIA > BELEZA > MAQUIAGEM > classificar;0;25.95;0
7908615060347;C;SPRAY ACIDIFICANTE ELSEVE GLYCOLIC GLOSS 200ML;Drogaven;47.92;53.98;Drogaven;47.92;PRINCIPAL > PERFUMARIA > CABELO > CREME;47.92;0;0
7896010175608;C;SPRAY CHARMING 150ML EXTRA FORTE;Drogaven;30.37;33.77;Drogaven;30.37;PRINCIPAL > PERFUMARIA > CABELO > classificar;30.37;0;0
7891010096496;C;SUNDOWN FPS 30 ECON.200ML;Drogaven;45.07;40.78;DROGACENTRO;40.78;PRINCIPAL > PERFUMARIA > BELEZA > PROTETOR PELE > classificar;45.07;0;0
7891010020279;C;SUNDOWN FPS 50 ECON.200ML;Drogaven;58.79;56.26;DROGACENTRO;56.26;PRINCIPAL > PERFUMARIA > BELEZA > PROTETOR PELE > classificar;58.79;0;0
7891010244361;C;SUNDOWN FPS 70 200ML;Drogaven;69.48;69.35;DROGACENTRO;69.35;PRINCIPAL > PERFUMARIA > BELEZA > PROTETOR PELE > classificar;69.48;0;0
7891010026264;D;SUNDOWN KIDS FPS 60 120ML;Drogaven;63.6;75.36;Drogaven;63.6;PRINCIPAL > PERFUMARIA > INFANTIL > PROTETOR SOLAR;63.6;0;0
7891010253288;C;SUNDOWN POS SOL GEL 140G;Drogaven;37.03;35.52;DROGACENTRO;35.52;PRINCIPAL > PERFUMARIA > BELEZA > PROTETOR PELE > classificar;37.03;0;0
7891134006524;C;TALCO ALMA FLORES ORIGINAL 100G;Drogaven;17.63;19.52;Drogaven;17.63;PRINCIPAL > PERFUMARIA > BELEZA > CORPO > classificar;17.63;0;0
7896512909190;C;TALCO GRANADO BEBE 100G;Drogaven;15.58;19.28;Drogaven;15.58;PRINCIPAL > PERFUMARIA > INFANTIL > HIGIENE INFANTIL > TALCO;15.58;0;0
7702031244653;C;TALCO J&J HORA DO SONO 100G;Drogaven;26.45;24.91;DROGACENTRO;24.91;PRINCIPAL > PERFUMARIA > INFANTIL > HIGIENE INFANTIL > TALCO;26.45;0;0
7702031244646;C;TALCO J&J TRADICIONAL 100G;Drogaven;26.45;26.0;DROGACENTRO;26.0;PRINCIPAL > PERFUMARIA > INFANTIL > HIGIENE INFANTIL > TALCO;26.45;0;0
7896012800874;C;TALCO POM POM 200G;DrogaRaia;22.79;26.58;DrogaRaia;22.79;PRINCIPAL > PERFUMARIA > INFANTIL > HIGIENE INFANTIL > TALCO;0;0;22.79
7896049504714;C;TALCO TABU TRADICIONAL 100G;Drogaven;9.2;10.3;Drogaven;9.2;PRINCIPAL > PERFUMARIA > BELEZA > CORPO > classificar;9.2;0;0
7898523201973;D;TARTARUGA BANHO ALEGRE 44-0197;Drogaven;21.55;23.57;Drogaven;21.55;PRINCIPAL > PERFUMARIA > CABELO > ACESSORIOS > classificar;21.55;0;0
7896020160069;C;TENYS PE BARUEL CANFORADO 100G;Drogaven;12.93;14.69;Drogaven;12.93;PRINCIPAL > PERFUMARIA > MASCULINO > TALCO/ANTISSEPTICO PES;12.93;0;0
7896020160151;C;TENYS PE BARUEL JATO ORIGINAL 150ML;Drogal;22.69;21.54;DROGACENTRO;21.54;PRINCIPAL > PERFUMARIA > MASCULINO > TALCO/ANTISSEPTICO PES;0;22.69;0
7896020160076;C;TENYS PE BARUEL MENTOLADO 100G;Drogal;13.15;14.69;Drogal;13.15;PRINCIPAL > PERFUMARIA > MASCULINO > TALCO/ANTISSEPTICO PES;0;13.15;0
7896020160083;C;TENYS PE BARUEL MULHER 100G;Drogaven;12.93;14.69;Drogaven;12.93;PRINCIPAL > PERFUMARIA > MASCULINO > TALCO/ANTISSEPTICO PES;12.93;0;0
7896020162674;D;TENYS PE BARUEL S/PEREFUME 100GR;Drogaven;12.93;14.69;Drogaven;12.93;PRINCIPAL > PERFUMARIA > MASCULINO > TALCO/ANTISSEPTICO PES;12.93;0;0
7896020161721;B;TENYS PE BARUEL SPORT 100G;Drogal;13.15;14.69;Drogal;13.15;PRINCIPAL > PERFUMARIA > MASCULINO > TALCO/ANTISSEPTICO PES;0;13.15;0
7896020160052;B;TENYS PE BARUEL TRADICIONAL 100G;Drogaven;12.93;14.69;Drogaven;12.93;PRINCIPAL > PERFUMARIA > MASCULINO > TALCO/ANTISSEPTICO PES;12.93;0;0
7898647924253;C;TIARA BELLESA KIDS-DIVERSOS 34-4253;Drogaven;7.84;8.91;Drogaven;7.84;PRINCIPAL > PERFUMARIA > INFANTIL > ACESSORIO INFANTIL > classificar;7.84;0;0
7898647922730;C;TIC-TAC BELLESA GRANDE C/6 UN 34-2730 ;Drogaven;7.15;7.46;Drogaven;7.15;PRINCIPAL > PERFUMARIA > CABELO > ACESSORIOS > classificar;7.15;0;0
7898647922747;D;TIC-TAC BELLESA MEDIO PRETO C/6 34-2747;Drogaven;8.72;6.91;DROGACENTRO;6.91;PRINCIPAL > PERFUMARIA > CABELO > ACESSORIOS > classificar;8.72;0;0
7894222028903;C;TINT BALM FROZEN DE AMORA DAILUS;Drogaven;19.59;25.36;Drogaven;19.59;PRINCIPAL > PERFUMARIA > BELEZA > MAQUIAGEM > classificar;19.59;0;0
7894222028880;D;TINT BALM FROZEN DE MELANCIA DAILUS;Drogaven;17.63;20.29;Drogaven;17.63;PRINCIPAL > PERFUMARIA > BELEZA > MAQUIAGEM > classificar;17.63;0;0
7894222028897;C;TINT BALM MARGARITA DE MORANGO DAILUS;Drogaven;19.59;20.29;Drogaven;19.59;PRINCIPAL > PERFUMARIA > BELEZA > MAQUIAGEM > classificar;19.59;0;0
7908615062433;C;TINTURA COR&TON SEM AMONIA CASTANHO CLARO 5.0;Drogaven;19.1;19.84;Drogaven;19.1;PRINCIPAL > PERFUMARIA > CABELO > TINTURA/TONALIZANTE;19.1;0;0
7908615062396;C;TINTURA COR&TON SEM AMONIA CASTANHO ESCURO 3.0;Drogaven;19.1;19.84;Drogaven;19.1;PRINCIPAL > PERFUMARIA > CABELO > TINTURA/TONALIZANTE;19.1;0;0
7908615062419;C;TINTURA COR&TON SEM AMONIA CASTANHO MEDIO 4.0;Drogaven;19.1;19.84;Drogaven;19.1;PRINCIPAL > PERFUMARIA > CABELO > TINTURA/TONALIZANTE;19.1;0;0
7908615062471;C;TINTURA COR&TON SEM AMONIA LOURO ESCURO 6.0;Drogaven;19.1;19.84;Drogaven;19.1;PRINCIPAL > PERFUMARIA > CABELO > TINTURA/TONALIZANTE;19.1;0;0
7908615062372;C;TINTURA COR&TON SEM AMONIA PRETO 2.0;Drogaven;19.1;19.84;Drogaven;19.1;PRINCIPAL > PERFUMARIA > CABELO > TINTURA/TONALIZANTE;19.1;0;0
7908615062457;C;TINTURA COR&TON SEM AMONIA PRETO AZULADO 1.0;Drogaven;19.1;19.84;Drogaven;19.1;PRINCIPAL > PERFUMARIA > CABELO > TINTURA/TONALIZANTE;19.1;0;0
7908615062518;C;TINTURA COR&TON SEM AMONIA PRETO AZULADO 1.7;Drogaven;19.1;19.84;Drogaven;19.1;PRINCIPAL > PERFUMARIA > CABELO > TINTURA/TONALIZANTE;19.1;0;0
7896699019989;C;TIRA LEITE LOLLY;Drogal;40.35;40.17;DROGACENTRO;40.17;PRINCIPAL > PERFUMARIA > INFANTIL > ACESSORIO INFANTIL > classificar;0;40.35;0
7896012801871;C;TOALHAS UMEDECIDAS BIGFRAL C/40;Drogal;15.69;16.62;Drogal;15.69;PRINCIPAL > PERFUMARIA > INFANTIL > HIGIENE INFANTIL > LENCO UMEDECIDO;0;15.69;0
7898959897238;A;TOALHAS UMEDECIDAS MEU BEBE ULTRA C/100;Drogaven;16.65;11.43;DROGACENTRO;11.43;PRINCIPAL > PERFUMARIA > INFANTIL > HIGIENE INFANTIL > LENCO UMEDECIDO;16.65;0;0
7500435145244;C;TOALHAS UMEDECIDAS PAMPERS ALOE VERA 48UN ;Drogal;18.49;18.28;DROGACENTRO;18.28;PRINCIPAL > PERFUMARIA > INFANTIL > HIGIENE INFANTIL > LENCO UMEDECIDO;18.52;18.49;0
4015400763697;B;TOALHAS UMEDECIDAS PAMPERS REGULAR C/48;Drogaven;17.89;17.29;DROGACENTRO;17.29;PRINCIPAL > PERFUMARIA > INFANTIL > HIGIENE INFANTIL > LENCO UMEDECIDO;17.89;0;0
7898039563732;A;TOALHAS UMEDECIDAS PERSONALIDADE BABY TOTAL CARE C/100;Drogaven;12.73;14.9;Drogaven;12.73;PRINCIPAL > PERFUMARIA > INFANTIL > HIGIENE INFANTIL > LENCO UMEDECIDO;12.73;0;0
7898610371411;C;TONALIZANTE HASKELL CASTANHO CLARO 500;Drogaven;30.28;32.91;Drogaven;30.28;PRINCIPAL > PERFUMARIA > CABELO > TINTURA/TONALIZANTE;30.28;0;0
7898610371442;C;TONALIZANTE HASKELL CASTANHO CLARO MARROM 570;Drogaven;30.28;32.91;Drogaven;30.28;PRINCIPAL > PERFUMARIA > CABELO > TINTURA/TONALIZANTE;30.28;0;0
7898610371381;C;TONALIZANTE HASKELL CASTANHO ESCURO 300;Drogaven;30.28;32.91;Drogaven;30.28;PRINCIPAL > PERFUMARIA > CABELO > TINTURA/TONALIZANTE;30.28;0;0
7898610371398;C;TONALIZANTE HASKELL CASTANHO MEDIO 400;Drogaven;30.28;32.91;Drogaven;30.28;PRINCIPAL > PERFUMARIA > CABELO > TINTURA/TONALIZANTE;30.28;0;0
7898610371473;C;TONALIZANTE HASKELL LOURO ESCURO 600;Drogaven;30.28;32.91;Drogaven;30.28;PRINCIPAL > PERFUMARIA > CABELO > TINTURA/TONALIZANTE;30.28;0;0
7898610371503;C;TONALIZANTE HASKELL LOURO ESCURO MARROM 670;Drogaven;30.28;32.91;Drogaven;30.28;PRINCIPAL > PERFUMARIA > CABELO > TINTURA/TONALIZANTE;30.28;0;0
7898610371527;C;TONALIZANTE HASKELL LOURO MEDIO 700;Drogaven;30.28;32.91;Drogaven;30.28;PRINCIPAL > PERFUMARIA > CABELO > TINTURA/TONALIZANTE;30.28;0;0
7898610371374;C;TONALIZANTE HASKELL PRETO 200;Drogaven;30.28;32.91;Drogaven;30.28;PRINCIPAL > PERFUMARIA > CABELO > TINTURA/TONALIZANTE;30.28;0;0
7898610371367;C;TONALIZANTE HASKELL PRETO AZULADO 100;Drogaven;30.28;32.91;Drogaven;30.28;PRINCIPAL > PERFUMARIA > CABELO > TINTURA/TONALIZANTE;30.28;0;0
7899706237994;D;TONALIZANTE IMEDIA EXCELLENCE S/AMONIA CASTANHO 4U;Drogaven;28.41;32.58;Drogaven;28.41;PRINCIPAL > PERFUMARIA > CABELO > TINTURA/TONALIZANTE;28.41;0;0
7899706237970;D;TONALIZANTE IMEDIA EXCELLENCE S/AMONIA CASTANHO CLARO 5U;Drogaven;34.29;32.58;DROGACENTRO;32.58;PRINCIPAL > PERFUMARIA > CABELO > TINTURA/TONALIZANTE;34.29;0;0
7899706238014;C;TONALIZANTE IMEDIA EXCELLENCE S/AMONIA CASTANHO ESCURO 3U;Drogaven;34.29;32.58;DROGACENTRO;32.58;PRINCIPAL > PERFUMARIA > CABELO > TINTURA/TONALIZANTE;34.29;0;0
7899706237956;C;TONALIZANTE IMEDIA EXCELLENCE S/AMONIA LOURO ESCURO 6U;Drogaven;34.29;32.58;DROGACENTRO;32.58;PRINCIPAL > PERFUMARIA > CABELO > TINTURA/TONALIZANTE;34.29;0;0
7899706237932;C;TONALIZANTE IMEDIA EXCELLENCE S/AMONIA LOURO ESCURO 7U;Drogaven;34.29;32.58;DROGACENTRO;32.58;PRINCIPAL > PERFUMARIA > CABELO > TINTURA/TONALIZANTE;34.29;0;0
7899706238038;C;TONALIZANTE IMEDIA EXCELLENCE S/AMONIA PRETO 2U;Drogaven;28.41;32.58;Drogaven;28.41;PRINCIPAL > PERFUMARIA > CABELO > TINTURA/TONALIZANTE;28.41;0;0
7897158700196;C;TONICO CAPILAR GOTA DOURADA BIOTINA 100ML;DrogaRaia;43.32;13.55;DROGACENTRO;13.55;PRINCIPAL > PERFUMARIA > CABELO > TONICO;0;0;43.32
7898610377352;D;TONICO HASKELL CAVALO FORTE 120ML;Drogaven;46.74;44.01;DROGACENTRO;44.01;PRINCIPAL > PERFUMARIA > CABELO > TONICO;46.74;0;0
7898610375273;C;TONICO HASKELL JABORANDI 120ML;Drogaven;41.05;38.38;DROGACENTRO;38.38;PRINCIPAL > PERFUMARIA > CABELO > TONICO;41.05;0;0
7898958060640;C;TOUCA BELLE BANHO COMUM C/1 UN 34-0640;Drogaven;6.85;9.24;Drogaven;6.85;PRINCIPAL > PERFUMARIA > CABELO > ACESSORIOS > TOUCA;6.85;0;0
7898647925922;D;TOUCA DE CETIM BELLESA  34-5922 ;Drogaven;16.45;20.91;Drogaven;16.45;PRINCIPAL > PERFUMARIA > CABELO > ACESSORIOS > TOUCA;16.45;0;0
7891150094406;C;TRESEMME OLEO FINALIZA B LAMELAR 60ML;Drogaven;27.34;34.54;Drogaven;27.34;PRINCIPAL > PERFUMARIA > CABELO > OLEO;27.34;0;0
7891037645653;C;TRIM CREME 65G;Drogaven;22.09;31.92;Drogaven;22.09;PRINCIPAL > PERFUMARIA > MASCULINO > CABELO MASC > GEL/POMADA;22.09;0;0
7896094208773;D;UMIDITA AI LOCAO HIDRATANTE 120ML;Drogaven;85.16;109.18;Drogaven;85.16;PRINCIPAL > PERFUMARIA > BELEZA > DERMOCOSMETICO;85.16;0;0
7896094208728;D;UMIDITA LOCAO HIDRATANTE INFANTIL 120ML;Drogal;62.89;88.24;Drogal;62.89;PRINCIPAL > PERFUMARIA > BELEZA > DERMOCOSMETICO;81.66;62.89;0
7899852018317;C;VULT BATOM HIDRA LIPS 3,6G AMEIXA;Drogal;24.35;21.98;DROGACENTRO;21.98;PRINCIPAL > PERFUMARIA > BELEZA > MAQUIAGEM > BATOM;0;24.35;0
7899852018218;C;VULT BATOM HIDRA LIPS 3,6G MACADAMIA;Drogal;24.35;21.98;DROGACENTRO;21.98;PRINCIPAL > PERFUMARIA > BELEZA > MAQUIAGEM > BATOM;0;24.35;0
7899852018294;C;VULT BATOM HIDRA LIPS 3,6G MARROM MASCAVO;Drogaven;22.14;21.98;DROGACENTRO;21.98;PRINCIPAL > PERFUMARIA > BELEZA > MAQUIAGEM > BATOM;22.14;0;0
7899852018201;C;VULT BATOM HIDRA LIPS 3,6G QUARTZO ROSA;Drogaven;22.14;21.98;DROGACENTRO;21.98;PRINCIPAL > PERFUMARIA > BELEZA > MAQUIAGEM > BATOM;22.14;0;0
7899852018270;C;VULT BATOM HIDRA LIPS 3,6G ROSA INTENSO;Drogal;24.35;21.98;DROGACENTRO;21.98;PRINCIPAL > PERFUMARIA > BELEZA > MAQUIAGEM > BATOM;0;24.35;0
7899852018249;C;VULT BATOM HIDRA LIPS 3,6G ROSA PETALA;Drogal;24.35;21.98;DROGACENTRO;21.98;PRINCIPAL > PERFUMARIA > BELEZA > MAQUIAGEM > BATOM;0;24.35;0
7899852018263;C;VULT BATOM HIDRA LIPS 3,6G ROSA PINK;Drogaven;22.14;21.98;DROGACENTRO;21.98;PRINCIPAL > PERFUMARIA > BELEZA > MAQUIAGEM > BATOM;22.14;0;0
7899852018225;C;VULT BATOM HIDRA LIPS 3,6G ROSE GOLD;Drogaven;22.14;21.98;DROGACENTRO;21.98;PRINCIPAL > PERFUMARIA > BELEZA > MAQUIAGEM > BATOM;22.14;0;0
7899852018232;C;VULT BATOM HIDRA LIPS 3,6G TERRACOTA AMB;Drogaven;22.14;21.98;DROGACENTRO;21.98;PRINCIPAL > PERFUMARIA > BELEZA > MAQUIAGEM > BATOM;22.14;0;0
7899852018287;C;VULT BATOM HIDRA LIPS 3,6G VERMELHO PURO;Drogaven;22.14;21.98;DROGACENTRO;21.98;PRINCIPAL > PERFUMARIA > BELEZA > MAQUIAGEM > BATOM;22.14;0;0
7899852018256;C;VULT BATOM HIDRA LIPS 3,6G VINHO ROSADO ;Drogal;24.35;21.98;DROGACENTRO;21.98;PRINCIPAL > PERFUMARIA > BELEZA > MAQUIAGEM > BATOM;0;24.35;0
7899852018119;C;VULT BATOM MATTE LIPS 3,8G CARAMELO;Drogaven;22.14;21.98;DROGACENTRO;21.98;PRINCIPAL > PERFUMARIA > BELEZA > MAQUIAGEM > BATOM;22.14;0;0
7899852018799;C;VULT BATOM MATTE LIPS 3,8G CARMIN;Drogaven;22.14;21.98;DROGACENTRO;21.98;PRINCIPAL > PERFUMARIA > BELEZA > MAQUIAGEM > BATOM;22.14;0;0
7899852018188;D;VULT BATOM MATTE LIPS 3,8G MARSALA;Drogaven;22.14;21.98;DROGACENTRO;21.98;PRINCIPAL > PERFUMARIA > BELEZA > MAQUIAGEM > BATOM;22.14;0;0
7899852026930;D;VULT BATOM MATTE LIPS 3,8G ROSA PAIXAO	;Drogal;23.85;21.98;DROGACENTRO;21.98;PRINCIPAL > PERFUMARIA > BELEZA > MAQUIAGEM > BATOM;0;23.85;0
7899852018102;C;VULT BATOM MATTE LIPS 3,8G ROSE;Drogaven;22.14;21.98;DROGACENTRO;21.98;PRINCIPAL > PERFUMARIA > BELEZA > MAQUIAGEM > BATOM;22.14;0;0
7899852022284;D;VULT BB SERUM 30ML COR V100 ;Drogal;36.49;31.32;DROGACENTRO;31.32;PRINCIPAL > PERFUMARIA > BELEZA > MAQUIAGEM > classificar;0;36.49;0
7899852022277;C;VULT BB SERUM 30ML COR V160;Drogaven;32.14;36.27;Drogaven;32.14;PRINCIPAL > PERFUMARIA > BELEZA > MAQUIAGEM > classificar;32.14;0;0
7899852022307;D;VULT BB SERUM 30ML COR V210;Drogaven;32.14;32.96;Drogaven;32.14;PRINCIPAL > PERFUMARIA > BELEZA > MAQUIAGEM > classificar;32.14;0;0
7899852022291;D;VULT BB SERUM 30ML COR V230;DrogaRaia;27.49;32.96;DrogaRaia;27.49;PRINCIPAL > PERFUMARIA > BELEZA > MAQUIAGEM > classificar;32.14;0;27.49
7899852021898;C;VULT BLUSH COMPACTO 3G GOLDEN PEROLADO;Drogal;31.05;31.23;Drogal;31.05;PRINCIPAL > PERFUMARIA > BELEZA > MAQUIAGEM > BLUSH;0;31.05;0
7899852021904;C;VULT BLUSH COMPACTO 3G ROSA MATTE;Drogal;31.05;31.23;Drogal;31.05;PRINCIPAL > PERFUMARIA > BELEZA > MAQUIAGEM > BLUSH;0;31.05;0
7899852021881;D;VULT BLUSH COMPACTO 3G ROSA PEROLADO;Drogal;31.05;31.23;Drogal;31.05;PRINCIPAL > PERFUMARIA > BELEZA > MAQUIAGEM > BLUSH;0;31.05;0
7899852021867;C;VULT CANETA DELINEADORA 1ML PRETA;Drogal;36.75;34.96;DROGACENTRO;34.96;PRINCIPAL > PERFUMARIA > BELEZA > MAQUIAGEM > DELINEADOR;0;36.75;0
7899852022246;C;VULT DELINEADOR LIQUIDO 2,5G PRETO;Drogaven;28.59;28.98;Drogaven;28.59;PRINCIPAL > PERFUMARIA > BELEZA > MAQUIAGEM > DELINEADOR;28.59;0;0
7899852024837;D;VULT GLOSSY LIPS 24/7 5,2ML PESSEGO CINTILANTE;Drogal;33.99;32.96;DROGACENTRO;32.96;PRINCIPAL > PERFUMARIA > BELEZA > MAQUIAGEM > GLOSS;0;33.99;0
7899852021331;D;VULT GLOSSY LIPS 24/7 5,2ML ROSADO;Drogal;33.99;32.96;DROGACENTRO;32.96;PRINCIPAL > PERFUMARIA > BELEZA > MAQUIAGEM > GLOSS;0;33.99;0
7899852022383;C;VULT LAPIS OLHOS 1,1G MARROM QUENTE;Drogal;20.85;21.15;Drogal;20.85;PRINCIPAL > PERFUMARIA > BELEZA > MAQUIAGEM > LAPIS;0;20.85;0
7899852022420;C;VULT LAPIS OLHOS 1,1G PRETO INTENSO;Drogaven;15.18;21.15;Drogaven;15.18;PRINCIPAL > PERFUMARIA > BELEZA > MAQUIAGEM > LAPIS;15.18;0;0
7899852022239;C;VULT LAPIS SOBRANCELHA 1,1G COR 01;Drogal;19.35;19.14;DROGACENTRO;19.14;PRINCIPAL > PERFUMARIA > BELEZA > MAQUIAGEM > LAPIS;0;19.35;0
7899852022222;C;VULT LAPIS SOBRANCELHA 1,1G COR 02;Drogal;19.35;19.14;DROGACENTRO;19.14;PRINCIPAL > PERFUMARIA > BELEZA > MAQUIAGEM > LAPIS;0;19.35;0
7899852021294;C;VULT LAPISEIRA LABIAL VERMELHO RUBI 0,35G;Drogal;21.19;23.17;Drogal;21.19;PRINCIPAL > PERFUMARIA > BELEZA > MAQUIAGEM > LAPIS;0;21.19;0
7899852022376;C;VULT LAPISEIRA RETRATIL PRETA 0,35G;Drogaven;15.28;21.07;Drogaven;15.28;PRINCIPAL > PERFUMARIA > BELEZA > MAQUIAGEM > LAPIS;15.28;0;0
7899852018782;D;VULT MAKE BATOM MATTE LIPS VERMELHO REAL 3,8G;DrogaRaia;30.9;20.19;DROGACENTRO;20.19;PRINCIPAL > PERFUMARIA > BELEZA > MAQUIAGEM > BATOM;0;0;30.9
7899852024035;C;VULT MASCARA CILIOS 10G VOLUME UP;Drogaven;24.35;29.97;Drogaven;24.35;PRINCIPAL > PERFUMARIA > BELEZA > MAQUIAGEM > classificar;24.35;0;0
7899852021362;D;VULT MASCARA CILIOS EXTREME SUPER LASHES 10G;Drogal;42.19;47.34;Drogal;42.19;PRINCIPAL > PERFUMARIA > BELEZA > MAQUIAGEM > classificar;43.36;42.19;0
7899852020617;C;VULT MEGA BASE LIQUIDA 26ML COR V150;Drogaven;27.24;31.23;Drogaven;27.24;PRINCIPAL > PERFUMARIA > BELEZA > MAQUIAGEM > BASE;27.24;0;0
7899852020518;D;VULT MEGA BASE LIQUIDA 26ML COR V170;Drogal;31.39;31.23;DROGACENTRO;31.23;PRINCIPAL > PERFUMARIA > BELEZA > MAQUIAGEM > BASE;0;31.39;0
7899852020525;C;VULT MEGA BASE LIQUIDA 26ML COR V180;Drogaven;27.24;31.23;Drogaven;27.24;PRINCIPAL > PERFUMARIA > BELEZA > MAQUIAGEM > BASE;27.24;0;0
7899852020549;C;VULT MEGA BASE LIQUIDA 26ML COR V200;Drogaven;27.24;31.23;Drogaven;27.24;PRINCIPAL > PERFUMARIA > BELEZA > MAQUIAGEM > BASE;27.24;0;0
7899852020563;C;VULT MEGA BASE LIQUIDA 26ML COR V250;Drogaven;27.24;31.23;Drogaven;27.24;PRINCIPAL > PERFUMARIA > BELEZA > MAQUIAGEM > BASE;27.24;0;0
7899852024080;C;VULT PALETA SOMBRA ESSENTIALS NEUTRALS;Drogal;38.25;36.98;DROGACENTRO;36.98;PRINCIPAL > PERFUMARIA > BELEZA > MAQUIAGEM > classificar;0;38.25;0
7899852021638;D;VULT PALETA SOMBRA ESSENTIALS ROSE;Drogal;38.25;36.98;DROGACENTRO;36.98;PRINCIPAL > PERFUMARIA > BELEZA > MAQUIAGEM > classificar;0;38.25;0
7899852021065;D;VULT PO SOLEIL COMP 6G ILUMIN E BRONZER;Drogal;38.85;41.18;Drogal;38.85;PRINCIPAL > PERFUMARIA > BELEZA > MAQUIAGEM > classificar;0;38.85;0
7899852020952;C;VULT PROTETOR LABIAL SOLEIL FPS15 3,6G;Drogaven;15.58;19.17;Drogaven;15.58;PRINCIPAL > PERFUMARIA > BELEZA > MAQUIAGEM > classificar;15.58;0;0
7899852021041;C;VULT QUARTETO DE SOBRANCELHAS 5G;Drogal;38.25;36.91;DROGACENTRO;36.91;PRINCIPAL > PERFUMARIA > BELEZA > MAQUIAGEM > classificar;0;38.25;0
