7896852615645
7892840824891
7896902212558
5013405667483
7898663111682
7896261006867
7898706940835
7897595637642
7908209807488
7908209804395
7897530101092
7891182019309
7898662450201
7898741530480
7898632476712
9788537668528
7891350040890
7898543380627
4894290294364
17891321100858
9788536824222
7897517925499
7908209802926
7896647009130
7908458324491
7896112148852
7898556756761
7896085868085
7891033586400
7894900508024
7897230306599
7896609546116
7898698742448
7896033231626
7896261405257
7896331705423
7896094201538
7891045040587
7896094208728
7896004708058
7908394102658
7896150001256
7898483151479
37895800400181
7898949149439
7898610376010
7896380606535
7896641800030
70945584
7896422506304
7892840822514
7909438043418
7896852616086
7896165600055
7908470026588
7898970965473
7898724570885
7908458332441
6976150500223
7898608959195
7896026303002
7899583202290
7897256253242
7896036548172
7908077449049
7896111944240
7897595602626
7897256293880
7896025511545
7896007200344
7896641804465
7898919089116
7891142983480
7898608952530
7909883125042
7897832863049
7896222718419
7896714203515
7896852615669
7909883386610
7898483150182
7898610374054
7898911495267
7899706133432
7897930764323
7908132208406
7908077434830
7891033534418
7896036521014
7899751109888
7898405065976
7891334101289
7898506256921
7899583205864
7909438007878
7900083015577
7898527127217
7908038600434
7891033718658
7891027229764
7897659698299
7702026149161
7908060114480
070942003322
7908040459365
7891153073095
78924529
7896647060704
7896004744360
7898664978925
17894900530008
7898405063729
7896658022944
75062613
7908071328289
7897042012329
7900083002133
7896094905719
7908209808140
7909883168018
7898040328597
7896006201717
7899360267078
7908458336005
7908609044438
7898646543011
7898483151448
7896181909538
7896111992876
7908420116819
7896112406778
7898623243552
3337875803786
7899026414546
7898002433611
7896573380211
7891035622205
7897900317689
7897042020690
7895800400166
7897517917371
7898258622814
7890133980125
7891800346022
17894993171904
7897042020201
7898447974342
7897779714107
7899205950134
7891142982179
7899753558783
7896183313982
7894494695223
7899572805808
7899852018164
1789751791733
7898460973049
0618341019201
7899783600247
7896023719004
7898656685275
7898566822937
7896020610533
7896004711744
7896644716024
7898211380911
7896025525740
8710103803751
7891033534401
731509974546
7898656683264
7898581711186
7896004702360
78918320
7898657691220
7909438042619
7896311768325
7897144600752
17894900660330
6925187875705
7899852024141
7896043360194
17896061996365
7898656163698
7898126409608
7896002925464
7899420506918
7898782820380
7899753534886
7909883168735
7896116113856
7909883308704
7891024027325
7891317029272
7896212421039
7909883248468
7896025528130
7897230302171
7896647073582
7896001260733
7898650623631
7891027105440
7896211827825
7899014925958
7895800151389
7892840817862
7898447971136
00449421970001
7898562354425
7702026149178
7897027213154
7908759405158
7896026306492
17896007551733
7898588111989
9786555243888
7890133980309
7896033204897
7898538005382
7896380606061
6932159605338
7891317044732
6982002002012
731509993318
7896852612095
7894164008896
7908353601451
7891027415754
7896671693954
7896132132992
7896255767071
7891027033620
7891027066864
731509992021
7899706179973
7899470807638
7894494752797
7898639300652
7898588113945
7891142981356
7891058006259
7898698742615
7898212284331
7891182016773
7899264376791
7898258621992
7897517917388
7896013544173
7896025534476
7896025524804
3433422404397
7896572039660
7908046800352
7898502738759
6948760607029
7899527123896
7898002432713
7899806971798
7899753535890
7899783600544
7898040324223
7899095220928
7908346900721
7898449393899
7893454103921
7894222042633
7898696040447
7898652370885
7908040492614
7898126407550
7896025534605
7899420505652
7896111930687
7899753555539
7898021635522
4006000068510
7908216101791
7891027310233
7896094928664
7898915934694
4902505343599
7500435120951
7891027234522
7896902203457
731509993493
4894290257765
7896658016271
7896085863486
7891142177056
7897517920876
5906735232592
7898633984384
7899788410483
7896004006277
7891024136478
7897256236627
7896013553076
7894164003938
7897947605053
7896852612163
7909438059174
7899869201221
7895144295664
7908209810563
7899852015545
7897517917470
7892840819736
7896004703596
7896036543627
7896965253178
7891772156261
7898610379165
7896852617007
7898941898403
7896342450381
7900083001150
4894290301918
7896444609700
7908458306619
7891317475222
7899898400053
7896036573075
7891008121780
7898650623891
7899852021522
7896094924635
6932159608933
7898960833614
7896858626799
7898417963024
7896326923160
7909438010724
7899620913066
7898078761557
7899850319447
8710103874294
7908240501178
7898405067567
7897779748102
7892687812358
7908458328826
7896852612187
7898588111507
7896044901464
7896094927834
3701129801178
7897476605043
7898129992084
7898671424712
7896830000661
7896036543610
7894222037011
7908609044445
7891350044928
7891317007003
7898650621200
7896444607119
7898595237337
7896013567097
7908083520169
7899852024059
7896042034201
7898483152087
7896004706382
7898416834363
7896111992852
7898405068595
7908689919190
7898596080635
4005900849861
7897517937898
7899850345309
7898911495441
7891027059903
7909438030029
0722713014227
736532611147
7898258627307
7898632475074
7898911494642
7898184464335
7894494183676
7898641077023
7898566826393
7898947920061
7896004704616
7897424080342
7891153096438
7891033471942
7896609543801
7898608951915
7891155058304
7891150103917
7908394107196
7908209802681
7896422503709
7891177081014
7898132847333
7897659606317
4006381566018
7896111919552
7897779609106
7891321320112
7900083019865
7898650622283
7898662451284
7896033203340
7891155047001
7896044900122
7896025534339
7898157616235
7898698740864
7891153002903
7908083513307
7891024037881
7899753558820
7898146823460
7898588328738
7896025530249
7896292255104
7896004754949
7898589684819
7896004790596
7898666420576
7908038604449
7898270190001
7897042006021
7898212281576
7896714290546
7897230304182
6973094271325
7898352913986
7896111992814
7898623954250
7898970341109
7898613211028
7898970341093
7897517906702
7896679220121
7891027145019
3401381463359
7896641805912
6924515550024
7500435137577
7899640808441
7891027005078
7898671425344
7908458325504
7898566782903
78944725
7891033930821
7908083524310
7896279129008
7896013506287
7908209810129
7909342598349
7908470002421
7898610375488
7896341400110
7899014972303
7896004820910
7896326931202
7896676408300
7891150062115
7898212287417
7896112124900
731509817157
7909438067186
7896025524989
7899583202320
7891321103869
4902505511233
7908040476782
7898508020025
8902220108165
7898474844250
7891360656234
7898566290378
7896877602545
7896644716390
7891360629764
7898944524415
7899083119593
7896183313807
7896672204142
7908770619008
7894222029788
7908132288613
7896183313906
7891317017378
7896852616697
7908077446116
7899864415685
7898301057372
7500435197021
7894164005369
7898185411550
7896020163671
7896111903063
7897517909413
7891317016623
7908040481366
7898639063359
7898663111675
7896573379116
7898352914723
7896029603871
7896326942734
7899783600810
7899420508516
6971912073045
7898132987732
7898608959898
7896852615201
7908458320356
7899652102575
7908077444785
00122207001
7898258626720
7896036560426
7897517928094
7896025502406
7896235353126
7894222029771
7898666421962
7898962892602
7898741805656
7896554857992
7898170658526
7896075760528
7899850333962
7898126400353
7509546672304
7896676402544
7896603847165
7894222037967
7896380606436
7896317910308
7898934593933
7896311771554
7898126407543
7908615800738
7898556756952
7897256222569
4894290281999
7898301059680
7897517903961
7899898404495
7898610375266
7909438010601
7898009431290
7898258621190
7898647927544
7898575562862
7909438042671
7908209808416
7898647923799
7899753541709
7898588321487
7898639794826
7896004790633
7891027019761
7896004782560
7896111996249
7899205950196
7891153002545
7501006731132
7897237332164
7898650621798
7891058017392
4894290301789
7896042070377
7898283815182
7898283856529
7898632472776
7896111993743
7898039566467
7896849138539
7898650626908
7896444605740
7896261402669
7898903652968
0070341339527
7897517938338
7898646541659
7898608562708
7897774008003
7896235319658
7896075707240
7898610373033
7892840820152
17891395012194
7899783600292
7501007454894
7899783601978
7891150050235
7899495702840
7896609543795
7908077459987
7891800644470
7896380606108
7896006210771
731509680492
7896112104360
7898947920054
7894222037998
7891027236038
7896111993033
7898283853672
7896444601995
7898965463021
7899938600511
7896380603220
17891321331726
7896004711768
7891027130848
7898911494895
17891321320065
7896512959836
17896061995917
7896094918108
7908346901056
17891321104665
8710103874065
7896422505673
7898168001303
7896010174120
7898168001259
7896180300114
7895296272018
7899783602302
7908439804875
7702045539219
7898352915034
7898632472240
7898172862891
4005900860507
7890406155854
7898222831754
7898395335103
7896025523937
7896181916475
7891182019347
67897256225807
7896075757382
5413787052790
731509991925
7896658002236
7899753557199
7909883263362
7896226109626
7898474841273
7898623955547
7899572813162
7891027070106
7896180300510
7896025502987
7896380603145
731509723779
0043917996431
7909883345273
7898352913801
7908882203843
7896317906165
070330529298
7896658029561
7898405061626
7908083510047
7896852615652
6946438681357
9788538089995
731509833201
7908470010938
78605831
7896020164166
0043917031736
7898132980849
7896111902868
7897517906733
7896027531671
7898608958396
7908040487351
7908083529209
7896033204651
7898591450662
7897947611764
7892840814632
7898650623594
6932159601767
7908083512348
7896004010625
7898646540034
7898951285590
7898248392635
7900083002836
0070341335727
7908615800561
7908083523221
7898608955531
7899898601955
7898562372870
7899621104326
17896061995924
7909883365141
7891360639619
7898617527910
7899852019406
7898973417870
7896111992678
7891033930562
7899640806430
7897832862479
7896523222783
7891721008405
7896422503990
7900083008098
7898369690733
7894494190162
7891033812844
7908497404277
7891951041166
7897076923752
071603003439
7898405067864
7896010174144
618341019089
7899852027821
7897042019335
3282770144451
7896331708851
7891317044756
6941001300062
7898132980603
7898074614178
6931759212694
7891033780006
7908458322039
7899820812770
7896111904046
731509596007
7894494189005
7896111997147
7857410987277
7897230304700
7891360495581
7891360623151
7896079813138
7896641804205
7896422518161
7898671424743
7898656685466
7896641804106
7891150029583
7909883367671
7892692813586
7898100241583
7891024186244
7896647029947
6920897918162
7898566826409
7896181927570
8880000362931
7896902285552
7896025532557
7908040449656
7892828001085
7891317020552
7895800440797
7896004770284
7899700800804
7898369690108
7898078763810
7896004713045
7506195167304
7622300862282
7895800002957
7898623244481
7899783602371
7897571920614
7896311023424
7891150050143
887961376777
7898741950073
7898675509194
7891033471713
7897256233558
7898605222759
3337875597449
7908458322053
7891721024481
7891033535057
7896013540717
7896115704826
7702045538892
7896075701040
7898973417009
7896548198247
7890593315253
7896572013851
731509991604
7897947616813
7500435231558
7897230304281
7898664970868
7509546688091
7896094930254
7899753555454
7896025511484
7896025521377
7896007201259
5901832063223
7891150083516
7896094927858
7891721020506
7894916143080
7898014562897
7908542617607
7899783602326
7898664976594
0043917996448
7908458335985
7894494000508
7898948648483
7908439800150
7897517903381
7898014561333
7891027108526
7891182016858
7896013568575
7891360402657
7898558511047
7898662450010
7891027108137
7898945780032
7891360562979
7908083528011
7898169080116
7897424005642
7891317006013
7891027050665
7899205959458
8411061805206
7897294400608
7896423438734
7896013543657
7891027319748
7899026475250
7702045538618
7891330020539
7891000249246
7899360222718
7908240860077
7895800303313
7899083119555
7896116114211
7891360650997
7896676432985
7899743922129
7897571981547
7898417965875
7891182013604
7908966503845
7896212425563
7891106907224
7896647028179
7894222022086
7898633985077
7898650621538
7897832840477
7896111992609
7898671424286
7891360678779
7898917420874
7898556755368
7896679226758
7896063285187
7896006257950
7898610375389
7896049502574
7896359025459
7891033793723
7898352912217
7896007201358
7891033934034
070341334782
7891027415846
7898608951823
7891045013628
7908010135831
7896044900863
7891027240257
7896261402805
6900000042816
7899547507393
7899808879320
7908040459099
7896112403159
7893595770112
7897517904173
7896013540724
7891200009121
7908458326532
7891182019842
7908169007362
7908209809352
7896025503557
7898765331339
7894222030067
7896115704345
7891200000210
7896115700262
7894494583698
7896279128612
5903719644860
7898222820604
7908486121178
7908458321919
7891150025950
7896380660698
7908346900707
7898662451857
7891150068551
7908279901574
27897476614704
7896279126816
7908439800389
7896098804926
17896007549266
7898632475425
7908458332649
7908040487290
7909438008714
7891317036751
7898358380614
7898212280227
7898567750604
7896046703004
7896326957950
7898488012249
7898588328479
7894494581649
7896211827764
7898483152582
8429420242241
7898650623501
7894222037974
7899768859585
7896714257600
7896033212441
7898608952110
7891158103384
071603103009
7899753539461
7891317033149
7894222036274
7898647925786
7892840824655
7908209807624
7509546671550
7896603899959
7891150051911
7896658056512
9786556170978
7898639380944
7891360572251
6954525205010
7908077432010
7899360264404
7898586630024
3454090003583
7896181922247
7891033472116
7899852019383
7908044743590
7897832875493
7896025524996
7908209805170
7896251802646
7891153070360
7898483151462
7894222030128
7896013513056
7622210573285
7890000152372
7896779628360
7896448111513
7898504382929
7898086992110
7898610373224
7908542617614
7896422515894
731509602883
7909883176310
7891317013820
6932784030017
6922946030047
7899583200319
7891033812820
7896004703251
7896094202719
7896658000805
7898591457876
7896637032032
7898588328547
7899706133418
7896902217751
7897517921866
17896004006281
7899583203679
7896509955018
7898556755375
7891350040029
7896640452667
7891024174630
7898207210604
7897517909581
6932159610424
884851006813
7897832840514
7900083017434
7891027305987
7893095784985
7898741805755
7898976443005
7896026304627
7909438028705
7909883270049
7896572041861
7897076918819
7896115703560
7896331709261
7896676432923
7908689907081
7898650622313
78901010101
7897411650589
7898589684185
7909438011387
7898960833591
7896852627990
7898903652418
7891150070844
7899852022284
7898947144160
9788557584945
7891158000898
7897975010676
7898524344792
7898405060346
7899583201224
7897256267683
7894916509503
7896609545041
7898075318259
7896279128940
7898955171981
7891027359447
7891055647509
7899083119524
7898410045222
6932159607301
4894290294371
7896004704692
7899918921018
7899455903263
7896009498480
7896004752525
7897595634924
7898405067871
7908209807709
7891027069742
7898744782534
7896004768212
7898562358096
7897698209081
7908458322008
7899783602593
7896006200918
7898662450386
7896380603084
7896676432800
7891027049898
7896444607546
0602883920392
7894494192012
7899026400672
7896111904022
7896033204538
7898911689673
7908077446000
7891033515042
7891033535033
7897843100218
7896025501041
7899583200425
7898647927612
7898724572704
7896658011863
7899527174126
7894222042411
6931388597582
7897256227311
7897042020331
7891055637821
7908077460235
7898934595562
7897042019281
7898647920927
0070341339664
7898671425139
7896044960058
7894494195891
7899852018300
7896108569661
7895155703806
7908759403789
7896637033978
7898639380913
7898489513127
7897316801635
7898610370483
7896025538290
7892840823764
7898566825167
17896007551085
7897517920173
7500435146913
7899018443137
7891055653302
7898646542038
7898506258697
7899790909463
7899852021300
7908083512201
7898506253715
7898286940171
7896224410724
7501007454948
7896676400175
7896359035458
7898170656065
32922837
7898410318135
7896183312152
7896009498640
7898608958372
7896033290456
7898132980641
7894494149696
7898656683295
7898021639254
7899753549668
7897517926830
7891027149789
4894290293961
7898591457869
7820161051108
7897464703195
7896111994818
5702157141951
7898570572408
7891158042430
4894290298041
7896019602105
7909438041261
7898610379141
7896640450779
7891317435462
7899783602562
7891150103931
7896033204620
7896183311728
7891317008888
7899701871223
7896033232289
7898944073418
7899105904541
7898961050881
7897337716680
7908209804838
7908132220170
7891331014513
7896013539148
9788557584952
7908024924889
7896094208537
7898698743285
7898741803997
7899850322676
7897517932817
7899852022116
7899751110860
7908458306626
7898126402876
7891033826865
7891234023773
7897230303390
7899360267108
9990003099587
7896512937940
7896255713368
7898964630363
7908458304530
7898662451918
7891058005467
7897517909055
7896679233855
8902220106758
7891317001483
7897230303406
7896902286856
7898170655242
7898687732863
7898606742843
7896004727776
7896115704093
7898929813008
7898567750253
7899014900337
7898216367955
7898966230813
7897252291002
7908448005577
7908209805514
7898656682175
070330100664
7841881033908
7898588320282
8902220114166
7896306616396
7908046801113
7891024110706
27896309204921
7908458324439
7896012801871
7908458336012
7898948960677
7898563360821
7896013544128
7899753549699
7891033530960
7898632475067
7896637017022
7908660200729
7909438045382
7898915801675
7891027324360
7909438045436
7898562356115
7896253903013
7896026307277
7891033000005
7896004754031
7898666422402
7891150049628
7898405062173
7898662452496
7702045538373
7896004714158
7896181924166
7908346900226
7894222022093
7896212429653
7896947000752
7896075711018
7897517909802
7908209800298
7896380603107
7898671424750
7891000248836
7898405062227
7898662436793
7891321333198
7896380605521
7891334517110
7898741530824
7899652101813
7896331703139
7896326967096
7891321320099
7908371627068
7448070230621
7897230303512
7894222033303
7899783601473
7898589682471
8712400778640
7898078317211
17897517909656
7896025523036
7899588009986
7908169030575
7891027324995
7891137003704
7898650621996
7898563360012
7899783600414
7899850340632
17891321333942
7898949253686
7896013502937
7897900312295
17896004010622
7896902240148
7899095202733
7898656684599
7898562371767
7894494127861
7891150044555
7898951361478
7896279104135
7892840822804
7908209810303
7908209809147
7896026300988
735201084008
7896342410354
7891317481629
7897512900170
7898481401569
7897517925345
7899808863268
6295125003263
7896025515086
7896033201094
6932159609183
7891317009083
7908228805991
7898903652340
17896914011214
7898970745631
7898225526497
7891027314132
7896852613016
7898671424569
7898741950226
6920232057778
7898933076864
7891951041203
7899956836039
7898650626601
7896279128605
3454090002227
7896025529311
7896004701462
7891027306182
7897930777651
7896444609489
7891360659884
7896852616208
4006381493246
7899360264121
7891040216116
7891331010539
7908040468626
7897517916657
3154148360117
7896213300104
7896965211772
7891033718597
7899753539157
7898911494604
020800750158
7898506258338
3282770393507
7909438047218
7898283814659
7897947615403
7891182020930
7896111987421
7891027179915
7908083514885
7891010020156
7896115704673
7896212479573
7891155000877
7896025539488
731509549515
7898741805793
7898562351417
609963963591
7896033203326
7898595237719
7898660599858
7908240501215
7898903925680
7891772156254
7896380605743
7900083015546
7896033204705
7899083119326
7898258623972
7899852024226
7891033586721
7898040329440
7909883152567
7891024035559
7898944073180
7891040102983
7891008198027
7898610375990
7899506132925
7899852019154
7897774007006
7899783601381
7891024024447
7898933076260
7897230304755
9788573984088
7891321108697
7898608954176
7899753557601
7908040493246
7898915802115
4006381333634
7891395012128
7622210839602
7898944073517
7898664978871
7899753535258
7908458324453
7899620608535
7897705203224
7899970401183
7896111997666
7896070601697
7896111930748
6946438681364
7908038602995
7908077468200
7896090700431
7896036545317
7891027095734
7896641813603
7898951285521
7896004746388
7891027538934
7896094208230
7898741951490
7899706185783
0722713014104
7896004773339
7908083524549
7891350034875
602883022850
7897158701582
7908077459956
7898617520980
7897042020751
7896523201641
7891721027468
7898911495090
7898608954527
7891058326005
7891317036379
7896624203513
7908083520121
7908077453848
7908077403218
7891150094833
7909189373550
7894916518871
7898650626243
7898277713272
27897849621513
2124650
7891010697266
7899850349321
7898647927636
7896007552788
7896006222675
7898405068588
7898079000136
7908209810624
7891033519330
7612412423037
7891350036732
7899706188951
7891317004606
7891027066536
7899583205871
7897517925727
7612412429039
7898352914044
7899852026985
7908346900660
7898610371626
7898639381644
7896548112717
7909883329549
7898662450362
7898352913207
7908077449001
7898593053397
6932159607073
7909438067209
7891033949694
9786556580661
7896112427360
7898265325395
072512196113
7891058003920
7908458332694
7908040492515
7897903304686
7908083525775
0722713013923
7899026494763
7908414481534
7908083512126
7898724571356
7896206402181
7898623950504
7898410313789
7891158106576
0079400500908
5702051021366
7898608953605
7898395335035
7898623240827
7898599216376
7898947170497
7899970402852
7909438043135
7908209810686
7898608953247
7891060738223
7891010041434
7500435112123
7899420508370
7908040449649
7898405064603
7897595601766
7896111986677
0000042355465
6901016785056
7894222033297
7891155054139
7898965438395
7896025526587
7908038605552
7899083122111
7891200009091
7896046710781
7891150096387
7908615801803
6968332501142
7908103765563
4902505481819
7908040477024
7899852003924
7898644472030
0070341334959
7899083126638
7896020162704
7896737105889
7898040320942
7898300574719
7898524341715
7898760940741
7908083512522
7898212288254
7891268103144
7898488011228
7896326987858
7908077456030
7891800341997
7899744089272
7898671425306
7898699845223
7892953208052
7896737021011
7897517907433
7908759402713
7898513472345
7908169035105
7908615017297
7908683959666
7890260724302
7897027215981
7898258620872
7898556754774
7898741951469
7896235353713
7897517902896
7891150103672
7896609550267
7896885202928
7898660590800
7897840305159
7896444614025
7891010925543
7897517903428
7898474840528
7896902209176
7896484101240
8903855090450
7896023704277
7894222040097
7898671424781
7897230303710
7897042021369
7891027398859
7897013553103
7899808852941
7896492200003
7898960813883
7898632473193
7896006201052
7897517932794
7899783602340
7898671425511
7898184464229
7898283855492
7896004721323
7896647013328
7898907206013
7897476675534
7898632472837
7896380606405
7898698744992
7898588329254
7908458328833
7891000329665
7891360572336
7898483152230
7908040449700
7899783600018
7898599216192
7898715810488
7896004713038
7899753539263
7898671428215
3454090003439
7896015500122
7898952577700
7891106905886
7896771606199
7896183303785
7896572041106
7899095203037
3154148500599
7896111998656
7897917005982
7891200323777
7896380604814
7791293026732
7896015593223
7899852025698
7899527196845
7908083519903
4894290280961
7897018800202
7891153020327
7897517921019
7896090700424
7908209807273
7894222029054
7898646546463
7896025527980
7898608954633
17896061995900
7908077446826
7894494687914
7898646540133
7898078318034
731509990119
7896004705736
4005900696823
7896290402838
7898947386638
7896025511941
7896004725666
7891008273502
178986960405
7891045038386
7908346900998
7909438064857
7896326912393
7891800665437
7898698745081
27896309205072
7899753541419
4260747723235
7896025527607
7896036548189
7899852026459
7908609044247
7909438017815
7908040487191
7896255765473
7898692793118
7898610372265
7896013506430
7896044901730
7896380607259
17891075030098
7908209802933
7908209801882
7898970341635
70755718
7897840306156
7908040492256
6972423636361
7899783602296
7891150075405
7898666420385
7898506256945
7898543384601
7897476610528
7908040468633
7895155808365
6931627000040
7898556756730
7891010257019
7896036548806
7908209811560
7891106916059
7898941898427
070330533073
7898623951099
17898681350800
7899852018218
7898132987121
7898126404962
7898590650223
7908040491938
7501078270737
048675991001
7891334120211
7891321220559
7900083002447
7899706179669
7896094918122
7896509955193
78600027
7898945030854
17896007552785
7898968070202
7892953208175
6956893014812
7899753556246
8411061034972
7898447973826
7899095204072
7891182020879
7891055637227
7899852003245
7896572043056
0619205699928
7893454714745
7899838874876
7891360472728
7896004011660
7891024174685
7896006241003
0070341707159
7896572015084
7896112159490
7908038600939
7898430194368
7897595618573
070330533066
7897230303529
7896112102700
7891253240551
7908209805743
17896007547170
7898300571862
7898040329464
7899583202443
7896292251199
7898623956926
7900392000103
7891055804698
7891033494736
7898556756860
731509991765
7909438052564
7908458320639
7898265324169
7908077436018
7896380606139
7896331701982
7896065860559
7898671428789
7908312127220
7908458336456
7891033937400
7898416830525
7898944073210
7898696040362
070341071854
7897042013791
7896777970058
7894900093070
7891024142240
7894494200564
7899360264169
7898279794842
7896444605849
7898258620896
7898216368013
7891051028791
7897517913960
7890265331185
7896006298588
37895800400167
7908040449847
7897027202158
7896083411818
7898212288506
7898941189860
7898970341840
4005900715821
6932159605048
7891317041946
7896180300077
7897076918840
7896658010170
7897252268509
0070341336588
7898623959101
7909253152760
7800000026832
7898687730722
7898671427812
7897512900811
7898671425313
7898662452472
7891037169555
7897517917548
7899583205765
7891360653387
7899652100212
7898132982300
7908376801531
7899753553788
7896852628805
7898741803027
7891317015886
7898405066270
7898966463488
7897230305738
7891033557646
7908209801486
7898608957900
7898212288087
7891360653714
7909883297367
7896444601735
789005765000
7899850337540
7509546687537
7899753551005
7896025527171
7908542613319
7896049524705
7897849609081
7909438040868
7896609545591
7898671422787
7908083521036
7909438030081
17896342905833
7898211381918
7896025506237
7896013568544
7908209805484
7896658018954
7896326962527
7891360484011
7896094208773
7898650622047
7898595238228
7908458322350
040232944055
7894494200502
7908209810785
7899420508639
7896509911847
7898040329761
6393612136118
7898410314786
7897848728011
7898741805229
7896644715775
7898647925946
7898009434604
7898524348899
7896230304550
7897517903060
7896852619346
6932159603976
7908040492737
7898741802082
7891051007178
7891317041694
7899751108775
7898468503521
7891158000966
5702051056771
7909438041520
7899753551159
7899783600971
7896438510463
7898965666989
7896509911809
7894494695896
7898563364744
7898741806455
7898698741632
7891106905961
7898562359420
7896637030861
7898662452489
7898588089714
7896013502517
7898212280708
7898934595531
99106393
7896111996324
7896132133494
7896094928077
7898636190850
7898662450027
7897947601550
17896007552211
7896108560408
7908289900345
7841881034097
6932159607257
7896094928763
7908209802247
7891182015127
7896004706405
7898562359314
7908077446741
070341341117
7898944524996
7897256225034
7898714760807
7896902211025
4894290296825
7908501710264
7908040459020
7908470027165
7501001165321
7896112407454
7898610375402
7898970341536
7897011000272
7898647921085
7909883364120
7891150055186
7898681351107
7896572013530
7908324403817
7898595463064
7899753554990
78923409
7896004768472
27898613211022
4006381493154
7897517919214
67897256246772
7898911494611
7897771300117
7891721020933
7791293035215
7898591459771
7894494780875
7898556754392
7898595237498
7897230303611
4005900957726
7898610373439
7898589682952
7898286940867
7908376801241
7908439806886
7909438035680
7898610375433
7898524346987
7898460972912
7908077459949
7897832849722
7898639793881
7898646549440
7908209808454
7898222831440
7908040463324
7891321101605
7898915932867
7908083520916
4902505511172
6932159608513
7898157614316
7896094922211
7896025536845
7892840822774
7897849608039
7898666420453
736532611222
7908077444853
7896132133470
7896013502777
7898650622405
7898523202239
7908448006291
7880011607909
17891321320171
7891106916233
7898009431276
7891691083228
7898948648735
7896116109408
7897144956729
7908083519828
7896020160168
7898656685244
7897517909239
7900083015539
7891033937370
7891350043983
7896317900316
7897595639066
7896004703428
17897517909595
7896025527072
7896380606566
7891150024571
7898283814505
7896572039691
7892840821197
7898650621217
7896444602565
7896380605828
7896647009888
8888810000023
7509546678870
7908209808171
7898650626274
7896033201827
7896111900345
7622210566362
7908240501208
7896025539631
7897424003105
7898283815311
7908909600044
7896211840435
7896451912886
7899852022413
7622300842468
7622210533005
650240018640
7896025513464
7891240002755
7899753543789
7899575900555
7896573380266
7891155083115
7896637030014
7897254127613
7891033925995
7898132987657
7899852019192
7891321332023
7908083520374
7891033519293
6923001000074
7908452311091
7908542607660
7898021635508
7908439804509
7899661776873
7897530100873
6931759220606
7896042082738
17897517909588
6973094271417
7896015591441
7899621108300
7908040476614
7898126401190
7898405060551
7898589684444
7891360635574
7898432536845
7895099710953
7891634011011
8411061081167
7896006222767
7899788407384
7896132134347
7891176117622
7898430194535
7898664978512
7898009431160
7896013552185
7897779812100
7908169033811
7894494200595
7898962892909
7896006220534
7880011891063
7896226102535
7896181918752
731509992731
7898567750697
7896306625350
7909883416607
7909438043449
7894222033488
7898656160710
7898212282597
7898707140166
7898610373415
7896094916289
7898664630823
7896112101567
7898562351714
7896009498633
7896317903645
7899852022321
7899753534855
7896852615218
7898623244351
3504105036126
7898430194603
7899083127338
7898283857953
7897947616523
7908376800091
7895800303320
7897517907518
7898660596710
7898170659004
4064666318233
7899753551074
7908823500055
7891134001963
7898765331155
8901148243651
7898662452908
7909438042664
7898968070219
7908240885636
7896679233190
7891317038021
7896025503489
7891150068544
7891027322953
731509990195
7908324405125
7897517937164
7898632475395
7894494192043
7909883418021
7898919602391
7896075707158
7898947170633
7898518430401
7899105904749
00322266000
7908277400048
7891033479917
7898079002963
731509992663
7898610377345
7894494194894
7898582680436
7899808893173
7891027083915
0789888134686
7896279103909
7891058003289
7897595900685
7896572043063
7897832862837
7891010926960
4006381333658
7908040476669
7908038604432
7908458322459
7896964626386
7896637023627
7896111996782
7899706179997
7622210530066
7899808802366
7894970546001
27897849621520
7898538004880
7898589684901
7891024031384
7896714203782
7892840824716
7898650625895
7506339391336
7908371617571
7622202256691
7898911309212
7896011707440
7897042013746
7896111992371
7908458313143
7908458336449
7898548356344
7896150023531
7896013502166
7899583203242
7898582380756
7898662451345
7908671602215
7899640806058
7896015528997
7900083007923
7896676422337
7899640808786
7896004707174
7899753557441
7898666421672
7896006210788
7448070305824
7898258626423
7896852618974
7891000142202
7898706850257
7898970254126
17896342914231
9788538097785
7898405062845
7895098728614
7899852022208
7898944073166
7898706850349
7908209801424
7896090611782
7896658049262
7897517924072
7896914011217
4894290299482
7899852026329
7898216368037
7896112143598
7898265324572
7898920041257
17908414434834
7896011707495
7898556754415
7500435004510
7897042019366
7908417500102
7894494653223
7890026901336
7908038605545
7908209807815
7896852627983
7898936770837
4006381401074
7908458333189
7896676419269
7895858017309
736532611215
7891033930654
7896444606419
7897698235103
7898723630863
7909342634092
7896658003547
7908040459341
7896637029070
7898483152124
7898483150113
7898579483705
7898258626003
7898589684949
7899820812992
7891045038690
7898343701233
7895155704537
7899264342147
7899700801054
7896641807510
7899852022499
7908823500123
7896380605859
7896852618776
7896025522244
7891033474011
7891075403192
7908324408690
7896902212244
7898664975832
7896647037881
7896006201731
7897252260411
7898939082579
7896964622142
4894290282255
7898225527074
7891356054709
7896523220239
7898588321395
7898100243112
7897664168244
7898279791179
7899640804061
7898608954374
7898957474837
7908458329205
7908083512324
7908083513994
731509627831
7891033923670
7899360264350
7897517919900
7898119103711
7909438009285
7899360264053
7909438042602
7908083512904
7894993108262
7898946015164
7897517903503
7891321230886
37897849609075
7898119103926
7898911309366
7896647011782
7898652370892
7891142165770
7899753549989
7896013521976
7897903304693
7891027398866
7899026400832
7896004708942
7896226502410
7908040482721
7896212420018
7899621105293
7898623241435
6985590009364
7891301371387
7898968070318
7896075760436
7898632475111
4894290282019
7908458306664
7894222043265
7908324406184
7897517917517
7891033881352
7899583200913
7898970522133
7897572001428
7898770420042
7908236800643
0741527445973
7880001164085
7899753544823
7896644716017
7896054719226
7896111992753
7898749971131
7897947617513
7896006216636
7891150054462
7891153005256
7896671692933
7898610376829
0070341707395
7909438039893
602883749023
7898101645199
7894494300547
7500435123662
7908458332984
7908458316694
7896111900161
7896523228365
7896004729985
7898970341017
7898556752954
7896042033372
7891118025664
7897517910846
7899852022963
7898662451673
789611240684
7891027069872
7896112132974
7899095222113
7898934930981
7897406120011
7899014972884
7897042010721
7898562358935
7896243101191
7897237312111
7897230304076
7898148299010
7897889102535
7900083016635
7898610379158
7908077460433
7891219025266
7896902217317
7899588012269
7908458335930
7896331708837
6931627000378
7908083513161
7898623951716
7898599214464
7894222021652
7898631556637
17894900504009
7896183317119
7908458329267
0722713013794
7908040460903
7897775670018
7908077467586
7899852003146
7908040449724
7896647044100
7891134007477
7899583205741
7898369690719
7898671425269
7896111993040
7896036576410
7908083520299
7898650621453
7899706190923
7896326931226
7899751110853
7892953207406
7896006201564
7897517917401
7891106909495
4006000068534
7898944524149
7896965214728
7896036560518
7908209801905
7898664975849
7899420508448
7898085942024
7909438042640
7898441790191
7899095201354
7908209808843
3504105035624
7898184464236
7891142981394
7898562352223
17897517909410
7898608958679
7891150038189
7899706192699
7891033301997
93868532
7898506258970
7898078761731
7896382708183
7899808838853
7896326940747
7896083402625
7898665432815
7898650626267
7896004733531
7896444606068
7896004701967
7899820812671
7891033534289
7896114312886
7898610374191
7897476606330
7891033480951
7897256223498
7896004775043
7898527127323
7908077460891
78907188
7894222033280
7891058022792
731509974645
7896226101743
7702045538762
7908040449632
7622300847760
7898588111590
7898610377949
7896025532632
7891137004008
7897771301015
7898185416210
7896025526969
7898915802436
7898903991494
7896902286306
7898617524322
7897517906672
7908458317851
4894290283993
7898970162582
7908448005423
7891317031015
7898610378625
17896061996372
7896025524033
7895800412787
7898258620025
7891158106552
7899852027128
7896509963914
7898460973001
070341071878
7892680550141
7898591450709
4894290264848
40151748
7896046705008
7891317027988
7897027272076
7898741802228
7892840821166
7898581711230
7898646540744
731509994803
7894494669743
7898009430132
7898302727526
7898212286724
7899918920998
7898647921924
7899706124959
7897517933197
070341339398
7908169038861
7899105904886
7897779809100
7896311770755
7891027059897
7908209806887
7897517901837
7893454103914
7898610370384
7896094920637
7898352915041
7898579482593
7908083512249
7898650626304
7896033232425
7891350032123
6932159610912
7896230301146
7898589684833
7891055682302
7896637025553
7893460041378
7891040216123
7899788400934
7897254101323
7896676410471
7899360263964
7898623243101
7891158101687
7891150103900
7898952421867
7896004762227
7899547513042
7898108640074
7897832862530
7892692815474
7891033940578
7896641810695
10917701
7896852612019
6920232057785
7898302722132
7891350040104
7897008900301
7898647927650
7898286940164
42110200
8768550733244
7898265325678
17896061996617
7898911309380
21333195
7908458320592
7897832814164
7909438038964
7908209808393
7800704202303
7897849621540
731509792553
7909438039916
7898222820581
7908040467728
7898172860248
4005900345301
7898447973963
6948549065842
7891317031091
7896094927025
7896540766918
7899095239975
7896004006239
9788557584716
7896075702023
7891027048051
7896852619490
7503002900246
7898369690764
7896014140701
7898132987671
7897027210276
7897731122070
7896226100296
7898637224820
7897517920418
7896317900200
6937897612167
7898502733860
7898040328603
6821666526734
7897517904814
7898589684659
7908420111036
7896980461077
7896042006079
7501007455105
7898707142979
7898132989392
7892840814540
7896342905560
7898623243118
7899852024806
7896637029018
7898650622139
7896422513951
7908209809888
7898947144139
7898503180144
7898599212712
7894494136108
7896025527041
7896326964620
7895155792671
17891321107895
7896818201011
7899700801016
7898944075245
7908704502529
7898610375082
7896075758259
7891027234577
7896013502630
7897517904227
7898483152537
7898994127666
7891075060210
5678008262598
7908458320516
7898662451055
7899014900375
7898283814475
7898483152292
7908077447366
7891634011042
7898222832089
7898303263870
7898588329148
7896444605733
7896111992487
7890001173598
7896183317034
7898617524285
6191020030000
7899852021263
7897517926182
7908209809925
7891027069933
7894916504119
9788536824390
7898168001150
7898405063156
7891024028018
7908209806177
7909107543058
7898541105048
7898126405815
7899360264466
7896111992890
7891033566150
609963963379
7908209808669
7702045539110
7891360599340
7896049502529
7896036572054
7897230304199
7908083529643
7896002915458
7908040467926
7899640808946
7897230306513
7896902212251
7896025536814
7891350037050
7908448005126
7896006259701
7898647920750
7896006219590
7898222831730
7898416442995
7897595638175
7894494668722
7898556756273
7908077453022
7897476618708
7908209809659
7899852018317
7898078319826
7896013566021
7909438070742
7897595611468
7898562358195
7896714215204
7898283857823
7897779694102
7895144228532
7898970341871
7898146825426
7898970341703
7898952577120
7898258626430
7898632470628
6952033002138
7898352914792
7909438008837
17891321060633
5806
7896025502734
7898222831761
7898132984922
00456832880005
7900083008111
7894222033808
6932159608919
7908704504134
7898294071850
7908785465034
7891800665024
650240019142
7897230303642
7899014900368
7898504396810
7898588323467
7898588326314
7896132134385
7899744089289
7897517917661
7898608953018
7898524347939
7897595635914
7899706239189
7909883308834
7894916143226
7896111913802
7898589684611
7898911689208
7897595902146
7898369690757
7896224410632
7897137903723
7897698211251
7896111947777
7908103765549
9786526107454
7896342408405
645719650049
7896224410304
7899852024721
7896004782867
7898172862921
7891027390426
7892840268046
7898556757072
7891360653370
7896342435869
7898698741830
78909823
7898698740024
7898283858288
7898656681291
6968492858902
7898562356351
7897230302270
7896111996485
0070942306805
7891800231083
7898519450262
7896229972302
7898185415176
7896671692896
7898741950066
7908785412281
7897840301540
7909438027029
7891033853960
7908770604639
7898948029190
7898089300189
7898410311815
7908083527779
7896852610480
7891301488887
7891321332986
7894494280870
7898312241821
7908077452490
7899670917410
7891317191689
7891360651000
7896342916702
7908458326310
7896006201465
7899640806980
7891027538804
7898656683486
7908083527892
7896380604937
7908077460839
7908040482653
7908083512508
7896181927297
7896965258838
7898132981853
7897076913050
7896004704333
17896004008995
7898781566678
7896033232784
6960652122519
7897947601147
7898132847067
7897840305425
17896342905840
7896380605941
7890269196964
7898965438333
7898970725237
7899735393463
7908077446833
7908169042790
7898623951693
7898605222889
7898301059024
6926641048420
7899588003465
7891150037489
7898589684284
7898960813777
7899788400101
7898936049124
7898212286731
7899083123774
7891150017368
7899572809769
7898911495045
6926458675024
7898947170473
17896012880187
67897731141158
7898610375426
7897835702239
7896111993767
7896023733390
7891040216147
7898405068137
4005900904614
7899753557533
7899014972822
7898650623822
7891395035059
7898595237481
7898644470692
7891142180773
7898949149699
7898911309076
7898588325294
7898936049131
7891321230442
7754111532037
7899808861776
7891153096452
072512196069
7908458320479
7898632473414
7900083001839
7898556752510
7896013502814
7894222041346
7896021628018
7897517923761
7898524348516
7898960813852
7898671424880
7896858626805
7898212285017
7896033212953
7898681350100
7897186028613
7898283857656
00321802000
7898148294121
7908236500345
7891350041194
7898623952324
7896255711005
7896004010465
7897517937034
7898671427584
7896444609670
7896138700386
7898671424040
7897424081417
7891150059672
7898566788806
7898279798307
7899095201903
7898303260664
7891008118926
6924466301812
7891173025074
7891150106420
7899640808168
7896111900208
7897500558642
7898405065556
7899700801023
7898932370932
7908470603284
7898430194504
7891033931064
7891268107609
7899706141062
7898146820759
7896004703688
7892840819729
7890000255530
7898095297169
7897230304854
7898741802068
7898952577540
7898911494963
7899852022406
7896004781358
7898623951914
746817584165
7898157233326
7908615090566
7896279127165
7898741804628
7898945782616
7908239716798
4894290296818
7898610377925
7891142142283
7896647031285
7896359025138
7897517934170
7622210878946
7898289786400
78924383
7898664970769
609963963348
731509993578
7908209802650
7702045538571
7908209809208
7891010257002
7909438042534
7896033234115
7891027059682
7908209810020
4894290264862
7899869200941
7622300867119
7896336006631
7896279119443
7896292251205
7891027070823
7909438042589
7891033510658
7899753549774
7891317038038
7897930762060
7898646541178
7896036548363
4006381105279
7898430194016
7891317044770
7899588007265
731509638080
7898591459511
17500435106662
7897947601420
7896004702216
7908040428842
7898936049025
7898960030839
7897779754103
7898132980672
6920895718177
7897744504849
7898416830105
7896004719597
7897256274391
7899852020594
7896044901747
7891153044392
7898506258178
7896641811616
7896033251648
7898671426013
7908542617621
7896020164234
7896009498190
7909883232054
7908077453763
7898506250059
7896641813627
7896212680115
7898623952690
7896676432602
7896036560464
7896006257943
7897322701752
7898610374078
7899674035196
7896852612170
7898610370308
7897517937768
7896852615720
7899056681027
7897900317665
7896033233866
7899852018126
7899850305327
7898283814482
7896885202850
7896714292045
7908497413446
7894494689055
7898662450423
7896111907641
7898622098160
7898483152179
7899026408289
7896512955265
7891027538941
7896111900178
7896044900887
7896181921363
7891321104668
8710103871798
7899640808779
7898942324406
7899735393487
7898405067086
7898225527043
7908209808379
7898617522250
7896952500254
7898588113778
7898994866015
7896444607171
7908985909765
7898647927599
7896523213828
7899455910100
7896965203401
7896033204774
609963220694
7896033232760
7898258622210
7896779601288
7896013502791
7894494149450
7898945782630
7896679234173
7896049508736
7897840300376
37895800400143
7896015521684
7898413661351
8710103962328
7898656162417
7909438009865
7891027098339
7804320148397
7897653549146
7898595237269
7896444614414
7896183313999
7909253123623
7898303260671
7896444601223
7896269900693
7897775664017
7899706188326
7898078318416
8901148243637
7899264342130
7899014925941
7898751690006
7898588327748
7891035990403
7898623241541
609963963607
8903855085135
7891027059941
7908209809307
7898647921641
7891317011475
7898567750260
7896004714608
7896111992265
7896036570043
17891321051501
7898911689536
7891150056589
7897779687012
7908083520244
17891321104368
7896679226819
7896603846250
7908040477161
7899360265371
7898650623792
8902220106024
78909816
7898943477200
7908458306602
7896001250710
4005900889713
7898608956514
7898567750574
7895144693149
7898610376409
7897517917593
7896902212190
7899640808489
7898698740857
7898650626281
7891634017921
7898588328691
7898474841075
7896094211308
7891321107898
7898595270099
7896108560415
7898449405967
7899014918523
7896112402282
7894916509343
7896049528789
7899788408602
7896004726687
7898410311907
7897230304960
7896111947760
7896180302088
7908209808157
7896852619469
7898632473407
7897027213260
7897771301510
7896007546299
7891033864652
7891033500987
7898911495229
7896714225296
7896226500218
7899852019826
7899850328623
7897169221802
7897595624642
7896647009048
7908077467562
645719650193
7897517927301
7891317024291
7898170655051
7896111906507
7891321103500
17891321333720
7898662450140
7898130550013
7891010256371
78910645
7896326953358
7899083121770
7896964622005
7898662450409
027084638981
7895155397357
7898133134784
884851029065
789888134907
7500435140157
7896112448440
7896885204106
7896015500115
7892680335069
7896004008998
7899014963882
7898647920415
7898696040409
7908083527649
7898683860003
17891395012149
7898698743391
7891027234744
7896676408010
7898212288681
7899852003122
7896965214735
7896372500476
7897042020348
7898610378571
7908236800049
7896326988091
0722713014074
7896964625808
8720689012676
6920232057723
7900083011227
7898666422433
7898579482586
7898639380777
7891182840095
731509992014
7898652370878
7898965666446
7898132989286
7898216360598
7891317024444
7908016619465
8712400771566
7891150054943
7899095222236
7897947601819
7891350042153
7909883402136
7898632475951
7898657691343
7896603845802
7896033204880
7891360653400
7898632475975
7908077460679
7898562372887
7896026300223
7891360662594
7897705201831
7896042066868
7908077449018
7896523207803
7900083002522
7897214701136
7896572041939
7896342914234
7898488010801
7896852615331
6931759249102
4006381333689
7897900313070
7897530101153
7908209809437
7899956836022
7908615801551
7896641808548
7898132989330
7891360484653
7898524349261
7897571922472
17896007553713
7908040459358
7891033072330
7908013507932
7898369690740
7894222033471
7896279113090
2159355
7898608954275
7898623242449
7891321320174
7898286942823
7896111992531
7897517905828
7898933076871
7896036521120
7898021632422
6932159610547
7898646540737
7896112128861
7909883167981
7898502739022
7896036548615
7891033471775
7898664975757
7896509955049
75076870
7896852618073
7908458321377
7897517925529
7898647920712
7900083001921
7896112123675
7908077448561
7898506721337
7898758084525
4894290996107
7899753550091
7898632470895
7897776007004
7896380606573
7898212286625
2125916
7898212285987
7899470804521
7896380606115
7896004705385
7897254101668
7899640810345
7892840825218
7896771609541
7898185410621
7908542607707
7896093002174
7898589684550
7897517904067
7895144125114
7897572001923
7909883362584
7891027048372
7891153073224
7908083523146
7898666422044
6922946030320
7791293018874
17891321062125
7896173100240
7908209806924
2109050095726
7899753549682
7899753549330
27898944524129
6931759225786
7898617521741
7891317013912
7898944524811
7908240897059
7891058006501
7896509975719
7891027324964
7896306616389
7891033496839
7908209807143
7900083021127
7896224410229
7908209809123
7898741530367
7897230306506
7898343701295
7896111987360
7896132127288
7898126407567
7891142203410
7898647920477
7898632476422
7896380603114
7900083021134
7897517928452
7500435118507
749355833726
6953222115141
7896279110037
7897572006348
7898671428758
7896852628799
7896112158363
7896013500384
3616305827258
736532760456
7897517925741
7891116169544
7897630519957
7898589684581
7896042083186
7899205963851
7898483152100
7897517906719
7898483152148
7891350040883
7908040467735
7898474844748
7909438064833
7899783601992
7896098805329
7898563369183
7891317024284
7892840825195
7896326900468
7896279129237
7898212282276
7896036541159
7896094922198
7897840309478
7892692812541
7899852020198
7896042034409
7908448001401
7898588321920
7900083015720
731509966497
7896111999080
7908458335831
7898610370667
7909107927858
7898741530527
4006381574600
7897517906689
7894494752773
8003440992456
7898656683301
7894222021645
7896025514959
7908420111074
7897517932732
7897947600713
7896641810244
7899956866579
7899105904466
7898647929272
17894900503002
7891150106383
7896092000652
7897779731104
7896852615744
7898588328516
7908542607677
7908209805934
7896317900217
7896658003561
7897411603103
7898279799823
726669007364
7898671425382
731509990171
7898723631051
07896044900542
7891150060821
7909883397593
17896007547200
7898474840047
7891010253066
7898506257843
7896111913062
7891800198096
7908615060965
7899420507472
7898599213498
7897517919689
7898633382609
7908458317097
7896326914830
7896004701172
7898671428994
7898662450164
7898687734454
7897731140401
7896044999546
7897517907990
6956654632651
7898698743223
7896013508892
7898352912231
7908414468047
7899672915483
7891027005313
7908458324422
7898212288698
7896422507400
7891033875603
7898610377239
7898744786150
545773963270
7896006222668
9786555006674
7895099704099
7898132980726
7899640807512
7897256260035
7908169014384
7896224410908
7896111994801
7892940000034
7898009437575
7896025527102
7891023556833
7898146820582
7896004731568
7899753556406
7896004749037
7891058005566
7896026300155
7908209809574
7893871820302
7622210573445
7894494583674
7897917000222
7898416830082
7896009498497
7908704511040
7899850328876
7896185998514
7898970341307
7898695063454
7897517933012
7896658003172
7908077466992
7899783601428
7896043352618
7898608959164
7897903302842
4005900854360
7897517921880
7898662451260
7898970341062
7898939183726
7908077446499
7891150093256
7908236800667
7898157233418
7897517931100
7894494153228
7908040492799
7899474299200
0070341370889
7898656685091
7896885204205
7622210858245
7899914000830
7896676434309
7908439805513
7894222042909
7898283814680
7898483152018
7891177081168
7896025521995
7908209807891
7896082900252
7500435205238
3282770388510
7896965215350
7891040137596
7896181909880
7908040468732
7896054719233
7898524347014
731509991703
7891033925513
7896044998785
67897256244334
7899918922558
7908083513222
7896115705526
7891137006590
7896331702545
7899588010821
7896641805936
7898512862123
7898958060435
7894970001210
7898662430555
7908169029067
7898671423029
7898617527125
7891027305758
7897517909833
7891027150235
7896643408630
7896544927230
7897042020720
7908209805620
7892840820596
7896212420629
7896444603555
7896609543078
7909883367527
7898008554105
7894916500593
7891360662914
4015000090711
7896112132066
7898395333062
7895800151570
7897230304571
7891150037274
7899572812271
7898687733648
7896027549515
7897517907983
7898595237368
7891158103063
7909189289554
7899583202023
7896380605910
7898953165296
7891653011146
7896658037061
6920895750696
7897158722020
7899652100731
7896075707219
7898524341920
7899014978053
7891024034910
7898698745401
7898961074283
7898170655259
3282770141481
7896309201681
7896852616079
7896261402843
7899420507519
7898636191604
7898632476071
7899783600575
7898697104308
7896025542006
7900083017410
7898608956316
7891027134204
7891334109018
7898524346659
7898636190782
7898605251827
7908040487238
7896004715742
7891033913206
7897779703002
7898172860040
7896380602926
7891058021580
7899852024837
7898707145123
7898671425399
7898126400117
7898623956162
7896046704001
7892953001745
070341338568
7894494583667
7896132130134
7908077471088
7897731100030
7899652100618
7894222022215
7896422507394
7898944075238
7894494271991
7891033481392
7896311760794
7897620001905
7893353036504
7897517930103
7899014972907
7899547535693
7909883126216
7899095232655
7898664976600
7896637023979
7896094999503
7899706198356
7898582382378
7898146825358
7899938600528
7909438042695
7896111901199
7891321104361
0722713014081
7899753538150
7891142202833
7891027291624
6932159609367
7898632470864
6903612145142
7898610377888
7896311773282
650240018183
6920895718139
6210581021606
7898599216635
7898662450973
7891321333761
7898538008895
27897027293945
8710103686057
17896007549679
7897517957018
7898744785108
7894494772023
7897571960016
7891321330821
7896279117142
7899583202016
7908040487061
7898303264129
7897595634177
7896326910504
7898664970967
7898283857809
7891721202735
7898994127659
7898958119157
7898352911555
7896222720535
7891027108571
7896004755410
7891317476588
7896112400035
7909883232221
7899026456020
7898405062371
7896422512145
7893454100661
7896025538177
17891321320096
7898556754767
7897386781394
7896114300302
09042417002
7891106908894
7899572808687
7896317910261
7898569380717
7891313608853
7900083019834
7898447977718
7899852024899
27896309204914
7899621110280
7898258621688
7891317192822
0703387016229
7899095244092
7898132987114
731509644234
7897337704960
7908216131637
7896380605866
7899572810383
7898610373231
7898671425207
7898433202565
7896004731018
78924338
7898663111750
7899852014982
78930469
7900083016604
7896132128612
7898352912118
7898681350018
7899808872567
7896777912027
7891360653271
7899588009955
7898300573101
7898964630233
7896676433425
7908823500079
7900083001037
7894916341318
7897520154251
7899701871261
7891158103353
7891182019156
7908013506850
9788557584785
7899026423404
7898582382385
7898405064283
7899751108812
6799203031013
33921718
7501007454771
7500435181747
7908823500062
7908209805811
7896952531289
7899095201378
7898556753883
7896065860719
7896025500297
7898671424972
7896255765466
9788568599082
7909438032054
7500435125475
7891027281885
7896279113410
7891350032116
7908077460884
7896063200289
7897076923912
7908609044278
7891360639626
7899640808243
6920232057662
7891317044763
7894222009896
7898610370513
7898405064979
7890000022118
7896326950142
7896094208704
7896647043691
7896444681331
7501007455150
7898211382151
32456226
7891321101384
7896026300308
7898623951273
7898765331162
7894494187858
7897424080427
7896644703932
7898474845103
7898647922761
7909438067223
7891027059989
7898944500310
7896025529472
0736532675668
7891027007058
17908542629188
7908448005416
7893454714844
7896115705502
7898966640360
7908448006475
7896036541111
7894494190445
7908132220200
7899788400361
7891150050075
7899008057443
7898650621774
7898623243248
7897216933993
7702035833792
7896004726427
7899820800142
7896112409106
7896523228396
7896111907665
0041333050850
7898647921917
7908209808577
7891317016142
7897316805114
7908209810181
7898650625710
7908083525928
7898715810914
7898589684796
7506339391329
7898589682860
7898741802037
7896279129107
7899790225457
7908422601023
7896644715805
7448070304216
7896422501187
7898698742387
7908209807792
7898954372518
7894494200489
7898589684277
17891321051068
7896554837987
6931627000064
7448070230607
7897517927004
7909189380763
7908077460181
7898639063342
7895144205663
7896111992340
7898258624450
7898040324940
7896382706653
7896572034603
7908083520664
7897424080359
7896004732626
7896852627952
7897217403990
7896025526310
7908458307456
7898970062103
67897731141141
7908020506997
7900083011838
7896004707419
7898960833638
7898934595579
7891035910944
7898099063173
7908346902169
37908215502101
884851033277
4894290256966
7896444609359
7898957474653
7896036526545
7908169028527
7908209809758
7896111995303
7898647920880
7891317498306
7899652101844
7898185414810
7896043360187
7908458326297
7896036577011
0070942005142
7908458317110
7897832888554
7898662452922
7898660596383
7891033476084
7896658029233
7908077459796
7908038604920
7909189246762
7896036572511
7896033233767
7896714292137
7898302727274
7896036573068
7896658038716
7899470802565
7899014950578
7898589682747
7891317452933
7898671424828
7899852023199
17891321333171
7897517925802
7896004701820
7909875069224
7891153069975
7899852021287
7896902207127
7898903652357
7898410313574
7908458334575
7897779701107
7898741801818
7891027079277
7896572011048
7908077459710
7908512700735
7898024398783
7898079000419
7891350039849
75058845
7896226500416
7891051037632
7897337709149
7897517921101
8411061805015
7898664970714
7900083002812
7898625791952
7898650621842
7898258621268
7899658329280
7897530100712
7896004733302
7896422505963
6924010302012
7897947600577
7896279103879
7896852614839
7908209804623
7891027349332
7898662451352
0887961522136
7891027059873
6932159609145
7899852001500
7898610372579
7896006214601
7896444605832
7896311773268
17897517918115
7891150083073
7896609550410
7891033930760
7891150018846
7898970341369
17891321103927
7899808875193
7896063200272
7908823500086
7896004777221
7896025510623
7891317015473
7891182860017
7898595237252
7899083122104
7896006261803
7894222030104
7896548133613
7897230306575
7896004738734
7899852000022
7896036520727
7896451912923
7896744802900
7896094921948
7898301056504
78919464
7898283854440
7896279126762
7896044997269
7891350034042
7908046800161
7899788408435
7908134200019
7896013544296
7899653781366
7908458334032
731509990188
7898671428185
7897698221038
7898646542205
7896572011031
7893353036498
7898395333734
7899640810413
7896150000020
7908083522712
7897027213192
7899850353120
7908040476898
7898960498578
7908458320349
7891350034066
7896020163732
7891150093263
7898582291663
7898650626250
7896444602534
7898947170640
7898647925892
7908083525652
7898216364367
7897230303734
021200701726
7896111992777
7898483150267
731509992540
7896004785622
7896004707198
7898608953650
7898148298914
7896444602183
7891027007386
7896094925397
7899808867860
7896292251106
7896181925811
7891360641162
7896311707904
7897517937461
7896013564843
7898939082562
7891040003877
7898671420059
7898581710417
7899706180986
7898212280142
7898258620858
7896094914414
7896849138577
7898132846992
7908077456078
7900083017427
27897027272025
7896132131681
7896852618967
4006381493369
7908458317134
7899850346511
7891027069896
7899808852903
7898379222689
7892840823610
4006381401104
42277217
731509673609
7896380605835
7898405063750
7898506256266
7891395012098
9788594728289
7908040476539
7898506257829
7898413661320
7896036560327
7898132984885
7898970341154
7896342408399
7898212288643
7897517903435
7898671425320
7896004756417
7898002433246
7909438042541
7897256245926
7891027234560
7908209810341
7896342900626
0703387008415
7899360264190
3616303393052
7896185924513
7897840309447
7896902201255
7891000259160
9788533926950
7891721008368
7896013506324
7897386750710
7896111921739
7897256244332
7891360495543
7898647923065
7891033536122
17891321333768
7899547532777
7898352912187
7896676416909
7898569760458
7896311767601
7894494585906
7899753551340
7791293034973
7896013544159
7897337716673
0602883749153
7896111950302
7898915802252
7898687731330
7622202280689
7898170655297
7896004711218
7898666420446
7898413661382
7896980466706
7896004768465
7891114001266
7896235354550
7898608951854
7897411610101
7891027306120
0789888134129
731509996562
6932159606847
7899572803095
7899852021256
7897840305609
7622202303579
7900083017441
4894290677945
7891137006453
7898556757157
7891150029538
7898970341338
7896025503090
7897517902476
7898944500150
7898623951938
7896079811127
7908458313105
7899808877685
0070341386187
7509546676425
7898588326772
7896042061788
7896380660674
7908458332458
7898744460012
7891027352967
7895858016241
7896279129183
7896342452675
7448070304094
7909438042435
6931759231077
7897517920838
7896132121019
7898695063096
7908209807853
7896342916641
7891721000126
7908083512867
7897517917333
7898506253609
7908040450829
7909438011905
7898617529754
7898170655273
17894993000839
7899583203105
7898562354333
7896647022443
7896306625671
6902022567025
7898610375532
7894222040950
7891010913908
7898568442980
7896509955322
7899095200296
7908134200125
7898126409240
7896380605538
7897042020218
7500435116299
7898671425528
7896132130721
7898483150595
7896033232081
7897042019359
7891150088344
7896798600330
7891182033640
7891317006075
7899838847665
7896380603268
7908458332632
4064666316246
7896952567363
7898671424064
7896548197554
17896012880170
7897074560058
7898079003113
7896676436143
17891321110185
7894222037028
7896018702981
7891317044749
7898964630677
7896004703381
7891350042207
7908209801868
7891317443375
7897252260718
7897230304557
7898718330150
7898650626625
7898405063767
7898647925816
4894290285287
7896111987407
4894290287557
7898283856161
7908209808539
7898212284690
7891360623113
7898610370087
7899852026930
7896004704586
7622210839589
7908609044254
7898430194344
7896094201088
7898939082654
7896004709567
7896279129169
4015110005513
7896185903044
3701129811573
7891150060722
7898970341048
609963964048
00722219000
7897517937881
7898658622544
7898014562279
7896714296081
7898132981884
7899547543766
7898618045604
7898021635584
7896331701234
7890593315284
731509994544
7896451915283
7898944500327
7896049509955
7899572815227
7898671423265
4006381492973
7897158700226
7896798602655
7898300575822
7896212479603
7896679234197
7891142982384
7898656167375
7898248392734
7896852612583
7898623243545
7899572811724
7891150074026
7898964630240
7891800540413
7898671424989
7899808881057
7897530101115
7622210562135
2159751
7896380600595
7908040476638
9786556173252
6972858361326
7896183313715
7896423471007
7898610378595
7898582683055
7908371662755
4005808692576
7898410312270
7898079000563
7896603846267
7898405063712
7891150055957
7898632475739
7898474844472
7898671422770
7896380605569
7896653708874
7897027202127
17896007553690
7702045564105
7896885202874
7896025531413
7908448005584
7908660200484
7900083002102
7898639381231
7892840822422
7896965250740
7899083126249
7896013501305
7896676422290
7896111992289
7894993171907
7896094924611
7891008251272
7908209804920
7898079001386
736532021953
7899852023205
7894494628436
7501007455075
7899621109499
7898302727960
7898650622023
7891040126583
7896041914016
700512248814
7908209805972
7898664973029
7622202309106
6933818417026
7898610375280
7898468503514
7891024035665
7898919603138
7894916145688
7896444609281
7891360502036
7899670806011
7898911689376
7899470804576
7898650626298
7898031310174
7896020162759
7898964630226
7898660593566
7898258624344
4006381493062
7899852019147
7908371662830
7908209806245
5804
7908083513956
7898132989002
7891158106965
7891317008529
7891134003790
7898216367993
7892840820480
7891033500956
735201084022
7896025528048
7898352914891
7896671692117
7899852021331
0048675991094
7891317000509
7896641802850
7896085872525
7899808882658
7898132984830
7896326912256
17898681350152
7899852020556
7899264364705
7896641810367
7896004772264
7908209810723
7894494669835
7897424005666
7898483538942
7908458326167
7898671422176
7896902288942
7897517917029
7898646541444
7897517913366
7896369162380
7896653702490
7898958060855
7896637031776
7898664978918
7896025524583
7622300847838
7898211380362
7899083127413
7898656161663
7909438017921
7896369162397
7898133138898
7896261403505
7908448004686
7908013507901
7896658031892
7500435209069
67894222030755
7899264391695
7896609546079
731509577617
7896115704475
7891027359195
7898610371428
7894222031132
7899083121787
7891058030216
8710103942719
7898650625215
8802946506194
7890337655454
9788557584655
7896523210889
7899588007289
7898698742493
7896036571613
7898616444614
7892953209073
7908470009154
7908040460910
7898566291917
6968332501111
7897517933203
7899360264060
7891033925544
300651418477
7897876125028
7896025526792
6953198741733
7897840301519
17894900660309
7891317134303
3504105035815
7898608951724
7899783601893
7891027067380
7898460986063
7908038605064
7896331706574
7899753542805
7896007200399
7908652100372
7896771600722
0011509031334
7896023779459
78950047
7891721202988
7898954372884
7898953484670
7898562350052
7897595605276
7898258620841
7908040481342
7899852025186
7898967642004
7897230302157
7898588113785
7898926572113
7897230303208
6900002520718
7896359035465
7898681350445
7896422504430
6955565560145
7898644470623
3454090003460
7898970341666
7898589684376
7891721000133
7890311856754
7898994127635
7896004726199
731509998641
7896213300081
7897256256380
7891150087293
7897517927011
40151755
7896004708539
7898610372562
7899824400911
7898610377369
7898741950233
7891158103285
7891321332665
7898617521703
7896070600034
7898623950030
7900083017496
7898207210208
7899706198325
7896004749655
7896111902875
7897322703794
7891027049621
7891321101803
7891033851218
7896235354086
7891360674825
7896714291901
7898132982294
7898212287516
7898411976372
7908209804845
7898483151738
7898758083610
7896036522622
7891033718719
7896013544319
7899808852927
7893871821569
7898265325562
7898662451635
7896331706376
7896094209633
6932159609121
7891000377567
7896015520533
4894290290557
7898506259724
67897256225036
7898569760267
7891350044935
6932159610622
3701129811283
7898503180588
7898662450126
7898566291979
7898352914129
7891317035075
7899360264435
7891033586691
6903612145067
7891426311299
7908458306701
7896004728612
7908020500735
7898662452526
7898524344587
7908132208499
7897889102795
7899583200883
7898617521819
7894222030845
7897517927028
7891027050078
7899852003221
7908077468842
7899850326971
7891331203856
7898662430852
7898608955098
7897237352810
7896292252103
7899852022949
7908077456092
7898631551472
6932159608322
7891150082786
7908209808584
7896331703191
7898698741014
7898283857465
7898623243569
7897775667025
7899701870141
7898562352056
7896326945872
7898664978697
9786561022552
7898472262582
3454090002920
7898662451895
7896658048319
4894290268730
7896013502906
7898079003144
7896777902738
7908458317332
7896369164711
7898369690078
7898639380579
6903612145043
17898504389857
7899527100392
7898483151776
7898965666613
7891800002812
7897698203836
7891317038373
7896004712642
7896326958131
6958402811622
8411061805008
7898212286595
7899852015699
9786561020657
7896965213509
7898944524156
7891350048155
7897076907608
7896603803611
7899788406356
7908346900981
7895858005917
7891106908498
7896004769745
7908458317677
7897731122018
4902505511226
7500435125307
7898599212736
7898379222702
7896671693862
7891058006235
7896637018012
7899105903933
7908077453824
78918368
7898680699811
7898632475944
7896603879067
7896331702958
7891317042066
7898184464304
7899753542270
7908083512706
7896033201926
7908458304882
7898350882857
7908458321926
7898944500884
7896484171656
884851028983
7892086931209
7898352912828
7891317003128
7891027351809
7896261009660
7908010134544
7895800002933
7898671427645
7896093002488
7908209809987
7891027065881
7896369126610
7898623243231
7790085472276
8429420222199
17896007551740
7898608953780
7898610373699
7898078761816
7898944524125
7896852621615
7899360264480
7898639694041
7891350037104
7891360646419
7891317031268
6930249998254
7909438027012
7897595901187
7897074511692
7891027075279
7891317498054
7898662435208
731509993455
7896331706352
7896111992739
7891027004347
7702031988274
6920897739590
7898610375136
7898132847531
7899753553450
7897254129433
7891055639528
7897476615417
7891721013010
7891027057114
7897659686128
7898211382045
7908040432924
6972038410080
7909883282264
7891150107687
7898631557078
7891317018177
7898625791631
7898247313365
7891153077918
7898650621750
7898417963093
7898911495274
7896902207097
7899621109888
7896094209626
7898945244459
7898126407772
7894494752803
7896033203388
7898300574061
7898283856031
2000000000183
7899852023090
7899440903520
7899706185905
7896004727233
7908334509615
7896025516595
7898647926080
7896004759593
7897849608060
7898650621477
7908458326471
7896036560594
7898468503538
78944718
7896548112915
7898646542298
7891027070779
7898474844236
7908458326235
7898671424132
735201084138
7898647920804
7898623241695
6903612145074
7896714292151
7898623243408
7909438028477
17891321102371
7898538007997
7898953484816
7891033880775
7896002925549
7898303265232
7897517917609
7896026301077
7898671424149
7897517923396
7908458336029
7908512703019
7908038605071
7897771300810
7894494200588
7898663111743
731509791136
7898751690044
7908458306688
7898639382443
7908040481311
6932159606670
17891321037932
7899852018805
7891058021603
7897476663647
7898562354050
7899706239219
7898132989279
7897530100965
7898707140159
7896885202966
7896025506749
17891321101923
7899852015002
7896111999141
7896111900291
7896033221023
7898976443074
7897572007321
7898610372586
7908458305384
7896965215053
7896858633575
7898623951532
7908083510023
7702045538755
7898662451161
7898225522390
6931759212779
17891321230746
7896444603951
6932159608520
7897947620186
9788557584914
7509546065465
7896676442076
7898447977688
17898681350107
7899790239638
67897256263755
7899014941637
7891155001775
7898595237306
7891360472643
3154144721103
17896342480866
7509546665986
7908077466640
7897947619548
7896637025225
7898947144405
209472
7894494168727
7890267080456
7891350037111
7898132989217
7908785412403
7908040467940
7898656685183
7891350042221
7891058005535
7908542612527
7898650621682
7896852611012
97453789
7898119103704
7865188606627
7896448112534
7891010256722
7900083016543
7898933076888
7896044900580
7896103460611
7898970341796
7891027052737
7898947387093
7509546703404
7898915802139
6900006249332
7897517904234
7899026400894
7898610378854
7896380603930
7891033585946
7896862912017
7898085945049
7896025517318
7891027304775
7908371668535
7898698742578
7896004706221
7891317000226
7894900502053
7894164009381
7898650623686
7898170658519
7897230305257
6903612145135
7896523201078
4902505343544
7896641810176
7896025523708
7898483150663
735201084084
7898646546579
7894494187919
7891033480920
7895858017316
7897211100482
7908038605057
7896046700669
7896380603213
7896224410120
7898021635652
7891321332016
7898556757065
7896036546710
7899984402299
7898132980610
7891106916493
7897517920449
7898666420583
7898650623556
7500435106825
731509992878
7898610376799
7898008550374
17891321104801
7896025511699
7896033212779
7908209801172
7898744782510
7898589684239
17898915802075
7898945784054
7896054023958
7899547505160
7898623950764
7896444609564
7896033232791
0011509031303
884851011398
7898946434316
7892692810561
7898258620971
7891317468057
7897256262084
7896111900239
7896025526129
048675991056
4005900904621
7896020163114
6900710010037
7890311856808
7898934930592
7891317039622
7898744780882
7897517917654
7908077446017
7896326901410
7891321107713
7908040481526
7898929813015
7898646542144
7891317001414
7897947619531
7899308707796
7898641074961
7897572006164
7909549207532
7898706851377
619205194416
7899095201460
7896132131247
7896004730363
7897517913205
7891008123128
7896098810965
1201901000048
7898671425962
731509996548
07896044900535
7899105904787
7908448006314
7899753551227
7896647027776
7896111996768
7891772156377
7908660200651
7898419476584
7897779708106
7898934596248
7896545230056
7898945784047
7899820812695
7896000716866
7891321064122
7898921545624
7899083121060
7894916144261
7891033512614
7898944073593
7897252215015
7891033926084
7898483152063
7896714224459
7894494727863
7899850327015
7891027047115
7891027069681
4894290399175
7891024023969
7908470016114
7896484110297
7896326912249
7896230301412
7897517917067
7898623240834
7896033292979
7898212288483
7898488470384
7898610377918
7898410312362
7908458322022
7891331010515
7898283856772
7898566291498
731509608793
7898405064023
7898405068663
7791293011769
7898671060071
7899572802784
7896235353720
7891360629566
7896132134880
6903612145081
7898474844229
6920200913020
7898301056733
7897832863100
7891142982278
7899105904350
7894494750144
17891321104115
7898934596491
7896049508115
7894916516358
7899788400064
7898413661429
7892840819637
7899420508196
7898671425191
27896309204945
7908609044575
7896004732848
7898945780025
7897517918118
7909883096519
7898588324365
7896658002922
7908458312689
7900083016109
7896852615256
7908209810280
7898610377215
7897337707626
7898225521263
7892863615063
7896116113214
7898610370681
7891106905916
7891008121674
7898646540980
9788538047704
7898707145017
7891150083264
7898662450072
7898566825136
7898211382717
7908083523313
7500435107303
7899850331531
7896075709343
7898960813913
7908905401102
7898157616242
7899783600728
7908077449384
7897517902506
731509792546
7909883232252
7898405064276
7896004704364
7898031310150
7898962892619
6972858361784
7898461578304
7891024112861
7899014900306
7891239026830
7897294406884
7898662430746
7894916143516
7896111908488
7898633987125
7898562351790
7897517905491
7898170657024
6902554150115
7898646541512
7896641817625
7894916146067
7898211382960
7896004708607
7898132987695
7908216131613
7898695065342
7895144207889
7891317476649
7898008554082
7898567750642
4894290996121
7891027308728
7896025503526
7898300573439
7899850325028
7898588328271
7897230303338
7898698740291
7900083016710
7898666422488
7896006224297
7896042077451
7896006201434
7899583200906
7896033204675
7909438043494
7896788030123
7908040468664
7890000138277
7898416834356
7891321333945
7896509974163
7897775691020
7898970341215
7896359003877
7898395333420
7892840818203
7908236800650
7898695065199
7898647924154
7898148294381
9788506076897
7898698741649
7891027047337
7908346900691
7897571921536
7908141503844
7891033471782
073950113755
7898610370902
7898683860218
7896509955032
7899572808694
7898421993581
7898579487796
7891040137589
7896311760862
7896094920910
7908077433093
7892692814859
7899621108904
3474370300829
7896033204934
4894290282248
7898605221783
7899852024080
7908458331079
7897230304670
7501006745061
7509546674438
7896025519602
7896002915564
7896852612002
7896279119467
7898212287394
7908785412311
7891153104799
7908458326198
5702150152145
7897517930059
7891045013130
7898524348745
37891395012181
7896512937926
7891317446963
7896965214766
609963964055
7891137003407
7894222029641
7897799802563
7897230302829
7891360635048
7896092000041
7896676435030
7898610370674
7894222038810
7896444605726
7898570573702
7897211100086
7898647925953
7897517921088
7898588326062
7892692815146
7891219023200
7896004731582
6973094272285
0618341019256
7909883487140
7894916505215
7896025523913
7897256261223
7896380605873
7908040493086
40063813333948
7898622702913
7898944074484
7891321330678
7898741805953
7896647027509
7908010137194
7896644716055
7891000329672
7891033539888
7891800666090
7908209800274
7500435000420
7898440880138
7891177605005
7898132986407
7898662450225
884851033420
6932159606199
7899676804530
7898608954640
7897517916930
7908169028916
7894222040967
7509546055169
7898947389950
7891268103175
7897547710522
7908216100213
7891150075382
4005808311286
7892840823382
7898946896022
7899233340884
7898146820865
7896013500599
6932159608339
7898258625983
7898506722327
7908209805729
4894290299369
7896111992579
7891153840017
7908448001630
7896683201420
7897018510026
7898184464281
7898074616943
7896014140602
7891027319717
7891010256142
7898671424361
7891317029982
7898212281408
7898623956209
7896092002106
7896044900870
7896444603203
7908209810792
7898212287141
7896111996799
7898151540710
7898352915058
7896679233138
7898610373019
7898610373187
7622210563521
7896355757064
7898343701226
7898472262605
7891317024277
7898556850209
7894494671647
7896224410717
7898647922822
7896090611775
7897744504870
7908470610312
7896036576526
7898078313930
7898216363537
7894494780653
7898938890083
7899640804108
7896852619568
7892840252946
17891321102104
7899788409296
7899808802335
7898639794864
7908542626340
7897144600523
7896180302040
17891321333164
7908704511071
7908083510061
070341338674
7896002925556
7899572809783
7896036521021
7896015528959
7898632476705
7896331709308
7894222032108
7891155064961
7891150088351
7908209808645
3454090002975
7896111945735
7899095202580
7448070231703
7899205968801
7897256220879
7896380604142
7891027308995
7898556755863
7897237312135
7622210573353
7898258628113
7908240827155
7891321334010
7891060836189
7898556754408
7891027046378
7909438011417
4005900648419
7898723631075
7896317910315
602883022829
7894650938751
7899652101301
7896644715867
7898460984946
7896150001652
7898936770943
7891800000498
7891153088525
7908458317653
7896342905836
7896004755151
7891360495567
7898184464267
7908609044841
7898258620902
7891150081062
7898556756303
7896658004896
7891033474042
7896004721798
7891027397746
7892702711581
7908040459389
7896637028219
7896112131052
7899753556307
7899753540115
7891360404903
9788538089742
17891321230265
7898610370391
7898994297413
7908038603008
7898212281934
7897517932886
7898416830518
17891321104825
7897517931261
7891027291099
7899360263995
7897517904180
7899095239982
17898681350794
7898100243150
7898021630411
7702018072439
7896000716804
7899820811353
7896111992302
7896094908611
7891800341942
7892840824990
7896004716213
7898100241606
7891150091474
7896380606191
7898664970493
7908615000244
7897595621030
7897517932985
7891027057589
7891350044874
7891033535224
7897020203961
7898599215843
609963963232
7898699911119
7898533939880
6900701002010
3154141129216
7896255762991
6972858362866
7908458328888
7898671429830
7898671422145
7897042015429
7908209805866
7896213305123
7898566782446
7892687812310
7896444614094
7899852026466
7896033211307
7891158106200
7891058003937
7908209802889
7899026417328
7899588007258
7897424080434
7894916140348
7899820812930
7899095243224
7898508020469
7908209810648
7908609044902
7898741950240
7896355705034
7891137006576
7899753538990
7908458332717
7891334101081
7891317421526
7899091408436
7896033211093
7891010246846
7898650622085
7897186041490
7908458320059
7898216361380
7898258623286
7897771300414
7898525584463
7702045538557
7896110700038
7896025526198
7898698744671
7898474840566
7898079006770
7908083514038
7891360572275
7908038604913
6925187880105
7899898402927
7898005719828
7896647028933
7891150102439
7908209805057
7898610373880
7898758084648
17896011707515
7896852618790
7899706152389
7891027049904
00078900000298
7896025524552
7898936049018
7896012800713
67897731141134
7896572037994
7891027087579
6932159607332
4902505368912
7898126405846
4005800120282
7898570573658
735201084244
7897517934200
7898352914914
7896980456615
7899655086360
7898650623518
7894222032054
7891317477141
7908077468859
7908209810044
6903612145029
7898021635669
7909438013985
7908236800698
7896006216254
7896788000034
7894916513166
7898927356361
7898617524278
7900083019407
7897517903015
7899083127239
7899547537963
7898248392727
7891027727598
7896644703925
7908458333141
7896380603503
7896020162766
7896070601932
7898644470708
7891331014483
7891150088641
7896980456578
7896671692902
7898949149668
7900083017243
17891321108557
7896181911128
7899026496880
7909438030098
7898656681826
0070341706022
9788537644294
7898671427010
7898947170015
7896004728858
6973094272018
7898405063675
7897217404072
7896111997420
17896007552808
7898447976766
7896112406501
7898212287509
7896647043738
7896472521883
6973094272001
7899083127314
7891317025564
7908422601429
7908040476874
7891150074484
7891721202889
7897230304021
7898650621446
7896852611890
7899984402275
7898911495762
7898749971124
7898405065433
7897571994325
7898587273800
7891317031275
731509685527
7896063285071
7908512703880
7896033204644
8903855062822
7896548198162
7896025514690
7896224410649
7891033534371
7896572038373
7891268100815
7800702402750
7896211876359
7891321333730
7898474845097
7898503180427
7898460973032
7898132982263
7896181923367
7908324405132
7897027272021
7899470807744
7891027081249
7897779729101
7899783600056
7896676408126
7908542612329
6932159614873
7896965209052
7899852019048
7908458316915
7898212286557
6972267405383
7908209802582
7896484130622
7896380604951
7898662453011
7896075701477
7898589682440
7898662451864
7891150096257
7801125015879
7896181916451
7896018697409
7896079811134
7897698208749
7908083522590
7898244720135
7908458320677
4006381105316
7899706134156
7898582683260
7898588325966
7899852003078
7899753559216
7897230306551
7896036548141
7896359038190
7898741804376
7896279100946
7892644921864
7896663332687
7896004776316
7898300578915
7897947601277
7908458326334
7896025539808
7896033233811
7896609549179
7899753550428
7898595239331
7896852628003
7897517932169
7908209808294
7898647928671
7909189317912
7897530100040
7898632474732
7892702711604
7898428606071
7899806973822
7891027057817
7898610379080
7908083512881
6901016785117
7897042021383
7891010031350
7898961027005
7896858615915
7896025538283
7899620911840
7898420971627
7899806218381
7898961050874
7896523201801
7896111999301
7896111996751
6946656124926
7896226500379
6936521500146
7891182032827
7908169036935
7898782820342
7898157230660
7890000209267
7898647921122
7899588007364
7898595237382
7893454714875
6932159610615
7908077456023
7898562359307
7896261405295
7896852611968
7896132134408
7898283857922
7891027007072
7898258620759
7896306612831
7891027043506
7898567750703
7898566292150
7896046710750
7896444605948
7899360264244
7897256221876
7896015591687
7896111992357
6973120510534
7898582381975
7908346281271
7891150060159
7908458332564
7896033212809
7894916148306
7896025543072
42398004
7891360654131
7891153003733
7894494780202
7898405065129
7908209808867
7899852020570
7908060113032
7898656682182
7896603899980
7896111901182
7896004713731
7896212420100
7895800308721
6992641894664
7908209807877
7898248392741
7896464708407
7896355751079
7908324402483
7898483152254
7898589684895
7898958060237
7898067615793
6920232057716
7896326940624
7898741805854
7891150022348
7896380604975
7908077466985
7898671424002
7908236576104
7898741951452
7908083523252
7899674035417
7891033534364
7896326933237
00322519048
7908458332724
7908040481465
7896226502458
7896094921511
7896009498411
7891060836288
7898662451901
7896423488876
7898126407727
7891058005979
7908346903906
00122410058
7898170657116
7891721001970
0070341370834
7896025515680
7896004700427
7896658020575
7896112401872
7898157235221
7897517903558
7898211380652
7898623952713
7898488010788
7896181921424
7891360615927
6920897716553
7891055141526
7908414431515
7898924603826
7908077452940
7896085863493
7891033474035
7908010114676
7897517931605
7908542612305
7890282800015
7900083019360
8429420145757
7898410319958
7897230306537
7898706940828
7891134018206
7908346900035
17891321104184
7896637023092
7898650621712
7896049502413
7898629149025
7898934595548
7896006230977
7896326950203
7896964625440
7898936769626
7899788402969
7896902209824
7898040321079
7899360260789
7908040481496
7896444602398
7908209808508
7896013558064
7891010256364
7896523206714
7891000284933
7898723633000
7897930777378
7896647028629
7893454714783
7891360653059
7896094909298
7896603802881
6976337625817
7908077444792
7897571921031
7908077444839
7899661747552
5906735232028
7898698743377
7898599213504
7899869200910
4064666306148
7898589682594
7896852615683
7896094918641
7908040449601
58757079
4902505481451
7896033202992
7891027393748
7702045538663
7896020162797
7899706254342
7908448004679
7894222029634
7894916516655
7898977068528
7897840305180
7908497404765
7898632470857
7891155017608
7896658049569
7908785412373
7899783600926
7891334510876
7622210570390
7892828001078
7897840300734
7898664975863
7896111996836
7896548139585
7908169009120
7908497405014
7891058325039
7898646542137
7896311775446
7896004716268
7896342463343
7896326948958
7896326920275
7908458327805
7898765331285
7898623244320
7898265325524
070330129627
7894222042886
6920897231544
731509535709
7897337716994
7908077403188
7506339391312
7908458303595
7896326908822
7898636190867
7908209809963
3616304474835
7891331008369
7909883097851
7898758084532
7891317029333
7899768074889
7891395022363
7891033506040
7898647920705
7898301056351
7891317421434
7908083525980
7898632476682
7909883234027
7909883124014
7898132847517
7501007454917
7908458332519
7891024028834
7898905356246
7897008900219
7899820819571
7500435106573
7898944073401
7891360629542
7908209805149
7896965202602
7899706197687
7891033534708
6932159608292
7896326906293
7896311709502
7908083514908
7899852023571
7898770683249
7900083001860
7891360623243
7898973417887
7896013506317
7896326956984
7899852024769
7898970341697
7898949256069
7896251802127
7908346903883
7908239716781
7791293026831
7898556755870
7899963915352
7896006201601
7891721201691
7898671424422
7899583200647
7898258624542
7898417746856
7908458320066
7898302722552
7896436906640
27897476609519
7908040450850
7899420507052
7897517909598
7899583200371
7896213317997
7896042082745
7899095204720
7896342436224
7897374170001
7909107339682
7894494749711
7898133134760
7899525658185
7908346900974
7896036517284
7896444609472
7891360562962
7900083019957
6961100149140
7897517906368
17894900500001
7898258624474
6926641031415
7891360650140
7898211383752
7897517920395
4894290257727
7897230303130
7896672202025
7898539010194
7702045538779
7891000107836
7898608956859
4006381493185
4005900455901
7892687813379
7899852019178
7891150068926
7898610371633
7896261402614
7896033204910
7898636172658
7896046700997
7891142982698
7891027350093
7897517920012
7891772156339
7898212280197
7896112151203
7891010256999
7896111901786
7898608954183
7899852025759
7896009498626
7898132987701
7891360660200
0001100001001
7897947618008
7892828001016
7899652102308
7898212285208
7891194000067
7891150106376
7898953484854
7896112170310
7896342437955
7898301051318
7891234050335
7896641804595
7891033910007
7896212479825
7896637029032
7908209804944
7891010256739
7891268031706
7897512900910
7898369690085
7899026459649
7898758084617
7899852025773
7894494780226
7908083512843
7908169030513
7898258622654
7908040476560
7895144296906
7898646546562
7896027533200
1000000216011
7898589682778
7896572012953
9786556582870
7891317015039
7894494728068
7896025524828
7891024035085
7896279113403
7898965535452
7898741805243
043917996929
7896658002700
7899788406523
7908013503750
7898225528217
7896004748214
7908458334049
7891360667421
7891150060807
7896036548707
7908458306572
6932159608506
7897237315198
7898662450713
7896279128957
7896181908302
7898525587693
7896009499005
7891058021665
7899652100748
7891027081133
7898741805724
7908376801555
7898474845073
7908542612619
7899572809813
7908609044339
7896965214308
7897517931070
7897252230377
4005900929686
7898650622238
7896183309985
7908077452872
7896111913833
7899527138852
7898416834028
7898970341390
7896013550747
7898610375563
7896673193360
7908077458966
7908038604937
7791293014012
0042882770442
7891360587460
7702045538649
7896111900246
7896226500614
072512196120
7908077452803
0070341705445
7891317024505
7896025519633
7896092002076
7894222021881
7891800662139
731509723786
7896185989819
7898265324831
7896342411085
7896013548485
7908077446758
7891317003647
7896317904802
7896902285446
7898656681345
7896033204972
7896006216568
7896004726502
7908615082462
7897698211213
7891395012166
7898157616273
5702051048776
7898970341420
7898248392840
7898657691299
7898588111972
7908905401089
7891360629634
7896637025423
7896061996375
7897947619555
7898212285345
7894222029740
7908209803039
731509627824
7891182018944
7894494692147
7896679226871
7896644715768
7896020164142
7898741530473
0609963220755
7898608955272
6932159608421
7898657691282
7896025502895
7899783602289
7898671428079
7908016619106
7896380603060
7899788404888
7898608958952
7898132988845
6903612145104
7898168001167
7898126407611
7891150064904
7897840305937
7891027179694
7896013508854
7898664972312
746775143497
7898483151714
7908561334912
7896025534544
7898646541420
7891360432722
7891317430146
7898483151455
7908040463904
7897889102276
7896111902851
7891360660170
4005900647498
731509680348
7897042015979
7896004006406
7897832840491
7898608956842
7891360641179
7908671602338
7896009498275
7898582683215
7896114312947
7896647028957
7898911495489
78938960
7899026422308
7897169217249
7908420116833
7891361266203
7899420506925
7898569760410
7898969501156
7908209805675
7892840825171
7896112168430
7896049524712
7908083512386
7891317445232
7898395332997
7891317487638
7896004730721
7898209182541
7898132847579
7891027156176
7899788409388
7898146820803
7896020160298
7909883263225
6931759217705
7899911208789
7908458328956
7896658026645
7899852018782
7891317038052
7891000282816
7897424080892
7898556757294
7891027309442
7896006297840
7908077472092
7891033930814
7898610375303
7896004730097
7899706180948
7898170655303
7897840305951
7898664972305
7896000722522
6941898914182
7899753559148
7896013506294
7896572013547
7891150017351
7898631554954
7898184464250
7896227800027
7896006201618
7896046702878
7898647920569
4006381333894
7896041997750
4894290285744
7908209806986
7898172860033
7899753534572
7896279100823
7898662450324
7898647925991
7909438045467
7896982908778
7898741530435
7897473206540
7898636194179
7898623954564
7896181920670
7897698236285
7896070601062
887961046687
7899808875278
00382903883332
7891200003365
7898132980498
071603003453
7622210933461
7908985902308
7896279102971
7899026404557
7894916149044
4006000058931
7900083019414
7896010175271
7891321103852
7898646541192
7896647072677
7896004730042
7891150044203
7896671601515
7898582682805
7898588325287
736532611185
7894494130304
7890387181354
7899852020181
17896012879983
7908209805958
7898286940577
7908353610088
7899783600261
7898698742509
7899264389531
7894900019841
7896342909988
7897807422288
7898610376355
7897256260745
7898662450393
7897230304991
7896033241847
7908324404760
7897517909703
7891027525606
7908458332755
7896685304044
7909438041810
7908169006495
7899852014951
7891150041646
7898101643133
7898610375143
7897337716666
7897517904210
7898172860057
7898949584551
7898647928862
7898132986674
0070942005487
7898410312089
7908324406160
7896150002574
7896020163145
7896112108627
7898970341055
7896180300183
7897517905866
6920897618161
7908083512669
7896359021574
7898523201638
7896369163738
7896042065335
7899852025391
7908169028305
7898623953260
7891153096377
7897424006816
7896115704321
7898126406287
7897512902204
7896509976808
7899753558721
7896033204828
7891033826896
7898620189983
7896025530027
7908470007266
7899753557632
7897230305059
7896020162711
7898352914235
7891360585381
7898283857984
7908312127176
7898039566498
7898647927865
7898589684604
7896647009611
7898970341819
6900000042830
7894222022062
7898968453098
6972858364679
7898157238017
7896033234009
99164843
7898617527897
7896009498305
7891027836801
7896676402568
7898430194849
7900083017236
7908458333226
7898126403071
17896007549259
7892953003527
7891360653509
7909438045443
2000000000114
0070341386125
7896111996867
7896355700503
7897832849067
7908289900291
7896002925587
7501007454801
7501001168797
7908209809451
7898662450980
7896380604791
7896444609632
7896004713649
7897705202586
7897832823227
7898608953681
7891331010492
7897517932077
7898078761595
7899852027838
7898664632520
7897517909031
7896647008638
7898915932195
7908542617560
7891033930548
7896798603287
7896012879788
7891158042423
7896380607228
7891772156247
070330198746
7896116114112
7908077460952
7898671425146
7898562355606
7899455910094
7898556752374
17896011707423
7900083011791
7897517907013
75082871
7897411650978
7898936049049
7908077444761
7898948893005
7908371620441
7891010568764
7898405062364
7898258624429
78918337
8411061822814
7891055810903
7899838838144
7898590338015
7909883345778
7896013563815
7896676413762
7896033204552
7899026414549
6920897701047
7896658018084
7894494752810
7896108560323
4006381558013
7896852622292
4894290281661
7898903925901
7898617527873
7898078318607
7898352912132
7892840824631
7896444601025
7898632475036
7896331702057
7898579483729
7896444604361
7896023705182
7898416830471
7897237311329
7891321051504
7898698743551
6972629417672
7898608957894
7896380603138
7898422746179
7898666421948
7899455903508
7896676431636
7898079000303
7898078761601
7899083126478
7891033492145
7892840824884
7896676442144
7898595237214
7899525674970
7891360652656
7896036560600
7896637023009
7622202256721
7908209809512
7896025542570
7894916510264
7898417963031
7894494727795
7896509955223
7900083019797
7899869202310
7898265325531
7897042016877
7897517926854
7891033495092
7898148297542
7898610370339
7897731180803
7898964630660
7891058001612
7908785490166
7898300570117
7622202288913
7896033232753
7908470027158
7891191004600
7896033299619
7896023743085
7896658035432
7896026300216
7908823500109
7898662450232
7896641810510
7898170657123
7896111997031
7909438047638
7898664972992
4894290287489
7891150081048
7899850340670
7896094901810
7898588324563
7891150055162
7896026120425
7908038605576
7908209810204
7898516892751
7891150090491
7891033526222
7898483151158
7908209804630
7908353609914
7898927980795
7898650626236
7897775692027
7895144298443
7898945443043
3154140491215
7897517923204
7899852019017
7896964624894
7898352914624
7898506259687
7908228805014
7908209807648
7897832857505
7908458316632
7898483151028
7897609902605
7896094916241
7898681350773
7898632473186
7896484110440
7896902213463
7896111996553
7896033203296
7891060894851
7900083019384
7897775701019
7896671693817
7898662451475
7908458328925
7891027309022
7908770604240
7897316800256
7896070601871
7898008554259
7899525677612
7896132135344
7896004010632
7908209804487
7897027210122
7898656685169
7896004704135
7909875025817
7894494695827
17891321330613
7897840305760
7891060940145
7898146825129
7897947620223
7896952531173
7896317911886
7891317412692
7908209808881
7897230302782
7896644716154
7896573380228
7898608953667
7896658005190
7896025521285
0000078915640
7891033495436
7909438035697
9786555249156
7898617523196
7897517927394
7898650621972
7898945244091
7908209804890
7899753544809
7896603806360
7908040481328
51203146
7897517906825
7896770979348
7890000318792
4894290302045
7898662451642
7896309204224
7898562370616
7891800198102
7908083512683
17896007548368
6920232057761
7622210570369
9788573984866
7892840825102
7909549207525
7898915802351
7898650621507
7891150075306
027084120134
7899083121145
7898698740826
7896132133135
7896044901495
7899850311885
0070942003308
7891182013383
7898040325299
7897373145260
7891023087009
7897256252924
7897780202587
7897460400357
7891153002897
7898647923980
7894916372787
7892840816773
7899753541983
7898952577885
7908346900028
6945838721199
7898078313879
7896641812279
7896852615638
7896004775852
7896679224419
7898656683202
7898460972936
7891253284148
7898588111958
7908458325726
7908010141702
7896211840237
89654842
7896114312862
7891158000942
7896002911269
7898662451956
7899653780277
7909883225841
7904523120203
7891331018351
7702045538793
7908013503538
7896672201158
7898279792077
7891360653615
7898352914945
7897027219729
3282770139228
7898100243143
7899850341103
7896235355038
7898037084901
7896451917867
7898610375365
7908458335879
7899852024776
7899304806189
7898286940218
7898940257256
13154148459245
7898258952898
7898132982317
7898610377901
7891150018860
7898589684215
00000001083
7908785433743
7898170657109
7898008550176
7891150105621
7899527149483
7899956836015
30070341334950
7908209808522
7891058003913
7898671425405
7896111997161
7898343701264
7891150021686
7898646540027
7898945562171
6972267404522
7891182996303
7896065860023
7908209805583
731509577686
7898222833239
7898593050877
7896798603775
7898608956200
7891027295684
7896444604668
7899083124399
7898664632827
7899583204201
7899852022260
74486564
7890688161215
7899360234988
7896380604982
7896641810190
7899790252118
7891360483885
7896004708973
7897517917173
6932159610486
7896004703794
7898524346932
7908458326099
7896033204293
7899264374230
7896261000797
7896852611050
78933354
7897571921543
6920544620202
7896326988459
7898410319675
7899852021270
7895155397265
7891155054122
7898632475401
7898631557214
7895800400159
7891317124489
7897517920784
7908324404333
7891268144024
7899588009221
7898532708395
7891027368043
0070942003469
9786556582894
7896025512016
7896663327997
7899783600803
7898664978666
7908077458683
7896557310074
6953198741696
7899753557915
7908209801974
7896004723341
7896111940631
6968332409295
7896112121114
7896001215115
7791293038254
6300933486631
7896484171908
7896472502776
7896111994993
7908083520756
78938625
7891010601164
17891395012095
7894916340168
7891182018791
7896980434736
7908209805606
7896326964637
7891027140496
4006381493338
7898170655198
7898608956866
7899583204515
7896006212287
7898647920767
7898646541567
7891040149315
7891158101809
7908458322411
7909438060026
7896512963598
7891027084264
7898671425368
7908882203904
7899572805815
7896111900253
7899852028576
7896181900658
7899640804672
78945494
7898079001546
7896279126809
7891360559160
7899852020792
7908512700827
7896023752513
7896033212359
602883876996
7898283810750
7898021635133
7896004718842
7908209807686
7908083512263
7500435209342
7897476604916
7898662450249
7898662436731
7896213131340
7898608954688
7896112149415
7896115704123
7896025512177
731509999556
7908371667538
78907355
7898132982331
7908458335886
7891239006849
7891158106453
7898696040430
7898506254972
7894494149719
7891317124472
7898671424118
7896112401230
7897698202228
7896818201370
7896658039300
7898671424682
7898506254668
7896380606917
7891027229597
7896011707464
7908077448806
7896020163121
9786555240016
7908394103037
7896006254799
7891153005249
7898405060636
7891027343033
7898474844243
7891150028418
7899652100601
7909107661028
7898944073029
7898765331179
7896279129312
7899788406776
7898524349278
7890000240451
4894290285270
7896444604293
7898608950543
731509990157
7448070305848
3504105035471
7898225523908
7891360544296
7908083524303
7896902211452
7896279129015
7899753555522
7899852024110
7899360264022
7898671425672
7897424003136
7896007544530
7908458333431
7908077456061
7702018118823
7909438044552
7897572001411
9788594720023
7898447977930
7896004822563
7899658329341
7898925504108
7898126403491
7891991015462
7898476328710
7896033231619
7898662451277
7896094927841
7898623953536
7896902286894
7896111992562
7898741805823
6972267405321
7908523029559
7896042077970
7891150094475
7896042082073
7899670917427
7897840300437
7896033231473
7896965219006
7899783602531
7908148525108
7898562356122
7506339305104
7909883191535
7908209806054
7898949149446
7909883214272
7898222833123
7898919412303
7908512700933
7898581710455
6931759212793
7900083015386
7896852616567
7896111994757
7899621110273
7899072301763
7896885202560
7899753541792
7896020163558
7898595237405
7898671427997
7899852021324
7898664970844
7891033932788
7896359028580
7894916513197
7909438045221
7891027351441
7896004713168
7896150024675
7891634553962
7891151039710
7892840824044
7891153069999
7898717401288
7908209809376
7896658006913
7891321107539
7897517908966
7898683860874
7898632475029
7908077454272
7898589682358
7898610376058
7908346286504
7896025534940
7896609548387
7909438047195
9788557584907
7908289801031
7898744780905
7898352912682
731509990508
7896331707557
7891350040043
7896094924673
7891350036718
7896964626324
7891150041837
7891027745554
7908169034085
7891150102361
7898741530558
7897211100505
7897947601796
7899852026497
7899783602333
7898506258109
7896523206943
7896858624719
7898945782661
7898927111328
7891055635308
7899527198177
7898698742639
7898211382946
7898608951816
7897230304106
7899652100632
7898151546866
7896112102908
9788573983883
7898915801934
7897517912673
7898994127697
7891350040081
17891301320119
5907996099139
7896007541959
7896015530006
7900083019858
7898579487727
7898488010160
7891033586332
7896042077499
7909438011400
7891951041227
7899788406721
7898556756679
7896006219552
7896025542587
7899753554037
7896033211659
7898662450089
7896852616185
7897517920760
7896004743424
7900083002065
7909883401979
7896523201740
7898973417016
7898157616228
7898211382632
7898662451659
7898543384625
7898591453434
7897230302652
7898212285475
7908458306671
7898671424033
7891106915878
7898647926066
7908376800893
7898647928824
7896647090145
7896472513284
7894916508414
7896965211451
7898489521139
7900083019889
7898581711278
8903855073095
7896111908471
7896658034886
7896902208209
7898944075276
7898589684246
7909438045269
7898212286991
7898506254187
7896025536586
7896094210370
7898647928893
7896025523975
6295125036483
7896852611524
7908209810600
7898646542267
7899820811889
7892840819972
7896094918597
7898302722415
7896025505247
7908209808256
7898904556203
7898420971610
7896609544211
7896641815027
5903719642392
7908785482574
7891150087361
7509546661353
7908209810389
7908542613296
7898352912538
7899095201330
7896647077276
7896036548783
7893858905060
7897832858830
7506339314304
17891321104795
3154148500216
7896261018754
7899527196456
7896206401917
7899527199365
7898212288247
7908458317103
7897779733108
7891033913930
7896036548547
7908209809796
7899852024363
7896852618769
7899420508219
7894222037875
7898410319651
7898970341383
7898483152575
6932159609374
7908542627774
0618341019188
7891317031176
7896309200158
7891350040074
7896004738406
071603125001
7908542613432
7908077446819
7896044900849
7898283854686
7890000229388
7908458320448
7896380605774
7898410319668
7898283857861
6953222115059
7891173023247
7897386787952
7897947601536
7899753543949
7896261402607
7898583470203
7898379296000
7892840255442
7891150017849
7908497414603
7896006201588
7501073025349
7896676406177
7896181913252
7896026172042
7896006268666
7898671425863
7896181929178
7908209809321
7898009431283
7897042020324
7899583200326
7898352912156
00382903883356
7891134004544
7898100243792
7892840823399
7897947620247
7896033232418
7892840824921
7898078762073
7896311005079
7891317029838
7894494729508
7896025538955
7500435116282
7896663335961
7896380660926
7898939674125
7891360622765
7897237311565
7898970341611
7908209802292
7898212287066
7897517908980
4006381557924
7891106906012
7898671424965
7894494200632
7897230304502
7899026417267
7501007455112
7909438008653
7896004705873
7896548161746
7896492200010
7891360613589
7898449082892
7896049502505
7898430195006
7899652101318
7898265324565
7898447974311
7908040450874
7898741804017
7898662451628
7896572014070
7897186028668
7909438007724
7908458326204
7896422501330
7898760941977
7894916143868
7898911494093
7908040450966
7899620911826
8720689007030
7891150018785
7891317024468
7898362010019
7908038604586
7898660598882
7891150079168
7892687812303
7891010033521
7898556755887
7891027060152
7897779606105
4006381566032
7898608952967
7908077460426
7898650621484
4894290300065
7897517903930
7896380605903
7896342400904
7909438025971
7898212286632
7897230304434
7896852615225
7898934930738
7908077459703
7896902211933
7896094927889
7894494688201
27897027201230
7897840309416
17896061996839
7896637033954
7898610370346
7898405060964
7896685301661
7898660599865
7908240822648
7898970341888
7898647920354
7896572039684
7899783601244
7899753555881
7898302727939
7896004723778
7908083512409
7892840225810
7891721202797
7898944073043
7896013503859
7891010246853
7891350045680
7891182018975
7899583202368
7908420111081
036000393521
7909438045405
7897833700060
7898487297258
7908609044209
7893863017017
7908013507475
7892840822040
7898662451338
7898911493461
7898258620575
7898258623958
7898660593283
7898002432447
7898474844823
7896572039639
7898588321494
7898265325173
7899572812158
7897776750023
7897517912963
7896798601986
7898650621194
7897042020294
7896523202013
7898656685695
7898283856109
7891024115862
7897013570438
7898588111545
7896042037325
7891137000062
7898664975252
8902220108721
7897530100187
7897517920425
7898447978463
7909883260538
7891027178796
7891027389932
7899783601466
7896422527026
6902554150122
7896025527218
7896509911823
7896075710097
7898079003175
7898556754781
7908542612381
7891334101050
7891155025207
7896444609502
7896044998792
7893454101668
7898244720852
7900083019872
7896025537088
7897517920722
7898647924253
7896115700040
7894222033464
7891060855777
7898741804437
47891075403190
7896111994764
7896015510015
7896673193261
6972267404560
7908671602147
7896114312787
7896004718996
7891027969493
7896111900185
7908209801394
7899753542973
7891772156346
7899753535111
7899706237994
7908040493024
7896472502158
070942004183
7898119103865
7898957474769
7891142981318
7899808838860
7908169004989
7898698744985
7896676413045
7898970332213
7896714257594
7897947600799
7448070230805
7899790501438
7896663327904
7896036533024
7896647077160
7898623954267
7896025527966
0602883749429
7891182840019
7898185416364
7896132133517
7899753552248
7898582680221
7898608958761
7894494627316
7891177602004
7896111993705
7899753550138
7896111996614
7908169010591
7908346900004
7898698743216
7806601060442
7897411610118
7896015517014
7500435106832
7891027134679
7898566293065
7898405065945
27897027272070
17500435022566
7909438042084
7891155667704
7908132271233
7896369164742
7898078318041
7896009498404
7898647929968
7898504390917
7898506257799
7891800332650
7899783600780
7897424080960
7894916503747
884851033253
736532438065
7908038604487
7898556754316
7506195133453
7896509954981
7908759405141
9788576618881
7898422751746
7899783600513
7896852612804
7896653709604
7898911494390
7908236500352
7897230304137
7908448001425
7891106904537
7898556850582
7896647041949
7898595237177
7891721202711
7894494194313
7896094903234
7909107660649
6932159602238
7896902200593
7500435128957
7896033216746
7898911495878
7793100151224
7896235353874
7891317010218
17891321330811
7891317030575
3474370505026
7895296282017
7896637033947
7896004789828
7909194005712
7897779810106
7899852019079
7898699845308
7899652100762
7896647023082
7896033251037
7898632472974
7898660594105
7891033899678
7896112401728
7899768847940
7899852003115
7900083002089
7898911309588
8445291357280
17891173023008
7896647076927
17891321103866
7896025538573
7896094915053
7898608959515
7899583201156
7909438035673
7898289786417
6973094271387
7894222033495
7891253284179
7899785501672
7899850328616
7908209811584
7898302728011
7898474844687
17891321230869
7891350041217
7899083120384
6931759212755
7896111913550
7896111994832
7896020162698
7898953484274
7898671427003
7898632474978
75082833
7898632475326
7506195196694
7898632475494
7898588111521
7897256253709
7896006298618
7897256221913
7891058021894
7908209805330
7908209809499
6900002410132
7896852621622
7897517906740
7898934595500
7896423419283
7898650621569
7896025502727
7894916515641
7898662430463
7908470004814
7898352912811
7908040493123
7891153850191
7898170657130
7896025533684
7898911495564
7896647028025
7898639793874
7898002435684
7896369164759
7897517913052
7898432536951
7897129300769
6952033002480
7898352914228
7898610378045
7896180300275
7897042015252
7891027537784
7896647028247
7896004771199
7897775701026
7898936049117
7896112410171
7898671421469
7896029603833
7898125116095
7908458303588
7894916501927
7896027557879
7908209807662
7896444605986
7899455904543
7897512900903
6920897750885
7891142142290
7891000312926
7899753549965
7898489511888
7898636194162
7896007200757
7899420501647
7899852020174
7894222031996
7908134200736
7909107927797
7900083007954
7891360684190
7896770979881
7908209807600
7898633382623
27897027272032
7891106905992
7896637035996
7896021907106
7896006200901
7891010255923
7898663335248
7900083014181
7899706139038
7898579486492
7898010920066
7891033925520
7898126400254
7898920041356
7894916503051
7909883210809
7896326919798
7900083001631
7896676422276
7898566789520
7898970341345
7898675500146
7894494690440
7899652101868
7894494695841
7897849611077
7899852021713
7908077446512
7622202274541
7908040482615
7897517925512
7894494730320
7899852017211
7896111994962
7898970341284
7892840819644
7897411603158
7897779732101
7897256293620
7896036548127
7896380606641
7898647923218
7898212288513
070341335406
7896852611906
7896644716253
7891350044904
7898646549457
7898570572255
7908077431952
7898681350797
7891027070182
7898405063606
7896331709278
9786557389126
7908083512584
7899640808809
7894222010717
7898216361373
7908542617591
7898352914938
7896965209007
7898352910602
7891360653264
7891027308810
7898650622344
7897230305066
7898258624016
00122410001
7899572801992
7897779712103
7898258623811
7898416830563
7898170656003
7891033917150
7898666422471
7898610521144
7908673905253
7897517903916
7898965535544
7909189245147
7896858630000
7896380602964
7896509955124
7894222029092
7908346900134
7896311730520
7896243101177
7908470010259
7896637028301
7891027049881
7448070226945
7898039566481
6968332407178
7898944073586
7896004713137
7896902205390
7898169080611
7898741530350
7898698742394
7892687813300
7893454714851
7898350882925
7898405068151
7896279117203
7894494729461
7896012878507
7898506256044
7899852026510
731509992793
7908083529247
7896609548370
7896637029902
7898741950264
7896852618066
7896965219518
7898596080574
7898608952929
7880011872475
7896049509931
7897571922458
7908615025889
7892680331597
7898079002864
4006381493277
7898352912262
7898504389850
7896033204767
7896679234203
7891360656203
7896094930438
7891317004071
6971760277428
7908040449588
0070341705476
7899640803972
7908040487009
7891317016425
7896235319641
7897517924850
7899085698188
7896015518486
7897464703171
7896609550298
7896049509948
7865188619382
7898650626311
7896070600126
7894222042626
7909883167547
7891033568154
7898132847036
7898209182398
7897775667018
7893353309912
7897698203867
7896004741963
7899706133395
7897517921040
7898697107125
6972858365249
7898021634525
7896013547808
7891060943443
7891027229795
7909438045245
7897517903732
7896572043032
7898610370650
7895177559894
2000000000138
7892840814816
7896112196266
7898608953971
7894494030024
7899674035332
7896006298014
7898958060718
7898126407314
7908077460945
7899911207621
7898610377222
7891360677154
7898698740055
7896111992951
7898582380022
7908470603376
7899706184861
070330802100
7895155874841
7898950109620
7891137003414
7909438063195
27908216131631
7898947920023
7891027005191
7898185414667
7897237315884
731509996517
7891027229160
7898569765514
7896641817601
7891360680246
6932159601309
7898157237065
7898413013136
7896036560310
6931759212762
7899083126591
7898945780001
7591257004697
7896181906582
7898610372890
7897947616745
7894916512015
7898943566683
7897424081929
7898222832829
6932159614866
7891360678786
7898527127361
7899661762401
7891027108076
7896115704581
7898566292303
7898270153075
7896112102960
7908759403772
7896111997017
7894900509700
7891106906944
7896342905737
7898212286922
7899852023595
7899852018140
072512196052
7891027105501
7891106908191
7894222037851
4902505343612
7898647924383
7899105902240
6900010060008
7891360682066
7896902207271
7841764051050
7898664976235
7900083002621
7908209808546
7898973417795
7501009222736
7500435116268
7898411816456
7895155288457
7898562358218
7909883434717
17898613211025
7897252260473
7891350040920
7898126400674
7894222019789
7896423497984
7898913264991
7898562358164
7898518430302
7896213300111
7898132987718
7898288551931
041333001074
7898447977732
7898647921535
7891045029063
7896025522374
7500435260527
7898300570193
7891317188924
7896111921722
7908209805774
7896112408130
7896004708423
4902505511189
7898405065471
7897337708180
7896341400172
7896111997222
7898632476675
7896902285521
7896132132961
7896025506213
7891150031746
7891010007263
7896025519350
7909107543270
7898258622715
7896671600464
7899652102131
7891350000115
7896013506300
7908209810143
7896004739878
7791293004976
7897947619517
7895155808167
7908040492188
7899956880780
5702191025705
7908040493413
7908561327419
7896926501911
7909875069231
7908040486910
7896111992715
6972858362828
7896472502622
7900083014396
7891024114216
7898543380610
7899026414532
7897779707109
731509995923
7898556756280
7896094208339
7896025501928
6909362409213
7896964627451
7891027075200
7898086992080
7908209805767
4902505355776
7897027223177
7896771609527
17896012880156
7908209801165
7899026415478
27897027202121
7898258624603
7891033494583
7891033718580
7891268102062
6900006240216
17891321332921
7899706239349
7898525587709
7896852615867
7898132982270
7896342444168
7896036516119
7899783601480
7896965256834
7897517938260
7896042038773
7896317911053
7891024116616
7898631557191
7899706178143
7891024024461
7898556754354
7896025524484
7898647927667
7891150058996
8718951193611
7896603805165
7891360585367
7898610379059
7899527199693
7897054517416
7891317465346
7898556756686
7908209801844
7891317137359
7898562353060
7898418037533
7899820813371
7898135701526
7896111906477
7898623951150
7898610379073
7896033201032
731509990072
736532611192
7898506256891
7896380606009
7899788409319
7899852022437
7896658008450
7891317019044
7897779717108
7896025516311
7896013502319
7898417963048
7898031312697
7891027016999
7898472253092
7896444602800
7892729832337
7896033203005
7898671427805
7908458332588
7899026456051
7892691930062
7896042010687
7908909600693
7898610370322
7896044954552
7894494200601
7898610370445
7898675504915
0300651429206
7898608956194
7896369164810
731509680508
7702018273874
7896509954950
7898570574563
7899850349338
7898930508955
7898591451591
7891000399590
7896025527201
7897144661074
7898589684598
7898352914013
7898936050106
7896042045405
17896342905567
7908458324477
7899205951506
9786556652771
7896902201590
7896013501886
7898008551418
7896150001096
7896211806356
7898506255818
7898623953222
7898944749146
7898915942378
7890310121402
7853998416018
7897476600642
7898132987688
7891317020453
7896111992319
7899783600070
7896111904473
7896015525002
7894222019802
7896036547113
4894290289308
7891027305437
7897169204041
7896658002946
887961046632
7896138700607
7898610377871
7896094917477
7891150023093
7898538970215
7896004747897
7898647923010
7896111901205
4015400151715
7899095235717
7899008057016
7898632475159
7891360587477
6976583140027
7900083002607
7891182020084
7896036570326
7908236576050
7899360263940
7891360493402
7898970341505
7896132132978
7908040450959
7898965535490
7896036540015
7898416834783
7897254101330
7896609550946
7896006297987
7895155615444
7898650625932
7891691004285
7898610375181
7896023780332
7898625792577
7896647021576
7908040449779
5903719640909
7898562352858
7898671424125
7896004769677
7898970778523
731509990492
7898632476149
7891634011028
7896902210998
7896382706721
7894494200571
7896464707080
7898696040393
7899652101110
7897027202219
7501007454863
7898949149682
7899706180498
7909883221898
7899095244146
7896115704444
7896306625688
7908010115116
8715200813061
7898715811133
7908216112902
7908671603731
7898741950523
7897779749109
7896311777747
7899524405001
4902505482083
7896647028254
7898683860010
7899788400910
7896279122153
7897476687681
7898556755931
7896049502420
7891027412005
7891334140417
7891033510740
4894290293992
7891350039955
7898610375075
7898994127611
7899852023519
7896818207082
7896609544488
7894494195792
731509560787
7891027149970
7891000329856
7898656685374
7897517926601
7897595602473
7896342452965
7899788400613
9786556582979
6920997616753
3154145340198
7908040450867
7896980413304
7896342902200
7896644715744
7896111994955
7898970341352
7896026300889
7898695064680
7898168001242
7896049502444
7896213300050
7908458322596
7891321332900
7896025522626
7898586630017
7898697100126
7891360308171
7898599217144
7899706239288
0722713013848
7898608953797
7898369692720
7896641810084
7898079000549
6903400600068
7896132134071
7898944073609
7899852025766
7898591459474
7896004731308
7898718330600
7899820801293
7899808843383
7897731122032
7909875988006
7897230304748
7898741530466
7898660593832
7896004822013
7897517917708
8411061701041
7896548198865
7898741950042
7896641815843
7894494694899
7896006212577
4902505482007
7899820811407
7501007454757
7896042066295
17891321107536
17891321103859
7896676406122
7896235353669
7898646542175
7891361270583
00457991730004
7899783602500
7896965203449
7898657691336
7896042010762
7891027342524
7898483150618
7897322710457
7896042067414
7898915802269
7908209809895
7899918920981
7891024034804
7898671425856
7897144600028
7894494690464
6932159609350
7897832863841
7894494000614
7898343701219
7898506259786
7899938600535
7896111906491
7898212287110
7898623950023
7898671422442
7899031593529
7899360264312
7898589682839
7899095204430
7897517938093
7898021639261
7897517913984
7898212283334
7897211100130
7898583470500
7891182016148
7899661778280
7908209809390
7908169032685
7898132989453
7898591454561
9788595036888
7897947619524
7898417963055
7899706245661
7897186028545
7899790922479
7898671420035
37896311709497
7897835702277
7898170657000
7899547503913
7898157616280
7897517933005
4894290301925
7899014972808
7899938600504
7908412514920
7898301057488
7898646546784
7898623242883
7898671425283
7896025524668
7898562357280
7898566290460
7896006298526
7898907349406
7898590440046
7898717401271
7896658039027
4006000019338
7898958060992
7896279101646
7898639693402
7898562356740
7891361266210
7909883152857
7898610375259
7896036570319
7891317044817
7892607232952
7898405063613
7897609902629
7896902214842
7896044900085
7891182014649
7898610375525
6972038415696
4006381105262
7891350040067
7898647921504
7896025516649
7891317015497
7898562355927
7908240819464
7898556756747
7891360662600
7899850325356
7897517910044
7894222040783
7891153103648
7891360658870
7896326957936
7897424082230
7894222041797
7899788409777
7898647927568
7896063285170
7898970341857
7896112126119
731509636116
7899026414594
7898952421355
7899984402282
7894494728037
7891027081973
7897042012312
7898933076000
7891024034941
17899360244762
7891150066038
7891027230043
6956812207172
7896036541210
7898608955104
7891182014755
7908083525737
17896012880163
7896004776279
7898588329179
78600010
7908209808355
7900083007411
6920898852694
070341335956
7898589684840
78905047
7908458321971
7896380605514
7908458305377
7896862993627
7897975037031
7896025526242
7899850335881
7908077472085
7899820813531
5702191007961
887961072136
17891321333850
7897042019267
7896036516126
7898664978642
7897042004904
7909438043395
7899850332811
7897744504863
7908236800728
7898562355873
7891150029323
7896036548264
7908077452957
7898650623839
7898410310399
7898212288230
7898947387086
7898483152193
7908209802339
8902220108417
7899264364699
7898632476699
7908248100151
7896902287587
7896033293815
7890688161284
7896033204743
7891350044898
07898938890144
7908040487313
7898744782954
7896331708578
7898639380272
7898647928701
7900083001853
7908458333165
7908077460990
7897027203070
7898008550725
7891321102107
7896965211468
7896012877715
7503002942543
7891317044794
7898289140493
7896658006906
7908458333134
7892840825133
7896185998316
7891321102374
7892953208274
7898525586726
7896004721125
7896094916746
7891137000017
47957510
7896965253017
7801125008345
7898008550022
7898078316740
67897731141110
7899783602166
7891150106352
7891033874132
7899095267732
7898623952706
7908011005164
7896111992258
7909883433222
7898413661412
7891317421687
7891360559146
7898225522628
7908169042745
7898664975818
7899788400644
7891350038170
7896000712837
7894970730417
7891027116712
7898566825174
7898745130075
7891321102466
0070942004824
7898483151165
7896043360200
7891317025878
7898126400414
7896647078600
7898078313695
72376560
6931759218405
7896075709954
7897230303673
7896094920453
7896902285767
7896002915557
0070341370810
7898632476668
7898662451031
7891153067223
7899572811731
7908458305629
7891350037401
7898483150588
7899572814404
7898483152223
7908615090689
6940076660002
7908083524709
7897230301983
7898671424903
4006000136776
6931759212748
7897027207320
7898647926127
7891182019880
7908346903746
7898039566504
7899701872206
7896042066929
7898416830143
7897832888974
7892692810493
6932159607387
7899706239431
7898078762042
7898132986032
7899783602401
7897595633309
7897530101344
7892840823467
7896025523685
7909438071503
7898698744701
7896042010069
7896025505254
7891321104385
7899790253719
17891321064099
7891027318215
7896094207585
7908040492607
7899850314237
7896020163091
7896369126719
7896641804441
7897256263579
7892840822347
7896676410518
7896013513063
7894494692017
7900083002164
7891033486533
7909438040837
7896000726414
7896852618356
7899095239838
7896112403425
7899753533483
7898506256167
7898707145024
7896004787725
7899706198332
7900083017465
7896061996849
4902506042293
7898608950338
7896380607204
7895144605203
7500435146906
7896306612862
7891058005658
7891800341935
7891962000381
7908077459994
7897571981844
7896019602006
7908040468763
7896279113120
17891150074023
7896013558484
7908077460457
7896279126786
7908542627750
7908422601443
7895800400142
7898599216239
7898352913641
7896444603005
7891360656319
070341335925
7908458322374
7898671425870
7898222833291
7898656685701
7898610370711
7500435199087
7899783600827
7896132135412
7897517921026
7896444618269
7891177604008
7898506258383
7909883418175
7897517924263
7896004790060
7896018700604
7908458332502
7908209802360
7896111994849
7898405067574
7898302728004
7908209806863
7891040119936
7896609550304
7898405063644
7897027201236
7898416447204
9788557584778
4894290296832
7891350038323
7897256241102
7898483151745
7896609542934
7898681351145
7898078311318
7898422749958
7897779751102
7908470031322
7898132847064
7898591459214
17896011707447
7891772156278
7896206407384
00027084929522
3616304892806
7891360623106
7899014902386
7898650626212
7898946434125
7897517932206
7896676438116
7896094920682
7894494728075
20326173
7891150081086
7896852615232
7908542607721
7898258621244
7891033852987
7899547531251
7894494300530
7899850337649
7898957474578
7891350033748
7500435173759
7898646549396
7896112127758
7896658009631
7896033212342
7898610376768
7899420501395
7891027004354
7908169045807
7898566291924
7898949256052
7908458321995
7896004756738
7908497405052
7891150087286
7898248392765
7908077452179
7898758082477
7898610377284
7898589684468
7898283854037
7896004777184
7898699840846
6946438681340
7899095202511
7891153020136
7891317439323
4713195030351
7896075758242
7896444612854
7891360495550
7898562358737
7898662450287
7897807425456
7898416830464
7896090611898
7898610372616
7898744782961
7909883365165
7899572811748
7896380606658
6927893041115
7898172860231
7898911494185
7898212285338
7894494635984
7899105902349
7899583204591
7896852610428
7898449394971
7898928257018
7898430191206
7898650622467
7898970341741
7500435000437
7891027050740
7897013534201
7908371617595
7898639792426
7897947614734
7896111902844
7899083126461
7891360497813
7897517932138
7909438045627
7896112160519
7908458317080
7896279126984
7890422224008
7891721028595
7908458317875
7891150037588
7896014188017
7908209807235
7896044999553
7892692815641
0000000001400
7891040075126
7898934595555
7899783601930
7908209808942
7899640803521
7897169257375
7896423438727
7897571982476
7898021635607
7896013555681
7897517906573
7898078761656
7898610377307
7896181911784
7898646549815
6932159610585
7898258627802
7622210696939
7898108641682
37897849608078
7898265324985
7898265325180
7899753557625
7891033013241
7891027059675
7898542317051
7896004737119
7898411815732
7908209807167
7898617523837
7908083518531
6932159614880
7898707147905
7898524341753
7908228801993
7897775670025
7898955171998
7891033733675
609963963393
7898662450294
7891150008168
7891321103920
7890282801371
7908083526826
4006000101330
7891024021590
7896112138501
7898936661012
7898647922051
8902220114203
7899783601459
7909883263126
7899588004219
7896111987384
7891317003630
7898943477941
7908458328857
7898212287288
27898944500352
7898910451325
7897776751013
7891033303021
7898283853412
7896010174106
1725
7898741530503
7891060894486
7908324400847
7898911494123
7899852021294
7894494152771
7909438041490
7899583206021
00070330183575
7896006228547
7896000713018
7891150079199
7892840822880
7899583202436
7898608564313
7892840222642
7898119103605
7899753537948
4902505511196
7896025534681
7897517904203
7896033221245
7892953209400
7898024393191
7908209802315
4005900669285
7898410312683
7898405069486
7896644716376
7894222029078
7908803200548
7896637035637
8902220113107
7896010175615
7897779825100
7897572006263
7891301518485
7899572813087
7899824400928
6925187873213
7896025539648
7898524349513
7896025511118
7891108030289
7896548198070
7898675502058
7909438039886
7897775672012
650240019135
7898270151712
7896013572633
7897042020188
7891317452964
7891106000956
3282770391435
7908497400569
7896444604699
7896033211086
8886472108558
7898608954671
7898949149675
7897889100838
7899850331524
7894494772030
7896647029046
7896007544547
17896007550040
7891027293512
7900083015737
7898078313688
7898671424798
7503002942437
7909438010663
7896115702020
7898079000938
7891334640665
6904627450016
6202103510026
7908279901543
7891027070588
7891000282809
7501009224174
7898610372906
7908038604869
7898589684406
7898650623662
7898666422525
7899753557250
7891040303533
7898658622506
4005900664006
7898741530534
7908209806115
7897849608077
7893254157957
7899105902332
7898660592767
8903855061207
7898447977329
7898168007015
7899753545424
7898647928831
7898623952737
7891027331146
7898632470796
7898222833185
9788595036758
7908458320103
7898527127811
7898582680399
7896261403512
7908040460712
8710103779834
7896380607129
6906588231512
736532824844
7899852003382
78933606
7891040083039
7896658005053
7891153086330
7896132135474
7898707145741
7898562354456
7898483151974
7896326926697
7896497503956
7891360458142
7891301110566
7896015556990
7891033534623
7898671426051
7897042017805
7898947387260
7908077448707
17896007553720
7899753551937
7898765330813
7908209809857
7898610370094
7908420116826
7898225529061
7908040486941
7898936770820
7897664169685
7898698743582
7894494730146
7896004712673
7908985800963
6099639630898
7898513472352
7891033517435
7892692811865
7897158701575
7891317000653
7891360652984
7896004704180
040232941139
7898008552194
7898132981778
7898532211321
7898911495670
7898610377581
7896261402591
7891321035788
7896033233798
6220174048002
7898040328306
7896111992692
7896094924734
7896663322473
7891150028463
7896075701019
7908209802544
7898613213558
7896243101153
7891150021662
7894222037035
7896015525163
7896111992401
7898460985158
7891010917715
7898666420439
7896132131308
7892005050394
7896111913079
7908209804807
7898950465160
7898687734522
7898283856079
7897076912275
7896020161738
7896132132176
7899706187930
7899026423336
7899850345323
7891024033715
7898556756839
7895296105040
7896852618042
7891150051973
7896369164766
7891008223125
7896181914280
7896111996423
7896111992784
7898582683468
7894650940068
7909438045399
7896676428681
7899095202740
7897256220947
7898258622364
27908470002234
17891321102463
7908470009963
7896653702544
7899852003917
178913213317
7899621110853
7891317009052
8720689013765
7908077467876
7891134001802
7893454308814
7898078313718
7898608959485
7908448006482
7896111996508
7622300862466
17891321332013
7791293035222
7896025536432
7896004747880
7898506256136
7894222029764
7898657691305
7898617522281
7899751108973
7893595770129
7899360241917
7899547533132
7896444609335
7908040486989
7898556756310
7896572039622
7899527147342
4005900929365
7898589684413
7898671427836
7898258622395
7898589682891
7896671693886
7894970540009
7894494687853
7891182019149
7622210617903
7904523120180
7908652103175
7896094906785
7898506258352
7898405065037
4894290285201
7898671424293
7898506467839
7896326960073
8710103933106
01467473000118
17896572013858
7908083526949
7896679233152
7898286940553
7897256243656
7898970341802
7898126403651
7908083513284
7908040469005
7896046706005
7900083019599
7891150096745
7896014183104
7897517909017
7891321103456
7898970341574
7898588324501
7898723630757
7891350000078
7908458325467
7896004720241
7891142142719
7898671428925
7896877602552
7898562359543
7896015518325
4005808881512
7908324405101
7908040492270
7908209808966
7909438043401
7896013553908
7898506256181
7897042018178
17891321101473
7891150091436
7898078313701
7898610374108
7898760140073
7898079005704
7898589684482
7898970341598
7898967923554
7896380600687
7898698745388
7898605222902
7896317911640
7897547713356
7501001156190
7891361535026
7891008121834
7896444600806
7908671603649
7896044997207
7899083124375
7892840819576
7898212280999
4006381492942
7896609546109
7898589684291
7896025527973
7897779750105
7891360471196
7896326998106
7899572812042
7908882200378
7896253902191
7896070600799
7899706239318
7899852025711
731509754858
7908209809871
7896423497991
7898078761991
7500435127370
7899838876856
7897256221104
7896380606870
7898524347021
7898170655310
7891150087309
7898664975856
7898664970691
7894494713576
7897517903497
7896025539594
7896213319540
7897779705402
7897832814119
7898597484180
7908448005300
7896852621677
7899806217780
7897517920098
7899583205857
7900083015584
7897252260855
7896025519619
7908371662786
7898283855959
7897947600911
2000000000190
7897252265706
7899852019185
3337875847292
7898724572735
7898588329070
7897042004966
7908169009052
7898741530459
7896111996805
7908209809246
7899753555942
7908040467865
4051892002296
7908346901155
7898126407932
7898915932096
7898650622061
7898582683567
7899753541907
7896380605606
7909883248529
7891317016418
7908209807723
7899525677629
7891331010508
7898405063873
7898405061190
7894222037981
7897322703053
7896637028202
7898623959071
7894970851204
7897473205741
7896004788968
7896075760511
7896902206540
7892832959815
7891350034653
7891137006378
7896852625231
7891360502012
619205194423
7891058226718
7908013507444
7908458332991
7898589684635
7898449393547
7896132100045
7891027318109
7891033558049
7898078317174
7898352912163
7899783600322
7898954526089
7892729856197
7897840309461
7894222036168
7898589684321
7908704510982
7897230303413
0040232941122
7894222033785
7891010005047
7898589684451
7898623244450
7891177603001
7896011707426
7896727869357
7891027061494
7896852619032
7896422513968
7891027070458
7898650622276
7898671428949
4019338604282
7908458332496
7896023737480
7898610373927
7899690510189
7898664976648
7896025523777
9788594720344
7898662451086
7896004706559
7908439805490
7908458305414
7896025522510
7898656685152
7891360572404
7501843507907
7896641808647
7909438041506
7891027342982
7908346904019
7908209805415
7896261009677
7897042015412
17891321331252
7908124401082
7897930778139
7899783602319
7908458336432
7891360436560
7891721020940
8720689006651
7891000107843
7896006297321
7891008209020
7896235353270
7908609044261
7898934596484
7898538292805
7891360320142
7899652101042
7898302727946
7897517912000
7908083528066
7894494552526
7898588328585
7448070230591
7897930760691
7891033812837
7896326912287
7898078318539
7891360542322
7896676442687
7898714760944
7898698744732
7897256244585
7908458326259
7899743921470
7896025519701
7898588089479
7891182016421
7898646541413
7897517922771
7891027049515
6920897708817
4894290289292
7898741804444
7898646540713
7898658622322
7898633980508
7909253139976
7896183309978
7898970162599
7898994297451
7899852024264
7898352914778
7899547500363
9786561021661
7896183317096
4894290282262
7891350040098
7896885204281
7908394102795
7909875025787
6932159610394
7891027006075
7898657691329
7702031416098
7908458320509
7896572013561
7896679233879
7898078311455
7896111999103
7891060836301
7898420971672
7899788410315
7899440955956
7899852021638
7898405066263
7896464706953
7908448000022
7898943707000
7898744782558
7896004713021
7896025512306
7896004712581
7896714233833
7891055631003
7892000157814
7891060758061
7908512702951
7899914000847
7897042018239
7898146820612
7898605222193
7891040090938
7898664976709
7908652100860
7898605222872
7891027113049
7899852022031
7891317000295
7899706185240
7894222036298
0070341334973
6992248214728
7908038605538
7898447977749
7891010041427
6295125036506
7896744801552
731509997835
7891360653813
7891350043013
7622300862374
7896902201101
7909438041544
7898610372357
7898248392871
7891150067486
7908083512928
7897947616721
17891321333836
7899026401105
7891800648539
7898474840016
7896075709947
7896885203017
736532611123
7896075757474
7896132127295
7899547505108
7896676400489
7909438011493
7898911493447
7896788010033
7891360587507
7702045539011
7898258627796
7896737020038
7898567750581
7898216361311
7898945785716
7899583200838
7896509976815
7894222036281
7896342903306
7896641817618
7896016105166
7898647924338
6931759212786
7891173023001
7899852020464
7898741802044
7898662451291
7898698740079
7896744850758
7896852618080
7898410319637
7908470010006
17891321103361
7898623951082
0789888134884
7896016801587
7896111900321
07894900329834
7896020164203
7899083127208
7908040493406
7898970341604
7896025504875
7909883433215
7898474844625
7898671422626
7898447973970
7891317466350
7897042013227
7896006225010
7891350039979
7896647002766
7898648240352
7899790225464
7891321104187
7891027314125
7908209805705
7899706133371
7896004755427
7908985904470
7898949149026
731509560770
7891150059917
7898716456142
7898302722439
7897256219149
7896070600201
7891150055179
7897517904418
7896444602725
7908082303329
7908077460662
7898697107118
7891142205506
7896111997406
7896658038600
7891691004520
8806428060624
7898954526102
7898352912224
7899783601268
7898521378820
7898258622685
7896094929340
070341335901
7908371626122
7896663332700
7894222042961
7898741802570
7898579482609
7899852024011
7898132989378
7896036548165
7894222022079
27898944524983
7896033204958
7900083019391
7500435118514
7899735393470
7891153073088
7897042017782
7899808872017
7891317010201
7899572813766
7897517917227
7896512949158
7897042012725
7898945782654
7891027105600
7500435154284
7908209802346
7896033233828
4894290282224
7891153073200
6971760277459
7908439801416
7897517920739
7896965214452
7896132135443
7908082303435
7891182014816
7898588329261
7896902209855
7896111985571
6932159614996
7897517925543
7908083513000
7908448005539
7898005719224
7896115704529
7894494000560
4005808840625
7500435176866
7896342480869
7908542612480
7898184464403
7500435158077
7900083001143
7894222043258
7898212286977
7898741805212
7898078761526
7898947170442
7891150018754
42176763
7898994747550
7896444618252
7899095257870
7894494152795
7897237345744
7898170657048
7891033515158
7898944500303
7900083017229
7896641800764
7898562356757
7898765080244
7898758081425
7898650622030
7898588328219
7896331701975
7895800304679
7897517930400
7898741530411
9788557583207
7891027149697
7898391070367
053200001315
7891150084490
7896112122463
7898623241688
7896191227028
7896572029609
7898391072668
7891150075429
7896025538498
7898646541635
17891321107710
7898971945009
7894970126005
6932159608452
7896251803513
7891350038293
7896852615300
7891150044487
7895800300381
7896111992760
7896036548318
7898212280975
7898566290408
7908459348274
7898524348509
7896771609381
7898650621736
7898599216314
9788557584761
7896026300117
7898211383837
7791293034980
7908652101379
735201084176
7898562352063
10910023
7898212283327
17898681350442
7897230306421
7891317010270
7891150055704
7891033515509
7897849609104
7899850339032
7899783600568
7892840824396
7908458324460
7891106906005
7897237310261
7899852024684
7898625791686
7908077452483
7898258624610
7898636193301
7896852616727
7896033212410
7897517930646
7908209805460
7896679224402
7896964621954
7895155242695
7896111986660
7898566290743
7899852027678
7892840825065
7899753557649
7896877602583
7896262304450
7894222033761
7908785482697
7896444602497
7908458327898
7892840824723
7891232971106
7897947617506
731509992779
7896115702037
7892692811896
7898599216321
7898405067970
7898040321345
7896033231992
7898647928848
7898021631319
7891350032697
7891075010130
7898656685060
7896094901254
7898608956651
7897517925666
7898556757379
7909438035758
9788538076117
7908013508496
7500435014236
7897517916763
7448070228741
7908615012049
7896036573167
0070341350942
7899658394363
7898970325697
7891321230749
7900083015560
7891033534302
7891033937516
7894494000546
7891350041187
7898646542861
731509974522
7896013568520
7896183313739
7896116101501
7891024136133
7896554837994
7899095250949
7899753558813
7898650626076
7622210570079
7908077403195
7896115704338
6986548809746
7891033526215
7897731170002
42360414
17896012879976
7891024132128
7899583200869
7893871855502
7894494127793
7898502738711
7908523029511
7896116532787
7896112400592
7501007454740
7898008551388
731509724066
7891182036047
7899105904367
7896380606979
7908439805506
7898416830099
7891027048211
7898483152278
78918344
7908209804555
7896033201780
7896472502615
7899009790974
7899753538945
7896013549000
7899751104012
7896342905843
7897947601734
7898258626614
6932159609138
7891317021894
7908077460068
7908209811454
7898468503491
7982505257277
6972858364662
6932159610905
7891360659891
7898132847326
789131712958
7898671422220
7908458334025
7896737014013
7898623950559
7908448003863
650240012723
7896309204927
7898683860041
7890786190223
7898650622306
7891350045260
7894383015187
884851033390
7899852020334
7896380607242
7908083517169
7898940257850
7896852611944
7898538299217
7500435000413
736532611109
7899420508417
7891060003970
7898994532934
7891024116319
7898666422532
6932159609343
7896852625330
7896484110426
7898698742431
7896111947883
7898504383209
7909438070780
7898647928749
7908209806900
7898646543004
7898934930585
7897698236865
7898647928787
7908038605163
4005900894779
896036544426
7898024398837
7896714292168
7897547712502
7900083001945
7896444605719
7898610375112
7896380603206
7898132980825
7897779814104
7898617524209
7896359003884
7898698742554
7897840300406
7908448002637
7898021639247
9788537633892
7891350045659
7908458335800
7897595602206
7909438045450
7896132134262
7898126400346
070341337288
7899572806768
7891024024485
7898920041240
7896311730537
7896952533689
17896004011421
7896013501237
7908615088945
7900083002072
7899640802517
4064666435459
6973442150012
7896641815867
7899205969037
7896279100854
7891334101265
7908077462635
7896112407881
6971760277411
7899432865829
27908216131679
7899670802334
7896326902301
7897517923778
7896653709635
7896042044927
7896004715803
7896509955100
7896025524798
7898646541406
7894916143448
7898632476019
7897517957049
7899621107952
7899898404501
736532021939
7894222036182
731509994797
7898671428765
7891150055698
7898079000433
7898588322262
7898597484197
7896380600380
7899583203808
7896858617261
7891317031350
7908228803911
7898258626645
7899672915544
7891010256968
7899083126621
7896484130073
7898416834158
7908319002803
7898476321476
7899621103954
7899360241931
7894494191848
7898698742479
7896023704833
7896311777075
7897840305401
7896641805929
0722713013411
7908458320080
7896331707540
7896025510067
7908458305391
7896049508767
7898078314821
7898741805717
7899264342086
7891027105013
7898283818626
7891317044800
7897779820105
4006381493215
9788594720030
7899572809820
7891182032988
7896212479054
7898639691965
7896025529656
17896342444165
3282770388404
7897256219965
0011509031310
7896342450329
7898647924345
7896380605101
7891027911188
7909438011462
7898994127680
7891033519279
7891150089051
4719916592467
7897424080410
7898483150601
7898525586856
7791969016005
7897517920920
7896112122692
7897517923754
7891075030091
7897517917630
6941690703120
7892840822583
7891158106897
7898417966247
7795323001270
7898970341208
7898589684338
7908077448714
7896342452255
7898126402258
7895144206905
7899706145190
7702045539196
7899852021898
7908759402690
7891321068854
7896852615348
7896111998779
7896094906310
7898170655068
7891360668428
7898700410471
7896852616710
7891321068342
7891055635209
7500435187879
7891317497842
7896573379154
7898610378601
7896061996887
7896852616000
7896094211353
8903855062006
884851033376
7896326906439
7898430193989
7897595634160
7897011000258
7892692815054
7891317030070
7896658033377
7896112128762
7909342632128
7898589682624
7909883096540
7898416447228
7899105904893
7898185416227
7897779725103
7897947601840
7891027534844
7891027349868
7898589682563
7500435132718
7898664976631
7899264342123
7908660200613
7896464709008
7891153073026
7894916144971
7897849611060
7898258626676
7896952567424
7897230302614
7896214000126
7898468503743
7898608950079
7898936049063
7892953001288
7899753551968
7896200704199
7896279114103
7896013544203
7891055637920
7898629148790
7891321101926
7896509955056
7898650625116
7908209811478
6931759233354
7896004718460
7896644716413
7908240507019
27898944524815
7908458318018
7898078316986
7891158105227
7899850336925
7898639694089
7896444614438
7896006201632
6971912073007
7898717925470
7896111996744
7899806217711
7896004793825
7896798600040
7896013544289
7897807411503
7896342449132
7899783601183
7896042086330
7898637229177
7896020164173
7898212287585
7899658377663
7908082302766
7896902287518
17891321332983
7898770683041
7909438042572
7897947616325
7896331705096
7898146823422
7909883433291
7896025531956
7898212286717
7897876125011
7897947616806
7898002434625
7898002433710
194099
7898671423005
7896484110525
731509991673
7891027532727
7898599213443
7908040492201
7899852024967
7898610370476
7898648240499
7896025521827
10909799
7897930760424
7891360658887
7896326931219
7898212281415
7898352914921
7898927980368
7897013586477
0070942004817
7896020153481
7899264377767
7897731140067
7897572000230
7908324405552
7894916341868
0070942303194
7896025514799
17891173021790
7897256228318
7896226500386
7898468503552
7896094201293
7891033761104
7896111992616
7898216360949
4005900647481
7908040461160
7896111994795
7897230303895
7702018920235
7896082900054
7898474841037
7896111903070
7908040493284
7899783600537
7898608957290
7898405062852
7898646546814
7891772159248
7891361351565
7896647014219
7898302727922
7891321100462
7891350037067
7908458324392
7898608959478
7897517927325
7891142158161
7896444604385
7896637029117
7891027350994
7896743830409
7891033913954
7899420504792
7898707145734
7898647928909
7898610375198
7898605222711
7898595239324
7898556756846
7898656685602
7897237311435
7898675509156
7898994979814
7898132847302
7909438035703
7894479644185
7896036526446
7899572810185
7898212281736
7908542629181
7891150055193
7898656167405
7908040450881
7896026300544
7894494200519
7896042055206
7899838898551
7896033251747
7898258627741
7898582382354
7509546701943
7891150034952
7908458306565
7896116801609
7896342413157
7897337705004
7899583205888
7896444600455
7898970341727
7500435158374
7891033013258
7896002911276
7896014125401
7891317158255
7908458304523
7898216364305
7908458332533
7896512911865
7908077460075
7898671424019
7896572041090
7898608956958
7898413661474
7891010256463
731509992885
7898570573191
7897517903633
7896006201977
7896326958025
7898671428772
7908209800021
7899788408565
6926641031385
7896444609687
7899547538564
7891027087548
7898078314418
7891075081215
7896014157525
7896013563532
7896862918057
7891321108543
7898941189884
7899852024202
7891033851249
7898222820611
7896012800669
7897848720862
7896798601788
7898623956193
7898647925779
7899652100489
7908759402676
7899640807994
7896213310110
7891027394295
6970110476399
7898934593698
7897076923806
78905030
7908394102382
7908216110212
7891106006316
7896279129305
7897042017997
7896279114035
7898024398806
7898949409519
7896004749730
7891106004213
7898132989248
7908077449056
8902220105935
7909883308780
7891027070663
7894900059847
7898468503569
7908458322381
7896965213523
7891033864317
7897216900070
7898008551883
7908609027011
7896222718389
7702026152222
7897947617599
7896026301374
7897512900491
7891317002572
7891033572311
7896464707028
7898610378502
7899783600834
7896025539709
8903855078557
7891317008284
7896509954967
7790085472252
7897517920470
7896226502465
7898632476736
7898524348523
7908346900714
7896444603586
7898646544827
7909189348374
7908071334778
7908209809536
7896181911036
7896112103370
7896063285057
7891426310322
7892840824969
7898970341260
7898502738995
7898623244122
7898488470315
7896004716640
7891182032452
7896132134057
7896013504733
7897256246831
7896647028971
7908077453886
7897903305560
7898671425153
7891027308940
7891010256135
7891027233983
7897930779112
7891010814953
7908077466619
7908448006468
7896026173018
7896111997178
7898426278843
7891027071028
7896309205023
17896007548405
7896150016779
7898085943809
7896004761299
606529148270
609963963270
7899583200258
7897779816108
8710103871354
7899753550053
7891239010716
7898765330875
7898610375969
7908209808928
7896132134255
7896004721248
7894164009800
7892680320782
7908040487344
7891321333709
7891027282431
7898700623611
7891317481636
7898039565460
7897947600782
7891027075477
7899706152105
7899753556666
7896112403616
7896006248910
7898632475142
6972858360046
4015630067572
7898952577250
4006381105347
7900083002577
7896111998069
7891800346053
7899852024134
7896015591410
7898212287387
731509541243
7898157616815
7891033718672
6941898917268
7899852021881
7898569380533
7896640452797
5010993640522
6932159606243
7896025528420
7896025527782
7898589682501
7891033510757
7898664978895
7899360267047
7899008057498
7896061996351
7908458304547
7898608959942
7898924603963
7908038603299
7897517921002
7899852021379
7908209810747
7896422507066
7898588328332
7908077449391
7896013544241
0070341071861
7896036547120
7896964624535
7896852618110
6971903870363
6932159608889
7898184464199
7898265324039
7896094931183
7896852615782
7898760140066
7898671424774
7898953484823
731509996531
7896085813450
7899820813388
7899753557786
7897473205963
7896309212533
7898562354821
7898646546852
7891150026803
7898556752343
7891027146818
7891360680222
7898741806073
7897027202141
7896112191919
7892687813355
7898632470024
7896033241908
7899753534596
7896852610435
7896380606672
6931043399155
7898632475418
7891360629559
7896025526037
7908209801455
7891142198464
7908209801127
7896025539990
7896042048611
7897698211275
6982002002050
7896016105036
7891317041434
7908458335954
7908458326242
7898079001416
7896132134392
7908448005430
7898947170190
7898132981044
7908038604456
7899583201811
7896138600129
7908209808553
7896658004841
7909438011431
7898126404054
7898132987107
80935513
7896658017704
7898024398790
7896004810225
735201084190
7896964626911
7899013502013
7897771301411
7898302722118
7898126407864
7908134200071
7891721202834
7897230304212
7908209802230
7896111907252
7894916512008
5000456096638
7908759403796
27897476687739
7898623243095
7898079006404
7908209809673
7899572812134
7898413661344
7896279113106
7898608956644
9788536824321
7908169029074
7908038600717
6001159129257
7897517930035
7900083011753
7897018510019
17891321230203
7898524349537
7898632473070
7897517917074
7897256275008
7908040493031
7898656685619
7896679233886
7509546687902
37895800400150
7896025519091
7900083019544
7898758082354
7898302727250
7908209808744
7898741805847
7899790250282
0070341706220
840646002651
7908334505785
7898502522600
7899360264510
7896112406259
7897517908904
7896359036004
7891075402911
7898671428062
5702191007985
7894164008902
7898132983635
7891317004255
7898212280500
4894290996091
7891033586417
7899808871614
7891033552955
7895800400173
7891150060883
7896637033480
7909438033761
4894290280329
7896663327270
7894222029795
7908077460037
7891027340834
4005900991874
7898430194634
7897230304120
7894494692048
7896448199801
7898687734447
7899095220393
7908209809260
7898687734485
7897256246770
7909883152956
7898911495465
7894222031156
7894222032023
4005900854353
7896523208893
4006381438568
7896326996065
7898647926110
7891024035504
6925187880099
7909883191139
7896013553038
6972858365478
7908458336357
7898414850242
7896671630058
7891321100578
7894222029733
7896006212102
7898212286939
7908759405066
7899420506772
7891027105518
7899898402521
7896380606504
7900083012439
7898502734027
7890000240383
67897731141127
7898211382069
7894222041063
7891150018761
7896331708844
7908209808560
7897230304519
7891150084506
9788573985306
7896112125358
7908209802285
7897476609676
7908699000017
7908083521845
7900083019582
7898968070226
4005900942975
7898410313581
7908077445997
7896025523722
7899753542249
7898969725002
7908228803393
7899852013404
7702045538588
7896380605811
7896025531482
7891239025888
7898504927359
7896311766956
7891150060814
7899701872190
7891317014308
7896004742007
7908209807020
7896484110365
7896036548769
0602883749054
7891360582083
7896075710103
7898474844205
7898632475005
7500435169387
7898970341680
7897517903589
7898741805946
7891027005542
7899783601152
7897517905569
7896025541917
7892687812341
7899527100057
7899984402268
6932159610646
7896444603524
7908346900196
6971912072963
5901832066071
7891350039726
7896004751009
7891360682011
7896342437160
7899083127291
7898623952386
7898650625550
7622210534569
7891317488765
7897254101347
7897512902365
7898352914747
7898945746106
7891239024119
7896444614056
7908458326501
7892840820626
7900083001655
7896111944295
6932159603945
7892687812297
7891008197020
7891350046090
7896025536869
7908458306589
7908083512942
7898599217205
7898483151363
7891317039097
7896112148715
7898939082586
7896025528116
7896112123033
7891027348380
7898132989187
7899083119302
7891150102422
7898562356429
7898921545754
7908209809475
7896033240628
7898258620988
7894222010809
7908542612411
7896980423334
7891142982216
7908376800190
7892005011142
7897982205409
7899852024653
7898211381604
7898647928763
7896509973708
7898599212729
7894494113574
7898657691879
7898590337957
7896852615973
7896279112871
7898212286526
7891800346046
7891027067090
4005900889720
7891040102204
6972038415702
7892729856203
7896317884654
7897571990617
7898658623770
7898608956637
7899850354059
7897373145215
7891182830010
7891027081843
7898610375242
7898302727540
7891106916608
7898929261274
7896112406693
7897042013814
7908458335794
6925187880129
7909438011769
7898671424248
7896279104098
7898265324190
7896018700543
6972858364211
7898671422985
7896093000217
7897517907440
7898078313985
7897254107295
7622210857774
7897571915931
7897512902198
7896658035999
7891321107522
7898663111781
7898343701523
7895144028019
7891055637722
7898972104009
7897705202715
7896004756431
7898657691237
4894290285218
7896004710792
7898212287226
7896472516377
7897230302591
7908083520534
7899783600094
7622210561909
7899085357887
7891191004594
7898664976396
7898666420491
7896326911303
7896902200692
7891033893171
4902505343568
7898049794683
7898608950123
7791293040394
7894222033792
7898605222650
7897530100323
7898639381699
7896025524460
7891360587484
7908077433086
7897517928445
7898929813176
7896092002083
7896380605880
7898647920279
7898617521710
7898940257515
7897517931094
7898258622630
7891772156353
7898405067895
7891182015226
7899674027504
7898556751551
7898524346826
7908209809024
7892840824105
7891033922277
7909883308728
7898503180335
7896036571422
7891033535002
7899852021317
7891150197800
7896902285569
6932159608315
1738
7890636876871
000148420180
7898929260956
7898467260470
0040232944161
7899551301673
7898286945022
7899470804590
070942003513
7891106916547
7898662451253
7909438017952
7896641805776
7898527127750
7899105903438
7898352912576
7896214002113
6920897450884
7898639691026
7891045008396
7898543384663
7898258627291
7896444603517
7897230304588
7898662431064
7908470014769
7896714233840
7891027070519
7899852024691
7898562351721
6973094271424
7896004767130
7894494190469
7791293051635
7897779760104
7898945782678
7896380606214
7899014972860
7908671600822
7898100242757
7897698209333
7896111978672
7900083018783
7896572012915
7896116114051
7898460973063
7899095203853
7898562370609
7898301058508
7894494192098
7898610372975
7891027294137
7896049502611
7896444605795
7891150060203
7891027319793
7908324403107
7898100240777
7898973417825
7898608955630
7900083016536
7898481573488
7891024035207
7896044900856
7896641812293
7898556754422
8429420184077
7896658028113
7898518430104
7891360653806
7896902207943
7898418036130
7898664976204
7896018703469
7896004778921
7908458326129
7898741801658
7896004743042
7896235353645
7908209810228
7896004703497
7898503180618
7896004730059
7908458326266
7897517928087
7908077458713
7898660596697
7908673906779
4894290298058
7891150018853
7897495406423
7898632475388
7896004732855
4894290299451
7898588112207
7898588113846
7897517921095
4006381493031
7896013548416
7896227800898
7908077459932
9788573987515
7897517925819
7896523205335
7897947616707
7896326957578
7891033566112
7908040493390
7898562355620
7891024031865
7896200706131
6925187880136
7898303263122
7898258627154
7891800651430
7908458326105
7896311770793
7896212420124
7908609044896
6945801215199
7898723630276
0041333050812
7896902214859
735201084183
7891361270682
7897517917722
7896213320140
7899420507021
7908077458690
7909438008790
7898532210645
7898636192458
7891317445751
7896647021781
7891317037017
7898610374115
7896025540323
4005808305964
7891317013523
7898405067758
7908010117097
7898647921948
7898258620964
7898644470975
01003829038833
7900083015591
7908236800735
7898504383247
7896042044118
7898970341529
7898040325787
7896641806056
7908040449793
7895155003234
7891150054936
99785819
0070341071885
7891350044867
736532021984
7899869202341
7896183317003
7908458328949
7898476326112
7898623240858
7898647920408
7795320050127
7909883168537
7896235319634
7899753530482
7891008151275
7898697100201
7891027159818
7898947170077
7891330016532
7898184464182
7898039566030
7898588113792
3282779374118
7898523201935
884851033291
7897517909222
7896603803604
7898286940560
7898002435868
7891023556864
7908470601792
7898608953230
7898636190324
6932159610875
7897517904845
7898671425276
7897517908539
7898617521772
7897595602527
7898133131059
7897230304946
7891360655534
070330413962
7899621100342
2000000000121
7896523207643
00000000022222
076660008625
7898965666644
7898352910725
7899790501407
7897517930394
7898947170626
7908209805644
7908759402669
6932159606212
7897547713400
7898279794859
7898936049032
3282770140705
300651481198
7898157304187
0040232752162
7898125112288
7899788409289
7896341400103
7896025524859
7898525586917
3454090003392
7898170655013
6932159606175
7898132989019
7891150102736
7897517928506
7908324405095
7891317000127
7908209804593
7898197415638
7896212479580
7894222041711
7898588329506
3616305827265
7896013506447
7891027341329
7897840306002
7898945782692
7897316800188
7898258622623
7908985800970
7897517908638
7897832866576
7899026401822
7908040481441
7898671421735
7896673193322
7909438051130
7898749971100
7896647043226
7897698211558
7896484120111
7891027308230
7897840309454
7891360646426
17896004011667
7908209809611
7897476612157
7898671428017
7908209801400
7898965666736
7898588329162
7908040463218
7891024029831
7890026007809
6945801215236
7891360650164
7899304804604
7908077460211
7908448003412
7898570571531
7897517932459
17891321104085
7898048131236
7899014963929
7898648240260
7896094931459
7896004737126
7896112406488
7898623244443
7908239716811
7898212288728
7898741530404
7896641800313
7898976443012
731509993479
7891182996563
7898639380197
25887884
17891321100575
7899751108911
7891321230190
7898632476729
7908458320530
7892840825157
7898657691749
7898126407789
7897169204058
7899753550107
7894494730177
7896226109824
7896004762203
6956893014904
7898765331186
7896004758114
7891137000024
7891027107840
7896369164773
7898608952424
7896004718859
7896548140222
7898660599810
7898595272116
7896181922254
7896042069678
7898939082593
7896663335930
7897517920197
7891106006132
7896658025136
7506309889375
73285151
7898957474462
7898300572838
7891317006938
7898168000290
7898911309571
7898079001300
7890269194168
7896112406631
7898664976617
7909438042688
7890311856761
7891800341966
7891060825381
7908040493093
7899652101134
7898666422396
7899264342116
7908458326174
7898636171101
7909438032078
7897520154121
7897230301303
7899640807345
7899790927726
7898306210024
7908169028541
7898625791945
7909883401955
7896679233169
7898079003120
7898158691576
7898562357211
7898086995029
7896317884661
7896644716178
7898157616310
7898562351424
7899820808155
7896044998617
7908458322435
7897571982452
4005900163875
7896033251013
7896036572528
7898632475173
7898212287127
7898166040342
7908458334582
7896181913771
7898671426990
7891033940516
7908542607646
7897779739100
7894916513180
7908239716804
7898671422091
7908077447359
17896004011445
7898527126586
7908040476843
7899852025742
7894494711428
7898588320305
7896004713182
7896070601895
7899640807031
7896235319665
8903855076058
7898588321975
7897779705105
7898631551489
7896094211131
7891024035535
7896964627185
7908040420624
7898483151660
7896043360170
7898639383532
4894290296801
7896111994870
17891321108700
7899806218435
7908334505174
7909107036154
7896261006553
7896444606013
7896004752921
7891321330814
7898416834790
7908077460013
7898258626638
6920897713347
7891027308537
7890260723428
070341336380
7891634017914
7899497500413
7899583201101
7908040476911
7891395012111
731509998634
7894494000539
7898610375983
7622300862299
7899753541723
7892692814750
7899653780260
7896025524934
7898582680559
7896004719580
7896150012801
7899808834558
7898610375341
7898524349445
7896658022456
7891317015596
7896132122481
7896637033992
7898566829646
7896671601782
7891000438688
7896212420117
7898623240322
7908414448643
7908038600748
7898582683284
7898662436724
7909438007335
0070341335444
6920232057815
7897848725317
9788538041566
7891150100053
7896624203544
7898405067710
7900126900020
7896965214100
7891045013611
7898662452694
7898632471267
7896004713250
6973094274241
7897517911652
7897042019328
7891350040906
7908010142792
7898539399312
7897517904456
7500435146937
7896041925104
7898958060749
7891027304904
7908040449434
6932159609039
4005900646491
7898248392932
6973094271431
7898566825181
7898566293072
7894916146074
17894900531005
7908470031452
7908209803077
7898606742850
7898078317914
17891321330675
7896658008467
7891027346386
7909438011349
7899583205758
7898741950684
7899824400942
7898301059673
7896444604439
4902505368875
7894494111426
9786556170961
7897424003150
7896042033945
7909107543461
78923454
7908040459273
7891150055629
7896033211673
7892840814748
7897373158734
731509992786
7896462003597
7897517907488
7891027128296
7898617524186
7891027308087
7898662450416
6932159607103
7898610370605
7908371673478
7898562355170
7899753535371
7898591453403
7896111950364
7908209804814
7897517910075
7891360663010
7898405064078
00382903883370
7898588321586
7891321110119
7896309205078
7896025500433
7898248392949
7897337710930
7897230302676
7896211806363
731509996487
7891000329863
618231254750
7898610373453
7891360612650
7898970162681
7898506721832
7896326905562
7891027066550
7896111992944
7898216368051
7890000034975
6941690703441
6972038414828
7896025507999
7898556752879
7891150008809
7896033204286
7898911689383
6932159608278
4902505511219
7898212287073
7898911309397
0040232896743
7898639380647
7890282801210
7897595602558
7897840305173
079400500205
7891182018807
7897230303123
7898610370506
7896006298540
7891033925605
7891177373218
17896673193367
7900083007909
7898523201997
7899751108874
7897517919429
7908228806011
7896111996348
7908458322480
4006381493000
7899026423398
7896548112793
7909438010618
7908077445980
7898483150168
7892840823481
7896852627334
7896111900352
7894164005390
7896641807534
7891239021705
7896025533646
7899420501418
7897849609067
7896111992708
7891721022272
7908470002391
7896603803918
7896015560034
7898527127798
7891334101272
7899790225082
7898430191039
7898040328627
7896788010125
7898132985783
7898027870248
7896637026222
7897256233541
7897698236513
7898395333659
7898662451611
7898714760456
7898610371015
7896647020227
7896212686346
7898472262735
7898405067482
7898610377628
7891027070373
7898610375310
7898417963062
7896044901471
7898636190720
7898352914587
7898158690401
7908371613351
7891150060289
7908209809949
7898765331308
7899700801047
7896852615263
7908458326303
7896132120425
7891321104088
7898566782439
7908040482677
00921880000
7891033481637
7908376801579
7896212425549
7622210563460
7896902208278
7891360587491
7891027342272
7896026307079
7898664975245
7899026400955
7896033212304
7784130323316
17500435181294
7898599214457
7891321100851
7896380604753
7896279114394
7898662450256
609963963300
7897517902452
7897042013425
7909438044569
7897517926571
7898760940734
731509993530
7898671423869
7896309204897
7896316101424
7898352914761
7891317029951
7898623244405
7899706239240
7898527125879
7897517901165
3504105034405
7898430194597
4006000101347
7897517907204
7896036544433
7896658039195
6932159610592
7899852024707
7891027398057
7897840305968
7897517925635
7898589682686
7908016675065
0070847022503
7898671428093
7896004705989
7891027056711
7898258623996
7898639791948
7897237311954
7898506256242
7898650622337
7899026432468
8955155811259
7898410319934
7896111998038
7898970725367
7898322521654
7896004705743
7891317443382
731509724059
7898650623433
7896111999066
7898662450379
4902505358081
7898577234439
7897517937041
7898622117717
7897930762053
7896004723785
7897476687735
7898499248132
7899738900736
7896902207059
7891350048186
7891027349660
7898483152186
7896444601711
7898569380748
7891027291655
609963963331
7891033534999
7898265324664
7896111996812
7898671424101
7896111991473
9786556650043
7891182001045
7898623952744
7898556752381
7896326912225
7891317038656
7896342450336
7896033231091
7896603803796
7896026300179
7501009222729
7893095398694
7899083119616
7891040361380
7898132989262
7898664633022
7891027067236
4046504230198
7896497502065
7896380605507
7898605222612
7899753559513
7898698744664
7898965666309
7908685690116
7897517926595
7897517925314
7898222833192
811426900030
7909549205699
7896965247542
7891060028898
3461020002035
7897517902919
7891321333853
7898947387253
7898021635676
7896033231084
731509997828
7896042037318
7898950465153
7892692812589
7896013501435
7899706149112
7894222037738
7898962932193
7891060917062
7898965666323
4005808694914
7896033241151
7896033233941
7896006298625
7899869202303
7896444614667
7894222037004
7898632474923
7898532210607
7896224410212
7898617529785
7896644701976
7908209810808
6939020450646
7896342450398
7908083527830
6911297957707
7891317001711
7898579487215
7891150034075
7899753533421
7898562352810
7896025515000
7897042021352
6902554150108
67894222029308
4006381333627
7896111997215
7896009498282
7908216110236
7908785412250
7890000210904
00457245140003
7896025514942
17898681351142
7898212288599
7898903703011
9788536805900
7899572814398
7899706152143
17891155667701
7898101640163
7898664974644
7899783602579
7897256246657
7894222022222
7899753549705
7898302727267
7908209811539
7896609546154
887961908954
7891000248775
7897517937812
7899820800975
7896497501617
7898639691958
7898658624944
7896025537484
7891150066816
7899852020310
7898970341376
7909438042701
7897705203118
7896015560027
7898225523588
7908077444778
7896235353690
7898650622221
7891360436539
7891010101688
7897731122056
731509991444
7897042015948
7896111994771
7894494728013
7896004703299
7892840820503
7892840824075
7896980456608
7899768039819
7898957474790
7898078751312
7896326996744
7890282801333
17896007552822
7908083519941
8681554621433
7899790501414
7891321103494
7898593051010
7898646549976
7896079811288
7899695623693
7908209804753
7896025529328
7896054022258
7899753555188
7896025536395
7898132989064
7898078762141
7898620402570
7898966463693
4046504230617
7898472262575
7896609550281
7898920080782
7891033534715
7894222022239
7897027200185
7898944073579
7897517909741
7896007551316
7898664970585
7896013547624
7897512904383
7898588324372
7899572810840
7898623240360
6915202503171
7897169256866
7898664970561
7891653014031
7896111998984
7908673902894
7894916149167
7898416834035
7898610373200
27908470002395
7896004704289
7898301057105
7898126404184
7897517903121
7896211806394
7898741530442
7898650621859
7897476609980
7898078759554
7891075020023
7896647001226
7897947620230
7898506256211
17896673193268
7898369690061
7898481570852
7898610375471
7898949256076
7891321103227
7898483151844
7894916145541
7909883232405
17891321100391
7896025522480
6924466302468
7899588000655
7899738900187
7908448004938
7896013553021
7908236800124
7899850302654
7898248392864
7898132988593
7896369164735
7908458324378
7897517907556
7896025528345
7898617520850
7898610370612
7898933076901
7897517903367
17898681350312
7898258623903
7908077431839
7898950465047
7896033204316
7896369162717
7891150037441
7894164005260
7898352912545
7891239023150
7898650621705
7896033212236
7899753556376
7898656685886
7897424006564
7896004711508
7908458326716
7897169224384
7891395012142
7896183305796
7897517913861
6939020450929
736532611161
7896261000407
7896036576519
8903855076393
7898919089130
7896000706188
7898660598813
7896311775439
7622300847807
7898610370537
7898008550220
7899753544939
7897322714264
7898170655266
7898405061091
7896004707600
7894916372770
7908671602208
7895144603087
7898369692768
7896010171396
7891153067247
7898527127828
4064666043623
0043917331010
7896033241274
7896444606365
7898184464410
7908458326273
17896673193336
7891027319595
7897254129105
7892840823375
7897779755100
7897517904821
7898741530428
7898664972237
7896025539600
7898610372999
7899573630423
7898608953551
7908040493253
7898211382731
7896013572695
7894164009282
7896771606083
7896180302095
7908082302568
7898126400728
7898593053342
7896033232661
7898934595470
7908236800605
17894900660316
7908470603291
7899783602517
7899083124382
7891024174180
7896006298564
7899252022211
8411061948903
7898447974410
7891027158224
7898302722095
7896015591908
7891106904155
7908615088983
7908077468958
7795323000587
7899783600797
7891024174135
7897237300019
7895296288026
7908083513550
7891321046050
7891317011253
8903855086583
7896965253116
073796316709
7899806206777
7891634250625
736532611178
7896644716123
7899583205512
7898212283310
7908324406191
7898281098303
7897027251279
7898562356412
4894290263681
7891321100394
7898960813869
8720689013796
7896609550953
7908209802537
7896094904156
7899869202327
7891027083991
7900083001679
7500435118583
7908010136173
7898405065372
7896004792316
7898644471521
7898562352148
7896224410113
7898172860224
7898671424811
7898562359857
7891153820309
7898562359338
7899869200675
7896020163565
7891317489533
7908209808621
609963963355
731509680485
7898132989163
7891027357122
7622210528933
7899768077576
7898588321838
8710103806905
7908458320615
071603111523
7896902286900
7894222021799
7898132987664
7896852616192
7891027539184
7899975286419
7898646542847
4894290299673
7896094903289
7898562351103
7896025516090
7898940257232
070341340974
7891360320203
7898352914785
7896025522329
7896359000302
7899788400286
7898447970955
7898417966186
7896497504090
7891150094338
78950016
7898599217229
7908615090658
6932159603952
7898623950542
7891360589341
7899640808373
7898566290736
7895155808402
7896025523401
7898212288490
7896326963180
7896008932978
7891331010485
7896699011099
070330423282
7896007553716
7898002434724
7891000003299
7898662452465
7891058489038
0722713014067
7896033290272
7896065860016
7896181921325
0606529140144
7898184464243
7897517931766
7896647041918
30243
7908394106182
7896111998014
7896016104985
7898744782480
7891691002083
070341336502
7898639794420
7898158690517
6973094274272
7622210574695
7898483152117
7891033718696
7899850330503
7898671429441
789815802122
7622210573322
7899583200678
7899751111331
7898040321390
0070942003551
4006381333948
6980268615045
7891321108550
7898405064290
7898664976730
7898405065099
7891360542452
7896046700980
9788538094104
7909438043500
7898608955081
7897517907006
7898760140059
7896112402138
7896902212527
7899658431327
7898126407802
7897595617538
7899583202412
7899105902950
7899014900313
731509992007
7896279129145
7896025528161
070330152168
7898447978265
7891182007870
7891027319601
7898591450648
7896572038380
7894494195228
7899788407261
7898657691350
7897011000012
7898947170206
7898126400261
7908458317868
7898185413738
7898647924321
6973094271370
7896444602848
7908040461337
7909438042152
7899572810000
7898343702094
7898671425177
27898944524105
7898258626393
7891150085664
7896858622838
7898698740949
7898751690037
7898499249672
7894494695797
7898100243211
7898569763602
7898932370901
7896852611951
7896261402836
7896444210623
731509676921
7891106908641
7899753509440
7896326912188
7897027272038
7908823500048
7897571991034
7899808867433
7891317001636
7896004756721
7908083513673
7894222033211
7896952531272
7896013552499
7896548112069
7899753551012
7908209808126
7896111987346
7896317908121
7908458324194
7898283814666
7898078316757
7896369163813
7896029603864
6958902005026
7899852020327
7898258622722
7898938167093
7896603800399
7896380603077
7892840814465
7908470016602
7899640809523
7899360264008
7509546665047
7622202811739
7898741804635
6956812202108
7891150075276
7900083011821
7896004737751
7891360483854
7908209806078
7898953484137
7896004721095
7898945443029
7898432536814
7898184464366
7897595634146
7891033525072
7891321104774
4902505482014
7899547528459
7899852026183
731509997798
7896444603036
7896885202911
7896044900092
7896658034985
884851028204
7891024027998
7898657691718
7896004720937
7897042012800
3282770153835
7891150103924
7898666420354
7899788400354
7896006215936
7896737020014
7891033522132
7896090611799
7896641808609
4971850032649
7898474840597
3701129801369
17894900509806
7896111906460
7898607490606
7908103706696
17891321100469
7899970401206
7896771600531
7896013572664
7896111901564
9786561022910
7899706254403
7891000282236
0070341705995
7896042055824
7898623242012
7892840816636
7898281098334
7899768043717
7896317910230
7891317007225
7897042016907
7898944524132
7896908210091
7896063201194
7897571917096
7899753551111
7897849609074
7891772156360
7899524404875
7898589682389
7909438028422
609963963409
7898707140227
7896771601095
6972038411483
7896609550397
7897144600943
27898944524136
7897042019250
7896020162360
7896004702346
7891055653203
7898765331223
7898265324695
7896279114042
7897917000178
7509546673202
7896061996368
7899753537610
7896020162902
6932159605321
6001159118985
7891058061562
7896036548875
7898632473124
7896033204545
7898595237290
7898021633061
7891033486212
7908169010782
7896380605927
7898650621767
7898286541613
7898212280944
7898418036123
7908615025919
7896609550496
6931759216548
7896025533783
7894222043289
7891772159262
7898945780018
7899783600339
6980020239793
7908458335923
7899583200067
7896094206304
7891024034392
7898605222919
7898650621743
7909438043258
7897832804837
7899083122098
7894494713989
7897230302034
7891027343026
7897947601741
7898185413196
7896326957943
8903855081465
6932159610561
7896111996263
7891721104831
7898506256327
7890195100097
7898412973783
7894916145336
7908458332960
7896181927594
7898911495472
7908077453831
7908013507253
7891033930739
7891395012173
7899264376838
7909107927728
7898608562722
7896603800511
7896004700410
7896094924758
7898911494536
7898211383295
7891200000227
7897294400578
7898415012670
78907485
7908077460051
17898681350770
731509723793
7898589684475
7897256274681
7896902212602
7898683860522
7898579481541
7898671428055
7897517908928
7891350043037
7899808840085
7896235354116
7897144600516
7897517917531
7899083123576
7908209807730
731509560725
7899783601886
7898675504892
7898258620933
7908803200524
7896647028803
7896359036844
39018687
7898970341178
7908040459372
7899026464971
7899095239555
731509996555
7896444606440
7898599212705
7899700802068
7891024134405
071603001480
7896211833062
7895144603148
7899360264411
7899470808338
7896033290265
7891321060636
7896644716147
7899852023052
7896509954943
7896132134873
6931759212687
7897779701008
7898157232787
7896852616970
7891317001728
7899783601374
7898506255139
7891317456559
7896004722870
7898941898892
7896572041854
7896033231893
07898770420035
7891027059934
7896331709315
7891395009005
7898741804000
7898664976259
7891058018382
7897705203101
8903908000160
7892840825003
7898671423999
7896448111094
7898586630338
6931759261067
7909883275631
7891158101656
7898623243521
7891158103070
52876738
7908558401085
7894916146487
7894494180224
7900083011760
7894494000638
7891150094932
7898610377024
7896006220831
7898632476132
7898650626922
7896023713477
7896023716850
7891027340421
7898671425290
7891395012197
7891268107043
7899783601909
7897230304359
7892953207956
71205038
7897512905113
7898656685251
7908083512720
7898100242719
7896464707332
7894222010007
070330198739
7891045039987
7898947943848
7892840823542
7908228806004
7908077448813
7896094922365
731509992830
7898002434700
7896013569817
7899753557793
7898265324152
7891040216130
7898216360420
7891033482818
7891321330616
7897424081004
17894900509707
7908458335978
7899751108621
070341335437
7892840820473
7896033204941
7898741951438
17896007549709
3154145347555
7501007454795
7899008056958
7908209808591
7898258622852
6900000249444
7899640807277
7896422507509
7897840305753
7898632470291
7897373158697
7896004728490
7908209802421
7897517937171
7891010256432
6933256643957
7898596080604
7891653011122
7896006220527
7909189242443
7898504383421
7891331850258
7891153067230
7897705203590
7898596081960
7898582683475
7908422600903
7898605222384
8902220105683
7894494269837
731509992717
7898157301186
7894916512442
7898483152261
7892692834581
7909438035093
7898608953674
7896112406686
7898289786134
735201084145
7898322342242
7898671424088
7891350033083
7898960813784
7897832846141
7898002433062
7896226110370
731509991888
7891010041441
7891051026773
7891027060794
7897517932183
789866050626
7899783601985
7896042066844
7896369163653
7908148524934
7898258622227
7909438009315
7896380604784
7898623951167
7899008057290
8903855081298
7896965215305
7896025541122
7896235353683
7896444605979
7897027202318
27891800801846
7891055651209
7898741802006
7896380606542
7896013562924
7896004710761
7895110048010
7899744050975
7898566829608
7896026301428
7896092000126
7896181918998
7891150096516
7897517925338
7898132984854
7898608959881
7908512703552
7898212281477
7891317041953
7899563240434
9788557584662
7891150061781
7891010510978
7896002911245
7897517909024
7896075707264
7891033926015
7900083019971
7896033241083
7898488471169
7898562356368
7891150037632
7899588009948
67894222030120
7891027291617
7899095200869
7898460972943
7891317436148
7899706251068
7897013553462
7896033203371
7908458336302
7898934595517
7898481400159
7899095200425
7891317014254
7896112448679
7897849621519
6920232057822
7909438043531
7894494272028
7896464736028
4902505482090
7896111912379
7896007200030
7909875069040
7898040328368
731509792539
7896852629086
731509723755
4005900937391
7896658037917
7890282800626
7908077434571
7896111901151
7908077454258
7908209807105
7899095201675
7897216901336
7898513472376
731509973181
7509546660561
7899753551180
7909107543294
7891024131756
7898503180151
7898265325012
731509992946
7896279126793
7891075010239
17896012879969
7896033204309
7898671424729
6937147252044
7896317907889
7896025524910
7909253153255
7891360200116
7891321332962
7909549205781
7896317911879
7896112175858
7909438010694
7896042041155
7899751108799
7908458326280
7896292255203
9786556170954
7898483152247
7899783602388
7898277712480
7891033925582
7898608954572
7898662452717
7896342912056
731509602838
7897027206293
7898965666651
7896637023764
7908077458980
7908209809222
7898741806011
7891360472742
7895155671044
7898132984908
7896111921708
7899852003153
7898588328318
7896640407094
7899083123781
7896641813146
7896573380297
7908458320653
7896292298231
7891321064092
7898132847524
7891321103364
7891150017498
7898662451451
7898258622425
7897731147509
7899783601916
7898410311891
6939020450943
070341334232
7896020618874
7898567750659
7896004728261
7890000318822
7898524347588
7898718330204
7898008554006
7898506254217
7891634556406
7908040461122
7898661193161
7891033471706
731509686197
7908458326365
4902505370724
7896609543115
7898248392710
6932159608872
609963225361
7897230303604
7896025514911
7898562351394
7899026408173
7897517901868
7908209802520
7898671421704
7899783600711
7898079009559
7897517911669
7898741802235
7896380603923
7896902287532
7896181901341
7891137003421
7908470603147
7898132989361
7898589682808
7894494127984
7899583202450
78980666992172
7896025541412
7908353610712
7501007454887
7896036548721
7898581710622
7896025525450
7896033234092
7898919412372
7899672915360
7897517937942
7896641805943
7908236800384
7897530101108
7909883092801
7898607490828
7896004713052
7897517938697
7908281314379
7896902289642
7898929260949
7896112102519
7896181924258
7908448002576
7909883389437
7891360626534
7899753550633
7898683860423
749355833719
300651507775
7898647923140
7891317123246
7896025505636
7898040329952
7896181921523
7891331850203
7908209810365
7896115703577
7891045043571
7898225527265
7896251801557
7896637037433
7894494000577
7898970341185
73468967
7898760940758
7899852022390
7897517902490
75076818
7898650622009
7898973417832
7896025539662
7899783600377
6931759233347
7898525587303
7896444605825
7891182996860
7897572002494
7898352913214
7908209801417
7908083529568
7897424006540
7897256244301
7898970341499
7896006290100
4894290299475
7899706180924
7898570573665
7898631551496
7891010591014
4894290285294
6932159606106
17891321068349
7898650623693
7899753539560
7898911689802
6932159609381
070330521872
7896235354451
7908324408775
7896025524309
7908083522040
7896444609595
7894916147736
7908458322060
7898212286670
7896641816857
7908083520459
7898589684628
7898079000310
7897779728104
7908134200040
7898698742592
7896658006760
7898696040379
7898157613920
7898031310327
7898662450119
7898039563664
7896020160120
7908346900127
7899970401190
7896044952817
7896023716881
7898723630740
7898610370643
7908010135725
7897137903797
7897517921064
4902505355783
7898587270793
8903908000368
7891321110089
7898079000327
7897517902902
7898958119140
7899583200890
7898699845230
7898610373217
7892953207376
7899026401747
7898447977671
7898707142337
7896444605757
4005900659705
7894494153211
7899852022383
7891360585220
789000119560
7896858633568
7896671600938
7891360615330
7908083514861
7898911495939
7898947170183
7898258628076
3401399373466
7898714760548
7896036571620
7898905356727
4894290298065
7908040492782
7896132134064
7897256253921
7899095200524
7898524344365
4902506042309
7897517932442
7898947387314
7898481570838
7896075709053
7898132989460
7900083015744
6973094271332
7896004704487
67894222010252
7898589684369
7891142204646
7891317139544
7899852022239
7896111901816
7896036548462
7909438041476
7896108569616
7891150084780
7899474299279
7898281098327
6931627000712
79084201110360
17896007549273
7891158106446
7898212286533
7891317020576
2159188
7909883248475
8903908000016
7891232971014
7909438011356
7898650622146
7896033201810
7891027049645
7898170655006
7908470603772
7896111987377
7896261403475
7896685303863
7899205964032
7898903652166
7896181901143
7897779710109
7891027081294
7898556756723
7896235353119
7896111996973
7891317191665
7908083512447
7898960833607
7897595619518
7896111997154
0070341370841
6985902408248
7908040493420
7900083016611
7896094918610
17891321107529
7898126404191
7898322522798
7896679233473
7896094901438
7897517921057
7908083520084
7891142981271
7891033480609
6902408414042
7896025527089
7891150051478
7908458316625
7891317002596
7891027094621
7896444614421
7898943477248
7909107660946
7908083521944
6920232057839
7908458320523
7896049502437
7908236576081
7891027332792
7898460972981
7908458326112
7891691083211
7897322710020
7898597484203
7898623952676
7896033251730
7898352914105
7896444606341
7899672915506
7899852022956
7899527199334
7896150001751
7908652100792
7895800400210
7897042016266
7896181900122
7891317476663
7899083119357
7896111944905
7896658033421
7898258622661
7891033938971
7897008900196
7898562354555
7896025506015
7900083002096
7898562357785
7908458328840
7897947617773
7908083520046
7896644704779
7898101643065
7896004768489
7896004718804
7898405064986
7897476660653
7908240501185
7898675501426
7896111906521
7898911494277
7896036560365
7896965211765
7891350038347
7894916509510
7896075711001
7898608952561
7891027006853
7891033523849
7897424000920
7899850328630
7898078314401
7900083012101
7896342450350
9788555584619
7899970401213
7908141503868
7896699011648
7898483152285
7896676433234
7899658422646
7898646549495
7898146820827
7891027066994
78905023
7908422601313
7899620606142
7897252260800
78929340
7896292298101
7891317005054
7894916141567
7896676401776
7891033878963
7622210566393
4894290299383
7908013507239
6932159606168
7898741530343
7896852622117
7896025527287
7898483151851
7899420507076
7899083121794
7899360202307
7898744786174
7899658329419
7898506257614
9786555165753
7898903221096
7899572807482
7898416830389
7891027308216
7899264326840
7898758083450
7898405067901
7898135701540
7896025531987
7896094930827
7898132980764
7896046702007
7894222041315
6972683510616
7908077468965
7900083016628
7894993990904
6922946030054
7899527172245
17896007552013
17891395012125
7897316805442
6920232057624
7896641812927
7891033534722
7897779614100
4015630065936
7896025516724
7891153168128
7898170657062
7908038605583
7899753551265
7896111992654
7896103471938
7891150099937
7898724572643
7898608959294
7891301374883
7898675500153
7896111994887
7896658029394
7896114312978
7898698742806
7896036546727
7897595902085
731509998276
7908040482752
7908458336425
7898281098310
7896290402401
7896004778228
7894222037042
7897256229049
7896036548561
7891027340742
7898588321180
7899492814843
7897256236559
6931759218399
7908209809109
7891331850265
7891331014469
7898623952430
7899014900245
7898286940850
7891317016012
7896183303792
7891191001098
7896902208155
7896382700750
7891027150198
7908040460897
7900083021141
7891360677161
7898608950130
7908209801158
7891010256517
7898566829653
6971383635469
37897849609082
7908458326709
7908673905703
7898631557184
7898662452700
7891800664997
7896004706474
7898650622351
7908376801272
7500435231510
7896027561340
7908040467803
7898662450263
7897517910167
7898741803980
6933256643940
7896036520611
7896261000018
6973094271363
7891027537449
7897975015695
7898078763643
7896132130073
7898212286915
0070341706282
7891150050105
7898085943847
7898610375396
7891321104217
7898940953387
7894494693786
7908103765648
7896004700441
7908077468866
7898608958983
7896714221847
7897848715189
4902505322785
7899852022109
7896641804663
7896326934319
7899026487222
7896902200494
7891321333846
7891134005459
4894290301901
7896044600572
7891350042177
7899820813234
7891317158224
7899083123767
6987521463245
7896042006130
7898126407536
7891153070391
8902220107793
7898741530497
7908024926098
4894290289315
7891153073071
6932159608964
7908216108240
7908077452476
7896075760405
7899852019376
751320144362
7894916512558
7898258628120
7898698742738
7895858016265
7896999355084
7891027294120
7898288551962
7896020162735
7908077401818
7909883263027
7909438041483
7909438036380
4006000015361
7899083126485
7898300574849
7896369126115
7896033203111
7898352912491
7908169042721
7897517925086
7908458320424
7894916515351
7908077460228
7891360684831
7898741809982
7898562354760
7896658036347
7896112196846
7899583202474
7896902211902
13154145347538
7896004704593
7896033212472
7898662450300
7898623951525
7896311770748
7898646542922
7908209805903
7898650623815
60118325
7500435239417
6931759214070
7897659692013
7898647924222
7896644715751
7898610371619
4894290296757
7891317125455
7896317884630
7908209802568
7896004011448
7898488010795
7898343701530
7896094928084
7899753557205
7896572012946
7898994336112
7896033251631
7899806211993
7898970965824
7896065864908
7898483151387
7891321101476
7899095203556
7896025512207
7898674960088
7896644716130
7896451911582
7898617521840
7897731122308
7897698208503
7896862923129
7908077436001
7896150018490
7794728013871
7898126404160
7898632475371
7509546077222
7898302722125
7897169236868
7898225523090
7898589684642
7898589684383
7891027094638
5413787002795
7899550901867
7898623244375
4005900520920
7897256267669
7908013503392
7896110008650
7908882203850
7898608958778
7896342915422
7899852000015
7908209805798
7900083018806
42360407
7898770684154
7898671422206
7897779696106
079400052926
7909438011370
7896110002248
7896444614728
7896380605767
7897517933142
7898410311914
27898944524419
7898610375549
7898577232466
7896025520233
7899753544489
7908209810402
7898417963123
7891321230206
7908209810587
7898617521789
4005900662095
7897517905507
7898944075269
7898917294727
7896770982850
7898157234606
7896637035460
7891008121681
7896006220961
7898589682983
7891182993845
17896007548412
731509974706
7896292253100
7896132100175
7897851260041
6920232057648
7899753544588
7896094906815
7896025538382
7908077436193
7896484101257
7897256262091
7896094209183
7897517921071
7896235353881
7908209805996
7896110003252
7899753558196
7895155396572
7896512914507
7899753557458
7896181906322
7898964630219
8806199476204
7909438045276
7896016808999
7891027315825
7898578920553
6932159609169
7896023765353
7891027229757
7898078317983
7891027066543
7908169002657
7894494252815
6934520143425
4006381105330
7899852000060
7898483152049
7891172171666
7898608953292
7898607498411
7908671603670
7898623951723
7898569763077
7891317158705
7897517931087
7896279129121
7895155808129
7898608560698
7908324404302
7898608952462
7898671422794
7898664970882
7899105904756
7897230304762
7908169030520
7908103765587
7908609044919
7899706181006
7896085833243
7896094921320
7908458322466
7898911495038
7898126404061
7898258624467
7896033241250
7899014972181
7908016635854
3701129810736
7897495408441
9786555243963
7899869200026
7891033926107
7908458311866
7909883260484
7896033203128
7896641813641
7898216365166
7898589684345
7891000248829
7898656166613
7891150102491
7908448005508
7898944073036
7898944075160
7898258624023
7898405065563
7896150001409
7897698210803
7898528401705
7896342412310
7896075757375
7896042070902
7898671426044
7898212282610
7908040493369
7897230303802
7898658622452
7898222830481
7898970341024
7891155075189
7897008900257
7899820811100
7896025520868
745760064915
7909438042732
7891317014940
27891253284159
7896094209015
7896023716867
7891317011277
7899652101820
7896999355435
00458122200005
7908209811492
7898079001355
7891027294366
7899788409241
7899640806362
7898949584599
7908346903913
7896111907672
7898671422978
7891040299447
7891317011260
6972683510951
7898595239317
7899783602173
7908209809185
7908083523849
7897731122094
7896049502406
7896311777686
7899640809868
7899898402743
7891134009969
7909438042657
7896448199702
7896085872518
7898656685121
7898664976624
7898078761618
7891321230763
7891027349394
731509668087
7898658625507
7896025515789
7899956836435
7896004711225
7891150062528
7899852020754
7896111919637
7899455908978
7897832866477
7909438008691
7898461578366
7898698742486
7896015519261
7894222033778
7899583203204
7898662453004
7896980400069
7897947617476
7898696040492
17898220988815
7894916206426
7898970341239
7898303265225
7897840301465
7898562352216
7898352912279
7898524348714
7898416830495
7897774011003
7897731122063
0619205881361
7897517919924
7898644471538
7908077458997
7896013557456
7898915801910
7891317472009
7896798603454
4902505368851
7899820811568
7897779698100
7896027200928
7899440903506
7898483151356
7898483152568
0043917014388
7896326962497
7909438024868
7891060804003
7896004713915
7897373159039
7898079000358
7891033500963
7896269901898
7896509955117
7898957474851
7896380606153
7898506256105
7898617523097
7896094211728
80878018
7898258626621
75066857
7896902210165
7898483151981
7898009437636
7896641800023
7899588003410
7898662451420
7896309204361
7898119103933
7899956856983
0041333038896
7896509974194
7897517925482
7909438043487
7898633986999
7908077435189
7909438009810
7908209807259
7898588086669
8411061999264
7897698211022
00721722000
7898647923102
7897252268004
7896004722924
7896015516062
7898605222391
7898944075252
7898258625167
7898170655280
7894494000492
7900083017502
7897595903273
7899788402945
7894494200618
7899706152129
7896235353157
7909438009544
7896004715278
4260085521425
7896004810232
7908071328296
7898212288070
7908038605798
7898617524261
7896509955186
7891360653752
7896025530041
7896309204996
7898970365235
7899869201238
7897294406068
7898588327564
7897076908469
7896369164728
7896004712932
7500435128933
7897832862554
7898562359437
7908209809901
7897186005539
7898632476545
7898623959118
7898132989309
7898589684543
7896025539518
5000456028561
7908077444822
7898646541345
6973094271394
7896004726151
7908083520718
7896004705866
8710103911937
7898950465184
7896027536386
7898265325579
7898610377017
7896004708508
7896852628782
7896013567141
7898632472325
7898650621965
75082840
37897849609068
7899014963844
7899850367158
37891395012174
7894916140690
5964825586062
7898647922839
7898258626409
7896013544920
7908346902053
7896079819383
7898212288650
7908458328932
7899806223248
7898588327496
7897947600065
7898741803478
7896090611805
7891176117578
7896013562634
7892840821173
7891000312919
7896292210509
7898671424910
7899753558691
7898447974380
7891027306298
7891317042714
7908209807587
7896013572688
7891153003740
7899572810833
7908985905040
7896269901997
7897705200070
7899783600841
7908169029333
7897252260817
7891010568757
7896025519657
7898745131782
7899852003139
00721715000
7898547242907
7896042084374
7896181928669
7909883365110
7896422516990
7897512902228
7898483151646
7899820800319
7898265325081
7898952577328
00194735024469
7898650623648
7896036526415
7896112134213
7896004792057
7898610370421
7898966463501
7898524345096
46460899
7896230301122
7896042078915
7898244721026
17891321334017
7908458322572
7898146825280
736532532787
7898683860034
7896033261463
7891058021955
7896952532538
7894494128066
7899700800811
7898647925847
7891317123253
7898617524230
7898650623617
7897975017286
7896004723280
7898610377956
7500435128926
7899014963943
6932623563706
7908209801769
7908040459396
7891800350142
7898039565484
7899898400596
7909883143411
7897562202552
7908324404814
7897930777620
7891317472375
7891033517169
7896331702828
7891331014520
7898623955523
17891321110086
7897254129099
7897840300239
7898671423272
7898945782708
7898623952782
070330413986
7898610377857
7896226504742
7622210933454
7891010804589
7898416830488
7890000240512
7898729850838
7908209805880
7898556755023
7897832888561
8411061784327
7899852025988
7898765331247
7896292253162
7896902207653
7896676441772
7891158101830
67894222030106
7898502738988
7908671600181
7898967923561
7896025541481
7895144408118
7897385001332
7908077460938
7898157230653
7896317903409
7898126407888
7898132847500
7908448001623
7898474844717
7898225522499
7899700800828
7909189317868
7896342413669
7897832862325
7895800911150
7898608959492
7898631557160
7898613212919
6932159602252
7908470603383
7898646541390
7908040433372
7622202303562
7897595635808
7891040086603
7896010170443
7891360674757
7898973417856
7898744785160
7898132982393
7898724570632
7898973417863
7898741950271
6956812207240
7908458334018
7908448005065
7899470807430
7898610376003
7898148298877
7891106900614
7896006298601
7896004751016
7891055539408
7898258621183
7891155010173
7896676410211
7908209805439
7896676402827
7909883386634
7896965250788
7898132989231
731509627886
7896671601058
7898647924390
7896111994917
7897476655628
7894222037936
7898589684567
7899706139052
7898172862914
4006381493420
7908324400861
7896771609398
7506339391305
7897517920050
7898915802344
7898483152155
7898468503507
7908542607523
7891721202810
6969024051112
7896798600316
4894290286116
7891321331729
7896902288959
7896964625549
7891153119991
7898595238129
7908040450942
7898562354531
7898741530336
7500435128384
7891360654124
7896342452859
7908077434854
7894916512992
7891317042004
7899852021867
7898265325074
7896029603826
7896261009691
7908083519781
7898657691213
7896111952566
7898009439845
7891350042573
7897256250036
7898639380104
7898970341512
1000000111583
7898952577618
7897517903022
7898952577564
7898126404078
7896132131599
7894494730306
7898610377444
7896006201687
17896011707492
7896523214092
7894916201353
78950023
7898903925710
7896380602209
78918351
7893454209920
17891395012156
7908077467579
7891317013608
7898610378403
7501006712261
7891317014148
7896111992920
8903855090467
7899753559452
7898741804642
7891027009847
7891317043704
7898671422183
7896013502302
7899852024868
7898652371790
7894494188190
7897027293903
4894290677938
7909883000875
7897476614700
7898647927858
7908077474294
7896573380310
7891040216109
7898903991531
7896227800867
7900083003468
7908209804821
7896965210188
7896292245730
7896025529427
7897698210766
7908414443839
7898994532972
7899547503647
7898623953017
7892840816780
7899083119180
7891317022839
7899572813759
7897571960047
7897779704108
7896020164197
7897840301526
7891317484330
7896033232296
7891150050129
7898556754309
7898671427829
7891317420833
7896004703343
7896852611937
7898405060339
7896235353768
7892607220485
731509995763
7899014963226
7898664970875
731509687897
7896094917996
7898126403453
7897900317771
609963963317
27897027202152
7896132130608
7908609044124
7503002941461
7898225527142
3616303393137
7898662451154
7898079003106
7897572020023
7896132134422
7898014560077
7898212280043
7891150099784
7896326957196
7896251804695
7892840814724
7899753551579
7897517912581
8802946506309
7908209810105
7891027059859
7897595900708
7896641816871
7891321104118
7896013503279
9722674065222
7897731140906
7898495603812
7898650622092
7898148292936
7897252265652
7895144025117
7896965214209
7900083002058
650240012709
7896369163790
7908346903869
7898949256083
071603003460
7896004703275
7898096577673
7898905356567
7896331709193
7898965535469
7890000224314
7894222041056
7908077466602
7897705202548
7899613360150
7908083512744
7899852025124
7897375911115
7896852615287
7891317125615
22130372
7896112127437
7900083012071
7891033930678
7897595630803
17898681350015
7896676410877
7909438009537
7898608959256
7908083521883
7898617521758
7894222038803
7891350040036
7896042081977
7896094925564
7898265324671
7891360574200
7908512702906
7899674035295
7898031310730
7896016107221
7891360484622
070330364714
7898212285291
7896382709111
7898657691817
7897517918286
7908458326082
7896111999288
7898595237429
7909438041865
7790085472269
7891010880859
7896004789842
7898343701851
6931759211796
7891321063286
7896016104961
7898405068632
7908470016237
7898595238198
7898667533473
7891137003698
7898212282535
7894916508537
7899527149315
7896004786988
7896004782546
7899547536102
7897256243700
7894916144605
070341341025
7501007454856
7896004751108
7891027397760
7898279790387
7898524349155
7899620606159
7894222041339
7898608952134
7509546068558
7899014963783
7896015592721
7898664976693
7908169005733
7898101640064
4894290263674
7898911495755
7896230301689
7898556850612
7896641803871
7896042077123
7891023556956
7896472502110
7898157616754
7898126409523
7898906376380
7898610377468
7898636191321
7891027082079
7500435125390
7896111901229
7500435125482
7896222720764
7898352914907
67897256244303
7897517913397
7898587774352
7896079819123
94554847
7896609544204
7899783601213
7896380606689
6932159607356
7896647029077
7898040324728
7908346904057
7898911689192
10910030
7898506258543
7899264326833
0300652439259
7899852024660
9786556173276
7898504928554
7891106905909
7908169032678
7898258623170
7900083012248
7891058021948
7908542627736
7908324406399
7898595238372
7900083018776
7898216360734
7500435142120
7898741530794
7898664970639
7896647009918
0070341368244
7897517914691
7898724571417
78902008
7898300574702
7908609044858
7908448002712
7908209806184
7896261405240
7894916500951
7898184464342
7899788405748
7899852020808
7898605222957
7898965666583
7898945562041
6933256643933
7908458325733
7894222037844
7898955455104
7891023539973
7891360502098
7898723631068
7908077460440
7891027033729
17898717925477
7896658007040
7894916146104
7891027338985
7896094209602
7891040155927
7898636190744
7908209810068
7898662450096
7897076923530
7897237310285
6926458675031
17891321101381
7908458303618
7891137006644
7909883234034
7891033471690
17898415880368
7898079002956
7898569382230
7891000340981
7897595632623
7898468503545
7891137000055
7891033474004
7892607221697
7896036526347
047400179240
7896261017177
070330129634
7898699845278
7899970402968
7899820811728
7896016807206
7897517924843
7896497503017
7899527101320
7891317472122
7896641808630
609963963485
7898698741045
7908209809048
7898623241589
7891027070632
7908077448790
7908044743576
7896025531062
7899632512066
7898623952652
602883022812
6920897616549
7892840822828
7898489521153
17896007547217
7898639380623
7908458321360
7896183313951
731509680447
7897042020737
7899471657263
27897027202312
7908209804883
7896222720092
7898212287400
7896111978757
7892940000324
7897530101078
7897230302508
7898523202147
7898911494659
7898504382882
7896025534551
7908458305360
7899014918349
7891010966225
7908040476768
7898258626942
7908209804548
7898610375419
7891027071745
7896013567080
7898119104015
7898671421759
7896004708751
7898273123020
7900083007916
736532021861
7896422507301
7898671424767
7908209802643
37897849608030
7898074615212
7896075709992
7896200706803
7908458303625
7897230306568
7899701869985
7899105904534
7899572813032
7898664631004
7896676438253
7897517903374
7896594811060
7898556850636
0048675991087
7891350036695
7898212280203
7898632473285
7891027279974
7891153067254
7896658039201
7891149108718
7897530100828
6932159608445
7908615090740
7898562358089
7896112173403
7900083002119
7908216111554
7908083525850
7897230302164
17500435106679
7896444210630
7897900316194
75872489
7898944524385
7702018013326
7899806212013
7898258628069
7891010020927
7896094909281
7899588009214
7899706188937
7896444210760
7898599213603
6973094274234
7896342413706
630941653142
7896852628430
9786556170930
7891150027541
7896012879795
7899026408388
7898225527203
00721717000
7897571991119
7899783601084
7896150025436
7896317913750
7897889100708
7908209802391
7908209804579
7891360484134
7898911494178
7891033017287
4006000104157
7908228802006
7891108038612
7898391070374
7891027396701
7896241231630
7898588329056
7898212280470
7896025531499
7896380607235
7891350045000
7896004011424
17891395012101
7897256246381
7897256239239
7896858634091
7908448000473
7894494180651
7898650621613
7891024037485
7898632476118
7500435136952
7896229945047
7894494695025
7891772156466
7898212287592
7898945786997
7891150043084
7908083512980
7898632473087
7908077459970
7897595625328
7896033251051
7892840822316
7898302722507
7891360623090
7896637033961
7898745130136
7896902214866
7908458336265
9786556173269
7896279114349
7891317000035
7506306417632
7894494150142
7896279126960
7891313608822
7897256296386
7908448002668
7896261402799
7896964625877
7898782820373
7908880700504
7891150041639
7891177801308
7896013569756
7899653781137
9788538094098
7898506252817
7898636192809
0070847022220
7908209802551
7891027349936
7897517925406
7891800386776
7899852017204
7898132989668
7898481400661
7908013507758
7909342602510
7897237311558
7908209810709
7900083017472
7898951599536
7896025525368
7896013544210
7898582683024
7898650625697
7898591455643
7896006202073
7896010175264
7898132989347
4005900850881
7900083019377
7898610372432
7899740666286
7896509974187
7894494000621
9788537667040
7891334517127
5016533657944
7897840300468
7896224410670
7908785482734
7896025536784
7896046714000
7896279106580
7896261005198
7896004743745
7899790918489
7891268100808
6973094271349
7896658005091
7896006219583
7899547533118
7500435226950
7898698740307
7896852622285
6931759244534
4902505358067
7891008218923
7896004006284
7896013544142
7896641817502
7891317445935
7908040449915
7899850354035
7894164009251
7898623241763
731509990034
7908542612831
17891321333706
7448070303516
7898286940195
7897517903909
7898758083597
7896111900222
178986960404
6932159607349
4894290680075
731509991437
0070847033318
17500435190630
3701129805329
7908083515011
7896094208544
6932159610639
7898960813425
7898723630764
7896025539907
7898581710615
7896004749020
7896025500112
7896025525429
7896279126946
4005900602220
0070341707067
7899583200456
7909883433185
7898945782593
7896112401377
7898608958587
10746775036727
7897517904524
7908132247580
7896112406273
7896036560372
6932159608858
7892840817978
7896852618783
7898562351462
7896965213516
27898944500635
7899790239614
7898126402241
7898681350315
7896033212403
7896603805028
7898664970738
7896609550434
7908083518494
7898617524193
7894494195822
7891150083080
7908209801981
7894222027456
7908209809635
7908274800384
7898352913634
7896020162780
7898966463679
7891150091429
67897256246789
7908458321988
7896637034005
7896641809170
7909883096472
7891150088450
7909253146424
7896183313678
7898172860071
7509546679525
7896111996843
7622202258046
7898650623655
7898662450683
7898405062180
6932159607219
7891331008178
7908671603663
7894494183690
7891321069813
67897731141219
7908652100822
7898623241671
7894916515757
7896326957295
7896658011412
7908671603656
7896852618332
7899583200722
7908040459334
7898744782497
7897571925824
7898610377864
7899083127215
7908077460921
7891360653738
4894290298089
7896025524699
7894222030111
7895155092955
7896025539785
7898632471212
7908542626302
7898631555852
7899970402883
7898938592680
7898904869815
7899806972726
7908785482659
7891317020538
7891150058231
57977430
4894290293978
7908458313150
7898639790620
7892680321659
7899783600063
7896438873858
7899884213421
7896115700194
7894494771996
7900083012422
7900083007930
7891027057442
0070341335918
7900083012446
7896036524541
7896023705304
7898632476194
7891153069982
7899583200982
7908458332670
7896094207615
7898216366583
7894650013373
7896326962510
9788538073420
7898132989385
27896309204990
7894916142427
7896676432824
7892840815912
17896673193428
7897424080854
7897595636195
7898608952578
7896279126953
7898663110265
7896342912032
7896226500492
7898503180205
7896138700515
9788595036895
7896235353935
7898302727977
7898608959287
7908470012994
7896852618059
7896311764778
884851033321
7898170657017
7898591453410
7899360232106
7899583200784
7908209804852
20250702003
3330000260546
7899788403188
17892840822047
7896094209527
7908458305421
78905016
3401399458835
7899583200555
7891234582164
7898961050867
7898556757249
7891008121735
7896862918064
7898506255238
7896025524866
7896044995777
7898416830501
7897571921147
7891027348410
7897517901882
7898724573022
7898647921931
7896180300527
7891055633908
7898538005924
7891317045777
7898650622054
01178984831525
7899852022444
6973189843284
7908209809772
7897517938307
7896092000027
7891033930777
7898646542670
7908077434823
7896380606559
7896042061900
7896603803895
7908497401580
7899753556758
7898639380227
7896025500082
7891010987787
7897840300222
7891182830027
7898352913627
7891317451752
7891317000297
7899640807192
7898416830129
7898279795061
7896227800010
7898562352841
7898405061107
7894494692093
7898608952912
7891027357061
7894222030753
7898556755122
7899304803706
7896342437283
4894290278302
7896676435108
7891360623236
7898610370377
7896965214711
7898633987798
7898970162698
7891317033156
7500435190633
7899701871278
7897230303703
7908236576043
7896211827818
7898108641781
7896025527898
7899588007968
7899788409302
7894222042404
7896647090770
7899898402736
7908346903890
7897517924881
7898589684352
7897562200336
7896036570166
7898608950093
7908458322091
4894290276315
7897042004942
7894993108286
7899852022697
7898566782460
7898744786181
7908609044292
7896025529335
7891350034936
4006381333672
7891634011004
7899572809790
7891360572381
7891360587453
7898698741823
7898581711261
7896004701943
3337875696548
7908083520411
7891360559153
7896676406351
7898706940811
7898009430149
7896094211889
7898608950277
7897595639783
7897517906757
7898566292327
7897424080878
7898639380630
7894916507240
7891317129958
7898481400135
7896007549634
7898588089721
7891033522125
7898656685138
7891010255022
7898646546869
7896006200604
7898352912286
7891360484035
7898212287479
7896111987261
7898605221806
7897424082216
746817073010
7899820811360
7892692814712
609963963478
7897595625304
7897595900302
7622202274558
7898524347946
7898662451147
7908371694466
7898646541352
7897169200630
7899751109871
7898606742904
7898589684161
7898212284683
7896980421965
7509546666990
300650426404
7896004713274
7896085813443
7899105902318
070341341148
7896902213104
7896714295701
7897517903626
7891027359362
7898947017143
7898170656010
7891360622772
7899026462540
7891035618239
7896952533665
7898697100102
7894164005420
7909438011318
7898707148124
7501009224006
7622202256684
7898405063910
7899652100403
7896714203492
6972858361319
7908083529360
7898610370438
7894916512787
7892840822378
7891150061057
7896006201458
6941690707678
7896444602572
7895296277013
7908040493260
7896004703411
7896114312930
7896637023771
7896224410335
7791293004310
7908458320608
7895155490263
7896326918135
7898225520884
070330423480
7896965250573
7896676416879
7896676401608
7891200011322
194735282739
7896279129299
7908209808317
7898660593306
00382903883325
7891150025967
7899026422490
7898744786198
7898002435936
7894164010479
7898343701240
7893871820678
7896044901488
7898965666491
7891060830460
7891040166053
1220000250154
7896326950197
78997256275000
7898657691374
7908458328734
7896380602995
7896111992883
731509535860
7897517917579
7898632476125
7908040449595
7891182035965
7899852025469
7896033204637
7899583204218
7891027318345
7896018696006
7896094931619
7897900317641
6969024051129
7898303264327
7896964625105
2018110633986
7898303260640
7899783600940
7896672201271
7896004716251
7898258620940
7899026487178
7899360264428
17896061996846
7896025525009
7898474844656
7908458306695
7898662451116
7896380605958
7897230303598
7891025112679
7897476600680
7908615020785
7898656685893
7896033204514
7896540751310
7898286940614
7896033204927
7899360265302
9788537667033
7898031311782
6932159601750
7908083522187
7891176113044
7798140251958
7894494272035
7909883358778
7898698742370
7448070231673
7897476687667
7891027340612
7897517903923
7891024136232
7895155397661
7897158700219
67897731141172
7896111972038
7896326912270
7899527100118
7896609544808
7896004792286
7898697101673
7908013507390
7908077459734
7898936111128
7898608950956
7898623956711
731509627862
7896010177114
7908040468787
7891317043001
7896027551433
7900083016116
7896004711690
7896085862731
7908169009045
7896444614209
7899806974911
7896036516225
7898646549891
7896572012908
7896033234047
7908228804512
7898040325008
7895800300145
7899572802272
7896112401223
9788537640913
7899808830598
7899706239400
7909438010649
7897779716101
4894290281685
7896444606006
7898566292365
7896132133418
39325365
7891035618567
7896676441871
7891033540037
7890058350294
2025040239829
7898632476101
7898703031192
7897698235097
7896025522619
7896025526419
2000000021225
7898258625631
7891045006248
7891033934058
7896004718811
2600944580750
7908077471095
7895500726283
7909438050683
7898283854785
7898657691275
7896671601072
7896111942727
7897473205772
7891239022139
7898741804659
7908458326181
7898706940842
7897595636904
7908448006307
8902220107939
7896111992845
7898903991517
7898513474998
7896902218277
7894494635717
7898258626706
7898212285031
7909883386818
7897230302577
7898405062210
7896369126214
7891321110188
7896262304467
7896094211414
7891360576013
9788594728937
7898610370360
7908209807334
7896033243117
070847022206
7898623242456
7891150083097
7898009437728
7891153077895
7891653014024
7899706190480
7898170657086
7908470009833
7908470603390
7897571921499
7891150045347
7908040486934
7896226105192
7897517920791
7891027391072
7891150008816
7897517912505
11004813
7896679226833
7891772159330
7899083124351
7899095238299
7896523201351
7896380607440
7899653780284
7891150095939
8710103806912
7896253902337
7908542613364
7896609546123
7898608951328
7896025541450
4894290285300
7891360472735
7891010256715
7898417963086
731509999563
7896006242758
7891027340827
7891000854563
6900006067103
7908458322473
7898405061206
17891321333843
7896110008653
1721
7898283855522
7909438040899
7896637033985
7896036548417
7898664978888
7896327310327
7894900039849
7897256263753
7896111904527
7891800002027
7890000249256
7896094210318
7896658017643
7896509976792
7897517910556
7896111987209
7899547529616
17891173025071
6932159606267
7891200012527
7891317025830
7622210573346
7899563274989
7900083012453
7897840305746
7896111904510
7898595237320
7891060804010
7896004793818
7896111997024
7898556755900
7897517930042
4902505482069
7897217404102
7896094211339
609963963294
7896033241762
7898258622081
7896676427844
7899264396348
7899095222267
7896025538481
7899588010838
7898605222728
7896025524903
7908077474287
7894222037769
7898410310344
6903612145050
7898741805984
7890593315277
7891150083530
7896309204217
7896049528741
7899547531237
602883022805
731509991451
7898002433147
7898656165173
884851033413
7894916143424
7894494195020
7896033251808
7897779702104
7898595238136
7897832805223
7896326957585
7896112141662
7891317134334
7898945782609
7896027200607
7897547713851
7896999355091
7891350042214
7898168001280
00122207058
7908458321704
7896222717207
7896041914146
7899233340082
3504105024932
7896380606429
7899820815207
7899583205895
7896009499043
7899360222824
7898212287493
7891317443955
4902505322723
7899820806090
7891360674597
7908458325511
9788533926752
7898100242900
7898945782685
7891153032108
7898301057402
7908458333257
7896380606924
7891182016865
7898126400087
7897547713363
7897230302843
7898405065075
7891027348397
7898506257898
7896036573174
7898608955296
7908448005652
7896094206298
7891033500970
7896714218700
7897517925321
7899652100496
7891055654002
7898647923300
7896012800874
7899506132918
7897027211136
7896444603029
7891155034506
7890000240499
7891360424413
7898970341642
7898741950530
7898352913610
6932159601422
7891721028335
7908985800789
7908083512287
7898610378564
7891010036478
4894290278296
7899783600360
7896033204446
7894494752780
7896015519834
7908228802020
7899360264183
7897595605474
7898483150274
7891334517134
4005900929679
7891104193087
7898639380586
7896191261275
3154140407025
7898460985103
7896004703404
5702051103956
7898488010757
789660386731
7908803200500
7908077434564
7896004702049
7891024025925
7896004725420
7897144600240
7899869202372
7909438050515
7891027067274
7908785412465
7896213300074
7899095204447
9786526105733
7908458329236
7900083011241
7891360609186
7702045539233
7897517931254
17891321104382
7896279128926
7908013508632
7898933076918
7909189362509
7899852022222
7908169035983
7908209801431
7896025528123
7908228802037
7622202309090
7899850345378
7898474844564
7908038605569
8903855078618
7896290401626
6972038415849
7892702711598
7896033204668
7891033517756
7899852025001
7898632474886
7898589684932
7899506132932
7891634377759
17896673193329
7908083529407
7896111994931
7896509974903
7897975050733
7896647072127
0070341705384
7896676408294
7908040449861
6985459008040
7899783601862
7899898403467
7896004727585
7898306210239
7896235353133
7896658010187
3605532612768
7898758082323
7896548198285
7908083520039
7896862924232
6972683510692
7898610370254
7896025527775
7898658622490
7898506258161
7891033846672
7897775676027
7898741530398
7898283853726
7898588112085
7898738761033
7898008554068
7894494736100
7898002435042
7896181914174
7898024396482
7898586630314
7898283816561
7899640803880
7896572013554
7899850367080
7898623952942
7896112160915
7908083525614
6932159614859
7501001164645
7898556754798
7896603803901
7891153035413
7898002432423
8005610672397
7898447973802
7897517905811
7891142118073
4006381493390
7896279113427
7898562354807
7891033523740
609963963249
7896326998113
7898915802122
7897237311428
7896965215251
7908040481502
7908458305353
7896572013080
7908236800629
7897256225805
7896025522060
7896025516083
7898212288636
78930452
7890311856792
7897840305999
7898741530381
731509991598
17896770979888
7896964625099
7896326959138
7899788407636
7898185415183
9788568599143
7897517904401
7896241286784
7898636191611
7896444605870
7898650625093
194735022403
7909438045986
7896004751641
7894494727986
7898662450218
7908785422075
7904523120197
7908228805007
7898185416678
7891112324435
7891033937479
7898647920163
8710103561798
7898212282603
7891033568130
7898474844182
7898405067963
7895800400227
7897572000896
7899572806775
7899014963806
7891800652260
7908346904040
78924345
7898556850650
7898952577458
7890265952878
7898741950059
7894222040981
7891317037024
7908523029566
7896380605491
7897158717699
7898650625208
7900083002454
7896025527096
7891055805602
7898671428932
7896422517621
27896309205027
7897517917463
7898739650817
7897517917197
6931759216531
731509991666
7898741950202
7894494594311
7898039566047
7896380606351
7898489521122
7891772156230
7908040435932
7896036546819
7897832840453
7896222720320
7896042006185
7891150061040
7898588321289
7897779715104
6976337638602
7908209805910
7898410319613
7894494200625
7896964625112
7908458335992
7891106914116
7898944073395
7898646541611
7896012878484
37895800412788
7894494688195
7891045035040
7898405061633
7898212286656
7897230303420
7908040492720
7898567793823
7899753554174
7702045538427
7898650621811
7899852019130
7898662450935
7896658024191
7908216131644
7891395012180
7899852027814
7891317046545
7897169210783
7898610377178
7896965253161
7891350034073
7894494183669
7898639305749
731509974584
7899852003955
7898911495779
7891040149308
4589592592910
731509535594
7898211382168
7897252260763
7894916147729
7891350045239
7898405064597
17896061996624
7898294072086
7897517913977
7896006290520
7891033913145
7894494689000
7896902210530
7898506254996
7898306087435
7891317033170
7898662450904
7898212287363
7896380603237
7908458324446
736532021892
7908209804609
7909883345228
7898518430043
7898132982379
7891055522516
7899852026503
7898432536937
7899878302599
7898617529679
7900083002492
789680346700
7898960121155
7896326901427
7894494692239
7896359026616
7898301059017
7891317421465
7896112114277
9788557584891
7891317457150
7898588329957
7908671603632
7896862993245
7898632474879
7896044960072
7909438009872
7896013536994
7891653014116
7896033241076
7898126403187
7898675505042
7896002915540
7908083523108
7892840819750
7891027048396
7896063285156
7908458306534
7897256223146
7909438042596
7899026413764
7898513472383
7898662450874
7894494000607
7896779613410
7896647043240
7891027055059
7896342400911
7898623244474
7896025501232
0070341706763
7894916143400
7897731122087
7897517930226
7896771604683
7891033481507
7896025521407
7896484140133
7891010253691
7896380603053
7896004745176
7897256246923
7898698742561
7899706187541
6932159605345
7897775676010
7891721202841
7896380604715
7898650622375
7897230306834
7896111904039
7908040492683
7896025527300
7899898404488
7896079811486
7898184464298
7899852021737
7897517905705
7891010255138
7898506259434
7896006297963
7898605222926
7896852615171
7898741530374
7898352914099
7896049502604
7891331010522
7908239716736
7898650625833
7896042082882
7891142140593
7898405060629
7898647928718
7891360458104
7908083526048
7891350044881
7891331014506
7896112416074
17891321332969
7898605222643
7897042008827
7896658014604
7506306417656
7898433202299
7908458320073
7898623956919
7898911494888
8903855082813
7896036548646
7898352912781
7898506254118
7891317046552
7899753530468
7898212281958
7899852023557
7898588321784
7908458320547
7898644470937
17896011707522
7897517917364
7908458328741
7896235353287
7896004737706
7899572814534
7896004769684
6972267405765
7896771608957
7897042020683
7899753559025
3282770101027
7908353601437
7898929260963
7894900509809
7891350032673
7898549350198
7899788407551
7896111996966
7891024134429
7896111907580
7908458320417
7898148298587
7898662430890
7897572000100
7898556752398
7898109241706
7899753549392
7899783601176
7891033718689
3616305827289
7898577231230
7908209802711
7896658027147
7908458333080
7896013557111
7896359038206
7897832846165
7908040463317
7891040155934
7898126400988
7894494749698
7898608953223
7896226502205
7897849621526
7899852022932
7891033826858
7891000436776
78927254
7896737105902
7898222813330
7896306612848
7896523208022
7896004756424
7896342452941
7898666422518
7899783601237
7908077460044
7898506254897
9786555005905
6932159608544
7897464700279
7909438024882
7898524347007
7898079000143
7898286945015
7896094928046
7897237311411
7897947601864
7896025503892
7908209808706
7896380604999
7908209810242
7896211840138
7898737630262
7898958060916
7897840300246
7896676422269
7898216364527
2125114
7898610375334
7896023716874
7896013504382
7897027201229
7891027139339
7908038602926
7896150012818
7891317438975
7908458335589
7898610378113
7891024040690
7908673906786
7898994127628
6931759225793
7898395333444
7897595601780
7500435128940
7898647928879
7908209810761
7896036540046
7896025531567
7898588326307
7908209808478
7898248392772
7896013573890
7896714230238
7891040155941
7897771300315
7898265325555
731509997965
7898411813127
7896004747774
7891317444952
7898623244337
6992248229524
7898781566876
7898957474639
7908458317646
7898413010586
7898570571678
7891033480623
7898483151493
7897256220961
17898696040482
7899751104647
7898681350155
7898960813487
7896094917750
7891151031189
7899753503219
17896061995474
7898765331315
7898158693129
7896230300231
7891182840200
7896112408864
7898662435093
7898610378878
7896006246381
7908823500017
7908169028923
7891027331344
7898745131805
7896004720746
7622202281488
7908228807230
7908671603779
7896641813405
7908083512188
7899753549767
7622210561947
7909438041117
7895144203089
4064666306155
7908209809161
7891317020507
7891027393717
7896023700811
7898671425559
7503002941645
7896444600950
7897337711067
020800750165
7896111999165
7900083019575
7898582682911
9788555584695
7899820809251
7908040492577
7897230306841
7899706239370
7898741951520
7896025534599
7898994297437
7908209804913
7898646541499
7896640434038
7896112402046
7898671427942
7898632474244
7501007454900
4894290300225
7908209808331
7899852003092
7908209808720
7891317421748
7908077452537
7898588326765
7898481573495
7622210683496
7899661747576
7896020163701
7908209804715
7897411650558
7896181900665
7897424080335
7894494594380
7898666421931
6912578525585
16338920
7622210573384
7894494549458
7898927980818
7898617521727
7894494128073
7898617522243
7898605222261
7890282800695
7896025526099
7896025527928
7896714230245
7908083520251
7899026400849
7908077462628
7896112400585
7909438039862
7908448003016
650240026652
7896798603294
7896444602015
7896444601353
7896509955384
7899583205581
731509995787
7896641812552
7896484120104
7896004795041
7898108640197
7896380607334
7896181927587
7896226502199
7898683860232
7891150061910
7908458321902
7898538007539
7896230300224
7908759405028
7896112143659
6973094274289
7896063285200
731509632934
17891321108694
7898610376034
7896020164302
7898300574856
7908458322077
7908228804994
7898244720883
6939020450769
7896027546033
7448070229199
7896132132954
7909883248550
7896004759791
7900083003666
7896033294973
7891331014537
7898623950894
0043917002255
7896112402442
7897094203259
7896676433142
7908082302810
7891106914369
7894164008735
7891182996600
7891360612674
7898169080642
7894494690167
7908497404864
7898212287080
7898608955777
7896042008998
7896644716000
7896380600397
7896025532038
7891033471683
7896090700455
7891055648001
7908542612466
3282770390513
7896025542600
7896737000009
7908209809086
7891027151355
4894290293985
7896603846106
7898562358676
7899474244644
7896658016554
7898300579110
7896004749648
7899547550689
7896852619438
7891033899647
7896676427820
7892953208281
7891027178789
6920768823359
4894290285225
7896112408956
7898608955906
7899852019840
7501073025332
7899852020761
7908077468798
7560617560612
7896183307011
7898595237238
7891800665017
7896013562948
7898588321685
7899420508486
645855026142
7793100111143
7898185413714
7894916500586
7891321320068
7891360572343
7898405064030
7899583200104
703387008460
7908470002230
7898947920016
7896309204941
7896181909248
7899753533506
7908040486972
7896380606863
7891150070851
7891142982582
7896094903036
7891010506513
7899083122203
7899852025117
7896641804120
7896033231909
7899753557526
7896004729480
7622210812636
7896004769714
7899706124829
7896183317010
27898944500154
17896012879990
7894222033457
7898569764517
731509993516
7898608951922
8710103942559
7898008552774
7898506257584
7898413661481
7896885204267
7896637030007
7896331702620
7896235353300
7891137004046
7622210875198
7898608954404
27897027202145
7891027359393
7891024136300
7898570575799
7893093067295
7898650625871
7899205966593
6932159608438
7897042015801
7896025509634
7909883168742
731509547108
0070341281833
7894494759055
7909883270063
7899753551944
7898556757034
7891182020077
7898664630885
7896279126939
7896279129329
6932159610097
7908016652103
9788594728951
7896111976968
7898588327649
7897424014040
7899852026480
7908985902315
7899360267009
7908248100182
7908209809284
7898610375556
7899842234079
7900083021158
7898646541703
7897775664024
7900083016529
7891426311275
7897832862714
3454090003453
7896020164135
7891321333167
7896444603272
7909189242573
0602883749405
7898960833621
7899852021386
7896094210639
7892840824808
7894222019819
7898632474893
7898965535476
7897517912017
7891153051130
7896444604118
7896663314577
7891027047771
7891033534333
7898632476552
7898911494444
27891253284142
7908458326761
7896326996751
7908209804777
0041333038865
7897357101459
17891395009002
7896380606481
7896111992906
7899095220058
7892680331603
17896011707461
6985510019329
7896025500563
7896094922204
7898432530386
7909438009254
9788555502590
7898555807037
7896326910337
7898352912569
7898650622290
7898608956705
8710103848943
7898921545471
7896444600356
7908083522309
7896523207780
6920897737503
7897424006625
7908394103136
7898488011266
7896342405688
7898523201980
4006381333801
7891317489564
7894970850009
7891137003629
7899653781434
7896292263208
7908458325450
7899360265364
7898588329032
7896603805189
7896006230618
7898588111996
7898608958785
7898581710462
7891150105652
7896609543153
7899852003061
7896641808715
7908209802353
7898955171769
6985592728249
7896509946481
7892702711574
7898662450065
7891024136201
7898556756921
7896798603539
7898184464373
7908209809413
7896132132985
7898079000129
7898132989316
5702150152176
7898903652173
4006381333641
7898650626946
7898452173273
7897406119879
4005900889737
7896025540989
7908652100389
7896025524873
7899852013022
7897517920432
7899753535005
7898664970929
7896658002953
7896027556025
7891033871353
7896112424444
7891045043434
7899852024004
7898664970592
7897424000319
7899852019123
7898610370520
7898623241657
0070341339510
7908458321957
7898527127293
7896317900415
7900083002126
7898666422495
6988268483503
7896548198797
7899706180863
7896523228440
7908371616208
7900083012460
7898647928794
7891317013905
7908458320233
7896042070926
7891023545172
7898132988975
7898024398813
7898647920576
7891027006877
7900083007947
7896013521983
7899783600148
7891360623120
7899640806102
8902220106970
7896112151180
7896798600200
7891317021269
7898947144993
7898099062558
7896004729824
7898591453458
7891150067516
7898666420408
7894916341301
731509752748
7500435128742
7891027046385
7898410319644
7898639794406
7908077444846
7908209804722
7898610376027
7896658020988
7900083015553
7891033483198
7896382709159
7900083001648
7896212680191
7891075010161
7896111992807
7896013501459
7896004744476
7896004711188
7899026415461
7896830011001
7899850316576
7898741950219
7898283856543
7896380603251
7896279103787
7896046714352
7897027240747
7891033072170
7898595237276
7896342450428
7899820813074
7898724573145
7896380605699
7896902286832
7804320116846
7898939082548
7891317443931
7896111902820
7896230301139
7891601655873
7898632475104
7908024931740
7897294405962
8902220109292
7897779720108
7891033718641
7896444609380
7898660593047
7891334101258
7899095238763
7898944073272
7891150070295
17891321103507
7896001282391
7891033500994
7896025538504
7891330020119
7891360502050
7891060656152
7896902208469
7899095258747
7501007457789
7908458326778
7899583201071
7896331702583
7896111999189
7899621110259
7891027319656
7909438034898
7896033221252
7897230301969
7896448110523
7896326956946
7898369690726
7898350670027
7898184464397
7898750360085
7897129304873
7899563267684
7894916145718
7894494691843
7896326962473
7899783601282
7896070600607
7898589682655
7891060800401
619205194454
7896714200217
7896852617564
7897517904838
6099639630966
7896512936622
7898647929975
7908448005072
7898944500631
7898555807129
7896070601055
7899583200876
7790085451646
7897013573354
7908470014776
7891150043220
7894970736419
7896020164098
7908667902107
7908346900141
7898666421719
7898599215836
7896098810934
7899026464933
7891033930791
7891360623250
7898474845080
7898100861880
7890000188524
7894222010205
7909438028460
7896512944436
7898765331322
7896261017306
6980268615038
7891360667438
7898741530541
7908458306640
7898268963457
7898650621590
7896594801009
7891317016432
7899620606104
7891024073001
7896658003981
7898965535483
37896013549544
6972858365256
7891010504106
7894164005628
7898352912354
7898562352780
7897698209012
7896261402652
7896025526105
7898970341413
7895155396459
7898008550206
7898476326136
7896180300152
7896132135337
7908083524167
7908470009901
6932159610882
7896090611935
7891027313517
7894222010175
731509991871
7898405065969
7501843506399
7899753538501
7898666422501
7891033568178
7898283857670
7899852024028
6932159603518
7896111941454
7891317036812
7897517912048
7891153020129
7908985909758
7897230304113
7898926572090
731509974560
7898723630450
7897076912299
7899264328868
7896484110198
78907881
7891027049867
7908132247405
7891232032135
7891060773071
7898656685077
7896637035453
7891058022778
4006381493123
7898632474909
7896952533672
7896033211970
7891150008878
4006381333696
7896093002181
3282770208603
7898636191079
7908077468781
7898934930776
7899714001082
7896132134378
7897256241607
7891035617959
7898212287554
7908209809833
7898222833260
7899788408046
4005900942968
7898960813876
7865188623242
7908458316779
7896112101512
7896042082530
7898631557153
7898525587679
7896004713991
7908169013387
7891360674658
4006381557955
7898532211666
7898405060568
884851033352
7894916325769
7896647043752
7908417506180
7899360264114
7896111901212
7891360623267
7891182991797
7898152668079
7899083126584
7898449393684
7896044999614
7891033933990
7896033261142
7896014140497
7897169207714
7898662451871
731509994032
7899753557595
7894900709841
9788538088097
7896952532859
7897424000302
7898632475135
7891153113555
4006381493093
7891027127060
7898608950109
7896444609588
7898646542939
7500435125451
7898265325210
7890282801227
7897517905521
7898523202000
7898906376632
7908501706137
7898588322460
7896132134026
7895155013509
7898698740413
7908209803046
7897464700255
7908458322367
7908209806092
7908038604517
7891027294328
7896115704680
7908458332977
7899783600582
7896115700033
7898623243132
7908083512560
7899852022680
7908542613388
7896451915276
7898410319606
7894494292231
7908609044933
7897876125042
7898664632537
7898489511024
5702150152169
7908458317929
7908274800575
7899820813012
7897832866811
7898953484243
7898968070301
7908671603762
7898646542953
7897571981530
7908470004876
7897476672649
7891027396008
6978707070012
7898970341253
0722713013961
7896094920644
7908353610071
7896015523848
7891317464523
7898258624436
7891027309411
7899806218121
7898647928756
7448070304438
7908013505396
7898661193154
7898581711223
7894916516648
7897572000032
7896444603326
7896004720869
7908077458706
4006000101354
7896261402676
7896111907689
7896444606020
6932159606205
7898623241046
7898927980641
7899360264381
7896484110433
7909438042053
7892840821159
7898970341277
7891137006460
7899852015590
7865188623211
7908209808768
7908040450010
7896004727028
7898516892744
7896013548454
7896018703681
7891055108345
7898919089123
7896004803463
7891027395315
7898126407598
7896004790657
7908038601400
7898300571879
7908448001227
7891350040005
7891317412548
7791293033242
7896965217101
7896641805653
7908161717986
7896603846717
7899640808069
7898696040454
7896484171892
7896036548868
7891317020101
7898416834004
7898352912552
7891027108564
7898222831662
7891027234027
4008600138853
7895155092979
7891317444921
7898939082609
7896952533641
7896676442151
7898647922754
0010341339640
7898647920231
7898920082090
7899790225556
7898960813821
7897517923532
7896663301317
7899583200043
7908458316748
731509991918
731509560732
7891033481583
7897595630773
7896014168132
7899852019369
7898483151707
7908470603949
6900635621011
7908615025797
7896181901198
7891142982407
7899095203686
7908209807198
7891360436522
7894916505130
4902505511141
7896013539155
7896075710073
7909883297350
7891010251055
7898352913887
7896007200863
7896852615188
7898301051035
7500435017046
7896025521278
7898698743575
7908011005171
7909438045368
6799204051614
7891033566136
7896342900619
6931759261005
7898623243149
7899852021546
7891360629573
7891027356262
7898142853720
7622210573254
7891075080218
7891150024823
7897256221890
4005900328465
7898666420378
7898502738964
7897256220893
7897799802464
7898698740819
9786561020770
7899701871230
7908038600014
7898146823385
7899014972846
7896063201187
7908077456085
7897424005628
7898506256310
7897517926588
7896111996997
7898567750048
7892607256378
7891182018623
7898417962683
7896015525231
7891150013919
7897731122049
7896112456162
7898749971117
7896093001030
6932159610608
7908083514250
7899652102148
6934766408654
7898369690092
7891040091027
7896070601543
7896013556466
7894222010298
7897013534188
7894222020082
7898671426006
7898662451680
7896326912195
7899620911833
7897571922069
7894222037929
7896015590970
7898504383346
7898632474930
7612412700077
7896647073223
7891219031830
7909438012964
7898698740833
7898608957917
7898646542021
7908458330959
4005900904638
7896326950432
7899470807409
7891027048402
7898412973394
9788538097457
7896036520147
7898943477118
7898662451604
7908312127213
7896255762595
7896609548394
7898952577113
7898949256045
7898158690395
27897027202213
0619205881385
7896025539655
7897562238339
7898613211080
7898212286809
7899751111003
7897230301907
7896671692919
7896007200368
7896609550311
6920220687345
7909883415792
7899938600542
7891360667407
7898650621866
7891350042559
7898936049735
7896004708652
7898932370949
7898671425467
7898566292198
7898623243125
7897337705837
7891800645989
7898633382869
7841764021008
7896852627938
4006381493307
7898352914754
7891033925506
27898944524389
7909883434762
7908458324217
7908458332748
7896573380181
7908040458818
7898911309557
7897799833499
7897411610095
7898744785092
7898610373514
7896025527188
7899852022338
7897517932770
7896004709116
7898671425504
7898664973012
7908671603748
7899820800937
7898944524989
7891317496388
7894494189043
7896331701562
7898488010238
7898369690115
7894494169748
7908240899213
78944732
7896464707325
7908458320097
7898970341543
7898595237245
7891360612681
7891033473144
7900083011777
7898617521734
7896444609328
7896595570652
7898664633299
7897807425449
7896025504103
731509994599
7896902204942
7897252215558
7908673905093
7897386738060
7908077454265
7896603802522
7896033261418
7898588327489
7898395336193
7891317129941
7897252211000
7897517924058
7898605221998
7896013557159
7891360697183
7899095230330
7891027309183
7898699845322
4005900696830
7908239716774
7896025539792
00000001349603
7898945782623
7908209806016
7897018510033
7896183313821
7897698221069
7898741802211
7898579481527
7896152324438
17896007552846
7898405065440
7896380606443
7898566825150
7896251802301
7896380604760
7896609542910
7899095202030
17891321332907
7908169028572
7898608954664
7896279129336
7908209808829
7896006201076
17896061996358
7898283858202
7899440903711
7899420507014
7898132847057
7908209809000
7898657691268
7899083119203
7897571924322
7808523029504
7898741806479
7898126403088
7897294400042
7898008552835
4902505322716
7896112408963
7899753553771
7896444601728
6942772700587
6920354822223
7899658376192
7898664970752
7891010256753
7899852003085
7898697104872
7898126403477
7898946058093
7898569764753
3330000272648
7908346900455
7891055105870
7898212285314
7897373159038
7908823500031
7898646542618
4260747723259
7896369163745
7898582683253
7898562358201
7896070600881
731509995558
7898258626416
7891800662153
7898953484175
7898524348493
7899788403478
7898970341246
7896111996409
7908077434847
731509974669
7898488010771
7896965216005
7897840300215
7898760940765
7898662451062
7891268044171
7909438043456
7908376800145
7896326914618
7898636193943
7898608952950
7896852628867
7892840822439
7893454101699
7898610374153
7899583205383
7897230303680
7898581710370
7898610372364
7908016604232
7891173021793
7898474840559
7896061990595
7891150095250
7898283856581
7894494189050
7899751110259
7898770683409
7896009498961
7897698211657
7897517909635
7896658046728
7891317044725
7898952577090
7896637026291
7891150080096
7891360677246
7891317000042
7898352913221
7897840305166
7908458332700
7898258623927
7898525587525
7897042008339
7891033487202
7908458324200
7890265331437
7898623957053
7908458332526
7898955171615
9788537644287
7896142700044
17891321230197
7908077458973
7899852003474
7897517920043
7908470016763
7898562351820
076660008649
7891040139545
7897849621595
7896025531581
7897237318571
7899820801620
7896311709489
7908209803084
7897779740106
7898258622616
7897476609515
7891027075460
7896818205606
7899753551081
7898419157728
7896090611874
11489337
7898506250127
4902505482052
7898924769041
7622210573476
7896603805004
7898647922624
7896317907346
7898601578430
884851006806
7890282801340
7898449393554
7894916500685
7896025542631
7896004749624
7622210857293
7896036540640
17891321103910
7896033233774
7899527199785
7896212422968
0070341386163
7898610370407
7891033572328
7898741805694
7891024030134
17891321108540
7896331708257
7891010804626
7897517913380
7898258626294
4005808691715
7897517926618
7896213320171
7908040459129
7890282801081
7896112149033
7891150099548
7898664978901
7896004720210
7898955171158
7897256220107
7898582680252
7898934596255
7897042007066
7891150084803
7899588007708
7896006220510
7898132988791
7908289900239
7896771606076
7896036548219
7899852019062
7896472502943
7891331001094
7894494195846
7908077460983
7622202303869
7908209809734
7891027009816
7908652101799
7894222033754
7891058005788
27896309205034
7897517901189
7898488011860
7898222833307
7898008550701
7896714223834
7896079813381
7909438042633
7908458327485
7891033803590
7899808829424
9788555584633
7908209808805
7898352912200
6954525205003
7898079000495
7898994297482
7899850335447
7897230304236
7898212280715
7896094906778
7899527196852
7896033211680
7897230302805
7898657691367
7898503180632
7891317007836
7908371673522
7897947604803
7898605222841
7896484100717
7891027308452
7896004752211
17891321330828
7898002436322
7896085871375
7898664976426
7891317014162
7897256219354
7622210562074
7896902209756
7891317014261
7898567750246
7898395335844
4902505482045
6930249946910
7898279794521
7894164010691
7891027231231
079400301161
7898610372456
7908671603755
7908132288606
7891317002862
4894290278319
7909438030074
7896004820439
7897547714704
7894222043272
7896211817970
7896213131319
7892840267841
0070341339633
7891027951351
7891027339012
7892702710744
7891010256746
4894290264831
7896112409113
7908497414863
7896036526316
7899790239645
7899788400316
6980331110163
7899751103046
7908169009274
7891027308018
7896658038693
3504105028510
0040232944154
7896013508885
7898405065150
7898656685107
7899852021553
7898588324518
7509546669205
7899583201040
7896111998816
7899852018171
7898506250097
7908209800014
7897230304526
7898596916309
7897473207004
650240006364
7898483152070
7897517920678
7892840824907
7908077459727
7898947170480
7899852027111
7897779826107
7898650622153
7899083127345
7909438042145
7898623954540
7899583202979
7896224410137
4894290299468
7908458333219
7891027071714
7894494293788
070341334461
7899470808314
7909438041803
7897517924065
7898410314700
7898610376041
7892994127640
7896359000357
7899083122074
7898660593580
7896444609694
7909883367541
7899588009979
3701129803738
7896112407447
7898660593030
7898632474251
7896036576427
7897517907303
7891321332924
7891360588641
7898610376362
7908209801912
7908228801986
7898610375044
7898970732525
7898975719125
7898502733648
7895858000004
731509995930
7891000436837
7896018700789
7892840255046
9788573383515
7898632476002
7896331701371
17908289900342
7891321103913
7894916149143
7893454714547
7898595237436
7891027144906
7897517923525
7898610375464
7898566292174
7898133134753
7896033201933
7897230304984
7899852020785
7896111992913
7898623951174
6966952404164
7896043352595
7908458306510
7898524344808
7898915801927
75082864
7898671425337
7908040468794
7898671429526
7896331708615
7908458320585
7891008121728
7899026401754
7898286940607
7897476610504
731509832891
7900083000757
7890260725910
7899360264091
7898632476170
7899852021065
7908458321964
7898225520600
7896036548820
7908038603473
7898723632997
7908209808430
7897476618982
7702045538502
7898650626939
7898924769058
7894494000485
7898617522182
7908458336296
7899588007272
7891024183816
7898683860027
78437333
7891027396718
7896342912247
7898566788769
7896004720333
7898944073012
7896877602569
7891033913244
7908083527700
7898525587686
7898633983035
7899095201316
17896012878498
7908209806948
6920897616754
7896173100233
7896033295154
7900083019568
7501007454870
7898538008826
7898591459498
7898639305909
7896025525436
7899105904794
7898303260657
7909438065144
7898300574344
7865188623150
7622210854896
7891350042580
7891058021917
7898283854259
7898671423258
7899852024950
7891142140586
7891033930692
7897595604699
7896114313104
17897517909441
7899083121909
7891035990489
7896046703165
6929882040253
6932159610578
7908038603596
3454090003088
7899852026473
7896512911858
4902505482106
7908077460198
7898289786394
7898647924208
7897027206613
7891033856459
7898524349957
7897230304724
7898265325036
7898217632380
7898258626591
7891027291839
7897849610063
7898395333314
7908040468640
7897256274667
7897517907266
7899852022215
3701129810705
7896862910471
7899735343314
7898294071775
7898932370857
7898660592774
7894222042930
7898286940669
7896342449156
33268576
7897337708203
6901016785155
7896572039646
7898647920422
731509991659
3154148459248
7898662451468
7908083525812
6932159608285
7899524404813
7897571995469
7898495607889
7891334101074
4894290286413
7899753552231
7908458320431
7898646541543
7908040420303
7891027066017
7898132981815
7896380600656
7899850338677
7897230302454
7891150037472
7898647922266
7898632476415
7891182996921
7896033202756
7896111913642
7897780207650
7896862993009
7898911689390
7896183313692
7891317021924
7908083529520
7896444681430
7896211836261
7898623954304
7898697100928
7896033290449
7908040449694
7894494000515
27896309204891
7897571991140
7898330223762
7897337714495
7898593050938
7891137006637
7896422511902
6958741932088
7899808848456
7896484110402
7899095202825
7896798603782
7896025507593
75076825
6920232057808
7896111913390
7897517901325
7891027537395
7896006205081
7896226501239
7896663332717
7896042068213
6920895618170
7897169201293
7898690180682
7898650625567
7896111997130
7896609543085
7898248392888
7891150054448
7898481570821
7898663335194
7896279117173
7896004725987
7899852025100
7896007552856
7908695501761
7898248392697
7891395012104
7891317488550
7898157616266
7908448005409
731509993431
7898184464434
7898447970931
7898623244382
7899095204980
7909189340200
7896472520534
0070341370827
7896004706146
7898650622436
7892692810219
7892607221253
7896025502994
7898943477286
7896111983263
7898657691251
7908448003917
7898523202048
7899547537970
7898970341222
7897424003181
7891361270705
6932159610868
7898911494475
7891350044942
7898664970936
7898212285215
7898934593940
7897042007240
7861047723535
7898567794486
7501007454788
7891317452650
7896006219248
7898132987183
7894494152788
7891027036164
7891150024779
7897832858816
010343885295
7896036548882
7909875968145
3337872421037
7896025539624
7909438042558
7891321109205
4260747723266
7898527127200
7896451911575
884851033307
7898523202451
7898132987091
7896025525511
7898744785146
9788538089353
7908038600557
7896311777273
4894290293954
7891800806120
7896004725802
7896380606696
7891317427542
00221529001
731509995183
7897833700503
7896902285514
7898623951952
7891010256470
7896111954492
7898631555876
7891027179762
7899588008088
7896309204910
7898650621576
7898562356375
7909438011325
7898610375501
7898593053434
7898413661443
7898075311854
7896952515654
7896004759821
7898974215024
7908209804951
7898132989293
7896380604777
7896309201674
7896025527997
9786556582917
7908040493130
7891027071059
7891158000195
7891155000914
7897517905712
7900083003451
7898212280050
7896132135023
7845679208387
7891106907552
7891000112946
7908470032978
7897424080984
27897027272018
7897517906375
7896676438239
7898079000235
7908169008284
6932159609176
7898994127642
7801125000677
7891033883103
7897517934262
7896523201771
7908458328918
7896380604807
7891951040879
7613033353321
6978258761599
7506306417663
7896292293601
7896006225744
7898085947579
7898608950918
7896036560471
6220426003506
7896658018121
7896025505629
7897779808103
7896033211642
7898447973581
7896644701013
7896132133456
7897230304687
9788537667026
7898119186103
7896380605842
7898951285491
7908458322046
7898588113563
731509991901
7898525586931
7896902210226
7892953208298
7896013501275
7898538296780
7908458333127
7898460973018
7896016807220
7899852018270
7898008554075
7898410315035
7898970341628
7891106914154
8903908000764
7898447975899
7501007447285
17891321103255
7908909600938
7898720566455
7899838832845
7891321104828
7891027291365
7898610372593
7900083001624
7896342450367
7908209810006
7898039566474
7896111998076
7897237311336
7891182016841
7500435244671
6932159605468
17896342480910
7899984402305
7896004800400
7897731141408
7908542607653
7896112409137
7897230304694
7896009498442
7896115702013
0703387008477
7899572806485
7896653710457
7896004700496
7896472502769
7899360263971
7898647923072
7897230305837
7897705203231
7897517903008
7898405064061
6941073697848
7896181915041
7898671424576
7894916140393
7898911494628
7898352914082
7908010113792
7896025527058
7896699019989
7891360506218
7899884201411
7898562350045
7896025511620
7896180300718
7894494192142
7896484180092
7898650621583
7891153026046
7891150106727
7896211836292
67897731141165
7900083011258
7896279106597
7896380605477
7909189317943
731509572582
071603531000
7896212687343
7896673193339
7891317011444
7896111994337
7897840301502
7898608951021
7896094202276
7897011000265
7896798602648
7899783601299
7908371687123
7896222720078
7891027348489
7896014185917
6973094271400
7898132847040
7898647924192
7898588328325
7897230305004
7898489511048
7898184464311
7908615025971
7908209808782
789841588036
7896111901175
7891331018382
7899527134038
7896025508934
7899264376852
7898483151486
7896044997214
7899852020341
7896111904503
7898545646981
7898538295882
0070341705759
7898911495243
7896007200351
7909438045207
7892840821098
7896964624986
7908010129601
7896902207042
7897169200685
7899753539690
7891055637623
7896044600091
7897230305141
7908542612589
7897411610132
7898646541697
7891360667414
7500435260282
7897424006526
7899788407575
7898632471083
7896423420159
7896070600669
7896180300213
6921497163334
7908077447373
7898631556071
7898258620889
7898352915065
7899527115198
7898055421818
7897595600851
4006381333931
7896444609618
7896641802782
7908470007020
7898605330058
7898021635577
7894916503044
7897517904890
7898608952516
7896025525320
7899852023632
7898666420477
7899788409579
7896609546260
7894222010373
7898212286694
7898350882826
7891317421595
7896573380259
7896380605897
7500435000406
7898002434403
7896042054247
7898079000150
7891058002572
7909438033778
98383733
7891800662146
7899808887981
7898610375068
7897776750016
731509974607
7891033492916
7896004739663
0694365995967
7898474844861
6973094272483
7898132982409
7908312127183
7898970341291
7899588009429
7898212287561
7891027389949
7891051015210
7898405065464
7509546675862
7897547710508
7908458320387
7896094927537
7500435106412
7894222029726
7898483152308
7891317002879
7891317197483
7897230304731
7896111942062
7896085866067
7908040449670
7898964630356
7908016669057
61403017
7897700031235
7891151039697
7896671601065
7896006237372
7896279129206
7898556756082
7897517934033
7898516926739
7897517910693
4902505482076
7896181926603
7891033777327
7898699845926
6973094271356
7897571977090
7896036548776
7896094924697
7898483150281
7898258620865
7896009498992
7898483152094
27891155017602
7897698204444
7896852615751
7897512904390
7898414852604
7896025533509
4006000101248
5900273001566
7900083018769
7908458335961
7897027293941
7908209807006
7898212287370
618341108264
7897252263405
7890269191396
7891027308025
7898647927520
7898483150298
7896603800528
7892953209103
7898996323769
7891027070595
7908209809697
7898566829615
7898666422051
7898040324520
7896676433395
7891033862979
7898647926103
9786556652733
7896509973692
6932159610103
7898556850674
7898254114788
7896006222897
7894222033440
7896644716161
7908542612343
7896852617267
7896292251298
7891350038309
7896658034398
7500435004534
7896509955216
7891033931057
7899785590317
7898920041455
7896013501411
7898283815724
7898608953599
7891317010751
7908458320660
7909883433284
7791293033327
7899014900320
7896023747151
7898222832881
7896006217626
7898617524292
7908296000434
7898037084956
7897832846127
7898369690788
7899583202955
7891055108819
7896114313111
7896006291732
7898947387079
7898610372623
7897889102610
7891051029927
7898632473483
7908077454241
7896380660957
7702045538366
7891000460214
7898599213610
7899674030559
7899706181754
6932159605505
7899527176076
7897779726100
7896033221016
7898639307217
7898608955913
7892644921857
9786556581811
7908077435196
7908346900653
7892940000317
7898168000481
7896369126016
7898289142916
7896230304574
7908103765594
4902505482038
7898589682327
7899083128137
7891360635567
7898610375976
7896964625129
7899572802296
7891317036386
7897930778160
7908209808683
7898623243514
7896132134415
7898170657093
7897424006830
7908169043452
7897517909659
7898646540263
7896444609342
602883022843
27891253284173
7896497504557
746647
7896013548409
7898021632415
7897076907714
7896023701511
7908141503875
7896111900338
7898405065068
7898934595524
7898474840573
17500435132531
7899738900170
7892608324786
7891395012159
7896004725772
7891033534357
7898283810743
7897042016303
7898943477996
7898524344518
650240025594
7898622118356
7908458316649
7908209800120
7891317003135
7896444609571
884851033208
7896438513167
7896112402787
7892840817442
7898636192854
7908470005569
7897211100437
27898715818150
7897337704984
7898052430002
7899083126607
7898566829639
7909438070971
7898126407581
7896326912423
7899806972719
7891040072453
7891350045291
75058852
7909438028415
7899083127192
7898502733594
7896647028513
7898610378618
7898662451130
7899583205840
7891150080744
7897076906786
7897517924119
7894494689048
6948791153557
7898671427508
6903612145128
7898903925284
7897947616790
7891334101067
7908077468941
7898369690771
4005900807861
7896444605894
7891153096261
7896075760443
7898170659110
7899753557618
7897230302645
4005900111104
7897190308435
070330198722
7899706152167
17896012880002
7896111913901
7897517934026
7898911495922
7898662451406
7896033202800
7898698744688
7898132989156
7898483152131
7908240850108
7896110700014
7898211381932
7896640430658
45574450
7896013562689
7898588323566
7899753541129
7898970341710
7891350042160
7891360320135
7891027049874
7896112147701
7896033201025
7908823500024
07896044900504
7898647928855
7896658010002
7896279113700
7896326905586
7896094904125
7898350882918
7898049790463
7897840301458
7895155003265
6943258621570
7896111994061
7899753549729
7894970497334
7896965215107
7896382707070
7891350045031
7896004758121
7898595239348
7897230303239
7891634631806
7892840824051
7898632473018
7896014179466
7896013544104
7896075709244
7896025505575
7891008199024
0619205881910
7896004781761
7909438041872
7891033930623
7898416834295
7897840305975
7898258622234
97866312
7896230300071
7898903925703
7896647041642
7896952531265
3154145347531
7896644715812
7898258620681
7896001250819
7908458322343
7898608953926
7897779719102
7896013544197
7896111993026
7898212286540
7898770683164
7897517904166
7896004705415
7896007551088
7898760940932
7891721201837
7891055539217
7296867405888
7891317443399
7898724573077
7896980414271
9788537653678
7891182025515
7896484110075
7898212288520
7897517904500
7908077460020
7891035912405
7908040487085
7899095200531
7896111902707
7897294407447
7897256251965
7898666422419
7898660594129
7896025524026
7898968070356
7896771603211
7896063285194
7899808861752
7899869204284
7896085864209
7896112149705
7908083520572
7898671425832
7896181915027
7908134200408
7899753539966
7898911689147
7898741800439
7898212284348
7899588001584
7896085872501
7908458305438
7896671693107
7898225525124
7898656685459
7898662452502
7898639301406
7899095202559
7896023716430
7896061953156
7899852020228
7898300570186
7898248392895
7891182018814
7897517910945
7898588321999
7908985909741
7897517917395
7891027395896
7898007677270
7896027551990
7890282801401
7908209810167
52202995
7897074511685
7896902200616
7898945244244
7909438041827
7908013503927
7898650623587
7896036547717
7898671428086
7898483151301
7898301057341
7898283815090
5900290677355
7899753540054
7897947600836
7865188628810
7702045538847
7891033930630
7897517913373
7895800400180
7896015593209
7909883232177
7908209806962
7896422519922
7898610370490
7896006201335
7898639380616
7897237345751
7898582291779
0703387016243
7898605222186
7891321333174
7898662450331
7908371636527
7896509974446
7899095239227
7898932370888
7896063285088
7891360589358
7891040118649
7896049502512
17891321109202
7896016808135
7891051037656
7899588007951
7896658050145
7896042081311
17896007553737
6952033002527
7896641808623
070330183582
7898965666767
609963963362
7891158104138
7908660200002
6932159604614
7898936769473
7891182016513
7909438012278
7895800002940
7909438009803
7822456325994
7898658622605
7897517930585
6972858362002
7899852025438
7898158693112
7909189360062
7891317037000
7622210562081
7909883329679
7898650626588
10942666
7908083513499
7891360629757
7898741805816
7891118025671
7503002900253
7896226500423
789866059461
7898258622678
7898474841594
7896033233736
7898939183740
7908216110199
7898483152216
7896036540022
7908040492867
7898623244399
7892005051094
7891321038031
7891106909044
7909875060009
17891395012163
7897517931759
7891800649314
7898698743322
7899411550340
8888810000030
7896497504106
7908470002407
7891350042535
7896042086965
7896007202096
7908371668498
7898647922747
7896269900068
7908228805021
7894916142847
7896013572671
7898940257713
0070341705964
7896111945933
7891150066175
7908132216319
7898915802078
7891033893058
7897947601413
7891060836264
7896916782337
7898741805267
7908240827179
7897517903190
7894916145114
7891027145002
8683210100269
7898647924260
6920232057693
7899852025858
7908704504400
7896380606665
7909107543324
7899583200241
7898211380850
7896573380303
7896183313913
8902220106734
7896222717177
7891331018344
7898184464205
7897779711106
7896771608230
7896025540958
7909875025763
7898405067925
7798140253358
7896279129244
7896013502951
7898664970646
7899670807506
7896004731605
7908346900608
7894222027630
7892729832320
7896020162742
7909883308810
7908497413460
6972038415566
7908209809338
5013405667476
7897158722013
7896004729640
7897230304243
7897230306827
7908040493147
7896472521852
6555772025019
7896108560347
7908040481403
7897530100026
7897698209326
7897137903747
7896852625033
7891350042832
6985510019312
7896852616215
7908209808270
7896185909084
7908077447434
7898952577403
7908458320226
7798140253365
7898610378120
7898589684437
7896112403562
7909438041513
7898671432670
7897476672519
7896342411122
7501007455174
7896644716383
602883999619
7897840305432
7898212288223
7891321320037
7897217404164
7891040118809
7908458316922
7898608952585
7896964626027
7908458304578
7898132989255
7891800806113
7896033233934
7898265325371
7898352912507
7898593050082
7898610370698
7506195153574
7896013503712
7891321331712
7898002434519
7891360572299
7896852618004
7908759405165
7908083529483
7892840255541
7891317469238
7891027120412
7895296449823
7891137006620
7896676415797
7891023554211
7894916140706
731509992069
7897840305777
7894916141215
7891033930555
7908236800568
7898575562831
7898957474752
7896444601162
7898582683451
7896647077412
7891153073064
7791293014845
7908040481472
7896023737442
7894494195815
7896965211529
7898212280661
7891027315955
7897517920036
7896042084336
7908228802013
7899420506802
7896641805479
7909883022532
7500435226943
7896279129039
7897373145239
7898405067727
7898671425429
7896292280816
7896852619018
7896279129220
7896049502581
7898924769065
7898538970413
27898944525188
7897042015825
7896902286818
7896679226772
4902505355769
7896075709169
7899820809602
6932159608537
7894494200496
7896676432886
7899783602555
7899852021041
7908040481298
7898741950882
731509585650
4894290287311
7896025583979
7899706138895
7891033526314
7896023716843
7898283815328
7891317014087
7896004704265
7896852611920
7899852028187
7896641800429
7895800002964
7898960813807
6951287456506
7891033535026
7896852619025
7896226109688
7898483152209
7898610379134
7898405064771
7898970341581
7891334517141
7896044963530
7898741951506
7898489521177
7896311738762
7899640801091
7897144600370
7896603803116
7895296279017
7899753558837
7891155046998
7891033937417
7896111987322
17896007549686
7909438044620
27897027293907
7896637022903
7896181911715
7891350033724
7896111993019
6960650626682
7896902226661
7908542612503
7896676426878
7898639690777
0070942005494
7898936049100
7896326958308
7908209810662
7898258627994
7898405064764
7908228807766
7898698745395
7898666421955
6932159610554
7891033531516
7898248392703
7898222833222
7896444606075
7622210561800
7908470026090
6932159603488
7908770602505
7896004710471
8411061804988
7896006202066
7896676400083
7896025509009
7898717402018
7896013571407
7898671425993
618341019072
7898671422121
7899527143559
7899898404778
7891027241827
7896326962466
7896013502944
7896075760399
6932159608582
0722713013985
7891721202728
7891155018643
7898650623921
7896004718828
7899083123378
7896042078861
7898608959621
6939020450653
7896046710934
7908512700568
7898411819563
7898302727953
7896472521869
7897947600805
7891023542447
7897832888585
7896380607211
7896965214759
6932159607455
7891321108703
7899852021539
7898650622382
7891033545957
7898610377932
7898944073173
7896603800726
7898447974335
7897411603097
17896004006274
17896012878504
7898647924185
7891182016438
731509644258
7891150068537
7896512937957
7898936049070
7909438039848
7896044942023
7899753557922
7896641801822
7898582680122
7899783601220
7899411571086
7895155489663
7898483152025
17894900681045
7908013503699
7908083526024
8411061034989
7898952421447
7898524344907
7896181916437
731509991680
7896342452958
7898411816449
17891395012118
0618341019126
7896641812958
7891150085640
7898040329747
7896049502567
7896020163572
7898610378540
7898132989408
7909438045597
7898647927629
7896852625255
7898698742660
7892840824983
27908470004818
7896181900351
7899583202504
7898008550053
7898741803508
7898566292389
7898650623679
7908439804110
7898664970554
7896331703924
7891158106583
7896036560419
7898639383303
7898657691190
7896663302550
7909253153286
7897256222491
6932159601743
7890699930251
7908083520497
7908077453855
7896180300558
9788536824383
7898741530015
7898048136637
7896309204040
7795323001263
7908209805323
7897771300216
7899753557212
7896342413089
7898973417849
7891150044562
7898538970208
7897517920371
7898258627284
7898506451968
7896509955025
7897517903701
7892680320775
7900083019940
7899701872213
7908083515097
7791293051659
7891150079175
7908209804937
7894222008110
7896111987223
7908429306884
7898506258413
7896852625323
7896422514644
7896025538412
7899753533445
7896115704598
4005900694362
7898647928817
7897517906351
7898472262612
4005900860484
7898623244344
7891317031107
7896671694173
7908458334520
0041333038216
7898623955059
7908169030346
7896852627945
7908083512362
7896771607448
7896112401926
7898506256587
7896798601795
17891321230883
7898636171705
7908542626333
7908083529445
7898283856567
7898631558044
7500435199070
7896676436129
7892692819045
7898283853771
7896331706581
7898658622643
7896658026362
7898951285200
7896902203105
7908448005706
7896226109695
6937897612075
0070341705568
8955155811211
7900083013245
7896013544395
7898610378632
7891800332629
6927893041122
7908083522637
7891033535040
7908013503767
7896044998808
7898506250011
7898587764971
7899785526934
7909438045993
7908040435963
7898946433197
7896230304567
7896798601962
7896509955131
7898915802207
7899026400610
7898610378151
7896380603497
6900000229729
7898265325630
7908169028534
7898623952393
7896025531901
7899852025223
7898910045180
7896311707898
7898758083443
7896603803819
7898671429847
7898610378885
7898610375457
7891360656227
7908458323937
7896013563594
7891800627985
7896044900498
7909438060248
7898588328301
7908448004990
7899852016559
7898216360239
7898744786167
7896952533634
7897237372801
7898653620033
7891027004378
7896380602940
7908458325474
7897900317627
7897252216500
6202108010033
7896251804916
7897517919931
7896094921993
7894222042398
7891153070018
7896025540002
7908458321933
7896380660681
7908615011400
7891182020091
7896111992791
7897876108113
7898632474985
4902505368882
7898965666958
7891055655702
7898589684505
7896150018513
7897256230045
7896380605934
7896075707110
7908083519866
7892840823054
7891321051061
7702018013180
7899026414617
7896004787343
7897840305418
7896672202919
5903719642385
070330533349
7894916143202
7897256229001
7909883309305
7899850319454
7896573380327
7898599212750
7898744782541
7908371628195
7898960833645
7896852615676
7898506257164
7899706145510
7898639305718
7898031310945
78945463
7898957474479
7891634250632
7908169010737
7896004715933
7899455904314
7899525658192
7898483151677
7908198708865
7891027534721
7908542627767
7898970341079
7896380605033
7896094201545
7891350048575
7891027309138
7899527106738
7908458324385
7898265325616
7899588009436
7501078270638
7897832888530
7898947144047
7898656162080
7897771300018
7899621100359
7896235353638
7891155062738
7897237313958
7897144600936
7898132847050
7897217403044
7908209802667
7908542627743
7899492814768
7896885204069
7898650622320
6976583140706
7897731122100
7897833700206
7897517913403
7896965215008
7898225527098
7898506259502
7896306612817
7891033500932
7897230305240
7896111906484
7896013564805
7898468516224
7898703031147
7898915932102
7896653710440
7898506256204
7891027091156
7898258627314
7908077460167
3454090003415
7898556756341
7897230303062
7898664976747
7896111906514
7896132134293
7896112129295
7896509955285
7891321058879
9788538067603
4894290264855
7899095240162
7908470031391
7896211832348
17891321230449
7896658038938
0070341707210
7896142700037
17899360265309
7896116107657
7891634336404
7891200009138
7896006218531
7891027005863
7909438050690
7897169205901
7891027105464
7896658002939
7896025528239
7896423488883
7891033534340
7896497504120
7896181924173
7896509979489
7898741805700
7898472262711
7891150105645
7501078270676
7891033535019
6952388297012
7891027234232
7897554400010
7899583202467
7898079000334
7892687812327
4894290296740
6932159605512
7896111992937
731509644241
7795304000056
7896637033046
7899205965008
7898650625109
6903612145012
7897775692010
7898632474954
7898157614651
731509992694
7896255762465
731509993370
7896046713133
7908458320646
7898562357969
7891360458159
7896279127172
7897512900019
7891033515172
7897476601588
071603101203
7897517910952
7898556756297
7894916516198
7908216131675
3282770388619
7891317448950
7908704502697
7896094211865
7908040493451
7897547713417
7908209811515
7891155038191
7894650009567
7898610371404
7898286945060
7794728013864
7896342909964
7896023737428
7898932370925
7896004713922
7899572810192
7896033204491
7898945782647
7891350044911
7899753553726
7899572806799
7908209810327
7908209807129
7895155396954
7896004783024
7898589684253
7898265325203
7899083119319
7810120010093
7908458322015
7896359028030
7898258620926
7896025530034
9788555502064
7898660599971
7899655033647
7898675509101
7895296446235
7898723631761
7896269900341
0722713014050
7894494668739
7891150043251
7908671601171
7896658029608
7899852018256
7898566829622
7896094918665
7896603802515
7899420506390
7896222717351
7898556850667
8411061727935
7891045005432
7899788410452
7896641807770
7896013511656
07908082303312
7897848728004
7898968070363
7908016676253
7898671425986
6941001300055
500045602561
7897779772107
7908024925824
7891027292164
7896004712666
6972118190154
7898039562582
7899588007692
7820259713932
7899095203846
7899852023175
7898483151349
7891317010263
7908209802254
6941690790762
7896025542594
7898623898905
7898610371640
7899706132992
7898938890106
7898496354539
7896380605590
7896862918958
7908077447342
7899783601343
7896094907263
7908459324766
7898538005368
7898636171699
7898079001027
7891037013520
6920232057914
7891033534692
7896830500147
7896679233862
7898646542465
7898662450966
7909438045375
7896965251846
7896900293733
7898953714777
7898588329490
7896235353850
7909438043548
7894494188206
7899588008071
7898395333901
7891150081055
7908420111067
0070341335703
7908458317127
7896444602039
7896644716215
7891010887742
7897698252254
7891024040560
7896326948941
7896342916634
7891033568161
7898211382076
7896213309299
7909438009308
7908501710257
7900083008104
7909438009247
7891182016605
7896572039653
7896523223193
7896609543733
7896595572359
7898698743384
7896094927483
7898524344914
7897571917782
7896251801540
7896020693802
7896444609496
7898556752473
7896714202693
7908077446505
6973100283809
7908077453770
7898663111774
7897771300513
7898021635140
7896023737459
7898664976723
7899572814381
7896603803109
7898664976211
7891027030971
7898976443050
7898610379066
7908169031466
8903855073132
7622210561886
7896094928114
7897042020744
7899852021904
7898212282627
7897517907365
14503832
7898944073296
7898589684390
7891153010564
7896132128605
7908169039851
731509990263
7896852618103
7898647920217
7908038605521
7896111994733
7896852617991
7899852024790
7891317000134
7898671425733
7898588326949
7898623952669
7899674035561
7898483151431
7898562352827
7896641812880
7899264328851
7891150079229
7909438025964
7898040328610
7908083513062
7899640808106
7898666420545
7894916510202
7896964625082
7896679234180
17891321332662
7896075707226
7899588001591
7897840301533
7896852627327
7898225529641
7898579487116
7891350042191
17891395012132
7898265325517
7891027310202
7898706186929
7501007454818
7898581710424
7908209804517
7908040433679
7891321104798
7897256264743
7896647041895
7898671425375
17891321104023
7894222041322
7890000232289
7908458321711
7894916502320
17896309204221
4006000109190
7896181906384
7896006214854
7896004705033
7899583203747
7892607221703
7898610376850
0618341019140
7898608954695
7899583205796
7896380603015
7899838801247
7898631556019
7896852616758
7898639793980
7897517924584
7897252267205
0070341335482
7891350045246
7898352912699
7898608950949
7898781566685
7899820812855
7909438059723
7898132989323
7500435125406
7896098805350
7899360241405
7908324408683
7898405067475
7898656685367
7898212280739
7896658004902
7896509955209
7898639382252
67897256221106
9786526107447
7904523120159
7908458335848
7896369163523
7898562357945
7896965217170
7896004769738
17891321333195
7898650622016
7897840300086
7897076912312
7899014900290
887961970753
7894222026404
6932159600869
7898132989354
7896025504424
7908083529285
7899536102653
7908040487153
7891317485313
7908077447427
7896004759838
7908470601808
7702045538564
7891027359218
7908609044186
7908458322084
7909438039831
7908040476836
7702018880409
618231254781
7891268103113
7898562358683
7898949256090
7899783600735
7896007201662
7891350034837
000009580480
7891033517855
7908209804586
7896852615324
7898965666057
78929395
7896964627468
7899014972969
7898021632408
7898970162803
7891360641209
7896380602933
7891317003111
7894494180217
7898286945053
7891033803576
7898352912293
7896852618721
7898421993321
7891008121827
1789132122055
700512248821
7898671422992
7896852617960
7897775672029
67897731141189
7898358380638
7898608958907
7896004752228
7899850333498
7896658016844
7898647928695
7909438041537
7908371688892
7908077459789
7891800647341
780011891049
7896112181729
7908470602058
7896902209107
6986935963631
7890000041454
7908209801943
7896006212072
7898562355163
7898915802191
7908038604593
7898527127859
7891317149192
7898432536838
7897775691013
7891033932757
7896115702785
7897517920753
7898610378861
7898972104863
17891321103453
00721711000
7899852023717
7908542612312
4902505482113
7908240881126
7898940257690
7891106913089
7896025500402
7899320357252
7896380605484
7894494780219
7898168005646
7897690112723
7908209804746
7898646549990
7898283857847
7898157616259
7895155500597
7897775675020
7898078311431
7896111970966
7891010256708
7898483151318
6220174030007
7898248392918
7899852023564
7898021635515
7899572806874
7898957474844
7898751690075
00222225003
7898610377321
7898633382876
7891360615194
7894222019826
7896025523432
7908512703002
7899788400927
7898662450881
7898132987794
7891010255909
7896380605750
7898474841570
7896451917843
7898934595463
7896326922965
7892840824815
7891182018890
7898506252251
7899808825815
7898258622739
7896033290289
7896965230100
7897252268301
7896004805368
7898662451307
7898212286571
7900083001846
7897571925466
7500435000444
7898300574511
7891027773694
7898744782893
7897517904012
7908448003306
7896004732640
7890000077354
7897664168237
7909189317851
6913468910788
7896380604821
7891027235598
735201084121
7891150043282
7898566292358
7891182007863
7891182996341
7899706239462
7899105904510
7891055523711
7908040449540
7898741951445
4005800084508
7908209809550
7891058003883
7897517912062
7900083011234
7908040477000
7894222037868
7898943477958
7896548112908
7896004726908
7896004710419
7891000086131
7899360263582
7898258626935
7501843505705
7898589684802
7891321104804
7899014900252
7898633382616
7897256244387
7891008533729
7896380607006
7898617524216
7908785412342
7899869200828
7891027056445
67897731141202
731509992809
7908040492805
3474370505040
7898079000440
7896852611036
731509990355
7891010521448
7891027146733
7897256221944
7896025514454
7891033471676
7896444210500
7899783601206
7896111947906
6920898850881
7891027359294
0070942507240
7898915802405
7898126407796
7898758083580
7896444614018
7898588321500
7899753558172
7908420116888
7908346900684
7899806219531
7899852022505
7896026300315
7908013507116
7898216360963
7899547553499
7898211382748
7891027074814
7899026443792
7898664976242
7908458320622
3616304474842
7897571960054
7896013508878
7908103765600
7898126400247
7896557301706
7908077467029
7908040481519
7702045539127
7896112121145
7896326958124
731509687750
7899850333344
7908077459963
7898157616723
6952533321562
7898970162810
7908077468972
7898039565507
7908083513659
7898650622122
7899753558905
7891033552962
7891070002253
7898932370871
7909438045429
7795323002734
7896094209558
7909189255436
7896183313814
7908209807754
6934766408586
7898585290854
7898258627185
7891033302079
7908016651779
7898664975788
7896111900215
7891800359282
7896852611913
7891317044787
7898951282193
7896112125617
7894494195549
7898639063366
731509991260
7891008367027
7893454100654
7897517917586
7908458321940
7896181919247
7896025539679
6958402811585
731509992816
7896603805158
7908209805569
7898610375372
7898410313635
7891177081090
7898410319620
7908209804869
7898132847494
7896235355014
7898447977695
7891150100701
7896380606887
7896063285163
7894916512060
6932159607165
7896111913000
7891150055858
7908439806879
7898952577588
070330163621
7896013506461
7891317466404
7896006222873
7896152355661
7898570572200
7908169042752
7898488010047
7898949409564
7896004759722
7896965250566
7897256299776
7896070601574
7898008550718
7908077446802
7896641806483
7896235354109
7891317191658
7898211383288
602883022836
7908040492645
7792629002826
7896004711799
7898588323498
7891321331255
7898212283372
7899320357283
7891024037126
7896644716208
7891239025901
7891691183218
7898671424095
7897930761322
7896317910681
7899547500233
7891155087441
7897316804964
7896336016067
7891024034590
20965259
7891158103339
7891010255947
4005900715814
7898078318058
7899095204171
7908458313112
7898588112108
7899360263919
7891027308285
7894494000584
7896115704567
7908077403201
7899918921001
7898737630255
7896036570036
7896036526248
7897256220916
7897705202753
7896380603152
7894916509497
7897779724106
7899083123750
7898647921795
7894494128011
7898587273817
7896049526181
7891150088337
7891137006651
7896094209619
7896009499067
7896548197370
7897840305487
7891158106620
7897517920180
7898483150175
7896572014087
7896025530706
7898947386645
67894222010375
7898741804666
7896033251662
17896004006236
7897779743107
7898595239355
7896112122609
7891321104026
7898569762674
7899768857185
7622210566331
7899083119296
6972038414101
7896085869297
7891360577485
7898623241664
6932159608490
7908040476515
7898555801912
7898973417801
7891027147273
7896025522022
7891360652991
7898911495748
7908010118001
9786555006711
7897595903730
7897424006663
7896111997192
7899572813131
7896326922958
7897517937751
7898610375235
7891498081410
7898395335400
7894916515689
7897517919979
7898610375129
7891150105614
731509535754
7897013522574
7908209802452
7896862918583
7898265325494
7891317010287
7896279128933
0618341019164
7891360622758
7896359029068
731509992311
7896036548110
7898303264310
7898225527036
7896013502562
7622210570109
7908458322442
7891027082123
7896852630686
7891027234553
7897042019274
7898650621170
7899095201415
7908346900011
7898656685428
7896033234030
7896033212120
7897169241190
7908077452469
7896965214506
7898662452540
17891321103491
7896013507345
7896111902837
7896033211260
7891027033521
7897517927370
7898302725331
7894164005895
7898647922259
7898968221109
7898405063705
7898588328462
7896111932377
7896644715720
7896497503864
7908077452520
731509991932
7896015500139
0048675991063
7908376800046
7898157232763
7898656685282
7898605222629
7891027342586
7891027305888
7898765331193
7898211382809
7899788407803
7896094200234
7899596540051
7908046800147
7900083002027
7897230302751
7891010916770
7898948029015
7898662450928
7908077460006
7898605222346
7898639380609
7898946332292
99967161
7896226100302
7898002436247
6931759249119
7896033261487
7896279102650
17898681351104
7891350044959
7896027548792
7891027084882
7908077452162
7898286945008
7891334510852
4894290257758
7891033517862
17896007547125
7898697023180
7897690112716
7896261403482
7909438045412
7896111994894
7897316805558
7898503180090
7891158101755
7894494128035
7898765331230
7898610372463
7896111994856
7896033201797
7891150008960
7896085868078
7891027305420
7896004713014
7899026487185
7891182016711
7898211380355
7896036548271
7896647030035
7908470007273
7899783601947
731509974621
7898758084631
7909883003678
7897186078847
7898666422068
78934887
7891951041241
7908609044117
7899820800432
7891027349158
7894494152801
7900083019551
7898212285703
7622210564276
7898405061176
7898562365704
7898650622368
7896075711797
7896292255258
7896025524941
7898939082555
7908458320363
7896006220503
7897517920845
7898770420059
7891040137961
7896025538658
4006381438582
7898595270488
7898405065143
7896444603012
7899783600100
7897252260466
7897947620582
7891330016068
7898126400278
7894916500715
7896714240206
7896444604316
7908169032098
7896004756677
7898352914112
7896885209507
7897230304458
7894222019956
7896279126977
7898524348479
7897517917616
7891317031169
7895144208442
7896641804472
7900083017519
7898741951247
7898502739428
7899583202429
7899583202917
7908470024263
7891033932696
7899852021119
7896079813398
7898506254682
7908209806221
7908458326211
3349666007921
78950030
7898172862907
7891350045673
7891035912818
7892840824938
7896326934326
7891033522040
7506339397765
7896004769622
7898602520902
7896111995006
7898955171868
7891033523900
7894916513029
7898610376393
7896132134439
7898646541628
7898636192342
7898994127673
7896094907713
7897230304533
7896382707681
7896213305437
7899852031255
7898952421157
7891321333839
7897211100185
7895858017293
7898647928800
7898449405936
7896226102504
7896094931152
7891150070363
7898623244467
7896279128629
7896004703831
7896006290483
7891150096219
7896183307004
7898632474947
7898301056993
731509585643
7898955638965
884851028129
7896852615775
7896094929593
7898538295998
7896033233057
7899360264503
17896770982857
7898610375228
6950615960074
7899105904763
7899850338646
7897476613017
7899621107419
7897517917500
4894290286420
731509535723
7897230304977
7898952577137
7909189317929
7897779734105
7501006707687
7896094915886
7896006213093
7899783601442
7899360243539
7896004713762
7894494159053
7898660592989
7898546726163
6941690707685
4902505322778
7898588324570
070330731745
7896007551095
7891321230268
7898391071692
7898605220601
7896523200606
7896111992685
7896331706833
7896033231831
7891137006316
7892644921871
7891027308957
7908209802278
7909438032061
7896033204965
7891350042566
7898591453427
7898656682540
7891153020310
7506195133460
7908040449939
7897230304168
7897779718105
7908704511019
7898902459377
7896025538306
7896004759845
7891033777358
4902506968975
7896150015734
17891321103477
27897027200721
7898265324978
7896509955179
7896676431537
7501006712254
7894222040073
17896061996884
7908671602109
7898265324657
7896061954047
7890000190442
7896902210110
7900083014211
7896641804588
7898133131066
7898664976228
7897779706102
7898405067932
7891317000677
4902505482021
7898915932058
7908040493048
7891024131152
7891350045307
7898563360630
9788537668511
7899783601367
7891010256388
7897158700196
7897230303468
7896094906051
7899852019390
7896033241410
7898647929982
7863415633064
7896111996980
7898939183481
7898258624535
7896181924265
7896603804038
7898632470390
7898369692799
7893093016439
7908458306633
7896111987254
7896572039677
7896852617274
7892840824860
17896770908857
7898919412389
7898662451888
7898589682921
7896852615874
7896444606426
7898524349438
7908458332595
7899583202597
7891027319366
7891150091290
7896049508712
7898039566610
7896658038068
7891024114346
7896013503262
0070341351123
7898969725026
7896444603319
7908083513024
7898698744725
7891360678793
7908448001258
17891321230760
736532021847
070330370111
7898258627437
7899105924693
731509993417
7899852019345
7896771601071
7898216365500
7899653780758
7896261005181
7896523227627
7908458320462
7899583202306
7899783601923
7896026300537
7898723631044
7896326987834
7500435181297
7899613390331
17898220984237
7898483150625
7896714205809
7897571921116
7898483151110
7896311771608
78921481
7899850329033
7896044953562
7900083018752
7891317016883
8902220114241
7898588112061
7891033535064
609963963256
7896572028572
7896211823506
7899008057337
7892840823030
7891033754175
7500435142168
7896033233781
7908209807839
7896033241830
7898258620698
7898662451413
7891033718702
7891027081850
7896115701542
7896451911698
7896150019510
7891317008932
7896108569654
5702157141920
7899852022451
7896180300541
7899588000631
7898650621781
7896444605863
7898671427737
7891027050306
27897027201223
7897698236810
7898944500358
7898562354449
7898911689659
7898212286946
7896025534407
6926066028182
7702045538632
7897917004459
7891634038209
7896004738383
4894290996176
7908458335947
8430340050601
7898698741625
7896075709879
7898048136668
7898650625758
6933256643964
7896292255159
7898671428956
7896094930247
7891153073101
7908324404494
3330000277933
8902220114128
7896025504356
7896382706677
7896644715737
7898660592750
7897476612751
7898961836805
7908470018279
7897799802594
7891150018877
7898724572612
7898132847364
7898506250080
7898524349223
606529148287
7896004730103
7896110700052
7909883097837
7891173023223
27898452173277
7896093001054
7891027127985
7897517932084
7898170657031
7897129303937
7899547551310
7909438045214
7897595634788
7896279129022
7891040023392
7898538009021
7897779709103
7896020677017
7896025514829
7898483152056
7891317000110
7896014183074
7898605222940
7899753541938
7896006219811
7896594800316
7899674035462
7896609544266
7908682400220
6973094271998
7896036520512
7898636192151
7899658328788
7898699846855
7896444605818
7908448002941
7908823500116
070330101241
7898741951513
070330423275
7896020160113
7909107660847
7896111987247
7898591450723
7899572808700
7898258624504
7899572810857
7891027144937
7898146827826
7897517903442
7908458336319
7908497400590
7897947601673
7896211836209
7898258627451
7896004731261
7898936770967
7894222042640
7892692810554
7899014950561
7896658017582
7898483152162
7896111945001
7896775344905
7891155020257
7900083016550
7892607256422
7908209808515
7898506258093
7898782820359
7896020163152
7898185416371
7896235355021
7908040492652
7891182020107
7898934593704
3454090002968
78972111001308
7898650626892
7908542617577
7897840301472
7896964626935
7896004726533
7896965253673
7898639307163
7896902288379
7898432536876
7898172860217
7896111992296
7896094903104
7908458326228
7896070600911
7898416834011
7898468503583
7896006216711
7908470000212
4894290280336
6972497851707
7506195133491
7896342900633
7891182032964
7897572000056
7898944073494
7898483150106
7898662450911
7891360458319
7898671424606
7899783600346
7898608953940
7900083003635
7898945154918
7896094210080
7898911495571
7908542612398
7899506132956
7908458326396
7892840226015
7908209805545
7896444606334
7897595633316
7898940448128
7897042013586
07908785412328
7909438009278
7908013507611
37895800400228
7908013503705
7908209804784
7896033263870
7898024395331
7892840818500
7896422500500
7898671423012
7908422600613
7909342603029
7891027033545
7896006201649
7892840818180
7891301196621
7898623954915
27898944524150
7891027308872
7908083513185
7898744785115
7908660200620
7896214002083
7908198708858
7896111947722
7891024028704
7908038603589
7896111994924
7898715810822
7898944749726
7897230304229
27908470004870
4902505370731
7898222820628
7896025512740
7898696040485
7896676422320
7896279129213
6941690703267
6932159609398
7899014963769
7896952533627
7896509955087
7891360612667
7908132209540
7891058018627
7898132847005
9965556612279
7891360653592
7891027307585
7897731140159
7891150017337
7622300860905
8903855061993
7898961836713
7891321230862
7898970341895
7622210573315
7898966099038
7898911494635
7899753551203
7891182860116
7896451911704
7896214001000
7506339305111
7898699845285
7909438030043
7899083126614
6932159612732
7896380603091
7896380605972
7896093002471
7899808840153
7897731140043
7908501703013
7898148298037
7891317047009
7898040329471
7900083012415
6932159610899
7898608952431
6932159608476
7898623956902
7908040458924
7898258623989
7898623959088
7899572812127
7896852615355
7894494695544
7896006247302
7894494135989
7897930750050
7898212282214
7896006215943
7897252210157
887961522082
7898944073197
7897042019342
7908209810266
7896658005046
7899536102660
7896509979496
7896444614445
7891317027940
7501009224037
7891360653622
7896111998854
0043917996455
7898961258041
7898965463229
7896033212786
7891033871551
7896609544464
6952533321579
7897900317757
7891317124038
7898582683307
7896647041888
7896132134132
7898185413301
7896079813121
7896342452262
7899640807086
7896042034171
7908470026663
7899783600179
17891321320034
7898172860026
7898078314838
7899753543956
7908240501161
7896213306793
7908040486958
7908439806862
7898662452915
7892644921888
7896572034559
7898650625772
7897517920814
7898572401317
7908040467919
7897930778252
7891360011248
7908040450935
7908209809819
7909438028439
7898671429748
7898664976419
7898562358188
7891317191733
6972038415559
7899783601169
7896671693909
7896852611548
7891155050094
7896009498244
7909438045252
7891008331028
7899869203522
7891137006507
7891000259856
4894290996206
7622210617958
7896094916807
7894993000832
7908458335893
7898258623446
7896663335947
7896006222781
27908470002401
7898741805991
7897252263504
7896647072134
78934696
7897779611109
7898591450686
7898650626915
810508000507
7894222019796
7898184464380
7898970341314
7896036547724
00382903883387
7898101640125
7896012878491
7898656685862
7891010601188
7898953484335
7898970341321
7897705203095
7898924603819
7896112189107
7891360659365
7896422507769
7898940257676
7898671424057
7900083010442
7908077453039
7896326934265
17896007548436
7896181925170
7899783601251
7897698204451
7898248392673
27908470002425
7908013507222
7899753553399
7891033913169
7896737014051
7896025504578
7908040486927
7898636190737
7898656685190
7898656164121
7897316805060
7896020164272
7896033233729
7897230301990
8411061944684
7896025511392
7892680335083
7896647021903
7891150050082
7897252210102
7897446000182
7898656685435
7908346901025
7897517937959
7908458317165
7898416834806
7908458322404
7896015568214
7894222038797
7899026487208
7898588112849
070330246232
7899083127222
7908209806030
7908458326136
7898610372449
7897230302898
7891033540013
7896036548516
7897042013838
731509549508
6968332407314
7892607256385
7896444603142
7899264396331
6931759212137
7891045043090
7896112104407
7896049526150
7900083011807
7898126404092
7896714267395
7908673906014
7908077460822
7896004747002
7896025509030
7896380606474
7898650622078
7891033534654
7891253284155
7899790251128
6920897712395
7898741806486
7896359036028
7899753558165
7896002925563
7897256241966
9788506076903
7896965214704
7897517903091
17896007548511
7909438052526
7865188616619
7908083514090
7899360264084
7908542612350
7891317125608
7891150083035
7908040493109
7892840821074
7896637022767
7898662450959
7896004715957
7891158106538
7896852618998
7891317008703
7898623956797
7896279129268
7891182820103
7896111907658
731509586701
27898944524143
7891317009519
7898671425160
7908785412434
7898185414049
7896637025478
7898078761564
6941690703243
7908823500093
7891158106811
6955155812081
7898915802627
7500435004527
7896112401810
7896342451548
7899753559223
7891317014155
7891027340636
7899420503962
4260085521234
7896326905593
7622210573377
4894290299697
7891150050242
7908274800254
7898078317068
7891027009922
7899806974386
7898741806004
7896671600877
7898681350803
7896004761152
7896852611999
17891321101602
7898647920491
7898650622177
7896647047439
7896512922458
7898286940676
7909438030104
7898513472369
7897517906382
7908422600989
7898945443036
7896004759807
7908083524327
7898605222896
6931759225809
7891045166508
7891317412708
7898300570438
7892692811957
7898623956759
071603005075
7897771301312
7898582683031
7891155033677
7898021633030
3454090003552
7898588329186
7908083512782
7896641816864
7898009431146
7891033930715
7892840818005
7891150065925
7908083529605
7897322701998
7898483150007
7896484180153
7898506256860
7896036570081
7898965666002
7898322343638
7891182860024
7892692814743
7909438042565
7897517928599
7898965463205
7896235353317
7897517912024
070330129665
4064666318356
7896548111987
7896004703398
7898126406270
78924468
7898301057358
7896311707928
7898405069493
7896020162964
731509994582
7891317015121
7898698742608
7899264344813
7898646546821
7897211100406
9788573980264
7896004705330
7908542612541
7891361944354
7898904556814
7898270002328
7896013549543
7892692814330
7908083523023
7898664970943
7896013563839
7896331702606
7897042015450
7891027033699
7898483152032
7898506258963
7896004701301
7908083513123
7899583203761
7891317016135
7908470009208
7908209802728
7898610370544
7899806215175
7904523120166
7896079811141
7898589682419
7898078316894
7898662451109
7898587764957
609963963287
7899014900344
7896111992548
7899653781014
7898405065389
7894494695810
7897252215060
7891027009915
7891360495574
7896653708881
6976374472801
7896036570173
5601229856949
17891321104771
7896042077666
7896004726472
7898617521857
7896647074602
7898608954305
7909438010632
7896036521045
7898662453028
7891000400210
7898647927537
7896004774237
6931759244183
7897476608990
7896326934258
7899706123761
7899264377750
7898060137544
7899583202931
7909438044712
7891653014062
7908077447458
7891317125622
7896033212960
7896033211291
7896523202020
7897027200727
7898744785153
7898744782442
4894290290588
7898506259663
6924372697603
7908458324361
7898410315059
7898539392122
7898567750611
7891317455606
7896013502883
7894916503198
7899753554181
7898488011051
7896054023972
17891321230296
6932159606182
7891182016131
3616303393069
7898184464212
7898577231452
7898582382118
7899783601879
7908458320455
7898647924161
7908040481359
7898126407604
7899652102117
7898126405839
7896025521216
7898662451321
7898582682829
7896111944912
7908542627811
7896094922181
7896509974521
7909883365127
7897230302607
7891024115800
7898647929999
7897517932435
7909883234577
7896111970928
7898461574559
7898405065938
7896033204750
7896676435597
7896658026577
731509993790
7896261005372
7899620606128
7898994451235
17500435022573
7896025521292
81349012
7891317038977
78925472
7898283814673
7898008550138
7908132227841
7899583203716
7897424000913
7896013504856
7896025514515
7897530100903
7896444650016
7899360264343
7899083121312
7898078752241
7891024042229
7896094211834
7891173023162
7896380607341
7900083011869
731509995152
7898636193110
7899083127307
7898563360333
7899674032416
7896714273532
7898921545341
7898506722211
7898430191923
7898781150051
7896006214946
7909438041834
0602883749399
7898556756709
6976337631146
7896111913611
7898910451592
7898666421726
070330524347
7898671424958
7891360309055
7900083002034
7898745130051
7908209807211
7891150096271
7898610370629
7898671425351
7898148291267
7898588329063
7898623953550
7899850357494
7908141503882
4006381118743
7898647924246
7896306625367
7908609044285
7896852615270
7899788407780
7908038605156
7898920041943
7898078311325
7908240822716
7891317001476
7898671425788
7897851250387
7908240501192
7898582683048
7894494130328
6932159606830
7898179823024
7891721202872
7896557308651
7899315534798
7909438065137
7894222020075
7908077460174
7891321103258
7898579483330
7898483151295
7908470026656
7896094207325
27908470032972
7898656161175
7891634038193
7894494113987
7448070230645
7896640452469
7900083011784
7898934861889
7891182850032
7899706198004
7896033241168
7896015556983
7898610375358
7898646542397
7891360605911
7890000206655
7897517924041
7908040433518
7898632470130
7896676439441
7896112140863
7898647921979
7898671424941
7898225523595
7891360678762
7898588322477
070341336526
7896036541128
7897517912970
7896380605071
7896025516748
6972683510753
7898413661405
7896025519626
7896013502272
6968332409301
4005900940759
7897027206620
7897230304427
7898265325500
7896025522381
7898588110685
7898549344500
17896061995467
7898663741407
7894916505673
7898211383738
7896676410228
7898944073258
7899753533490
7894222019918
4894290291820
7894970000015
7909438017846
7896852616062
7898660593573
7898516892737
7896061951428
7898225525148
731509993592
3014260018696
7896033212335
7897322709451
7898258622043
7908458326785
7897731190901
7896877602576
7896132134040
7909342632050
7897517908614
7898944074477
7897571960023
7898197415584
7897464701597
7448070231512
7891000022115
7896317901801
7896902215740
6909362409176
7898623243538
7891360577492
7898936111302
7897322702087
7898212280982
7898976443029
7908040459266
7900083019841
7897256219958
7908013507130
7896111900307
7898648240253
7898660599872
7898936770110
7899706188913
7896852630556
7908542627804
7898302727380
7896049504745
7898610370933
7898610377604
7896261000216
0722713013916
7898489511017
7896422503617
7891317007829
7500435146920
7898303264815
7896044963554
7896033204507
7897252216456
7897517924270
7908169031459
7895151559896
7909883270032
7898664970820
7908209807778
7891321037935
7896075760429
7898589684222
7898483151103
7896025522312
7898172862938
7898915932119
17898994747557
7898212283341
7897027202165
7897027272014
7891150054479
7898095296018
7897947612754
7896603805172
7898395332652
7897849621601
7500435142137
7897779741103
7896013540748
7892840814663
7896111906880
7908334505150
7898906376755
7898499242833
7897316800300
7896311730971
7896326926550
7896862994372
7891142128546
7908077468217
650240026638
7908040493116
7908169002381
7896098812587
7897517910174
7899572806546
7908609044568
7896111999264
7909438045191
6972497852889
7896852617557
7898970341406
7891027131081
7896647041901
7892840822026
7898588328974
7891027005931
7891268103243
7891150094840
7896033212977
7908209807914
7896023705205
7898610371466
7896279114028
731509993394
7898506721382
7896380601103
7896603800504
7898622119384
7908083527168
0602883749412
7897230300016
7896111998731
17894900501008
4894290286406
7898395333451
7896658004018
7908040482684
17891321110116
6950615960098
7891040141418
7908083512089
7908394103112
7891317034979
7908077466657
7898671422633
7908458333424
7891024135174
7754111532020
7898958060527
7899095220171
7891240010521
7897169210813
7891027005252
7908448005645
4894290257734
7894494330148
7898126406690
7898132980917
7898008552163
7898656685855
7898303263597
7894222010274
7894222031200
7891058004422
7892840824754
7891027105907
7898947170619
7898671423227
7896111945728
7898671424583
7897595617507
7891010875640
7448070304131
7897042016419
7896007546916
7899083119562
7897169210943
7894494653216
7891060656053
7898591450600
7899026408241
7898945244190
7891033861675
7899753554167
7898212287097
7898132989118
4006000068527
6931759220590
7896085871474
7790085472245
7898562354432
7898086730323
0722713013978
7501009224181
7896042032580
7900083002638
7899806203295
7896111992838
7891150043237
0070341707128
7908346900233
7898671427980
7899411550371
7898589684260
7891150103689
7896013513032
7891799357412
070341339596
7899264376869
7908013505556
7899753554983
7898412977316
7891350032680
7898631550635
7898911494772
7896132112352
7898949584803
7891334108011
7898588326222
7899985704538
7896004723334
7897230303840
7891000346945
7908077467036
7896004710358
7894916505147
6920897771637
7890269193123
7898417963017
7891360599357
7898157235238
7896092000553
7898420971603
7896094918757
7897230306728
7898664975825
7898169080123
7891027411497
7891150063457
7898055421740
7896326900475
7506309872551
17899738900733
3701129810767
7894916147118
7897013553479
7898481400111
7900083001662
7898970341147
13154145347552
7898570573627
7899808840078
7896671601799
7894222037059
7891010248376
7898951285484
7896016104947
7896004729206
7898222833253
7896380605088
7896444605887
7898633983578
7891027331153
7897027207160
7899783602357
7899495703083
7896849132681
7898623950870
7898639380029
7891024136089
7898650622108
7898566292129
7899420507311
7891350048599
7891350042542
7897517903947
7909883433208
7898631550536
7896183305826
7891106915335
7890000318808
7891040302383
7897849611084
7891800342000
7898671425665
78906617
4015630088072
7898662450317
7896115703713
7898170657079
7896658022371
7898126404177
7898946433050
7900083011814
7896111992418
7898185416869
7898741950257
7896036541227
7897013534218
7897404300170
7899852018195
7898650621491
7896902213074
7908458322428
7899788409258
7898957474561
7900083002041
7896020161721
7898158691170
17896309204047
7898632472264
7897517929299
6940150250099
7898639301413
7896676406184
7908209804425
7898608952943
7898608953360
7898474840535
7892005050486
7898610375211
7891360583424
7896026136624
7891317000608
7896484110532
7891360677239
6926641031392
7896025527935
7897571921840
7899470807423
7908077459925
7898591459481
7702045538984
7898671422114
7900083016123
7891331018375
7896132134125
7896137650736
7894222041353
7891106906043
7500435011303
7896004790619
7896025522343
7908083529322
7891106916028
7896094918115
7899850328463
7898126404986
9788555584657
7891058003982
7908236502332
7896036543214
7891350042818
7898008554136
7897476690865
7908470016633
7894494000591
7892840824068
7898945746359
7899753541495
7896094921986
7891350043082
7898447977022
7896111992524
7899706162043
7908016651762
6932159608599
7898248392444
7908324404340
731509817164
7898646542281
7898741530510
3282770206074
7908215502100
7899783600520
7898446561161
7898595239362
7908609044766
7896061951015
7898132847043
7908040481335
7897530100774
7898283815335
7897744504856
7890000168250
17891321331269
7898132847340
7891317420840
7898697100119
7896111941959
7898302722088
7898330223113
7898639793690
7908077467593
7894164005444
7898008552170
27897027202169
7896013563525
7908448005348
7896714280707
7899653780956
7899527197040
7894494168734
7898198175180
7891150094895
6980268615076
7896025515314
42389248
7892840822446
7896342902217
7898623955561
7896572010065
7898405065044
7896004756318
6925187872186
7899898404860
7898170658540
027084929539
7908083520831
7898610377895
7898647926097
7908040493154
7898588328998
7892840820466
7896326962480
7891075403215
7896818231759
7896647013311
7891150021709
7891024184506
7898352914075
4064666309118
7622202256714
7891060679762
7898225527104
8429420280762
7896512937988
7898647920811
7898662450041
7898927980252
7896342436101
7899083123798
7899620911352
7896311771981
7896112409144
7896444614049
7899095203532
7898039561493
7896380606092
7908458335572
7896112117681
7896116114044
7896011707525
7896326996058
7891027234478
7899583200999
7896094207523
7896676435580
7908458332731
7896771608940
7896326912218
7896111996539
7896025530065
7899806974416
7898955171646
7896224410687
7896004708492
7908470603963
7891027305444
7900083000665
7898947387321
7898610377000
7896317900408
7899527120017
7898211380775
7899882313581
7899583201682
7908420116840
7898286940584
7891027313937
7898212282948
7896033204903
7898588329513
7891268103205
5702191025576
7899753549316
7898581710363
7896094211278
7896523210940
7892398963127
7908458333714
7896015519292
7891142982865
7891027091149
7897900317566
7896033261135
7900083011852
0618231138814
7896004781396
7897517934330
7896013544753
7898671429175
7891182991858
7896317911084
7896011707518
7897517937027
6991221286042
7896980455595
7896326905555
7899083124368
7896025515505
7890260430289
7896025524965
7891321064610
7896111998694
7898623956773
7896380606078
7899095201187
7896111994979
7908346904002
7891350042863
7896033233910
7891058003586
7896111976944
7896965211512
7891317004583
7898211381925
7898506729333
7896026301367
7896671694098
7891360495598
7896235353706
7891331850319
7896025540309
7898944524101
7896036547137
7891317421557
7908228805809
7908470007280
7891150097339
7897947616820
7891033893096
17891321101800
7500435106818
7896472502271
7891033474028
7908497404987
7898623244139
7891301301568
7894222041773
7897840300451
78926523
7908209808980
6926641032757
7896902286795
7896222720566
7898646542656
7898132986414
7896671692926
7897571982063
7896852611555
7898078757628
7899670810025
7899026401808
7898671427966
75075644
7897013520532
7898343707068
7898352913559
7898212287103
7897512902235
619205194409
7896852615294
7898632473339
7891045040334
7896075711988
7896309205030
6903612145098
7897237311404
7896235353867
7896111987339
7899083127321
7899095204027
7898903991524
7898715814066
7898582380015
7896603846724
7899095258310
7908458320370
7898283851517
7899783601190
7898647928770
7908077453893
7891360542308
7896966333336
7908609010297
8710103989325
7891027031039
7891182820011
7909438008752
7899783601954
7908209804494
7896132133005
7896094917866
7891027049706
7897230304861
7896108560460
7904523120173
7897571981493
7896112406709
7896004711454
7897698236872
7897848720817
7908448001494
7898225523991
7898416830549
7622210527837
736532611093
7898483151530
7896852617298
9788573980837
6936521500177
0070341707036
810508000514
7896023727948
7899852019338
7896075709190
7896609550274
78945470
7896004730981
7908077460907
7897517928575
7900083002553
7898610370117
7908458320400
7898948029008
7891317052669
7899264342079
7897530100149
7896079811387
57869223
7896115700026
7898741950899
7898506720361
7897424081967
7896013562290
7898671424705
7899852022512
7891000073100
7899105904527
7894222037912
7898662450102
7896094930001
24585934
731509992892
7900083008081
7891321331262
8710103779827
7896852625187
7898647920446
7891027533922
7899470802961
7896033233965
7898542316160
7898758083474
7908458333202
7908236576098
7898650621460
7898945030823
0070341335932
7896009498657
7909253140675
7898703033646
726669007371
7898608954596
0619205390023
7896637023856
7898562355910
27897027219723
7898944500297
7891330017140
7896004706252
7896472521814
9788573980226
6932159603457
7898556756693
7891721202858
7896326957929
7909438047201
7898658622216
7896065861594
7896070601260
7896015527730
7896326929339
7908169048563
731509992755
7899808865293
7897840301496
7908274800261
7899640810321
7896902206533
7896523201986
731509577631
7897776751020
7896497504335
7897876125004
7897517902445
7896004700991
7898567792369
7891151036993
7891033933983
7898185414209
7908169035921
7899652102353
6932159608469
7448070225573
7899852018249
7891055140604
7897517903466
7896444607157
7896714291895
7896279126779
7891176117561
7908458320394
6941690703250
7908458332571
7896676427837
7801125006884
7891634333960
7896111906897
7897698210728
7501009222743
7891317025137
7908209809062
7896094914155
7891317445720
7896112466215
7898566826379
7896063285064
7908038604579
7896094922532
7891027322762
7898589684499
7898048131243
7896013544098
7897230304663
7898699845933
7891040137497
7908334509899
7898504390931
7898953484236
4006000101255
7896033241779
7899575706508
7898563360180
9788533925267
7891150094321
7896112149460
7898610370551
7908209801875
7897840300369
7898657691206
7898662451437
7896067203958
7897411602311
7898610378557
7898906376397
7896025534452
7896676438093
7899918920974
7897517928421
7891116169575
7897042015856
7896714275390
7908542625893
7891024028995
7754111532013
7896902212176
7898566825143
7891060804027
7898556755924
7900083001907
7891027292362
3282770144475
4005900942982
7896004778129
27898944500888
7896004772868
7896004710457
7891321230299
7892840225919
7896010175622
7896004704210
7897517902780
7898639690982
7890000039314
7899706157117
7896009498459
7896965211758
7898582380558
7897517909444
630509790333
7908458332663
7896380603862
7898631557900
7899583203327
7898172860064
7898405067741
8710103871415
7891024035191
7899852026060
7896025522893
7908334509592
7898683860638
7898212285468
7908458326143
7908458328345
7898562357228
7897322706320
7897876108120
7896025528284
7897042005826
070330423473
7891360320128
7899820812633
7702045538717
7897478402633
7898648240277
7896448110424
7900083017489
7897571995827
7891033402205
7754111013871
7891150051485
7891321062128
7896902212497
7896033211963
7898265325166
7896075711940
7891155075196
7898079005728
7898283856369
7898502733631
7908458332601
7898608950024
7896036526514
7896224409995
7908458308514
7898662450133
7898911306419
7908615805306
7898947388410
7891350045284
6700559144272
4005900559500
7908132288590
7894916140089
7896497502119
7900083019964
7897256227304
7898132847319
6979452320155
7891150007680
7898258627819
7897517930592
7898417962690
8888810000041
6903612145111
7908209807563
7892953209226
7894650130070
4894290296733
7898608950970
7898608956187
7908169014568
7791293784465
7908371613757
7891033517848
7898216361595
7897775675013
7891060951370
7898588321821
7897076922953
8428235025322
3014260279264
4005900849854
7894164003761
6920898818164
7908077467869
7891182021111
618341019065
7896658014567
7898960813470
7898430194689
7891360666882
7898656683325
7908673902474
7899884200728
7898650625796
7898664976716
7908077446482
7908420116871
7899820801316
7898075310031
7898675500160
7898671424804
7891317038403
7899852017945
7891317023331
7896094903753
7896484110419
7891317137557
7898695063430
7891951041159
041333030111
7891027351250
7899572810208
7896025507135
7897832862745
7896004787701
7899527126750
7908040481458
7898211382977
7896114312879
7899753557267
7899652101080
7896111947746
7897169202597
7899753513188
7898405063590
7894916203517
7898519450279
7896023707827
7897042012176
7908346900677
7898486485113
7898662451314
7891350039993
7896261011106
7908542626289
7891027233693
7898589684826
7898698740215
7898970856320
7891158100246
6980268615069
7893454101736
7509546679075
7908324404272
7898405063149
7891150083196
7908542612473
7898562352797
7896673193421
7908083512768
7897230303291
7898588320046
7896858624924
7898503180175
731509993554
7909438028484
7897517933401
7891027236526
7908169025625
7908077436186
7891153800820
7908077446109
8445290273758
7896025505384
7896025527621
7899470807416
7908132220187
7899264344820
7891027143985
7908083527953
7898524348639
7891360622741
7908077460204
81802982
7898741802587
7895800151426
7899674035448
7891321103470
6980268615083
01021944000
7898650626229
6949846902694
7898008552798
7896111913772
7898610377451
7899547543858
7898258625822
7899547537208
7897517909710
7898696040508
7899640808236
7909438032030
7897013534195
6932159607240
7899700801030
7899083119449
7896036548714
7898943477965
7891360572305
7898714763945
17891321332020
7896572041922
7898945443432
7896448111421
7891027398521
7896658024146
7898525580021
7899783601961
7908470029893
3282779395151
7896018703155
7896359042494
7891106905923
7908077452865
7891153088518
7891106000888
7891150041042
7896965208918
7898562359321
7897076922540
7908542612459
7898632475012
7896094918603
5702150154286
7896444610270
7898934931179
7896902207523
7896033290463
7896317901238
7896444604248
7896006228530
7908209807297
7899701870004
7908334505198
7898538970437
7897517922795
7896771606069
7891033889037
7897517917715
7622210857071
7891317013622
4987188501115
7908077460914
7898947388076
7898647921870
67894222030113
7898671427669
7891317036881
7896326919811
7891033793778
7898599213450
7908324405545
7898947388007
7897705202364
7896573380174
7896044953500
7891150035065
7898696040355
7897316804810
7891027033774
7898698740536
6988268482643
7896572013097
7898170656058
7899506132949
9786561021920
7896422505789
884851033239
7896025539495
7896964625136
7908083514922
7908083510009
7896279117104
7894916142656
7896115704109
7891027060114
7899783602586
7898148293810
7897230304779
7896015527242
7891033484751
7896222720306
7891000440339
7898589684178
7908609044315
7898632472875
7899753551050
7891033302031
7908077452810
7898650626052
7898650625086
3282770391466
7898599212743
7896647089675
7898648240505
7500435106685
7897832862851
7898671425726
4902505368868
7896512913708
7900083011845
7898002434939
7896770902070
7898212282436
7891106903967
7891321333723
7909438008813
7897076911551
7896965214742
7898258621770
7891027111182
7891317017392
7898932370840
7898671421711
7891321108222
7898646542854
7896111997000
7898590650216
7898413012740
7896737021035
7898632472790
7891027152529
7891150080751
7898474844793
7622210857255
7898965535506
7898556850643
7897517932800
7898639794642
7896523201627
7897495208294
7898608951717
7899095239401
7898671425566
7897042015849
7896331705669
3282770139136
7908077448578
7898416830136
7908371668542
7908652103229
17891321333737
7896658007996
7891142180766
17896061996600
7896326957967
7897230304601
7896672201738
7899083119586
7908542617584
7501006725735
7898410315073
7895858017415
7899026415475
650240013676
7896112401452
7898301059345
7896342410347
7898562353084
7898647920330
7909189317936
7897169214842
7898447977763
7891182994088
7908448004891
7897230304496
7898562359574
7898488010740
7898516939630
7896006282389
7908040493345
7894916516389
7898650621835
7891033586394
7908458332656
7896849121692
7899788407797
7898216364510
7897256236498
7891951040862
7896183308155
731509990058
3360373063697
7898970341192
7898610370636
7897512900385
7908077447441
7898935462023
17891321104214
7795368002683
7896013503958
7898729850333
7891106915885
7896025543140
7899783600407
6976583140683
7891317125639
7622202281464
7891150085657
7908542612442
7897832863018
7896444614032
7898582682836
7896952533658
7897664168213
7891350048193
7896206425869
7896422515580
7898185413288
7891033480937
7898212287332
7898283814499
7908209805156
7898258621251
7909438063188
7908334505143
7898970341833
7891150081079
7896033233996
7899655033913
7896341402114
7897254134987
7898277712473
7891060846379
7896422517003
7899653781373
7898126405792
7791293035017
7896183308148
7908334510789
6931759212809
7899882313833
7897840301489
7899652102025
7898078318225
7908209804524
7898472262759
7898951285583
7891033481491
7897256246787
7909438045238
6920232057877
7899706181730
7891330020546
7908040476461
7509546696058
7898652372766
7897517918187
7891033515516
7898126403095
9788576616481
7898646549426
7898283856987
7898024393184
4005900399861
7898741803973
7898944073067
7891033925575
13103002
7898966463303
7896380600649
7896183313975
7897517932961
7908083513086
7897230304595
0703387008453
7897571960030
7896004721828
7891150106710
7898608953117
7896044996828
7898903991579
7898216364930
7891395012135
7896444602626
7896852616574
7908209807150
7898741800446
7891058005665
7896111900192
17896004006908
7898660593856
7898212280722
7898132989415
7898744782930
7896326918913
7891027351465
7898660599841
7898588327571
7899783602395
7899095203563
7896111906873
7898578150851
731509993332
2128139
7896025511262
7898610377352
7891350037081
7899661747569
7897517925642
7908420111050
7898416443008
7891033078417
7898300573422
7898698744695
7908209810426
7894916513173
7894916202671
7891317446659
7898662450355
7897517906344
7891150074491
7898664970950
7898569761448
7898560666865
7896342421121
7899753544472
7908077468873