7891010947774
9788555502262
7898927422172
7896004726182
088300196913
7896251800932
7899264365535
7896033232722
7897249564836
7891224907038
7896036511343
7896800009595
4905524919684
7908013505556
7896044901471
7896647068113
7899455908695
7893299430299
7899852000442
7841764080029
7897386754015
7898516928139
7899264333374
7896676410877
7891150027510
7897230304076
7896014191390
7898534510293
7908077400231
7891317008406
7897802719376
7897386715481
8411061722176
3360377016132
7891027231231
7896180300053
7898671424941
7899788402969
7894900092028
7891317027988
7896647021620
7896110700052
7908209808157
7791293004976
7898506254651
7891150021358
7898184464397
7898522716959
7891045007702
7898189789556
4894290289315
7896000672957
7898086734376
7891033586721
7908236800124
4894290681430
7891033913169
9556091114054
7898503189888
7893454205816
7898502500035
7896676422276
7896023792229
7897832866774
7899650103369
6941690711132
7898078316887
7891182870177
7909690403418
7891634017921
7898488596961
7897027213192
7891010029098
7896010171419
5702051040954
7898720566813
7899706138895
7898503180083
4006000045511
7908020500735
7899187014183
7897595602510
073796700287
7896112125617
7899674035448
7894494553820
7898697104308
731509974621
7898504386064
6891990812032
7896380603473
7896641817618
7898582680252
7898656166613
78925342
731509991765
7891024112861
7897512900910
7897779720108
7898283815311
7897517926571
7896006219590
7908324406399
7898650622344
7896004720616
6920897722202
7898532210560
7894494111433
7892840819767
7898588329070
7896111978474
7897780200644
7896639603315
7894916508155
7896004747576
7898040329440
7898067951303
7898521375751
7899653781014
7898283990766
7898965666613
7896042063508
7898970341277
381519181863
2700000085027
7898100248490
11064749
7897386773818
7908458336296
7896020610540
630509540990
7898599216291
7896004701400
7891361734382
7896637031806
27084958966
7909510216488
7892509066112
4711161960558
7896964619906
7899755675167
7898346531608
6973094271431
7896000706126
17891321330699
7897595900593
7898623953925
4005900344540
7898258620445
7891219021404
7896885205158
7891301192067
7896965246873
7898911494123
7898448615770
7898662450027
7896111988602
7896658001154
7899852024547
7891266629424
7897517910945
7898078311295
7896094209701
7891070002253
7898681320998
7898417965370
7898524349513
7898958084516
7896200706025
7891051007109
7898502535990
7891301505805
7896380603008
7898352912262
7900083019834
7908660200613
7897468603972
7898650622375
7896641807510
7892840816339
7896000715678
7897256229001
7500435146920
7894916144681
7896400508443
7898185410287
7891317452209
7898405065556
7909107795440
5010993416899
7896200712002
7908141503882
4895138715539
7892840819644
11013518
7898741951445
7891268101188
7896025516786
7896115704598
7506295347927
7898490057238
7899527106738
7896000614490
7898248398712
6932159607387
7898458571189
9788538055266
7908209804593
7909438050690
7896004713854
7909224342183
7896114312862
7908448005348
7896026304917
7899753553740
7899779014812
7898432536906
7898405067789
7908470603383
7898639380258
7908609044261
7891177083568
7891268103212
7891051007277
7898040328610
7898605222612
7899850338646
7898008554105
070341339596
7891530440137
7899852026183
7908458317868
7896111944295
7899852023052
7891150063037
7896036547717
7909690466901
7897512901443
7896422501187
7908040427289
7891317006914
7908040460927
7891321330678
7896013500193
7898482341956
7898556754781
7891301516221
7896640452759
7890541923028
7894494651793
7896548198186
7890395036912
7898631551489
7899026437784
4006381105262
7896014179442
7896132134415
7899207519766
7899640807864
7898567795391
7898078313961
7896200716208
7899852002200
7899527105045
7891528038612
7908458322008
7908882203904
7896132135375
7898588089516
7896014171002
3433422408357
7896852625224
7891150088153
7897595900685
7899852013497
7896000703460
7908673902894
9788536824321
7898133135484
4005900531834
650240004032
6941690723203
7908077444952
27897476614704
7896676413045
7891112076891
7890541547699
7898258620674
7898947386430
7891010002404
5457862545944
7898947407388
7896036560310
7898965535490
7899768077620
7899706117814
7899852002620
7896380600922
27908470002401
7899026444409
7501001169374
7891027308292
7908209809499
7896647071724
7896644739665
7898567792888
7896609542910
7898412972168
7891010244842
887961216226
7897517903442
7898595270662
7896653704555
7898412154762
7898212288490
7908296000649
7898506250158
7897595635440
7899095230095
7897517909444
7899753500843
9786526107447
7891150041400
7891530330858
7896261009684
7896212420124
6920218900692
7891321103913
7891485386115
7894222010656
7899871607745
7896044901464
7899026422339
4894290626653
7896004713137
7896044901730
714289139626
7898422753009
7898610521144
7896444604361
7896013506300
7894916141123
7622210617996
887961585926
7891155025115
7896033241953
7896094209619
789664705859
7896226109312
7896422521277
7899653780161
7898405065037
7898247313365
7899091403400
7896240201306
650240012716
7899069915553
7899676801997
7896497504120
7908161726353
7908371688892
7898662453028
7899808871775
7898915801842
7896132130066
7899233346985
7899706122054
6925187872018
7891183008517
7909224263150
7899640807086
3349668516179
637293040330
7501007495705
7893454209128
7898587779562
7898610377352
7899097926088
7898588322477
7891158106200
7895025300452
7898168007015
7898671424095
7899806211405
3330000257713
7896112401872
7891040119936
7899583204201
7898671424705
7896026300544
7896033204835
7899095203075
7897386787907
7890541656711
7891027121068
7896672202278
7908077449056
7891008209761
7896111976883
7898910045180
7908209809697
7896000622808
7890026048024
7891721002038
7897337716994
7898212286526
7895155490263
7891112290950
7898958060855
7895155598471
3282779405553
7898957474882
7898352910602
7896800008833
7891010040031
7898605222841
7896020160342
7894494585890
731509833201
7896653709536
7891356008368
7622210576675
7891024037812
7896000627520
7908040492577
7908083520534
7898933076017
7890541864048
731509549508
5016533649208
7896004708423
7908040427845
7908161722195
7891027314125
7896132124119
7897775701026
7909224546444
7891024136515
7891027060794
7891040302406
7896852611548
7896647028780
353885003339
7898157619229
7897595601728
7899360220318
7898945782623
7896444601216
7899655033968
7908209804517
7896637033985
11083306
7891040023392
7896737100013
7891024177839
7898157613982
7891224983964
7908458320530
7897698236810
7909224546901
7898610370049
7896033258326
7896326934258
7891321043622
7891485405342
7896181913221
7898618048797
7899753509617
7908161728845
4005808719105
7896000624673
7898936754318
7899808894149
7896226102719
7898198172325
7908209811539
7896676408010
7908985904470
7899026401747
7898395334878
7898770683041
7897411603158
7896111994931
7890541864062
7898048028024
7891055621226
7898265325036
7891177008851
7897129303081
7908040449694
7898935271465
7899091404117
7899650100887
7897214700047
7897780208510
7890541469090
7891027153779
7899026462533
7898503186160
7899674035370
7891114001266
7900083002027
7896509955223
7898085944882
9786555249156
7503002941607
7898417962331
7898008551388
7898288550125
7899026460676
6908796810411
7891182996952
7891027348380
7896000631299
7896230302846
7894383603155
7899753519173
7891301513152
7891060846379
7896699010160
7891321104026
7897835702154
7908209807839
7891027149734
7908040415286
5702051054661
7897027224327
7908458305445
7891268400311
7894383412177
7896015591441
7896181904946
7894222007977
7899364808642
7892509106931
7896112143628
7890541884176
7891182850056
7892840267940
7896132132152
7896004703305
7897698208503
7898419161114
7909438008837
7896006201052
7896422526487
7891485393205
7898910449124
7898506250059
7898538351434
7896422505291
7894222042886
7896658001932
7897076922540
7899527135295
746775106874
7899755694960
7898419156783
3401597168758
7891142197498
7898405068595
7899753550183
7896033202633
7896342451630
7898185413301
7896877602552
7501009222743
7896033211765
7891224359400
7896193217126
7898079009559
7899014900368
7899806972726
7908209808782
7891027143329
7896111999066
7898422168360
7891058021887
7898671424019
7909690794899
7898185411390
7898617521734
7891485308872
7896150300014
630509556236
5702051035080
7898007677089
7891027291365
5700666023645
7896261015630
7896342450398
6991984005959
7896653706948
7501006740196
7898632476194
6985405001750
7900083012101
7896523201986
7896647061008
7890541748157
3282770139228
7896852616239
7891150052550
7896114300210
7898949149699
7898961836195
7899850304757
7896800008918
3433422408159
7908542612473
7899930900855
4008600138853
6920895718139
7894494129988
7898184464199
7898361700041
7897042006021
7893647000242
7898588089400
7898258624016
7898506250431
7898533228946
7898588110036
7908040417433
8901106101030
7891313612249
028877432632
7896479945736
5702051034403
3330000258246
7891219020872
7891321035082
7896004701943
7891360629573
7896523206707
7898910451325
7898647922051
7898911689208
7909690466840
7891321331262
7894916145688
7896042065786
6925625417771
7899788400354
7899788407384
9788538084181
7899083126614
6920897750885
7896321014795
7897572006164
7897252260350
7898488592017
8902220114203
7896025525429
7898664973364
7909438050515
7896609546123
7897476643519
7891317443399
7896211832379
7896094918597
7908040461146
7898072208447
5055810028657
7891158042294
7894222019949
7898138780986
7898656683622
7894222027272
7898703031192
7899207514853
7896033202992
7891182019064
7898970341024
7909189317936
8902276701297
27084974669
7898490059768
7899852021898
7891055682302
6952786801866
7896006270508
7896033211963
7896683200546
7897137903723
7908458306510
7898296950054
7897832858922
7896094921948
7897530100712
7891317007638
7896014192939
7896111949580
7891485431877
7898483152193
6991984006048
7891058003838
7899755657514
7898417966285
7897230304861
7896444604545
7896885203314
7891058021559
7908470016114
7899783601459
7898300573392
7891530541773
7896025527935
7896261015494
7898567796923
7898352914938
7896025513662
7909438035680
7898105010399
7891027143091
7897779706102
5702051043788
7506309889412
7896020610557
7899852020440
7890265878772
7896036547830
7899755634287
7891485402730
7891027315559
7891158106620
7896014189083
7899091424160
7891239024249
7896965213530
7897655401817
7890541547613
7896744802306
7898454671357
7898656685701
7898923324197
7896380606092
7894494730306
7897476643595
7899852002682
7898009439432
7896029600870
7891360650140
7891027065980
7896004731742
7897840305487
609963963331
1512101461578
7894650003213
070330129627
7894494180217
7896235353294
6934460660860
7894494190469
7899026437722
7894916201353
7898411976372
7908161703712
7896111955475
7898994049944
3701129810736
7899420507281
7898417963215
7894494627309
7891224095391
7896326958308
7891321048436
7897018800011
7896640400545
7898416830143
7896013503958
7896326987858
7891010041366
7896639655468
7896006207726
7893249054872
7891027129064
7908040449649
7899753545387
7898646541444
7898610374146
7896468378194
7892840821159
7894222040950
7897684808625
7897013538032
7897807421380
7908458321995
7891313612201
7891485342401
7898949584803
7898958060527
7896317911879
7896004715599
7892509077538
7896342435241
7891025107330
7896464738299
3330000226740
7896902216785
6926641048420
7896251801984
7897254101668
7897256233701
7898212288681
7909883364120
7898671425191
7898458571363
6941690722855
7898211382632
6934460631501
7891008151275
7896647028025
0048675991087
7891321103869
7898698743575
7899652100403
7896683200065
7892509097963
7896094210462
7899753541037
7898258624436
7896206402402
7896647043226
17896673193428
7891360641209
7898078316610
7898588328325
7898170655242
7898149186098
7897779698100
7894494546396
7898494678811
7898417966322
7898599216215
7899527117574
7908236800407
7896644704776
7898744782480
010343902251
656079675665
7898502541625
7898960330335
7894222010182
7896380605835
7896779660650
7897447202042
7892840823399
7891024136133
7896033202800
7898086731511
7908077444839
7896326909492
7896714200583
7896468378200
7908209804609
7896436905797
9788555584657
7896098805329
090159314035
7896235320425
7898660596710
7894222010335
7898430191039
6924466305940
7896111992920
7908458332632
7898608952431
7899026450875
7891463001399
6925187880655
7898506257164
7894222020099
7896044960096
7896647084267
7898944073012
7891219010958
7899207519803
7896673112927
7898420971788
7896042045405
7896444602787
7898502542066
7896647072745
7898506255535
7896261003989
7891232032142
7909438045443
7891033487202
7897322714325
7898417969491
7896777936733
7899083121060
7896540751266
5055810028640
7894494187544
7891150002104
7896444602091
7897840305180
7899753541693
7898078316986
7898074618206
7899026466142
7908169014568
7891027004316
7898901898078
7899820800425
7898943696861
7895296277013
7908376800091
7897517925482
6924466309467
3360377034587
7898497301785
7899621103213
746775167691
7896451915283
7896806701080
7897595609588
070330348134
3330000247813
7896317901726
5702157150700
7899026461635
7898248392932
7896637022903
7898608953971
7896006240457
7891485389499
7908209807815
7898663741414
3014260820930
7891530272578
7897027221951
7896603802515
7908671602109
7891027231972
9788573984392
7891027294359
7896181902386
6900002410132
7899304803737
7897595634924
7895800938553
7891045008839
7898249550973
7898352912200
7894916143066
7899264350197
7899360206237
7891224663798
7894222010915
7896326996058
7899751104104
17896007552822
7891485415631
7898312584867
7899527196845
7899790225457
7891317016623
7899026439092
7896094208995
7908209806962
7899852017983
7894494727863
7891800365658
7899755603344
7909107916838
3014260274917
7896222718587
7899360222817
6920218909145
7898265325326
7702018841462
7894494653094
7897586811464
7896012877715
4006381527774
7894222029740
7896444606129
7896025534391
7899360219343
4912992011970
7897337704977
7891027398521
7891172161162
7898588324266
7898283855546
7891224159765
7891317465810
7896006214854
7501007413099
7897252266109
7898460303433
7899360220691
17896012879976
7896036548165
7891045035040
7896644716123
8710103593362
7896640464073
7897517918118
7891266728202
7898968070318
7896261018754
7894222020693
7896111953976
7899755631385
7896000627216
17891321230869
7898573293935
7896042069159
7896422501392
7896647027509
7908433409595
09042417002
7899852024899
656079412369
7896624202615
7896004759593
7898179822454
7908209804623
7891150088344
7622210812636
7897655402029
7898303260626
7896004010625
885631033609
7896261008083
7899850328623
7891301195938
7896251800437
5702050000195
7896013548423
27897027202176
7896212621620
7896000610164
7899621102841
7893299742651
656079413298
7898157615665
78933606
7897424005242
7896025522343
5702051041913
7896331702453
7898629561957
7899820815207
7896658001802
7898625791952
7909690795001
7891058019273
7891150016750
7896211814108
7899676805759
7896007542901
7897230306537
78960275224048
7898447907340
7898623956209
3414206000042
7891150050112
7891279980406
7897779678102
073796611125
7896714203492
7899852019017
7898452499762
7898552004279
5010994824716
7899706180863
7908412514920
7896839935025
7896771605970
7909883232405
7899768073516
7897947616523
7891253210987
7899455902648
630509534524
7898078761908
7891721001994
7896699011617
7891268100822
7896927469883
7896771608650
7900083011814
7899026459311
7891182020220
7896111985434
4005808257560
7898502542318
7899264362527
7891321035467
7894222020556
7900083015560
7894916501606
7891033878963
6920218907431
7896679233190
7897008900097
7897185957952
7896000713964
7896111998694
7899264344875
7896326988510
7896070600799
7908289900345
7891155047001
7896111988527
7897280312960
7898647924154
6942138920048
7908077454272
7891530597251
070330129634
7897256231493
7898502542028
7898503180137
7899474243388
7893299742156
5010994654801
7908083524549
7896111955833
7891485412722
7896211836209
7896525085386
7896839993001
7898933195640
7898292888764
7908209801943
7896443129308
4894290250612
7894494081484
7897595611468
6934460660792
7896444605979
7898911495571
7898481400487
7898222832881
7896181906391
7895155242695
7890541754912
7904523120180
7899250617822
7890541923080
7896042077499
7896132133029
7899527119080
7891530599194
7891317158255
7898225525308
9788573983883
0070341339510
7891010886530
7891485406578
7891040144259
090159312451
6934766408647
7896013552185
7891033540013
4894290267252
7896111992876
7896206407384
7898170888381
7898623243514
7898608955630
7899466417650
7909690794998
7898588324648
7890541106537
7899488100011
7896525096558
7892692819045
7896033201827
7891182995382
7897512900170
7896094201071
7898078318416
7891317018177
7891027309060
6925352212038
7896027531664
7898555807129
7898504928554
7898588321821
7898671425474
7899701873470
7899753503813
7894970126005
7908024913678
7896004734354
3605970436001
7890541555540
7898447903267
7891024179420
7894222042961
7896311771554
7890282800626
7500435112123
7891027141240
7893249929088
3330000254392
7891027313937
7891224833948
7891951040862
7896251804367
7891112156920
7891485374181
4895138774895
7891033498345
7898765331186
7897595601186
7896083409143
7908542627767
5010994879204
7899091408436
7896852625187
7896647020661
7898413661412
7899753550107
7897185970807
7890256018026
7897256246657
7896042081571
7896676409673
78929081
7892840816728
7501006743142
7891321230862
7898405067604
7898656685602
7891150017917
7898925878155
7912103060221
7891530128899
7908209800014
7891027059477
7898148298914
7899621108058
7897095041871
7896641812699
7896297825197
3330000258550
5702051020420
7898414851256
7898079240013
7898417746856
7896422505635
7896004737751
7896663327997
3330000243792
7896000713285
7896877603092
7897517931100
7897129303654
7896714241821
7896965212700
7896444602770
7897849611107
4894290679727
7896111900185
0353885009904
7908346900233
7898417961532
7896011707518
7899583202436
7899706150613
7908077462635
7506295328834
7896041399523
7898608950017
7899753539775
7896658026331
7896033290111
7908458326303
7891177081069
7891313610276
7896484110372
11013112
7894916142847
7896112435648
7896046703127
7896085872501
7896647002001
7909006242083
7893249171531
7899026420540
7891150028142
7894222007311
6936521500146
7896111983263
2012120172992
7897664168213
7898958598112
7908458321704
9005801101902
7896112108627
7909224551165
6184350040726
7891027141264
7898503180656
7898707142917
7898741804659
7893454706214
7896261002647
7897775677024
7898556751551
7899755650232
7896653702544
7896004790060
7892509092586
7898419576192
7891356038280
7896025530706
7896572014070
8692952053306
7896004737515
7891182992572
7896000613288
7896036520628
7899264377750
7890541720528
7897230303444
7892509063395
7896927459662
7896094924710
7896382707681
7899310590416
5702051024039
7891010599614
7909107660984
746775178727
7898503182254
4891475032681
7897832888530
7896116111302
7898911271410
7899706121927
7899621106092
7894970001210
7896902213104
7896852616260
0007033070629
7891530621925
7896033244114
7899850312226
7506339342086
7898664970691
7897698204444
7908040493413
7896222717177
7509546060835
7896112170310
7899233349016
4894290656421
7894494200571
7891027236441
7896523200590
9788536822075
6920897739545
7894916143301
7898588324365
3282779000611
7899640808038
7908016604232
7890541132628
7896472512386
7896092000041
7896042085722
7891360629559
7899083127291
7899911201513
7891033552955
7891266728059
4894290271457
7894494727795
7896111953815
7896982903315
7898449393899
4894095146677
7896927484367
7898941898427
7501001302177
7891653011139
7896462004600
7909690336358
7899852018126
6926641031415
7896173100165
7898945422819
7892509089920
7896885202874
7898506252626
7891224748723
7899026471764
7506306417663
7894222004143
887961216974
7891108042015
7891155003663
7896015591793
7896317900125
7896027551013
7899026442313
7899735328922
7898513844180
7899808887974
7897230304533
6920218905840
7898930508207
7898947386034
7896222718778
6932159608889
7897256225034
7899852020723
7891010920784
7896965245050
746775095543
7898343701226
7897386781394
7501001303501
7894916147729
7898549363013
7898449393554
7890541049582
7896251801427
7898744782893
656079621822
3282770111675
4005900208507
7891313612362
7896001282391
746775213268
7899026423121
7896036560600
7896737000948
7891000013069
7896714273709
7890541884121
7891182016452
731509996364
8675458878154
7891033519279
7898660593573
0027084927122
7898925521013
7898636190867
7898639301314
7895717005119
7898613653729
7500435260527
7897299902138
7897476650487
7898928518492
3282779310079
7899852001555
7908198708865
8005610416038
6941690704066
7896115701764
7897690112716
6986548809746
7900083002034
7908209807686
7896181918363
7891219026799
7896094201446
7891027084929
7896206401955
7898549349826
7896658005794
7891224717644
3701129811283
3330000243877
7891142142283
7899871602443
7891800332698
7896111904022
7896658005725
7899838806730
7896714212708
7891000291641
7896000714244
7896342447732
7898300571459
7897230306728
7908209808393
656079668605
6925187876702
4015630011599
7899852003184
7898910451790
7896624001300
7894494553776
7897517906924
7894494529900
7899850334310
7894222031132
650240028755
7897930760691
7899852001845
7891037408203
7897517925314
7898960121131
7896094919341
887961282511
7891153067223
7891301196041
7892680324810
7896647040263
3454090002227
7892840817954
7897230303130
7891268403008
7891485526412
7891266717619
7893454714875
7899264360158
7898958400101
7896331707540
7908458316915
7899783600261
7898292886180
7899658396053
7899911208789
7896737014020
7896033201308
7891153105918
7896033231145
7896004732633
7894494581823
070341334782
7896639602097
7897571991034
7896279100250
7891301602337
7506339315479
7891142111845
7897256227205
090159890669
7896640417031
7898599214464
7891150062115
7898623243552
7898360904495
7897554400010
7891301400445
7898265323513
9786555226711
7897252264006
7898283856772
9786555241563
7900083016529
7896132134262
7896647072981
7896000615480
7894494127618
7898646546463
7841764064661
8710103905790
7896111957011
7898292886272
7891321045176
7892509060837
7896714203690
7898934595494
7898405065099
7891017006528
7898302722125
7896033211093
7897424000913
7896180300237
6935291626728
7896000615589
7891060695717
7898741806486
7501001165352
7896771608537
7891142140449
7896852622315
7897254130477
17891321332143
7899852025438
7899205950134
7898170655273
7890541013637
7899621108904
7898343701264
7898330228026
7896639603339
7899527115198
7899095232655
7898330220259
7896369163813
7896033281478
7899852019079
6952786804461
7897256246770
7898960833645
7896132130073
3282770388404
6972683510951
7896016807312
7896025527102
7898506257218
7909224547007
7896085864209
746775290474
7899808871492
7891027070816
7894164001156
7898490057825
7892840816933
7896004776279
7896098803806
7898566519059
7899264335750
7892509093668
7896422506304
7898312576763
7891182014700
7899509701333
7899091403370
7896422507080
7896839910060
7894916501255
7891150081048
7896083409136
7898567794783
7891485407285
7894916146678
7891010814960
7891360574200
7896603803062
7899360206091
7892509059794
7896862918958
7896572041861
7897799802594
7896637025423
7891253261408
7891024123744
7896000706171
7896647073940
7891266774452
7899783600940
7899621105484
7898608953780
7891530670244
7899207523060
7897571922472
7898664973227
7899852026503
7898566784761
6925187875927
7909883152567
6924466303939
7896025511484
7891219031175
7897517907365
7896164073362
7899850303477
7897698200613
6934460631143
7898639380784
7899360215611
6952786812800
7891321104774
7909690795018
9788533934498
7898417962706
7898048031772
7898595239348
7899790905809
7896885203000
7897698221038
7908040428897
7896007540655
7891150001022
7898555800571
714289128569
7909006242076
7898132989279
7891027334666
7899700800828
7898595270242
9556091114740
7896292227125
7898549350419
7908334505198
7891313206158
7891317445751
7897042017997
17898664975631
7898650621781
7899095239838
4894290247940
7891024038352
7897294401698
7896279114363
7891194000043
7897849609067
0043917104638
78924468
7893299738739
7890026037943
7891137006507
17891321109202
7898646542021
7897779609106
7896380605101
7894222009964
4894290631367
7898966230813
7506295327264
4005808356935
7898591453434
6931759212762
7897500596040
7898955004517
7899640807031
7891142129185
7896779630684
7898422166236
7898502524291
7896015513313
7891151018470
7896770979348
7898008550213
7896964627185
7896229906222
7898444060543
2109050095726
7897780205854
7896523200958
7896000717399
7891485407148
7899095220393
7506195126943
7898466750934
7899653741834
7899069917403
7899751108621
7908542612466
7891219032073
7896036545423
7898277712473
7891027075200
7898500811065
7896644715805
7909438010724
7896658003042
7892840822026
7898542753668
40151755
7898212283372
7898225521997
7898610375280
7896414331013
7899069927273
7898543384663
7899105904787
7899085357887
7897027215912
7898395332157
7506195129845
7895800216996
7897595601940
7891485460891
7896004727196
8710103728528
7896111997154
7622300861148
7896000660404
7891027147655
7892509051620
7891530606458
5702051048998
7891224592524
7506195155318
7898902459377
7702031162797
7908083513062
7896191204562
8903908000313
7896331708615
9788502092068
7898002433611
7899670902904
7896497501761
7898942198625
7622300747350
7896094920040
7897832840552
7898935271090
7898927356644
7899701871100
9788573980622
7898698742639
17896061996365
7891182029766
7899852003849
7898320905678
7896012800430
7891027006853
7891010244354
637294749010
7890265898688
7893595779511
7896525083474
7897832840637
7898417964137
7898666422044
7891224655588
7896009499005
7897900317115
7896004710167
7896042077666
7898265325401
4894290208545
887961027327
7898048001539
7895027511034
7896116105042
7909438008714
7898534532851
7896004006406
0043917996448
7892953208274
7892840817787
7899026466159
7896326908679
7891253207642
7898664973098
7899008076901
7896010175271
7896309200134
7898741530558
7897572004504
7896004751108
7896094903753
656079407075
7896255766357
7891426311299
7908458328840
7506295354987
7898671429748
6932159607448
7898102264979
7896012879306
7896006232803
7891137006590
6925187881461
7891040166053
7898660592767
8710103942863
7891033519293
7898675501419
887961205626
7506078971974
7891485394882
7896004720418
7898008554006
6972267404560
7896279100267
7899621102070
7891150004283
7891024042236
27084761108
7896647077405
7891150029194
7897129301117
7897930766082
7896770979782
7897789495195
7898647920491
7898970341239
1789623035015
7899207583637
7891317015886
7896111994924
7898932140405
7897571982063
7898567750888
7891045008716
5702051036124
7899850345309
9788536821962
7891024036969
7898078316672
7898225525032
7896422512794
7896025525320
7908077403300
7898656685367
7891224628742
667524201391
7894494688997
7896422513968
8902276701273
7897517917074
630509322657
7899527161416
7908497405052
7898417964632
7896644729314
7898549369978
7899026483460
7896013535225
7896085868344
7898555804197
7896887740800
731509991666
7898902505227
7898903652159
7898925879343
7896714214962
7899360218322
7898458572964
7897076918826
7898617740067
7893454212814
7899755646129
7898126404191
7896306612817
7899621105675
7899413112874
7898647920217
7890282801210
7899753558196
7891010248758
7891800350142
7899783601411
7891027151966
7896982901717
746817073010
7897076913289
7899701873401
3605975047141
7891150094833
7891027074166
7898961836669
7896326980446
7898955171981
746775051457
7896699009782
7891027059811
7891350028881
7896013506430
7896261000247
7908615801803
7909224533512
7898225525322
7908013507253
7908209806030
5011053003325
7896251801397
7897775699026
7899706132930
7893454511511
7896108560408
7899755631057
7896111970966
7891317041694
7898562610552
7896777949078
7896964621886
7898588324327
7899850334402
7908458327805
7898468860242
887961027679
7896647074381
7897211100086
7892840225711
7702031604150
7898282400631
0602883510050
7894494729508
7898744786181
7898662451406
7898549350402
7896484180054
7896016807206
7898417961297
7898417963444
7898474844472
7896004725178
7896331702682
7898994127611
7899386514897
7622210573285
7896033231220
7899207527860
7896964624986
7908040468794
7896885204076
7898588323863
7896725304034
7898741803508
7896443135316
7898666420385
7899655033128
7891027051235
7898198860031
7898608952462
7896108569616
7891035024436
7891153099767
7898927356729
7890541049605
8712581548414
7891360585220
7898225527005
7896027550993
7898913713024
7896382707070
7896004701240
7908209804494
7891485383428
7899620615038
7899820801651
7896862993054
7898412977736
7891530138478
7891485417192
7896111974872
7896658056512
6941690705773
7897322701516
7896025516373
7896006221623
7896000713254
7896676442151
7898406289982
7898552003043
7896010174090
7891301113475
7898741950066
7898301057334
7891027115920
7791293020198
7896444605320
7898945746199
7891317461331
7896317901238
7897832840415
7899850340830
7898132847057
7898698741823
7894494713972
7894916145978
7898664973166
7898447977930
7897659676457
7909690409410
7899852024011
7896014189687
7899207534950
7898964200443
7891360544296
7795304085275
7898509998095
892456000167
7898964630677
7896200704199
7896116113856
7898608952578
7898660590114
7896714200545
7894916141512
7896326910313
7891027070595
7908324405132
7899655011584
7898913756342
7899264318074
7896033233729
7891027307981
7892509096973
7896132133159
7896261010185
7898601573664
9786556170930
7891027137809
7896212429158
7896326920244
7898483151301
7899753554167
7891313612515
7896927482691
7898504390931
7896033211031
7898312569505
7896000611185
7896964625082
7890541132741
7898932140597
7898211383837
7909068454769
7898950236210
4894290293992
7896714261089
7898119103964
7898288550170
7898566510919
746775051471
7896112147701
7891027116712
7899753540856
7898417961433
7898615156181
7898481393475
4005900647481
7891060950434
7891010521837
7897780207131
7898146823378
27084816556
7898009439845
7898483538942
7898663111675
7897280341861
7891058021665
3337875517614
7891060836264
7891150030756
7896964624535
7898048030058
7898932370857
6952786892932
7894494729461
7898646540263
7898497304380
7891301115875
7899850303460
7899779009504
7898639793980
9788533955820
7896042034171
7898610370292
731509974645
7898265329041
070330200425
7891350044911
7898970341581
7891356023989
7891033926015
7896036522530
7891485464882
6941690703434
7896026300452
7896006297321
7894222022239
7896111937839
7896647077160
7896025539785
7891058001308
7896927459983
7898008550329
7898927563356
7896112149743
9788594720030
7896444602534
7898283852118
7898475785590
7898632473186
7899621105651
7899653780956
6938294613986
7908040481342
7909253123623
7899852025001
7899755652533
7898419476454
7891224159758
7896472502769
7897517937027
4005900669278
7899474244644
7896094901360
7899852009278
7891485417574
7899852019383
7897042010769
6920897818165
7896640418939
7897386799115
7506295316527
7891317027940
7898002432638
7899852014395
7791293033242
7909342399052
7894494752773
7899105904886
7909107543058
7898417962935
7897230304571
7891106001731
7898395335103
7891530581120
7897027224167
7897129303050
4897019235570
7891266679375
7899470807423
7896033290265
7898342912623
7898613212087
7896015516260
7891055523711
6934460629362
7896309205078
7894494000584
7506295384656
7908209810303
7898198172424
7899527141234
7891153096490
7899563240434
7896658004162
7896112466703
7908077466992
7891317016883
7896637617673
7891219026461
7896380606061
793573964434
6934460667920
7908228804994
7896036548806
7897337707664
7898952577113
27897027293945
6933256643940
7898147771050
5702051018557
7908161700537
7896033232661
7898639381231
7898608955098
7898008493381
7891010976262
7898932140535
7898503183251
7898941189792
7891182018678
7896609546086
7897659683714
7898608959287
23009639
7896484130134
7891301601422
7899735393470
7891360615927
7908077446017
7896714257600
7896112402404
4005900662088
7899105904435
7891150029408
7899360219497
7908542613296
7899753555188
7891151035019
7897731122308
7898024398806
7898444183556
7896326919798
7899583204515
7896111958582
7891485362942
7894916145404
7898549353601
887961052961
7898481400111
7899031509353
7896647020678
3701129800072
6934460662208
7891037145900
7897256215578
7898633985671
7900083012422
7899205960553
7899026426450
0070341706282
7896251801380
7896033205290
7898002433222
7899250617143
746775047368
4894095512205
9788573980486
7891055651209
3330000260409
7898048001546
7896112133902
7898506254217
7898588087420
7891108030371
7896658010187
7897517932206
7898525587679
010343885318
7896586816622
7896000711007
7896007200320
7896644739689
7899455900804
7898125116156
7909224533284
7898938592826
7898489511048
7899527138586
884851033376
7891317002596
7898927422417
7899753549330
7891153051130
17894900501008
7896098803790
7896261402843
7896671600877
7898608956705
710535013764
7890541884442
7898911494390
6934460635134
4894290674883
7896033234047
7896317913118
7899751110860
7908274800254
7899852022932
7908236800056
7897517902445
6920243110011
6903612145128
7898915932867
7898631556217
7898458570885
7899753514062
7897920701789
3499320007979
7893353101011
656079624106
4902505370731
7891033495436
7891321102374
7894916206907
7500435130783
7896000615138
7896025531062
7897252263504
7899527110056
7898225522437
7899083127192
70501017104
6972858364211
7897042015856
7897698236483
7898417964380
6952786801842
7898527127811
7898581710622
7896111992692
7891150033931
7896181907299
7896647012604
7899658378257
69208976166767
7898412155998
7891150081062
7894222010038
7899304800934
7899583200067
012546670258
7898587765015
7898903652395
7899690506786
885631076194
5702150152169
7899572811724
9788538055402
7898945456685
7896004707365
7896004732848
7896000613721
7898303261753
7896014184989
7899661747576
7897571995827
7896111907276
7899207526160
7899783600346
7896342904891
7896326958315
7891027179038
7896509949673
7898064924133
7898662451130
7896094208759
7898566518724
7909189340200
7897807415464
7896647020852
7891010557515
381519004711
7908228805809
7891653014062
7896111930748
7891321035528
7898064921453
7898374653426
3352818717012
7896902200593
7895155396572
7898650622139
9788538067665
7891232251239
7897216821884
7891350033083
7891530561214
3504105034405
7898567795520
7891317009441
7896033270038
7898566292167
7897076912060
7898520937905
7890265991938
7506195126851
7899386514910
6925187872148
7891027333102
7897230304519
6971760277459
7896006226901
7896658036637
7899304808824
7891037619654
4894290271440
7891266541894
7897254134949
7897027221890
6925187882338
7899360264121
7891232033101
7891027291471
7891027356262
7908083512102
17898039562589
7896025521377
7897322701899
7898172860064
7898952577328
7896036575529
7896015529154
7896023702501
7898943561954
4006381492263
887961719963
7898412971024
7898417961457
7891045040679
7896771603907
7898005716858
8710103871835
7896317901511
7500435124386
7908215502100
7896422504928
7896014183234
7897779702104
7506339305111
6941898914182
7896206402167
7898623244481
7908103720500
7896484100670
2012120700140
7898696040386
7896658005435
7898488010047
7908470003640
7896150023531
7891360647171
7896637023689
0011509031303
630509320349
7897517902780
7908609027011
4893888175511
7891021002165
7909510216471
7897595604699
7896094920644
7896036527344
7898948648490
7898662451109
7891360572343
7909438009865
7891010014001
7897027240747
17500435181294
7896010174021
887961234626
887961064810
5702150151186
7896342415670
7897113403094
7898184464311
7891150026629
7896042084329
7908077459932
7898481400227
7896009498305
7891317456269
6161103642048
7891010505684
7896212479498
7896025528116
7891530561405
7898648240253
7896497503864
7891317011475
7898925522614
7909690467021
8902220105423
4006381492294
7896964623804
7896444609571
7891150006225
7898531344822
7891219018008
7896112118763
7891317001940
7896112406778
7898157613920
7896013552796
7501001203351
7891106911504
7896111902820
7898970332213
7894970530000
7896414306035
7898671427508
7891321045046
7896000617514
7501065920966
7898075310185
7898588089790
7899808840153
7899788409296
7908209810662
7501006745085
7506195131923
7891530307607
731509541243
7898405067895
7898915802245
7896573380174
7896261013353
7891155018667
7899911207621
7897571921154
4005808829958
7908077446833
86806584258
7896042066851
5702051024114
7896111978597
7896336005849
7896468378163
7898950180025
7898258622852
7891027147488
7896965254342
7897779716101
7896033233859
42165095
7899779010814
7899527102365
5702051048035
7898588089615
7897337704984
7891301486432
7896094916180
7896422518697
7898008554082
7898148297535
7891024110706
7896647014813
7898283814659
7899420503795
070330370111
6438158433489
7897256220893
9788502079809
7908040459389
7898225524103
7899676806817
6920218906816
7892828001016
7897835701263
7898405065938
7891219031519
9788536814612
7896018702981
7897848714021
7896116111944
7896317902389
7897464700965
7899621106023
7898994462545
11091721
17891321333706
7896013508892
7897779714404
7896004810171
7798140251934
7897684806300
7896181919322
7899026473652
7898312588957
7500435260282
7896006201335
7896020163152
6929882040253
7896586814659
7898943563699
7892509201063
7891485455903
7898300571633
7894916148900
7898962892817
27084927085
4902505368875
7896004744872
7899310586075
3330000233731
7899850322676
7898302720046
7891232519216
7702018072439
7891530302312
7898718330204
7897876108137
4894290676993
7898758083610
7898160000151
7898168010718
7897930761407
884851011398
7891224861132
7891279309047
7898300572036
7898595270488
7891033522040
4894290208408
7891027057374
7896647073957
7894916509350
7891321034378
7896212424023
7891024115862
7898589684451
7896920302088
7898671425184
7896000661029
7896041937138
7899110653083
7891317013639
7892840818418
7896251802998
7898403464474
7896444604118
7891317461539
7891313612041
7896111992791
7898662451277
7896472512836
7898410319675
7891010813055
7891010248079
746775234522
7896359017577
7898945280549
7899755641124
7894164003938
7898599213450
7899083121145
7509546687537
7896497501976
7894916503266
7899083123750
4892558330212
7898632810011
7898133130403
7898005719224
7898327452540
7898589682594
7891219023118
7898488010771
7898556756679
7897316805336
7895265928397
7898552003821
7896909605964
5702051018502
7899706141062
6952786804041
7702031883432
7891153073095
7896111987407
7896036511305
7898664975856
7891317019044
7899083123781
7898969725026
99967161
7891035150012
7896965213523
9786555008203
7894916149679
7898945454766
7896211876359
7896006222873
7891027352967
7897230301969
7891150077539
7890541984098
6932159610875
7891317016135
7896676432923
7896422504140
7891158106538
7899360200228
7908458322572
4894290626240
7898639302694
7891266629448
7898237855486
7909883418175
6934460629379
7891182991902
7896647072783
7898608957917
7892953002339
8002135111387
7896111976869
7898675501426
630509533633
7899652101813
731509991260
7891027305444
7891530616778
7898457741484
7898744780905
746775234485
7893249162225
7898661780293
6900006067103
7891485457877
7894494640803
7891530556586
7896004701028
7897572000230
7896036521045
7896448193908
0043917031736
7896023709043
7908040493048
7898283853665
7899621110259
7898283814680
7899655007327
7898447973345
7897780201757
7899850312837
7908083513222
7896229973453
7894916510264
7896464737056
7908209808515
7896063200272
7896927483155
7891301486289
7898588325867
7891268100808
7898650621576
7898448615763
7898212287363
7908044743590
7899026483446
7791293895062
7865188623211
7908422601498
8411061819623
7898556754408
7896033231718
7899755675846
746775337582
7896658029233
7898599216383
5746600557664
7898300571909
7897076923752
7899753535371
7896000627834
7891321101384
7896342452651
7891268117127
7898417964946
7899207523114
7896380607204
7896111955024
7891150081079
7896444614209
7909875069224
7896852628799
7891224486472
7896025526587
7893621704029
7895296449823
7898933076901
7898928577765
7896462004044
7898671422985
7898157611490
7898417965707
7891108037448
7891106907224
7891317006013
7896112131052
7896647072219
7896658034886
7898138781778
7896497503857
4894290671073
7896112119203
7899026401167
9300601003686
7897169200630
7898078317471
7898126401190
7898944073524
7898078761991
7899949092909
7897386791775
7898417965424
5702051017833
7898320900406
7891485402259
7899753549682
7898580192382
7891721020520
7896023716843
7891150075382
7908083521920
7898636191901
7501007454887
7897517920371
7891033586332
7899026419131
7908040449618
5000456028493
7506078948044
7891035912214
7898212280050
7908422600965
7896230302129
7894222010700
9788537617861
7891721104831
7898506250097
7791293025858
7898925522621
7909253125290
7897386781233
7897655400179
7898632471083
7896572028572
7897027201090
7899852017495
7899640808489
7899264308099
7908334505150
7509552903096
7891027139971
7896026301817
7897424003181
7891182033008
7899753539508
7892953000175
7896964624337
7896902285514
7899655011607
7896025533646
7898449394988
7898040921736
7898966463327
7896000719454
7899852002910
7896012802045
7896279126809
7899652101134
7898302727595
7896004722382
7896054022258
7896251803797
7894222000381
7896112406709
7897424000920
7891027070632
6925187868318
7896098904671
7898562358935
7897027202165
7898623952706
6920218906618
7894494624360
3504105035938
7896342414154
7898925522102
7897572020016
7896006260905
7897280301353
7897158700219
7893249407920
7908433408055
7898653620026
7898265261099
650240025594
7896887740053
7896908215133
7894170119302
7898927413354
7899264309591
7896111901816
7894916149662
7896132133494
7899455904512
7895927511578
7908161731760
6980268615083
6932159606816
7896044998785
7896181916871
7891317016142
7894222009261
7891301510915
7898567799474
7898502733600
887961046274
7896004719597
37897849609082
7897386781493
8901148243637
7898395331082
1921607624002
7894222010588
7895265928649
7898962892619
7899429110451
7899575900708
7899753559216
8710103593386
7896779611348
7896033202961
7899360264091
7909690270768
7891106908481
7896033295413
7896025516083
7896033211338
7898085943786
7896326943786
7898714760548
7898650625833
7898741804000
7896036548448
7896033201513
7891224478248
7896641807763
7899621100731
7898496353778
7896673193339
7891321098905
6941690711095
7908083514038
7506295335016
7891112144156
7897252210102
7890541106544
7896006206583
7909690513391
7898258625167
7891301602283
7896013544319
7896036573174
6903612145029
7898405067482
7898664970882
7892509089883
7891317125615
7898416834363
7891027152253
7909690965527
7897252260763
7894222042909
7897013565496
7890541000316
7898582380572
7898078316849
17891321048518
7894494695810
7899753551241
7896000627421
7898212286977
7898662451147
7898562352827
7896779605699
887961053715
7894164010691
7899527101757
7898917420881
8411061771907
7896014179459
7790085472245
7896200702300
070330946446
7896771607387
7896094924758
7899619915958
7898911495748
7891485398194
7896647062227
7899621107587
7898663740462
7899304808855
7898588322408
7896965203609
7893353103138
7908169036935
7896908215355
7891360666882
656079887921
7898566519042
7893249171517
7898590870089
7896025522312
6939020449978
7896033202121
7898958400019
7894494653179
7899264317404
7908040486941
7896004703640
7896004818573
7896212420018
7896952563297
7890269191396
7891150095939
8862010990892
7896317906165
7896676431728
7891150068544
7908458326112
7897595602213
7898216365500
7909883234577
7891485416607
7896042088730
7898079006404
7895155013509
7898647924185
7896042070896
7896647047439
7891317001322
7898288550736
7506295369493
7891317477738
7908040420303
7891356053917
7896090611799
7908324405095
7891485383305
7897947614758
7898520937929
7898741530473
4912992011987
7891106914154
7891027050061
7896658035999
7899026495364
7909224546383
7891253210437
7896540751259
7908083525652
7894494187933
7899852002514
7896000706843
7891150086975
7898925881155
7896007547623
7899440954928
7891317030070
7896097607238
7898911309588
7898623951938
7898005714687
6920897737992
7891024178874
7898410319613
7897832840613
7898943477613
7898270040245
7891088018949
7898212285208
7896683200294
7899026400993
7897572004405
7897775664017
9788537644287
7898495494496
7896641813603
7896111996768
7791293990569
7896020154600
7896063201194
00322519048
7896644704779
7892509081634
7899572810833
7896044900863
7896020163671
7891182070645
7891150006072
7896036522714
7899097920260
7892840256449
7896112143673
7891024035191
4894290299369
7896094200937
7899583203761
7896211846710
7896004705774
3414200144001
7899783601466
7896800008994
7896685304044
0722713014227
7896255766302
4895165701710
7891027004378
7898664978871
7898945458658
7897027200192
7891153800820
7899095204171
7891232515775
7896173100141
7898322522705
7898683860034
7891027081249
7891150060906
7895265742375
7899653223972
7896042030593
7899852018164
7899852021546
8902220105294
7898422167271
070330351349
7891321103456
7898683860638
7891027309442
7908236800735
746775337520
7896094902770
7898183793887
7891137006460
7898617521741
7890026024936
7500435125406
7898483151103
7899864901409
7891360639619
7891027118877
7891058411039
7896026302920
7896242507079
7896261009714
7896279117104
7890265074785
7909107959125
7909253105452
7899207534622
7891150044555
7896229906451
7899806204070
7896094906785
7898588327649
7909690293828
7891182029827
7898302720152
7896004729626
7896013558163
7896467351723
7898009434673
7501007454757
7891313082806
7897642730647
7899621108454
7898947387277
7896033204415
7896036521106
7898506254101
7899768847940
7896852615171
7899850300308
7622210563460
0000078924321
7896206403478
7897832846141
7896240203027
7898417963314
7899083121329
7896033233040
7898906376014
7702045538793
7896317910230
7891253254011
7898502540147
7896000711717
7896609546093
5425017731399
7899755605690
8433982020636
7891279966011
7896094914995
7896472504213
4971850091417
7896279104098
7891150084490
7791293011745
7896462002934
7894916509190
7898610370346
7899026433557
0054402700679
7899527149377
7891485388256
3360372089896
7908439806886
7899547018639
7899008057498
7898723630450
7891239023150
7890904101254
887961663983
7896026172042
7897517928445
7891027127008
7898212287493
7891182015202
7898380411256
7897571921178
7898322343638
7899360205926
7893454103921
7899026465015
7897386791652
7891232970123
7891024029992
7908458307456
7908209808805
7908040493406
7896116107411
7896639663760
328785231007
746775315078
7506195172346
7890541884374
7894222004068
7896788001598
7891317448776
7898312604282
7899264310597
7890541884145
7896004758114
7897517932169
7898085942024
7899207516994
7896033251747
7896887740558
7896839935100
7898283812310
7890260723428
7885180930377
7896839922087
7908083512201
7898623957053
7896422504515
7891027283650
7896480650032
7897054517164
7897322701486
7896004774244
7897594100215
7896286615495
7898608959485
7908346900653
7898258627284
7891321332023
9788594720818
7896927451635
8902220114128
7898158692580
7896111998854
7899753539294
4894290261458
7898631556200
7897517906931
7896004769738
7898358380614
7896004700991
6902408414042
7896111994061
7898542871331
7897877705113
7896181904052
7898680699811
7896637017107
7892509065917
7896658028113
4064666043623
7894494750144
7891010875718
7899547504224
7896007544264
7897386779032
7898078317204
78907881
7898936769626
7897386772293
7892644921857
7898937674721
7896965211000
7898948893265
7898074613348
7897230305738
7908458320509
7898921545624
7896016807565
7891268117110
7909224990049
701240000002
6925352211239
7898650621859
7896026300537
7899808877685
7897832863377
7891142111760
4030841007681
7896306616389
7891010916770
7898647928862
7891268105315
7891317408060
7894222026862
7898502543704
7891027281892
7899205953371
4894290217356
7898504394069
7896138606473
7899572812158
7898636192335
7891040216208
7899753540115
7893249301761
789680346700
7896548139585
7899360264053
7894916502672
7891485404383
7899753559223
7898516926739
7899806210729
7891150067509
7896085865848
7898973417795
7898970341796
7891058011550
7898510845524
7891485415624
7899706124959
7898483152292
7898447973581
7891721021039
7898947387321
7898447977473
7899097910360
7898636191321
8002135111219
7896014164752
7702045538557
7896094211414
6941690723395
7899619915651
7891027294373
7896004726359
7896111902844
7896211801979
7899871605963
7899661704944
7891106903967
071603111523
7899850322805
7908209803084
7909107543317
8710103873259
7896952563273
7891321045398
7898674960088
7898100274543
040232944178
090159312581
7891301520983
7896658002670
7891150018846
7891183015409
7896640405175
7897877700415
7898364585386
7895155430405
7898927413279
7896317904604
7891721201837
7896444604569
7891772159262
7897684808663
7896444605818
11013730
7898595237276
7893299739644
7908346903746
7909690795131
637293039600
7892840141714
7899264317299
4894290299468
6952786800395
7898277713272
7899205968801
7899250600503
7897571925305
6900710010037
7897517902476
7891010786540
7501006731088
0070341370834
8903855076058
7897256260745
9788577740949
7899619915682
7899360267108
7896685301258
7908458332588
7891027071059
27084679021
6939020450646
7898072208478
7896279114349
7898447970689
7896094917781
7898903925468
7896023703393
7897920700041
637293044208
7891150012684
7896683200553
7891313603629
7898179820924
7891317477585
7896852615256
7898542753866
7898636192090
7897705202548
7891530332487
7899850300278
7891530460272
7896132134361
7896004727264
7791293990620
7891058003937
7893454513614
7898610379233
6941690705179
7506309863269
7898405068588
7898258621374
7898703031857
6952786802030
7897337712958
7896007540266
7891224287055
7896000610195
7896472502073
7891024111802
7896641803048
7896111978023
7896644716383
7896965213080
7898671423265
7899706192699
7909690336334
7898570571678
27084816099
7900083016116
2011050306798
4894290285645
7898506250011
7896004737119
7899755633662
7896658005978
887961266917
7898100242726
7896902212503
7899753514529
7896226500188
7898924769041
7897660043361
7898483151318
7908209801127
7891024161821
7908985800963
7896647055120
7897513911335
7501009224181
7896112158288
7897930761322
7899264336153
7909253138887
7896800022761
7891106915038
7896115704567
7891224983889
7899031520464
887961626087
7896191277856
7899207516949
7896422505086
7897013575563
7897595900586
7896115700484
7896000614537
7891027314255
7896181903079
7896472502776
7898939082593
7898138781679
7896644716239
7898636192458
7891266626218
7899069926108
7899233769654
7898508430527
6924934768888
7899658328788
7891360572299
7899744030038
4897019237260
7891010248765
7899852014951
7899852025711
7897230304595
3337872413117
070330364714
4912992011932
7899110624083
7896004712741
7891150096257
7898183793832
0041333050850
7896112143598
7896965253161
7899852002392
3330000243440
7898533223293
7898588112160
7891027009915
7501001311179
7890026007809
7891150095533
7896132130035
7891033474042
7891027050306
7895155671044
7896004802343
7891321107522
7899264309676
7893299737992
7895800304648
7896033232425
070341071878
7899207522322
7891317476663
7891485291068
7898086731566
7896317906127
7908010135213
7898184464243
8710103911470
7896647040287
7896015516703
7898578924209
7904523120166
75076870
7896026160018
7896006218524
7890557722189
7891268107500
7896658026645
7898011971838
7590002040430
5010994708993
7899753517308
7891317133634
7896033201537
7897947611177
7898650623792
7898132989187
7899026461758
7899706185905
7899753505893
7899755612704
7894916145152
7896422515504
7898125115364
7897917000093
7898647924260
7891317483531
8710103818625
746775053352
3330000244515
7896382707742
3331436404023
7908420111081
4894290296757
7894222005416
7898943477316
7896484102803
7896653706955
7898225527265
7896779668120
7897230303840
7899621105576
7891153035413
7896965211338
7899364804958
7908615020785
7891356057496
7896658009631
7891027304393
7898312948751
3326240000950
7896015568290
7896132121842
7898599216321
7897386789147
7899527199365
7891106006798
7898122660027
7891224347889
7896444609694
7898663741407
7898958598013
7791293018904
7899420507021
7908376800145
7891224959532
7896472509201
7899403200079
7891317015497
7898523200440
6968332501142
7891027066666
7898548357549
9786555000986
7891266689596
7896132127288
7899788403508
3014260794453
7506195118337
7896007541386
7896644736398
7891150044197
7898639381033
7899783601190
7897237368651
7896033231398
7897571991188
7896965211864
7891150008847
7896000615510
7891045008228
7896952563266
7898953714777
7908209810648
7896004706146
4895138715591
7896014182503
7896211817970
7896112151180
7896830011001
731509992793
7898566291887
7898549359740
4894290629913
3282770037678
7896444210760
7896615100128
7897386772286
7891010246853
7899527143801
7891395012104
7891027351809
7898273123020
7891485446390
8681554621433
7897337707923
7891266698871
7896033204699
7897386780700
7899806974386
7500435146906
7891321230206
7896422524469
7896658032578
7898488590082
7908609044575
7897849608039
7898021635652
7896033211321
7896033241328
7898549350020
7896444607157
27898085947085
7898078316726
7896082900405
7897595606259
7896111959039
7898420977520
4894290280961
7898671429175
7891150024823
7899207516857
887961009132
7622210562135
7898265324831
7893249023915
1956490510217
7891142203809
7891033899647
7898623950542
7896112148715
7896380606108
7896013544012
7896512949158
7898610370377
9786556652733
7896484130097
7909438028484
7896000714015
7896108560019
7899783600056
7898588328301
630509741892
7896013553915
7896700405954
7896965253819
78925632
7897517903091
7894494687914
7896111993743
7891010877972
7899670900382
7896181927600
7908046800239
4894457245222
7891772150726
7899852003153
7899852003757
7896015557119
7898184464380
7896964627468
7898410315035
7896444609670
7891240002755
7896026300889
7891530330377
7898647927520
6944031211896
7892840824990
7898623242449
7894222020785
7898566826386
7898300573576
7899850338677
7899653780260
7896902200852
7896647009659
7898225526145
7898608951328
7896230300712
7895144191263
7898225523588
7898683860027
7896000617521
7898745131805
7891027310301
7898395331778
7908161724533
7501001303518
7899676810791
887961813036
0027084614565
7898566513989
7896422507493
7898901898092
7891027105440
656079623680
7896326978436
7898138781396
7899838808840
7897476612249
7891361651924
7898949349044
7908083524044
7891142206367
7898631551892
7891153840017
7900083014396
7897214700054
7899850323208
7908209805156
7894222029733
7908394103037
7891106904155
7891301600883
7896000674579
80181453
7894222009230
7896484130110
7895296272018
7896641815027
4894290626448
7899852026473
7909690794882
7896042070025
7896699009980
7899600502525
7898549354783
7896181909316
7896342415229
7898549353373
7891360495567
7898579485440
7898424969125
7891279516025
7506195172551
7896839907008
7908083514090
7899583202634
7896573380181
7908132227841
6925187876054
043917003672
6961100149140
7896012802434
7896224410717
7908040459365
7891040280742
7898595237269
7898610370322
7898662451116
4006000101248
7898447977763
3165140654548
7891058003913
7894916144971
7899014963929
7899783601954
7898944073074
7891040003877
7892840816025
7896004714271
7891224478200
7891033780006
7891024026397
7898650622030
7898303260664
7898414852666
7898781566678
5702051020895
7896042068213
7899014972969
7898286540111
7897256251965
7891321046760
746775063221
7896637023139
7896014182220
7896112147053
7891224970377
7898040921170
7898489521122
7899655033104
7898588080056
7891045043571
7899852000794
00122207058
7894916141789
7899706117739
7896317900101
7898741806455
7896025513624
7891200323777
7896230304338
7894970546001
7897027224150
7897185002157
7896181901327
7891279720408
7894222021614
7891317044800
7898949149446
7899670902898
7896036526019
7896737016017
7896020164234
7894916142519
7898587764902
7896006219248
7896468378125
7896015525163
7891485401399
7896509955148
7898415180867
7908077448806
7908394106182
7898639380753
7896132134408
7894494272028
7896444609489
7896965213288
7893299742149
7898225522956
7896014190690
9556091114085
6889297711134
7898945154918
7898654050532
7896422505062
7896000713513
7897517903435
7893299900976
7890288052975
7896042064147
7896382705328
7898502513998
7899026414549
7909438063188
7908671603762
7891033925605
7896671694173
7897779734105
6903612145135
7898009431740
7891191001135
7898075315692
7896046301002
7896523210339
7898411973074
7899621105347
7896484130219
7898216299324
7898662451154
8710103534402
11069577
7892005006155
7896181925149
7503002942437
7896112469421
5010994763398
7898729850838
737052892429
074299548864
7899783602357
7899474290306
7790085453053
7896026301428
7896033212977
7898212280739
7909253138917
7891027351250
7899850310383
7898589682839
7898447907029
7898647924192
7891058002541
7898352914624
7897517925635
7908209809048
7898567797234
7891055672709
7899233735857
7891106906067
7899105904541
7896422530668
7898936661241
8710103871347
9788538063896
7898623954540
7897042020294
7899753553436
7896033221160
7896800009182
9788573985757
7892509052436
3330000260485
7898567750604
7896026300346
7891142144201
7896858626799
7891200003594
7896036545317
7896658026355
7898074610910
7897851250509
7894916145350
7896422512831
7898935270918
6980017632552
7893736015041
012742012944
7896326911068
7908209805910
7897237310421
7898123100317
7891008121834
7899360222794
7791293990606
7896132133418
7897947601796
7890541132697
7899753550398
7899753540818
7896004010632
7908083518647
78925373
7898458573176
618231254774
7896004731087
7896380605941
7896422507196
7908060113032
7896965214728
7896714232980
7899205969037
8720689007030
7896013547624
7896004723655
7896261010222
17891321102104
7898040322267
7898225522475
7908169007232
7898632470864
7909510216327
7899026437449
7897595635808
7899105904527
7896181904281
7890704631418
7893249666112
7898549363174
7909342634092
7893249155210
7909107670600
7899753549354
7897373158680
7898405066003
7896737001020
7891118009329
7898591454844
7898915802368
7909224263136
7898280076685
7896771607448
7891360669180
7908209804951
4005800065255
7897530101344
7891317160920
7898966463112
7898932488255
7896111932377
7896033221207
7898970341819
7896000613783
7897595617538
7898352914914
7899850336925
7897903304693
7898622702913
7908240501178
7896609544839
7896676427820
7896779605248
7908236800650
7622210594624
7896438874527
7896033233699
7896309200158
3154148517214
7896523210360
090159312628
7898060138411
3605520385421
7898582683451
4894290653024
7899360206558
079400110695
7896342437283
7898588324518
7890541114785
7890732080646
7891485397098
7896067221754
7898015062716
7897659672497
7897256261988
7899918920998
4893888226336
7894222043272
7899095204980
7896006224297
7898588087536
7897256263753
7891317414221
7891266698772
7908083523283
7908209805620
7896112424444
7899755633372
746775205867
7898064925000
7909438041490
98383733
7891530331916
7896422508131
7896007552795
7897254101347
7898930508917
7891027304980
6952786812770
7898417961280
7898623950559
7898631551564
7899852001548
7891027151409
7898198172547
7898591459405
7899026410190
7899083122074
7897572002494
17896011707492
7894494195549
7898300574597
7891317009304
7899525658185
7891037169159
7448070228741
7899527103874
7896020160380
7898049792351
7891134001710
7896422519922
4902505358067
7506295386391
7898534512730
7898605330683
7899527146567
7896927484350
7899360204813
3330000243761
7899206300334
7891058001674
7897595901804
7896016801815
7908346903869
7899753504599
7908334509899
4894290631695
7892509201100
7899753527826
7896286618786
7896279102384
7896012800706
7900083002126
7908371613351
7897779851109
7891239006856
7898741805816
632291104107
7891027152109
7896094902756
7891010702137
7898907349406
070330521865
7899808896679
7896251804695
090159890959
7890026037486
7896422508087
7890541922991
7896181921707
7897252216500
7891224986323
7898944073258
7898928577512
7897517930226
746775063207
7896211801214
7896033202527
7898172862938
7896042008998
7896132135368
7896964614642
7908209804920
7898662450201
7891150035072
6866790007117
7898573293539
7891058011338
7891321037706
7896798601795
7891150002166
7896230302068
7896036571408
7506295316534
7896647047002
9788538073451
7896116104656
7896279111201
7899304803706
7899850312073
7898935271229
7908236800674
7891224983896
7908077445331
7898566829615
7899026421356
7891153073224
7908470005538
7891360581864
7897027218685
7897230304212
7898939183481
7896033211574
7898506253593
7898320898741
7891104496041
7898608959515
7898610374108
7898915764161
7896523227139
7896779676316
7896902240148
9788573980226
7891360572275
7898610370483
7898283850671
7899264336375
7898283851746
7891027152208
7898416834707
7899869200910
7896004716268
7894916515795
7898671427003
7898660590268
7908458317875
7896355757064
7908040420372
7891000062784
7896509955155
7898078761557
80183310
7896342416561
7896647029947
7898086730019
7898483150007
7898503183268
7896235353867
7791293525303
7897373159038
7898185413899
7896640400989
7896000614278
7898502502183
5456212155031
7891150037366
7909883282264
6952786801521
7898474844861
7890541864055
7898610372265
7898506256990
7898506256860
7908013601579
7898737630248
7896013502562
7898064924980
3282770038767
27084118018
7894383412191
7891155075189
7898521377106
3330000228133
7899207583989
7899527172245
7798140253365
7898506724079
7896007200271
746775050719
6972038415702
7896004770765
7898970965473
17896309204047
7892509055253
7897517937768
7896094928077
7898647925878
7896444603203
7908040423908
7891800198096
7898078316801
7891224717606
7896251803513
7899788402938
7896112162322
7898636193943
7894222032016
7896004716732
7891232139476
090159313311
7891060953961
7898126400254
7898500810617
7891010256432
7896226502793
7899640807512
78929166
7898664631189
7898342912869
7898100268306
7909107352636
7898524341920
7898953484335
602883131286
7898646541635
11007845
7896902207042
7897252291255
7891485413286
887961205664
7898631550901
7891485444358
7896451909220
7896014175529
7898502539622
7890282800633
7896359017539
7898567792352
7898610378601
7896025511392
7896025538283
7896262304467
7898212287073
746775140861
7899753514826
7896737015041
7899360218162
8411061784327
7896004705620
7899640800582
7899753535401
7898662450072
7908124406933
7890541018038
746775009571
7896603802164
7891530465109
7898943562388
7895265739399
7908615088945
7898405064979
7898225528347
7891150007673
7896111957738
7891530305054
7908040450003
7896641812958
7898538009021
7899755640752
7898419161121
7898906005211
7891224047437
7891182016513
7896326946541
7892058102651
7898587270809
7897832854474
7898588328981
11027508
7899640804061
7896484110280
7896479945781
7908148562875
7896206401276
7899026487369
7899264304657
7896108004155
7896965256834
7896916710361
7895099703436
7891800644470
7896714248837
17891395012125
7899753531700
9786556581316
7896042049724
7898405062142
7892840820053
7896037701415
7898486092687
7899753514291
7908077449018
7908770604639
7897517903428
7896444609380
7891266576575
7898642531494
7896025538290
7896004709024
7898021635669
7891266787230
7898211381932
7506295325338
7900083001679
7898639381682
7908240860077
7909253128987
7896326905586
7896444609359
7899652101042
7899768819084
7908439804509
7891035285042
7897013533761
7898588110104
793573095152
7896043360170
7896036521748
7896311773268
7898288551252
7897476652863
7898671425313
7898970341192
6920354822223
7893249058870
7898225526480
7896111978276
7897930750098
7898503182377
7897424081004
7898542758328
7908077434564
7896112123507
7891530302503
7896006237372
7896098809600
7896181921363
7896908294985
7898567797272
7899233767193
7899755612629
7899790250053
7899808896525
7896858622838
7891268107302
7908010137521
7891317038373
7896094200654
7896004734231
7899207550868
7899690510189
0382900147031
7891027143992
7898216361380
7898521371760
7897517903909
7908228801634
7896852621592
7891142142863
7896049502505
7898966463198
7891485439361
7899621103497
7899850337496
7898258620926
7899026462564
7898666420453
7894187052494
7891232513856
7891528038308
7899788405748
6438158365568
7892509066334
7897230306834
7896000626202
7898583470500
7898352914129
7894494000492
7898610377369
7898312606323
7898662450713
7899026462557
072512196069
7899882305982
7892692834581
7894494592270
7899820801972
7891350042542
8023277109162
7896326987827
7897851250394
7908038602926
7896014124251
5702051100252
7896290401855
7891027001216
7896609550304
7898490163489
8290832801
7899031560019
7898506458837
7898631557078
7898212282276
7891182850032
7899613099883
7899549200711
7899706254342
7899852010021
2010060100051
17891395009002
7898300573125
7892509058995
7908077452179
7891224489862
7896042027609
7898958400637
7899360218186
7891182860123
7899852026329
7898562355606
7896004711454
7898632476668
7891150031746
7891058028329
7891530592522
7898906005143
070341341117
9788536819914
7898225527586
7896714208763
7899735393524
7908236500352
7893621789743
7898075311755
7891142205506
021105693300
7897018800110
7898419162265
6920897365522
7500435125307
7891153070124
7896771600722
7898211382977
7899621108355
27084761092
7896004704678
7896326920275
7898656683455
7896007545155
7896965212823
7894222008127
7898072213694
7891321220382
7898225527593
7897386791638
7891313603872
7899751104142
7896658022913
7891109486221
7898101645151
3507460085389
7908209807259
7897476687834
7898330228316
7896261009158
7891033930630
7899026412989
7891321108550
7894222020969
7896004704586
7896094920583
6953365383131
7897252215060
7908083512164
7897684808168
7898524347946
7899653781113
9788537667026
7899808802588
7891150032828
7896042061399
6920243110073
7896004713922
7896014175512
7897473205260
7909438009285
7898603990629
7891055671627
7791293027043
7899583202610
67897256246789
4006381105255
7896181917090
7896014189694
6506079868090
7896355701159
7791293025872
7898410319668
7891224506323
7896033211680
7896230304154
7897517906900
7896000613776
7898935840036
7898417961426
7897254127873
7898012491380
7908759403772
78917149
7896006257851
7899572815227
7898300571732
7896512922458
7899806218435
4894290629111
7898502501056
7891150018761
7891150018709
7891045009942
7892840814083
7897455100200
7896380603503
7896800009472
7908497404949
7891331008369
7899783600773
7898610377925
7896004703541
7896548197677
7898168001242
7899706152181
17891321103477
7894494568398
7894916507998
7899852016481
7891224986354
7509546076515
7702045538427
7894494187957
7891058220815
7891219017803
7896509945637
7891485470418
7899250603993
746775050917
7896192307231
7898300571671
7899706117777
7899820801156
7899753504995
7892597340736
7896211825760
7898588081060
7899470804828
731509995923
9788594725998
7892840816704
7896033263870
7896927458948
7894916501460
7791293023625
7898350882826
7898503183275
7896902207097
2100002016837
7891321330999
7891360309055
7909438043449
7891027291181
4005900147011
7898589682389
7899852014401
7898302720039
7891027941321
7897476677606
3499320007986
7899207526146
7894916515757
7899360206107
7898970745631
7899583203105
7897595634788
7899701872206
7898567797210
7896637028219
7896422507769
7897169256866
6920897365584
7899852003092
7896033251631
7899788407797
6952525800822
746775061401
7892840819972
7897473200425
7899783600070
8902220108141
7891040149315
7909690466888
4894290203021
7891142111777
731509990034
7898697100119
7891350034066
7908542629181
7896573380310
7896094927483
7898934593698
7898181582063
7894494653216
3282770100976
7896800010898
7896902204508
7898064921569
7897780202556
7899852015965
7899755657330
7891058022471
9788537668511
7899264377927
7891142981356
7898417966339
7897473201767
7893454209616
7896004715155
6932159605345
7909690293804
7891075402911
7894900911206
7898632470895
7898312589435
7891027146627
7891182996921
7897840309478
7899264302790
6931759233347
11056737
7898012492790
7898472256154
7898549379908
7898934595517
7899360201201
7898610372906
7896033231237
7898520930616
7897476654089
7908040416764
7898417962621
7892840824631
7986951235162
7908324408683
790910780007
7898212283334
7891191003764
7909438033631
731509724066
7898601577860
7899850345347
7898543381662
7898548357556
7898493364494
7896042065977
7897832858779
7898341430197
9788537638743
7897158700196
7891530495700
7898503183343
7891530466199
7896036560594
7896132100311
6934460669160
7891317029838
7890265987917
7896033201995
7898258620841
7896033211291
7898623952782
7896063285194
7896026300421
7896009178085
7891317477721
7896013545002
6925187871073
7898656685077
7899563274989
7899820800746
9788533932197
7890026023441
027084582413
7891150017078
4894290231086
746775301040
7898085944950
7890000022408
7898132989392
7896359029051
7622210646354
6941690703250
7894494713583
7891000255308
7896111998816
7896647087923
7897595618207
7898927356101
7898588328516
7899755643678
7908228801986
7506195129883
736532532756
7899264320916
7891224307364
7895296096096
7896647087893
7898566826256
7896020630074
7894494200564
7908038603589
7898126407789
7891485408633
7898100243792
7899674035295
3337871320751
7899026423343
7801125015879
7891321230459
7891150034907
7898474844564
7909690029557
7891317008703
6920895188161
7891317000363
6506079868366
7891010501693
7891027397746
7899753541853
7898486474087
7897917000215
7894494188220
7898927422080
7899031553240
7896009498992
7896033208819
7896114312947
7899264350340
7896637022033
9786555006711
7898524349445
7896027541922
7898549354639
7894187052005
7892509072151
7897517911669
11013549
7896025513556
7897595624635
7898148297542
8903855072333
7896033221184
7898417962362
7891485525736
7896094901254
7893454308913
7896852615287
7898911495472
5906735232592
7908346900677
7892837176293
7897316800188
7898300573040
7898595270945
7898503180441
7898283850664
630509464203
7898588325263
7896422513876
7896479935348
4894095512199
7894222021256
7896902200692
7899808863268
7896342446841
630509820627
7898184464250
7898412973592
7908077467876
7891150051881
656079416107
6920897713347
7898417965264
7899097910124
7891155073246
073796612382
7891000436837
7896025538498
7897076913548
7908209802216
7891182990158
7896714205809
7891350045659
7896036526729
7909883152956
7909189317943
7898447006418
6932159607073
7791293005270
7896658030444
7897042020720
7509546003122
7899205925989
3326240002473
7896004736778
7897832862370
7898932136248
7898466741741
7891150053403
7909510216693
7896676406184
7891530555459
7896025506015
7500435157599
7897517912963
7897386743347
7898292889518
7898646542298
7898904556203
7898225524301
7909690361695
7899105902349
17894900660316
7909224502846
7898662450966
7891027129699
7891360658870
7896779606269
7896000627223
7908324404333
7909690354574
7891317443375
7899852003948
7908040450911
7908161731784
7891268107043
7898934336226
7897230304427
7891301372155
7899706152129
7898157230660
7896004707587
7898520937486
7896839923732
7898662451888
7896603845802
7897982204853
7899455901153
7891317484262
7897299901278
7908236800049
7891485412715
7898932140825
7897027293941
7899069928348
7896111953952
7896525098614
7898523201201
7898741800446
7896595411160
7896639600291
7908198708858
7898506254040
7898661780316
9788536824215
1789623035211
7896286614863
7899364805979
7898288550057
7896112126225
7891106905930
4006381333801
7893353609746
7896658025150
7891485385224
7891530384080
7894222002576
7894916143264
7896094920071
7899364808604
7896211827764
17893694002760
887961009040
7891224506101
7895099703498
7899753532127
7899658329341
7896042080390
7898933762323
7892840814748
7896852617960
7891495263600
7898417962249
7898504390870
8411061670989
7891051035331
7891150055919
7896641812545
7899207514860
7899621102674
7896317904543
7898556756761
7898915934304
7896964625440
7896927468565
7898212288223
7896509955049
7896230302921
7897042010714
7898157234606
7899026442481
7899621107433
7898588111972
7897517921101
7899026421219
7896111953914
7891112156869
7894494517457
7896422502856
7891060811285
7897322709826
7898100166244
7897322701790
7891219027550
7909510216341
7894916143813
7899050539256
7895717000077
7893093067295
7899207550707
7897771301213
7899264392050
7896004707174
7891317425777
7899233740028
7898610375082
7898516935021
0300651429206
7899706113229
7899026424586
7896004711188
6925187883847
7896010171242
7898352913887
7899753544489
7894900031201
7898939752458
7896594811060
7898341430258
8710103803645
7896422505673
8710103871798
7898698743551
7891485401405
7899852003917
7896111957578
17896673193268
7890541547705
7891182980074
7896380602964
7897832866996
7897256232704
7898222820628
7897832859745
7898476326129
17891395012194
6924466312146
7891106903936
7891224480241
7894494689055
7891182039406
7899588007951
1235665650013
7896132129084
7898623952409
7908040420457
7895800815557
7891027319595
7898288550286
7908040410106
7891321107713
7896036527030
7894916515351
7894222020631
7898488012393
7898650621668
7898671425252
7899706239288
7896004743974
7898599213610
6925187872162
7896093001054
7897930764330
7896448149806
4894290246387
7891037009844
9788538045434
7898642532217
7897571991171
4894290257161
7898532878043
7896830500154
7897660219377
7899091415601
7891033515509
7891313610269
7909438045399
7896111959152
7898183793863
7898927415877
7909690336587
7898631556781
7898302722552
7894222018942
6924466302093
7908394102795
7898915290172
7896181917595
7896292274037
7896714209647
7898744785115
7896000631473
7899621104999
7908458335923
7897316805084
7908083523344
7897476682037
7896004716558
7891317431532
7891360436560
7898417964120
7891033572311
7908448005508
7899768825702
7898631554695
7891485453121
090159319030
7908458326143
7891301519994
7908040427272
7791293022130
7898447973611
887961954975
7891150074255
7896033261494
7896044997214
7898521370046
887961164107
7897237318571
7891317412692
7908077400224
887961521313
4894290656438
7896000622938
7891010500115
7891142129093
7896647047521
7897517924881
7898040324223
7891182994378
7896001210110
6932159609169
7898945746700
7908209801929
7897571960054
7891321331736
7899783601220
7898302720459
7891027128388
7891106006910
7898216360239
7897144929907
7899753503776
7896181904236
3330000217076
7898915942378
7908040492782
17891321332921
7899527138746
7891253207956
7891266774490
731509996531
7896004792057
7898567791751
7899264318012
7899455903966
7893249528939
7898917592908
7898079442509
7896020159841
7898454655142
7899706147095
7891027129095
7909438043494
7898582680221
7890026037899
7891024170915
7898947387369
7899753549620
7897517911652
7899026422360
7896004719269
7891182036603
7897848714069
6925187866147
4894290676757
7896982901991
7899621110853
7898506253616
7898582682836
7896464709008
7896181916642
7898549350198
7899850311441
7898132982294
7896098805503
7892509085335
7909690466499
7891010887742
7909342232144
6930220558071
17500435190630
7899806206029
7892509074629
7891321104385
7898312566702
7896438205864
67897256246772
7898460932053
7891317014148
7891463001306
7896714267395
20062018
7891027240257
7896380606405
7896965212502
7899026424616
7898608955913
7896013507345
7898132847029
7899768070393
7891266815841
4894290257734
6903612145142
7898422746261
7896015500122
7898126407550
7909224916322
7899674035325
3355992000246
7898916594071
7897230303468
7898948807231
7891485405274
7891313610177
7896862920067
7898170657000
7909224551202
7898483150601
7896603800511
7891317461386
7896448156903
7908458326204
7896004817774
7899470807478
7896331705133
7899014963769
7899026487260
7895525518603
4894290623300
7896112122623
7897299902527
7896013566021
7897947611160
7898595270440
4005900208569
7891045008969
7896595410248
7890000240512
7894222029078
4004711262401
7896965214759
7897337704960
80878018
7898567791317
7896438203792
7898447976469
7898697104872
7891219016516
7891182980050
8002135088870
7896114300371
7899783601343
746775241759
7908458328345
7897517921064
7891010800505
7891232173029
7891027322991
7894900701203
7896004769745
7898650622061
7891313015996
7896112116929
7891317003838
7896927483797
7891155017684
7898283816349
7899264389531
7891058006419
7908040487290
7898623244351
7898671428932
7899083123774
7899207584382
070942003513
7898101641023
4894290293978
7891183015607
7896279129237
7908040487085
7898567797807
746775322366
7891219032103
7896658035616
7896181901723
749355833726
7894916145718
7895155288570
7898945785716
7891401015044
8710103872849
650240012778
7898024396482
7908470009420
7896603803819
7891040075126
7898658622575
7898078317921
7899014941637
7899755657415
7908077460662
7908077460952
7908759402690
7898582291779
7896714200798
6934460629409
7891060028898
7893454714783
5702051032386
7898518430128
7501007420189
6920898818164
7899091480913
7908040410113
7894222027692
7702018013470
4713195030351
7890541013521
7891350032390
7898459450766
7898447970009
7899850331777
7909224285916
7896007542284
7891350031638
7908458326105
7898915801484
7891033586400
7899640804283
7896000615169
7898617521758
7892005010381
7894222043265
7891027108571
7896181902195
7896699029537
7898461578304
7891317013912
7898002433468
80183358
7898302722279
7898211381918
7897252263306
7898405068151
7892509059589
7898939752069
7908458326785
17891321230883
7898571630022
7899783601206
7891108030289
7890026040813
11067061
7896964625792
4005900111111
7899420504983
7896603804304
7896230300675
7894346001011
7899455903904
7892840818029
7898965438395
7908671602147
9212815013248
7892840272142
7898179822423
7897517922795
7896004700328
7896004701820
7897779711403
27898613211541
4005800011764
7898617522182
7891033893171
7898032594023
7896382706677
7896382706271
7898157233418
7898915802221
7897877703263
7898216360963
7898556753883
7899360264312
7891356062407
7898915802283
7899779015499
7909224916308
7898148294954
7891010608231
027084824643
7891027151164
7898647927537
7899527146598
7899783600711
7891027143404
7908209806160
7896111992890
7898447976797
7891027056711
6851129512219
6934460611879
7891800665024
7896464705086
7896497503468
0887961522136
7896094917965
7896658007286
7899706110464
7899852001746
17896342480910
7898048020028
7898501385084
7896647013298
7896771609503
7890541953650
7894222007700
7899621105699
7899670800255
7898216361595
7899753530901
7909342373250
887961695397
7892840824754
7891321104088
7897517930394
7896326986547
7898662450348
7899838836638
7891334101074
7899852021270
7896444601223
7908422601429
7909690270935
4894290678652
7897185912166
7897930750050
7899050557199
7896024413833
7908346903906
7898258620216
7897322702353
7898312579382
7899640804245
7899613357495
7896014125289
7896036526521
7898405063750
7896663530855
7899640804672
7896438201859
7896647004555
7896253901323
7897237346031
7897512900873
7899755650256
7891321024126
7896603801211
7896666000880
7898523201188
4005808540143
7890000152372
7895155003265
7896317907285
7896004744926
7896438873735
7891321043530
7896676402544
7898925522959
7899783600018
7908609044254
6438158657465
7896075706120
7896000613660
7894650013373
7791293025933
7899783602500
746775373900
7898938890106
11005575
7896382707100
7898503180502
7506309889375
7908823500031
7891027127961
7891027229160
7891266520103
7908281318995
7896920300565
7898588326765
7898639380067
7891219013799
7896484100953
7891027030100
7891360587484
7892509066181
7896025538818
7891027040147
7891266695832
7891155046998
7899650100863
7896484105019
7896111954324
6932159607257
7896647077412
746775323455
7899310502129
7891301191169
4894290286413
7897230303413
7898212285031
7898588326666
7899583204218
8710103840480
7898556757065
7896964619982
7891055647509
7898706180897
7896964622913
7899655041574
7898342912968
887961097627
7896036526026
7898960813821
7898610372562
7506195147481
7899850345880
7894494592461
7896111947722
7897158709267
7896744898002
7898119103865
7899852000763
2010000057896
27897027202152
7898300572951
4902505481451
746775337599
7896025524026
27898944524136
7896200706117
7908274800384
7896025516311
7891183030228
7898664975276
7896033201087
7898483152070
6932159607349
635494320206
7897042019366
7891010936808
7894494464416
4004711360176
4902505482113
7897779825100
7899783601916
7894222021218
7896000627117
7897008900196
7896484120050
7898410319606
7896181901044
7791293034980
7896000627841
7898447978425
7900083017441
7891060940145
7891401014757
7891010808037
7908013507222
7908501710264
7891024179901
7898521375416
7898647928763
7898945458511
3504105024932
7891321046173
7897799806868
7909438067223
7908209807105
7891150106727
7891360623267
9788538063469
12742700346
3414200551069
9788536819563
7898566782460
7896235353645
3121040032442
7891150007413
7891153069982
7898581710455
7908448002712
7894222010205
7896422518321
7896042089485
7908040450850
7898157301186
7899768075381
7896070600911
7898490161287
7891033932795
7896342909964
7899850312172
7891151031189
7898608956866
7898610370384
4894290261441
3330000493081
7894916512466
7898964630226
7898300573422
7896964620698
7898503186207
7899547543766
7899753536040
7899984590002
7892509071765
7891033934058
7898558645667
7896111996508
7899207523183
7898417961310
7897780206370
7908083527779
7893249095189
7896183313913
7891266564947
7891224959518
7909253140811
7896000614247
7891027030087
7898906451001
7899753537948
7891224717507
7899852025223
7896609546116
7891027110901
7899621100540
7899783602340
7898101640033
8994710008444
6920218910622
7898495607889
7909883248475
17891321320096
7908458321711
3330000230273
7897835700501
7890557722219
7908040415248
7896112115168
7896444604439
7899026475366
7899264305470
7898225522758
7908083510023
7898410312362
7896132134897
8712581397883
6952786802900
7891485444327
7909438041803
7898301057402
3331433410102
7898741802228
7899600503003
78924475
7896226500966
7896013539148
7898330221256
7896641800313
6920897708817
7891301506260
7896000613172
7896737007114
7896000704030
7899706132398
7896342915422
7908281311194
7908077452490
7897256242208
7898405067963
7896115700392
7898696040409
7898741805212
7908016651762
7898927980252
7908040493130
78944718
7897684808021
7899014972822
7898681350100
80182962
7896965202053
7899655017883
070330411982
7898706850257
9556091114078
7891033930821
7898639792426
7891027151577
7898419476522
7899621101660
7909875025763
7894494520877
7893454302119
7891027395896
7891106906296
7899026487529
5010993374014
7908966503845
7898945030854
7896020160137
7899527114122
7896438203389
6934460601177
7891153020129
7896279103909
11034612
7898072212789
7896771603211
7898146820582
7898483152247
7898566519011
7890265878765
6972038414828
7891027115661
7490606016261
3330000244829
7898074618077
7898687730869
7899852000084
7898132847064
7891027348458
7898632475074
7908077467029
7894916513166
7896004757636
7896326906439
7896036526347
7908319002803
7898599212750
7885180923447
7897476618692
7891485439408
7899621107921
7898495600248
7898009439401
746775126735
7899751103633
7899869202303
7897042010127
7891485393168
7896033201131
7896902205062
7909875025787
7898506257591
7899613307186
7891721100024
7896111992586
7899695623693
7898059215550
7896292241411
8005610672397
7896261000117
4894290293961
7893353105514
7897294407447
7898662450881
7898270153075
7898943477989
7622210528216
7896279129145
7898393840029
7898707140135
7898952577618
7899753534886
11005568
7898741530534
7898961258102
7891321037348
7501001203375
7898417961402
3330000274222
7897252212250
7899779014805
7896112479482
7897476683805
7892005050486
7899529001697
17891321220532
7890000022132
7897042012176
7896641800306
7896222720320
7898460984946
7896025527775
7899207508203
7891224081790
4894290296801
7891321330616
7896094918689
7893863017017
7896380605088
6934460631532
7893249197456
7897982201739
7891317466824
7898572401317
7891182996662
7898939803174
7896798603539
7896200706261
7891356000515
7898610375532
7897237311565
7897256245865
7898503186214
7891485417048
7896744801309
7894494654886
7896658010002
7896548198605
7896317901139
4894290238214
7896007540945
6920232057778
7896292264007
7899026483781
7896025533684
7894916143622
7896309200509
7898123901686
7898671421759
7899852024196
9788538047704
7891010245153
7893249155081
7898212285017
7891060758146
7899207517021
7894494623998
7891155013426
7891055636824
7896326996768
3337875847292
7896852612804
87184883100910
7908470603284
7898639302397
746775054151
7890541132673
4005900160195
7891182996914
7894916143509
7896042036519
7891051037656
9788538080015
7898662451680
7909438042756
7894222000343
7896007201921
4894290674135
7898522711886
7899527174003
7891177081090
7894916145558
7891150074521
7898562351790
7896112408963
7898225522949
7897337706520
7990500049780
7896235353881
7896658029394
6942138904208
7891010966225
5707725301010
7891360444220
78902008
7894222020754
7896025534339
7892940628504
7899620606104
17891321045388
7898212287332
7899233776911
7896964617605
7899026465039
7891024183816
7896112407447
7896226105406
7896044952817
7897731122018
7898417963710
7891153168128
7896033299114
7896309200523
7896658015120
7893454141831
7898952577854
6920897150883
7896111902837
653569986232
7896000716804
7891060959598
7899583204119
7899640425228
7897595900562
7899820811100
8720689013796
7896006212201
7898447978845
6438158430471
7893249023908
7898610370650
7899304806448
7909189246762
7897337707626
3326240019662
7898662436731
7898330228071
7899527123896
7896049509955
7896771609527
7896964624702
7898698742554
7908083522477
8411061722800
7506078948013
7896094906815
7892509091374
7896839922346
7896115704123
7898248392673
7898647920477
7896006201588
7898640229140
7898468503583
7897832862530
7898588081473
7898623241541
7899852001920
7899852019185
7891008121735
7894321613611
7898947387185
7894346000854
7896683200461
7896342912032
7898962892794
7899360200310
7896714230245
7891266490444
7896647078600
7896033290272
7896279109802
7899755675174
7896444604125
7898412977699
7898927566111
7898555805736
7898664976600
7896714219295
7897517909413
7898453400118
7891058017156
7897684808106
7898671421711
7891772150429
7896006222897
7896111945001
7896150008842
6930249998254
7899655007266
7897144600186
7908077460198
7896000650627
7899337000509
17891321334024
7893249155197
7894494752803
7791293020365
7896013550822
7894916514927
7898283815335
7896647029763
7898741950523
7896000624871
7890541017260
7896004714608
7896641805929
7896018700376
7909438009810
7896083400966
7891024029831
7622210854896
7898265325166
7894494529573
7898472262612
7896885204144
7896982904725
7899768825962
7891142153234
3330000250516
070330521858
887961816495
7894222019871
7897851221134
7898395331990
7898422746803
7890541049575
7898549340403
7896014125241
7896006250906
7896548199336
7898927422127
7908083517640
7896342905737
7896004731698
7891150032286
7892840815134
7896640452742
7899600503515
7896112436713
4005900831422
7899850304610
7896006232544
7898352915034
7896023737459
7896380603268
3330000243662
7898633982212
6948015735200
7891158104138
7898416442995
7898468850465
7898454671364
7908209802278
7896359000555
6934766408586
7894993171907
7897877700095
7908083522637
7898562359543
7891150066816
7891266058088
7898503186054
7898968221109
7896112409113
7896965202602
7898395332799
7898132980672
731509832891
737052319995
7891027309985
7898088363215
7909438045238
7896004706542
7896108009754
3330000242603
7898610377949
11065609
7896779604692
7898953484823
3504105027193
7891182860017
7896004710983
7896444606013
7897144601339
7899026423435
7909690371526
7899869202365
7622210762962
27084929478
7899871600302
7898591459436
7898925521242
7898932488422
7898618048773
7899852003856
7898566515891
7896111987377
7896647078990
7891150034068
7909883221898
5010994800222
7898222820581
7908040460903
7898590650223
7897230303895
7858813180883
7896640406974
7898601577761
7899026400849
7896647070864
7891058022488
7898555805712
2011050306705
637294800926
4005808225026
7891360667438
7896013553038
7896230303577
7896181906582
7890000041454
7898133137396
7897595637635
7898516910158
7899852001807
7898658623770
27084951028
7897013575556
7908673905253
7891088020546
7898639381101
7909690448464
7899779007265
7898395333338
7898501385060
7896037701484
7896000706195
7891313840307
7898524344587
7896023701115
7891024135358
7891155019442
7891321043554
7894970851204
7897322701493
7898212280227
9788538094098
7898623954250
7891033585946
7896251804817
7896094917736
7899753551227
7892840816261
7898225520358
7894494624872
7896025511620
7898588321920
7899095220188
7893249927381
7896647077726
7896132127295
7899788404123
7891027348410
7908040481496
7898563360258
7897517917722
7899779010821
7898664974613
7897684806331
7899014963868
7899527144112
7899820807288
609963220694
070330364813
040232944055
7896641817502
7898237855172
7898944524101
7897799815174
7897947613966
7896024402813
746775346041
7891027117160
51203146
7896025531581
7898283853764
7891721202711
7897572001923
7896852618110
7898447975264
7890541043917
7891224956821
7898132987688
7894222008592
653569692935
7896326988961
887961006872
3337872413025
7898589682860
7896132135467
7899420506802
4005808131044
4006000136776
7891027108137
7896094209015
7898132987718
7891027292065
7898248392772
027084911220
7891150066229
7891219032059
7896326953358
7899026413696
7899820811353
7898031310945
7897595604835
7898922749380
7891224789610
7896042077116
7898506472871
7896647043240
7896359028597
7896609544846
7898452230778
7898412973585
7891150087484
5456212155062
6925187868288
7899850328913
4895138720397
3154148360117
7896676402315
7899820802467
7898542758373
7506195105177
7891024183083
7895500724777
7896006246381
7896094917033
7896326901427
8902220108677
7891182996860
7896647090138
4260085521234
7897900315678
7898039566498
6973094271400
7898699846855
7891321044476
7896181919452
887961223811
7898302727847
17891321039011
7894916146357
4894290287526
7890552102092
7891317000677
7898683860003
630509390793
7891530644054
7899790253719
7891317029302
7897169214842
7899753504957
7896025522381
7897446000373
7899069918172
7891000022047
7891035024429
041778913086
7898466750958
7898302727878
7891142128546
7896497502010
7898460986063
7891360674825
27084944150
7894494618451
7896011707525
7896033211383
7891027134709
7897076909121
7898605330393
7898903652364
7897129303180
7896982901533
7899360215574
7896255765473
7908542612459
7899360217448
7909438008691
7896004759609
7898506469246
570205151246
7909438013671
7898037080101
7896725339593
7896004790619
7896111900246
7890541017536
3330000245796
7891010256470
7896013549000
7891317007829
7893249171524
7891232519551
7899527100033
7896497501778
7896852621622
7909342392701
7891317011451
7893249059013
7896641802713
7898660599841
7898040320867
7897500553753
7896042066868
7899706111928
7891027241827
7899783601084
7892597340651
4006381493062
6932159610103
7891027067274
7897316805893
7908209805484
7894494190704
7891024025406
7896094208704
7898636190904
7896497501464
7898582291663
7896112167211
656079621990
887961810899
7891035912955
7909224546918
75082871
7896444603005
7898126404986
5010993485949
7895858005412
7899753538150
7896279109475
7898395331686
731509992830
7898967919052
090159100188
7896479924328
4894290620804
7506309863283
7891142180766
7899850322652
7899852024264
7891150007338
7896964618251
7908470000243
887961639063
7896261402676
7897237336162
7898910350086
7892940000324
7500435128384
7897947619531
7891219023965
7898405064016
7897386784982
7810509106027
7591066711014
7891173025067
7896676433241
7899026423077
7897517907518
7897698252254
7899658378103
7896251800482
5702050000478
7897659686128
7891010925635
7899852021324
7891360587477
7898422167240
4894095234145
7898591455025
7896033202428
7896484171656
7898417963369
7899755649168
7894916143080
7896382708183
7891485416140
7898520947737
7898610376799
7898506467990
7898960833607
78923355
7896111959237
7891350032734
7896422505390
7899753539263
7908169030346
8429420230484
6920897712203
7896200704366
7899420507014
7899527120444
7898392254919
7898650621194
7891150099784
7908083512706
7898080990020
7899753531861
7896013535508
7896771606199
7899852002453
7791293035017
7890026031941
7891182006583
17500435106662
7896000622884
7896112408864
7899852022031
7896181915041
7899838824635
7896111912256
4893888225018
7891317010287
7899527137169
7898647920804
7897386752882
7898419476485
7899753517445
7896207371721
7896111977569
7891033515158
7897322714431
7890541342577
4897019234184
7896658022869
7896033211260
17899793400445
7890732316400
7898064921637
7896112175858
7897216901695
7896637023795
7896013549543
7897595900678
7896013501770
7894383015187
7899026464995
6920897365515
7896111994771
7908439800167
7896004719603
887961803501
7891010246471
0602883920392
7891721238123
7899572809813
7899620912069
7891150025769
7899820801910
9788573983777
7891301117220
7897517913366
7894222033785
7896111942819
6949846902694
7897386781516
7908040481403
7791293023175
7898658622322
7897517926601
7896572000554
7891150039940
7908083525928
7891266845831
7908458336456
7909438043517
7891360621751
885911219860
7897832860642
7908542626333
7890557223051
7898503185316
6932159609039
7891360320128
7896007542994
043917963815
3331430190014
7891040139545
7899783600834
7897659673050
27896309204990
7899360202307
7891027394295
7891253250679
7891024131459
7891321320136
7898502543971
7898951405875
8710103718642
7896858615915
7892840818432
7899808877487
7898683860232
090159990796
78930841
7896261001749
7897230301907
7897042015252
7898935462139
7896112400585
7897771306218
7891000318355
7896737013030
7891721021046
7897386787983
7899360206541
7899755694977
7896927456111
7899790922592
8791165380343
7896331702057
7909690270942
7898915764123
7898927356194
7898549378659
9788536822068
7891530290084
7896004785622
7896380603114
7898078316689
7891010582920
7899655086360
7898932100355
7894916516389
6889297911169
7898100240777
7899026412965
7899026462540
4894290681041
7896679234203
7908038604937
7896004759807
7908161730190
7896306623448
7896770978969
7898283852071
7897917000970
7898589684833
7899838814780
7899529000119
7908448006475
7908609044186
7898212288599
7891010936273
7895265742399
8720689012676
7892680320782
7898608950109
7898009439579
78929067
7898542860168
7891485418052
7898741530480
7898185413738
7509546665047
7896251804480
7896800008932
6932159607219
7896685301661
7891224597994
7896771600807
7894164005260
7898610373231
7896004706474
7899790254037
7891224081776
7899264376432
7897076907714
7899838808871
7898503180212
7898521371715
7898905356185
7897900317757
7898562365704
7899753524207
7891024148495
7898562616431
7898312579740
7891224582228
7896261015043
7891361266203
7896200706209
7898610376010
7896009142444
7898179823024
7899264391756
7897011000265
7896497501723
7897252216456
7898138781785
7898225520495
7891301491689
7898664970561
7908448005584
7898294071775
7898417962324
6932159608506
7899069928294
7898449827158
7896000725219
11028925
7896094915886
7896075758617
7898283854587
7899783600728
7892509067980
7896422506380
7897169204034
7896211884095
7791293014319
7896004709239
7899753538792
7894222021799
7899753558820
7898417965363
7890541341761
7891142111821
7898370280015
6924466305018
7898449823082
746775080303
4895138780070
7506195172360
7896006207245
7896033211970
746775053383
7898623959118
7702018966853
7896497502652
7898925504108
7891334101050
7896497501921
3504105035815
11063353
7908240881126
7898567792284
7898945454025
7892840819460
7899207530105
7892840817534
7891182020930
7896292251205
7891027060145
7896112119982
7898925880899
7894494780653
7899852000428
7898664973210
17891321220266
7891530588877
7891027133320
7891027056445
7891485431198
7899455903843
7892840814304
7898005716575
7896326956946
7898658622599
7896902209107
12742700056
7896603802522
7908010135879
7896676400465
7899864412141
7891024179949
7899620608870
7896965210188
7896007543007
7898430194276
45574450
7896006230977
630509316564
2009080005408
7865188623150
7899304803676
7898741950257
7896018703155
7891530652417
7899262437340
7891150029187
7896290401350
7898946433418
7891153098258
7896036541111
7898608958778
7909224916353
7898920399242
7898943696175
7891027331146
6972858361630
7896000613226
7899474209742
7896006270003
7896641805455
7898415012670
7898132981853
4894290036490
7898490057610
7898556757294
7899753509167
7891266576766
7898521378073
78909823
7898330228019
7891027138585
7896658017643
7898586630017
7899320357252
7898474844205
7898660596543
7898927414641
7898952577250
7898955005019
7908083522552
7899026438491
7896444602398
7896676435580
7896965210065
7897230302676
7896658031922
7896676404500
7896509955254
7891119000745
7898483150175
7896013502272
7896111945766
4894290620361
7501001164645
7896342449927
7896658023132
7896771601408
7613033864711
7897386781363
7898283853726
7891158028229
7896200706100
7897517901172
7908448003412
7898476324149
7891317025137
7896927482783
7891017855263
7891317454746
7891268105902
7891485307813
7899852021331
7908236573165
1234567890
7891317015053
7891317029333
7899026487208
7897280314568
7896132135436
7898994451235
6972423636361
7899852017891
7896317901528
6934460631563
4005808257607
7893353602310
7898417966247
7899820800418
7895110410107
7896200716314
7899621104326
7896020162711
7891485352219
7891027146375
7896042028903
7891301488030
7894494688270
7896326906293
7896982902004
7891024136300
7891150041042
7891268103205
7896309200537
7898074616264
7899264336351
7891317431136
7896852615188
6972497852889
7892840252847
7898078311455
7891361944354
7892005010121
7896093002174
7896230301122
7898503180328
4005900647498
7899026476509
7899652100212
7896015530327
7891142125101
7896658023170
7898132989217
7898447003257
7896676408294
6952786802535
7898412973707
7898923325682
7890541656742
7896025516076
7898549369527
7898656681345
7899755654926
3330000260386
7896671601782
7896042081595
7897337709149
7896111904503
7908077401252
7500435125482
7899207549787
7896025506060
7898646549280
7891155020257
7894494159053
7896317884654
7898040328597
7891010871253
7896641804472
7897027221609
7898115901748
7892840814694
6925187875729
7896094907546
7891033474011
7898200993023
7898542753934
7899420501395
17891321108557
7896004777221
7899970400308
7891266565111
7896522023107
7891485424053
7899026418448
7891027308537
7896111907580
7898917592489
7899753544410
4894290625533
7898549359771
7896004710433
7899706131452
0054402700686
7891356070808
7896006241263
7899619915996
7898589684581
8059147059633
7897294415169
7896001281967
7896637018012
7898610371619
7891027304379
7898657691374
7891058022600
7891317464523
7899706113168
7898650623648
7908077403195
7896799982442
7896004733531
7896024413840
7898741802082
7898639381552
7898490057788
7896083400812
7896111992807
7896292291218
7899583202450
7891317044817
7893095398694
7891485380410
7898248392710
887961562453
7896138600129
7898447978234
7898623951297
7891301513206
7898947170640
7899706174985
7898932140504
4894290208521
7892509065047
7896671692919
7896000614766
7891027068240
7896042066301
7896640419059
7898633382869
7898664978666
7896111994801
7891182017176
7897909100336
7899755687849
7896497502119
7898631554749
7898741950042
6932159608582
7702045538670
7896004713267
7891058489038
7896094903036
7898610377178
7899790225341
7891142113153
7896523206431
7900083017236
7894494624599
0011509031310
7898417961167
7898927356361
7899850331531
7896014176083
6972629417672
887961747225
7895296096157
7896509946481
7891239023549
7897595616982
7891109714485
7897476677040
7898700410471
7896639602837
7896033204637
7908040487191
7899852009254
67897731141134
7898951282216
7890904101179
630509414536
7898588326772
7894916508483
7891150007765
7898447978258
7892840824921
7891224602841
7896004775029
7896331701548
7898947386041
7891182032476
7896261006867
7896448111469
7790085460259
7891037010031
7899852013398
7898946434125
7898671424125
7899852014418
7898936770110
7898591459962
7898662450133
7896000714008
7898312569819
7891027084882
4006381527798
7896020630050
09159315032
7891224829224
4894290285300
731509995152
7500435106559
7896964622289
7897517908904
7898588113785
7898633382876
7898927414658
7908458322381
17891321331269
17414127891150
7899206418428
7896016800962
7897930760943
7898132989231
7893249021096
7896292255159
7899264391787
7899852025988
7896779613441
7891224483259
7898944524125
7890265886951
7899527123735
7898633985046
887961251036
78945463
7891051036161
7891033913930
7899527147663
7891024171486
7897832862325
7891182019026
7891317484330
7896206407834
7891331010065
7891485440008
7897169236868
7898497302423
9788595036895
7893249095172
7891035911750
7896015510022
7893249095165
7898588326727
7896641809545
7892953001905
887961813227
7896640465582
7898395330405
7894222037974
7898502509397
7898636172658
7908169007249
7891137006644
7898503186221
7898552003395
7897562238339
7897027211112
7896111997215
7898915764062
7896241265406
7899871600432
7896982901540
7896572039691
7896931441660
7891075131125
7622210561985
7899663530862
7896037701422
7896908215423
4894095170870
6920897671609
7897478403791
7899207527587
7899768070409
7909224546451
4895138719773
9788533955981
7891224260911
7898933076802
7896033241052
7898925879756
6920243111001
78907355
6952786896206
7891035024184
7897054516228
7898933781874
7898488593809
7896112193555
7891010923235
7898589684482
7899753558172
7898662450423
7896181905509
7897779771100
7898032594030
7896640434038
7898610372241
7896025527218
7896775364439
7890541864086
7896026300308
7894222008400
7897517932985
7898610374665
7898952577571
7899652101301
7908209801899
7891010694975
7899755634058
7891027234867
7898927355845
7899850330503
7896321008084
11022848
7891027145736
7891360483878
7891321334010
7891523613876
7891301490682
7896026307079
7896042082530
7896523214092
7897230304137
7908439801461
7896279114400
7898395332959
731509644258
7896111992784
7896964616271
7891027139056
7896004755496
7891106905923
7896448190006
7896573379154
7908040449656
7891317007225
7899527131952
7891360493402
7898447971624
2010010001
7891219024856
746775143510
1016598298438
7897386780649
7896150001096
7890026032603
7896261002678
7898449821842
7899850316545
7908236576043
887961873016
7898925521150
8059147057998
8902220109865
7891800172409
7898952577090
7898283851517
7899527126415
7908040401029
7896004820439
17898053890354
7896292280816
7896779606863
7898521378202
7898009439425
7898915801224
3326240001896
7892840818333
7897572006324
7891317044787
5702051103659
7898157610851
7896799982671
7898509254535
7891268105087
7898639380999
7898948807842
746775315528
7899670802358
7908040492867
7896004730981
7891033864317
8411061061206
7897835701096
7893249929101
7501001287085
7894916209908
7898696040379
7891224668311
7898225526978
7891321044537
7896016806780
7891155006831
7898032591183
7891232971014
4005900137326
7896422500111
6925187883748
7894494689031
7891027310295
7897832884884
7899788403546
7898925881711
7896132131575
7896422519908
731509680447
27084887334
7897851221585
7897517917197
7899026425910
7898548357570
7899069927280
7891266698345
7897947607842
7896331706291
7898945422604
4005900669292
7891010917814
7891800651430
7891150036772
78257574070
7891317425784
7899850327022
3326240816698
7891279726028
0722713014081
7897230304748
7896902286306
7891010586478
7891224588213
7897930777651
7898566518809
6920218904577
7891350038293
7892840823467
7898932100829
7898300570872
731509992069
7898639380111
7908448006307
7898945454070
7891224089413
88866002673
9788533926783
7894222001364
7898170655013
618341834057
7908334505174
7896862926120
7896261020184
7896033202404
7896647043691
7899753531847
7899852004143
17896012879990
7891027049867
7898416830495
7891027070700
7891150096745
7896033211314
7896479945675
7908281330775
7896472516308
7891266576568
7899360264381
7896658025525
7891027236038
7908458305414
7896727869357
7897835700082
7896025527973
7896964614970
7897779684103
7908077401870
7898417964724
7891301193491
7898132847517
7896676411553
7898555809086
7891253258712
7898970341833
7896326919071
8802946506194
7898369690726
7891530371226
7891691183218
7898212281958
7896771607325
7891000063064
7896036576410
6920218908995
7891232253400
7898945746427
7891301191602
7892840819576
7898958400149
4902505322754
7891266629455
7896112138501
7896000722614
7896658000249
7898707145123
7899310589533
7897930762718
7896522030181
653569973041
7898662430852
7891224983797
4006381493215
7896004710136
7896004726328
7898330220167
7908209809147
7891137003629
7892940000317
7506309895598
7896112175032
7898506250820
7897572000049
7894900039849
7899706134293
7899753514178
7894494269837
7908135001820
7891150043244
7899852021379
7896484110433
7898765331162
7909438042541
4891475036887
7896036576144
7896112402541
7898481400678
7899583202931
7896191261275
8710103933106
7896603804038
731509992946
7898926483198
7896311709489
7891010251055
7896326911051
7891313148809
7898911494895
7894222002606
7897517917593
7892687812341
7898706186929
8710103848943
7908040450140
7898198860291
7899820800944
7908371620441
7898078317143
7898525580021
7896964623088
7898744782961
7898903925345
7894916146685
7898125117207
7895155792671
7896111955062
7898506258543
7898039601045
7892597868322
7898102408205
7891010257002
6260412558320
7891027059859
7898939752427
7899852017488
7898212280142
7899026421394
7896013552499
7897237311435
7897684808618
7897832845267
7897386781028
7896006205425
5702051024893
7891485457853
7506339355161
7899091415007
6965240374318
7899097920284
7896359007943
7897595601377
7897337705912
7891224628667
7898943563835
7897572006119
7899852015569
7898917000342
630509790333
7898417961396
610059991312
7891027314132
07896044900504
7897571995308
7897042015801
7891530579516
7896046702007
7899753527376
7897386778127
7896004818375
7891027308698
7896444605832
7896676436129
7891010895013
7894222007960
7898506255016
7898496354447
7908542613432
070330526099
7891033534340
7909224285886
7899621100601
7891033851249
7897256249719
7898623244443
7898961930022
7891150026780
7898184464229
7899882302011
7898915801200
7898650623433
7899852009285
7899207516819
746775080242
7891234023773
7896306623455
7898343707068
7891024038376
7891224347827
7898502509298
7890541221223
7896211823490
7898501380669
7908682400220
9788576618874
7899026418356
7894222003382
7897256274667
7891027025175
735201084176
7891321035511
7896033251662
7898588086621
7899031534133
7891317435431
7896557300853
7891027309589
7898472898767
7898945746373
7899095201675
7896075707226
7899768800211
7890310121419
7891153096438
7898448616197
6925187880129
7899026423398
7897512902365
7908077460204
7897877700545
7896438202139
7897237318861
7898633980508
4894290252302
7892509058988
7898647922754
7896115701528
7891033913046
7898503183558
7908277400048
17896007547170
7891153099750
656079663501
7896033202411
7899653780284
7892953001288
7894494671647
7896006242758
7897807400156
7898212282139
7896279113090
7899670903550
3145891054552
7897780207650
070330181120
7891317046545
7897586800031
7897698211657
7909690409489
7908239716736
7899753530567
7896714233833
7898741802587
7898179821013
7891321109205
7899808802373
7908458332984
7898506259366
7896042006185
7899753541129
7898270040559
7896007540648
7899411572373
7898593050938
6932159606687
7899026436459
7909438011356
7896927467643
7908083524013
27084992977
7898447978432
7898599214457
7896181901143
7896004705767
7899753541563
7898300575822
7897476663869
7896015500139
7896331706352
7896359041015
7897455100248
7896180302040
7898947387161
7899788409777
7897595635488
7891266815759
7896965215350
7897517903589
7896020618942
7896241265000
7896016808173
7894346000342
7702045538984
7898468863397
7896641802850
7897216901336
7898258620865
7891530330339
7897807425449
7898432536838
7891313318806
7896699007948
7891530304231
7898405067871
7898925881162
7896024402837
7896042084336
7896414334021
7899264351071
7891027098919
7896292213135
7896342452576
78931312
7896326946558
7896965210164
7892840814540
4894290228949
7897252265409
7898095341268
7896927471879
7898391070367
7908209809024
7896181904793
4891475034487
7899420508219
7841881033946
7891027153649
7894222010823
7896640452797
7897230302454
7899310502297
17891321330613
7896672201547
7898292886333
7898595270464
7895144025117
7896173100233
7891040118809
7898237933603
7894494169748
7891266149533
7894650013212
7896380606870
7898562370609
7899527176076
7898587778503
7899768820721
7897802719048
7896000613264
5010993364169
7896033201568
7898608952424
7909883367541
7896497501327
7894494152795
7898449824584
7908132216319
7791293025841
88866018599
4005900028716
7896999355091
7891182990202
7898312951591
7896132135429
7896885202966
7908501710257
887961767643
7896000624239
7898610373446
7899753543871
7898650623631
7892509062206
7897517917630
7909438045207
7898289142916
7898447907166
7897779708106
7899583202467
5601229733400
7891010010515
7891530597428
7897947601840
7896964620834
7897530101115
7898944500303
7898417964168
7908458324439
7896269693243
7895296146111
7899527133987
7899547018530
7896004703794
7898932140573
7892509067935
7898650622320
7894916502511
7899820801804
7891253250778
7898417967930
7892840822040
7899753551012
7899676804530
17898681350312
630509449026
7891024020173
7894479644185
7506309881416
6920218906663
7896004729480
7896042054414
7896094200081
7898940257737
7899187014107
7898671425719
7891027050078
7897930762312
7898506250141
4894290634122
7896042026077
7891321034170
7891024037911
7898927356705
7891301109966
7897476631608
7891268104028
4893888227302
7891530329609
7898225524639
7898352912569
7896033241571
7908353610712
071603003439
7899768043717
7896000625496
7891024038437
7897517909833
7896094905191
7899790252545
7891027098339
7896079811127
7897832865333
6941690723111
7896033241274
7899653223835
7891024136089
7897337712972
7501007495699
7896641813146
7897144600547
7898417961051
7898697107125
7894494195846
7894494624407
7896094211889
7898925878766
7891033932696
7891224705788
0619205881385
7898538970215
7898639305909
7896484195027
7908470002230
7891268103571
892456000013
7891182036399
070341337288
7899852002699
7613033353321
7896852610480
7891150058231
7896020161714
7897054517140
7898225527036
7898550830481
7891027342265
7899091402519
17891321102463
7891027121228
7894298062597
7896000623492
7891317466350
731509998641
0070341707128
6934460608114
7897230303505
7898944524323
7897169257375
7899095258310
7891051008557
7896643408630
7891530331633
7896641815867
7897982202972
7898953484045
7891530370076
7898631551366
7896006214229
7891485400873
7898108640197
7895528555193
7891321036051
7898475611523
630509677818
7908040429887
17896007549679
7896007542086
656079571202
7908077444846
2790847000244
841850011033
7896094207547
7898901898023
7896641806308
7899706181754
7896658016554
7897185914078
7899653754216
7896326933503
7898225528033
4902505368868
7896647021903
7891317133689
7891033932788
7896014188017
7898258621190
7898911494451
7899806205343
7896509955018
7896779621439
7898650625086
7891058021955
23062014
7891232135928
7898662452496
7899806201789
7898032593040
3330000638130
7898650621675
7896006200383
7891772156230
7894916146791
7896042009049
7891317445249
7898562358201
8003670735335
4895138780063
5016003182402
7898588328547
7891485385514
7891010805302
7896422514491
7899583205741
7899852013374
7891000346945
7891224260959
7896279109819
00457991730004
7896380606573
7895800217351
7898650622092
7896279111348
7908169043452
7891142171252
7896015527730
7898610377918
7899753527932
7896112164043
7500435000420
7898108611791
7896422517027
7891485447960
7896714221694
6942138904178
7891321320150
7897027251279
67897256231600
7899026458949
6932159610912
7891027179724
7891321108222
7896098802359
7898610375402
3282770141481
7896852618790
3326240005320
7896460310703
7898603990650
7896036521618
7896438873858
7891485461263
6934460668873
7896965230100
7899753544625
7898029558595
7896018702875
7899806205084
7899755632771
7898133131028
7898416839887
7898573160008
7891182018807
7897595901842
7909690361688
7896468378187
7891027066543
7892840814717
7896799983128
7897280316418
7891027745479
7897517931261
7896609550953
7891150023093
7898631551625
7908169019525
5010994802240
7896818211379
7898503180342
78928114
4005808715688
7892840818944
2134375011366
7894222010373
7894993987201
7898468857372
7898582380558
7909253140675
07908785412328
7896112402138
7891301374920
7890541547781
7896676431537
7896902200197
7898664975832
7894222021041
7896647047477
7897930763012
7896744812756
7891024036938
7896497501990
7897595608611
7898405060339
7898417962744
7898504383346
7908448001630
7909224990056
010343902237
6934460603713
7898490057245
7899527136247
7898952577717
7899455901511
8791165380121
7898502514230
7908458325726
7896714210582
7898953484243
7896000671011
3100002050656
7898960330359
7896013544159
7892509062657
7896111917695
7896770909215
7896070601826
7791293008066
7896094906310
7896714224107
7897076909527
7899838816494
4894290681034
7908169004750
7893249197043
7896640434113
731509991659
7899575901354
7891153096391
7908077458058
887961030914
7896027539936
7896014168118
7898741530503
7891027292164
7896676413762
7892509082143
7898964200269
6932159608285
7897517919214
7898646542861
7896016807251
7896658001420
7896018703407
4894290205070
7898947170190
7896098805312
7891024179062
3282770202212
7909438017921
7892840818463
6925352212076
7897609900557
7899026432468
7890263277256
7892840818821
7891356008856
7891321045510
7896509955360
6941690704745
7896523205335
7896644716017
7896012802595
7896927482035
7891033500970
7898502544374
7896004702070
7896036560419
7899755641438
7899852019390
7893249301556
7896025542600
7896464737100
7899360219346
7898216360598
7898939082586
7891051037052
7898920041455
7896251801588
7897169217249
9788536821818
7898466754871
7899207525415
7899550901867
78928084
7895155489540
7506195126899
7896014189410
7898632475135
7891024037706
7898636192854
7891360653813
7891266845763
7896112132875
7896042036458
4894290267238
7896342447770
7898132984908
7898698742493
7798140251941
7898605222896
7899753543956
7891027308049
7898910350857
7894494553912
7896658026379
7896436902918
7896980415629
650240017834
7896448190907
7891485380908
7896025530065
7908077447458
789866050626
7891360589389
7896523209418
7899670808442
7897018800202
7898623951693
7896014191413
7899264305418
7897476623122
3330000244324
7509546072531
7898504389775
7896007549634
4005808380565
7898588111545
7898258625631
7899852012797
7899413123283
7898599216642
7896004749655
7791293998619
7898460985103
7891027235581
7899650112163
7891027111007
6934460663946
7896111994917
7898303264815
7898506257829
7899653220735
7896112157380
7898573294413
7898662452717
7893249678948
7898481400012
7898009431283
7896036526644
7899852003108
7896110700083
7891360669173
7898516936868
7891150051928
7898591453595
3337871321789
7897424003167
6920218906823
7896085840050
7898629561902
7891150036529
5010994711962
7894916503037
7908420116840
7898067951273
7898932140863
7891000081884
7898078762523
7898503182346
7898903692421
7893460041378
7898911309076
7898927422653
7899753509464
7891010871499
7897027207160
6956893014812
7908458332533
7896658022456
7897731195258
7891182020077
7891360653738
7896000713544
7898632475104
6920232057808
7891800000498
7622300858834
7896775344905
4894290285584
7898943477972
7898502543803
7896111949634
4894290285546
6924466308552
7896033203128
7898715810914
021105779301
7899091484133
7891350045284
7896251801298
7891033480609
7898260783589
7897042007165
7896658014017
7896676442687
7898631550734
7898650621767
079400301161
7891317052669
7896444601162
7897411650558
090159313601
7891027125363
7896771607233
7896004709154
7897424003136
7898944500327
7899753513577
7891051037281
7896800009748
7892509068345
7894494300530
7891010808020
7897186012292
7898405064283
7892840814489
7891224628681
7895155489137
7891334640665
7894494695544
7896036521205
8002135111424
7908038600922
7894916146883
7899852003955
7897851250233
7891010690113
7908077460853
7898405064603
7908040487313
7898647924338
7897411602632
7896885203994
7899264317534
7791293008080
6972858364679
7898567797944
7896572025175
7898647928848
8900888176502
7894650013557
7898095343873
27084929324
7896085813405
7898452231331
7898617524285
7896255713153
7891150089051
7896112156666
7898040329471
7896112406501
3121040060308
7898265324985
7896230303270
7898453438128
17898681350770
7898646541499
7894222005454
37895800400167
7909438022123
7896112140863
7894222018874
7900083019568
7898623956926
7896309212533
7896013557159
7896094917750
7899852009957
7908083524198
7899110653687
7898681320509
7891027115692
7896422507103
7896269691027
7898927420055
4894290265968
8902220105669
5702051051035
7891142118011
7891321332986
7897256243700
7841881034097
7896098804926
887961795141
7891142206305
7891150008892
7896181920540
7892509061735
7891058022457
7896637023672
7897571981547
7898346531592
7898567795131
7898395330634
7891360586241
7898960330458
7841881034066
7891024029299
7896036564004
6931759232579
3326240023041
7896033201551
7898503180526
0070341370889
7891485385378
7898589684383
7908542627811
7897595605474
7897832861649
7898416834783
7897237347700
7891219024429
7892011030762
012546615310
7898925879336
7898447907005
7896181906384
6920388171182
7501007454900
7506195166765
7891360654124
7898580191576
20965259
7892509081764
7891150043237
7891356025617
7898078313954
7891182039505
7891485401016
7898656161175
7898948330050
7898970341055
7896012800874
7898647928909
7891149108718
7894222042398
7891183026757
7897237345751
7897447203346
7899850349321
7896852616574
7891485396978
7896094921955
7898608958372
7891301196058
7896033204736
3154140491215
7896046710934
4895138785204
7896211846031
7891045043601
7891027138936
7891301604607
7893621789859
7896326998106
4015400584537
7896004707419
7898126409523
7890541114808
7898603990438
7898639380777
7896714280707
7897517907013
7891317006587
7896965250757
7899788406356
7896181909538
78910352024181
7896639600277
7896839906469
7899083127239
4894290203014
7891523240256
7896132132985
7897386787914
78934696
6799203038111
7896230301818
7898566829653
7896207372476
7891232139490
7899026459489
7896359025459
7898265325067
7898405066263
7898447975486
7896965212007
7897517925406
7898417963086
7891253208205
6931759222259
7908077434847
8411061999264
3326240045449
7898970341574
8429420163584
7891279840502
7898687731330
7898100400621
7897322706528
7891024034064
7899755678359
7896025539631
7898122660065
7891330016532
7909690354673
7899753541822
7897054514842
7899706150781
746775381776
7896380606924
7897447202400
7896472502127
7898657691268
7897947604599
7891027319793
7891721015502
7896226502458
6953198741733
7896965203432
7896094201835
7909883168735
7898411970981
7898588324426
7891530602528
7898562359307
7899337000530
7891279403035
7891142140555
7500435116275
7891360458142
7899583203242
7891182850117
736532611222
7898302725058
7891158103896
7899429104597
6939020402201
3494800020028
7896438201453
7898911689192
7899706119672
7899806203059
4006381492973
7898465150001
7896423497991
7899527105069
7891530403538
7908082302766
7898312781471
7909342603029
7893454113319
7896852617267
7898662450331
17891321333836
7896004720890
17891321103491
7891485343774
7891027324995
7908038602971
7893249991108
4894290213686
847851045558
7891010952969
5010994788605
7891150057227
7897779694102
7898610375303
7898078313947
7896033231244
7893621711058
7891331010492
7896639655499
7898569765514
7622202256691
7891106000956
7896658031892
3282770391466
7898696040393
656079861099
746775290399
7898549754613
7891010517601
4894290653925
7898945746540
7896290402838
7896042090818
7897476681047
7896557305278
7897517903404
7897851260041
7891360676072
7891027129798
7898587766418
7898650621200
7891485406530
7891027110925
7891268400236
7891485390594
7898664978901
027084033953
7898962892862
7908458303625
7891219024177
7899753504759
7894494736100
7898671424880
3494800010043
7791293020389
7896111994849
7891301515194
7898525586856
7896292256200
7897316806135
746775234492
7891027292096
7897237346086
7898608958907
7896779603695
7891224575114
7891150026926
7898698743391
8003670668329
7898639380074
5016533644296
7896111913611
7890541552174
7891150037243
7899808806838
7896982908778
7898524349469
7898395335035
7891361934706
7891313848303
7896094920569
7896033211390
7891155010173
7899055280108
7896085862175
7891317475222
7898300573408
7890000022354
7892840817015
7898647920422
7893249528908
7896644701983
7894494752797
7891033482818
7891224818761
7898447976759
7898083109535
7899753554402
7896852618356
7898520937363
7897476659404
7891182019286
7891008199024
7896033241007
7897027205364
7908013507901
7896004722870
7899264309256
7908671603748
7891224095384
7896033231213
7908209802568
7899572812042
7896965213578
4895138779708
7896212479825
7891027309633
7865188616619
7896472504046
7891401015068
7898126407772
7899652100748
7899852002651
7896025530041
7896423420159
7908077459710
7896033232241
7896484180146
7898258620346
7899547507393
7898663741506
7898940257874
7896509979496
7896002925556
7898301056832
7891313268804
7898933076864
7896269900044
7890541094599
7894222026992
7896838808702
7899852000749
7909883433185
7896180300213
7896572013851
7898577231230
7899547527766
7896006220961
7896000650184
7891173078964
7896964619579
7891224748686
7894916501668
7899788408046
7896255714075
7899852013404
7908334509592
7897027250272
8430340032669
27898944524419
7897316802830
7891027050740
7899360204745
7894494751578
7899026412552
7896004749624
7891224426584
7891058018382
7896004742571
7622210561947
7896004734682
7896862924232
7895265700351
7891055539408
7898352914792
7908209801172
7896211801320
8903855081496
7896025516397
0001100021000
7898506250837
7899527149308
7899360215314
070330420243
7891051037878
7896033204439
7897595619372
4894290231192
7897517901042
7894916503051
7897757714099
01021944000
7893454409917
7898198860024
7896006229483
7899621101318
7896484100649
7898258626614
7896111913062
7896641802225
7891317481629
0070341705384
7900083015591
7909438042732
7898562619227
7891150023246
7896422506069
7899621105460
7896036564516
7891317457167
7894494597206
7896033202817
7891800652260
7897595617019
7891142981271
7898943566928
7908448004938
8002135070226
7898666421948
7899600907870
7891027143411
7896108560347
7896714231280
7898095341305
443522793164
7890904101094
6925352213042
7891321220559
7896181913627
7897144975447
7899026412538
7898647921085
7908209809901
7897517906375
7899706239240
9788538084204
7896181906070
7891027060015
7898741801818
7908209807723
7891010921293
7896952500056
7898555809192
7909107670549
7897386764731
7898005716902
7898132847524
7898417966216
7898936111302
7899360263919
7891317125622
7896609546130
3360373047994
7897478401124
7898949409014
7897731122100
7895155500757
7898741951438
7501007455167
7895858017316
7891150039834
7896852625347
7899850326001
7891010825232
7891033523740
7891150043459
7898489513127
7890000014731
7896094907799
7897930761827
7898532211321
7898265320109
7896839910886
7896013529354
7898646543004
7896181909712
7897256250043
7898646549815
7891150012691
7899783600179
7896451911698
7908212116492
7899640809523
7896818202988
9788576616481
7891317000936
7898666422532
7896230300699
7891027061388
6920897750793
7899755631040
7891150001312
7898548356344
7891024110201
7896309205023
7896012880272
7896862970147
7898525587716
731509792553
4005808881512
7898533230017
7897476643533
7899095239487
700512248807
7896484101301
7899753542805
7891800540413
7898939072617
7898566290736
7896043360187
7896042065427
7896207371677
7899768828635
7891027075583
7898258620469
7898663111743
7899690500555
7891530557941
7891027292362
7890000249256
7894222000350
7896509975719
7898503185132
7896004704593
7896015517069
7896132134101
6952786891096
7896112122609
7896111995037
7896326988497
7898542752128
7898650625697
7908512703880
7908785412281
7898064924065
7899850320740
751320144362
7891653021022
7898422749286
7896326908310
7898648240277
7897595601797
7898567799986
7908823500017
7908083521845
7509546665986
7896004726908
17898449085869
7897186088754
7898476951833
7898055420408
7898945244091
7899031593529
7891356065873
7891350042573
7898906005129
6924466325498
7899755687870
7891173023162
7908040416818
7898078318225
7897280314612
4006381557955
7898741804376
7899882313581
7896000672612
7896181925224
7891027059903
7891024102190
7898503180229
7898138782096
7896111954577
7898947388069
7899852016566
7892011030793
7896279111317
7899527124695
7899753557649
7898460303402
5415329877557
7891182019279
7897975049829
9788537622667
7899806209037
7891142118042
7891027133924
7898279794859
7891266200630
7897512902334
7897158722013
7897900316194
17898936661248
7891360577485
7896132134347
731509993516
4711467441454
7896025523975
7898632470390
7899852014715
7890541884367
7894105490278
7897731122087
4897019237253
7898014562149
7896647027592
7898623951624
7908209808720
7891268103113
7891321333846
7896980414271
7898300571404
7898211382069
7896525088998
7898417961907
7896279128957
7896444603401
99176316534
746775112622
7891485401597
7898502539936
7896422504973
7908209809451
7891232517663
7897478403906
7899869202853
7896342902200
7898280350235
7896033202718
7896279102971
7899852015002
7891301032035
7898550830504
7908013503927
7898925522744
7897113900142
7891317420321
7896111997017
7898941501884
7899806204391
7899026473706
7896001281899
7908077454876
7891035910944
7898481401323
7896523201009
8902220106062
7898502541953
7900083019407
7899572807482
7898662452489
7896540789566
3507460007015
7500435128926
7891150064904
7898483152025
7898417969330
7896798603294
7896647073049
7891058001889
7891321102466
7894222027036
7898280076272
7898661780217
7899583202023
7899360218742
7506078971998
7908209804746
7896042080826
7896714218700
7898483534593
7908439806862
7896063201187
7899701870103
7891219029585
7891027009526
7896224410649
7898225522925
7891224986392
7896111977484
7908458336302
7891024116319
7893299743542
8710103933120
7898664978895
7791293011769
043917008004
7896070600607
7898562354456
7896111992302
7908458320431
7896075711018
7891088020645
7891360589372
4894290256706
7622202281464
7896042010762
7897211100437
7896444606365
7896484171908
7898591450723
7896484181020
7898632475975
7899788400118
7891182016865
7898588080797
7896852617991
7893249567754
7503002900246
7900083011784
7898395330429
7891266576636
4895138782531
7898302727427
7896222718884
7896085865770
7891350045291
7896615105130
7896414331020
7891266524293
7896309205252
7897230303529
7899852014982
8902220106970
7899547551310
5016003189203
7898664977959
7896036545447
7894494127878
7898946904840
7891224655724
7899304800644
7896181920274
7899753501277
7897660217595
4006381401135
7898958060916
7899360206565
7891224141210
7899753505480
7908458322442
6900000042816
7898483151387
9788537617854
3326240002466
7898303260657
7891279846016
7897322705071
7890282800152
7892840819583
7898078317211
7899788403584
7899806212013
6903612145074
7896964616011
6941024810647
7891360623250
4894290282019
7899706184861
7891350000061
7896800014612
7896982901588
7898225527739
7896046704322
7898415013295
7891485414139
7896085814068
7899432822044
4711161960015
7894916140508
7891000282809
7891024123317
7898650623693
7897018510033
4894290654700
7909438065137
7908040422505
7899527106868
731509996562
7891360447924
7506195100301
7899233799385
7896380603084
7897411603103
7896279100823
731509817157
7896342900688
7896965247207
7898650622108
7908458336005
7891027234881
7896004709567
7896877602545
7898591450686
7891530131387
7897982203313
7898417962461
7896422522632
7891268103519
7891150037359
7896771601095
7897169201293
7898079000235
7899852000046
7891253262061
070330529298
7897294400578
7890541543912
7896714233840
7896014182244
7896014182114
7898405067574
7897316804254
7898416834790
7898955019986
7899264310610
6931759237413
731509995787
7898475611561
7896965215008
7891485427566
7908148565654
7891224789788
7894494690440
7898419160025
6941690723159
7896800014513
7891150085657
7891027308025
7891142126139
4589592592910
6958723394330
7899527106547
7897517924065
7898146826256
5702051023032
7897042005826
7898664975634
7891530570476
7897337706551
7898970732525
7899790249637
7899820800265
7891027534844
7896647078181
7891266576797
7898917419885
7899207526153
7896083402519
7908083520497
6260412576027
7895144400341
7898906005167
7897437214598
7896014187447
7896230301146
8710103874065
7896647071731
7891024130117
7898212286564
7898588088960
7896025509073
7898395333659
6932159607103
7898414851744
7891321024928
7896509954943
7894916148306
7898579488885
7899364805191
7899527137275
7899264342055
7899820803754
7896964618282
630509757855
7896676441772
21333195
7898506251421
6920200913020
5702191025705
887961526929
7891027304881
7894494690068
7890541049674
7895155386825
7898608955906
8994710005627
7891224296972
7896342421121
7899207509682
7896207372667
7899676801959
7908542612329
7898338409489
7622210564276
7896422509350
7891150050044
7896004705859
7894164000388
7896020162902
7897517903121
7898953484816
4894290679710
7891027307608
000148420180
7891045013147
7896181918752
7896226105161
7896639601618
7896800009601
7896964617544
7896025524903
7898610370681
7898904869044
11083108
7898934595548
7898483152285
7896009498497
6007540270058
7896311738762
7896094201644
7890541151834
7891027075279
7891321062234
7897849610063
7898549360272
7898994049937
7899069927228
7891150055162
7896025509030
7899850300773
7896771606182
7896309205030
7898125114039
00070330183575
7898545646646
7898964200412
7899676809177
7896085863899
7891027305437
7898417961112
7898911309212
7898168001259
7896380604814
5010994757410
7891360458319
7898417962638
7899264308020
7896004720814
7898966547126
27084816020
7891000056615
7898483151660
7898707145734
7896444603586
4260085520107
7896075758242
7898125114107
7899753501956
7896004718057
7908077447496
7898453436179
7908209809512
7898417963109
7891356019463
7899069918936
7896132129145
7891045040426
040232714931
783918038487
7896644715768
4005900087256
7891360662570
7898300571572
7897517925338
7896112466925
5010994794811
7896054019449
7898503183688
7895858015220
027084892055
7898948648568
7898951747746
735201084114
7897460400548
7898096312137
7908169029067
7896006210900
8710103873266
7891360458166
7896676408492
6932159610868
7891033926282
7891360577492
7898567792048
7896251802080
7896111950371
78902312
7891266492509
7899911208833
7898265325210
7896422520188
78929388
7899850338097
7891027308094
7896658011573
7896114313111
7897473203983
7896647028247
7898343701295
7891150013056
7898941911973
6913286250912
7891150013230
7894494729232
7891027066017
7896094922044
7896965254335
7891266815803
7899091415014
7891530495557
7896111957363
7898460972950
7791293028187
5702051024862
7896000625366
027084120134
7896347147040
7891279840403
7896640434014
7894494727986
7896839980537
7891055621325
7898466741352
7899701869954
7908040482615
7898920080782
714289117792
7898671429847
7899360215123
7899026415362
7891010702663
7899706188937
7891313610016
7897424282878
7897731120120
7898699845933
7890541884107
7908040481441
7908324400861
7909107701267
7899852022383
7899527106523
7891106914147
7898549375405
7890541378651
7896676410235
7891150038363
7896444605733
7891027146368
7891000003404
7899207529987
7899620607972
7898588089462
4005900648433
7896181902348
7899783601244
7891313582801
7897832866798
7891183018332
7898198860048
7899440903711
7908497413460
7898153652848
7896671692117
7896115703560
7891530607844
7894916149143
7896224409995
8993373253185
7896647029084
7897517913977
7898183794037
7896183313951
7896046705008
17891321100391
7894494727856
7896862918583
17891321103507
7908458335572
7898524349988
7898960121117
7891045008396
7898547026132
7908458333257
7909438011349
7898258623811
7897684808786
7908209804630
7891313610078
7898079002963
7897698232096
7893249748078
7891317444952
17896007553737
7896000615466
6932177466942
7896647074602
7891010034948
7897386779056
7898413010586
4894290263681
7897337706162
7908010123203
7891317029197
7896852622117
7896788010125
7897517925642
7897517937508
7891530290060
7896014175741
4894290203236
7897698204451
7896261000797
7899304805212
7896317907162
8888118700188
7891106006392
7898449394353
7896685300213
7896647084748
7898662450096
7896714205199
7897731122070
7890541043924
3330000226795
7898172862914
3454090003415
7897947616325
7898393840012
7908353601451
7894494195822
7891150000278
7899583206083
7899755670933
7898955019047
7896025506572
7898502532890
7898664976426
7898100240432
7896181916819
7908346900004
7898506254958
7896852615874
7899233739619
7898681320912
7896004754048
7909883386610
7896658035463
7898631554732
17891321220136
7891142118073
7891027294335
6940350824526
7896083402759
7896852611050
7898405062371
7898939560602
7896000615879
7898947144047
7899850338639
7898152668086
7898341430852
7909438013985
7898395333185
7891523482397
7896004725000
7896342451586
7896609543009
7896261005181
7898927423438
7891721020940
7894222010540
7894916142403
7895155513405
7896000650139
7909107373280
7891183020250
7898917420621
7898911493461
7909690029250
7892509061216
7891530556579
7896112403296
7896843923247
7891350040098
7891150103924
7892840824075
7891153113562
7896326957936
7891232173043
4893888173821
7891010780715
7898322520541
7898417963130
7891266787292
7898422744335
7891155003328
7898699845308
7898369690085
7891317125608
7891058025137
7897947620582
7899806214277
6925187876085
7890310160227
7896737015010
7898472905328
7908083514861
7898639380128
6932159608919
7899852003764
7896112191902
7896927460019
7908470000908
7896380606436
7908040468626
7896004708942
7898364583344
7898555800816
6952786812749
7891224347742
656079407037
7898506252565
7898133134753
7899083119326
8411061865491
7896548137048
7898631550802
7898967923554
4006381574600
7896326960097
7898636290635
7898417961327
7908228807766
7897254130538
7898671429830
7908346900134
7898506255566
7896036522745
7898149185404
7900083012446
7898647928824
7891485433253
7891317433253
7897517920838
7891027232771
7897595602268
7896025534384
7500435127370
7898549367929
7891027114770
3326240019655
7896044600091
7896112102441
4006381493185
7899527104604
7897230303291
9788536819679
7891317025786
7908458326129
4711698823814
7898233931412
7896462004525
7898364586383
7891150017085
59392392
7896255716758
7896111996744
7898671428048
7908040432924
7894916140461
7898518430272
7896036548387
7896770982850
7897517931759
7896658010286
7898506250790
7898636191086
7898647928893
7896180302088
7898911495533
7908083512546
7891033914661
7891350034936
7894494690426
7896111904510
7909253108835
7898085947111
7897900317771
7891027348489
7899420507267
887961341195
7898258623446
7899706186872
7896029602911
7896181900351
7896676432411
7897517921538
7898490057986
7896004711355
783918088932
7896775344929
7899455901818
7898639694089
7898207210208
7891000081693
27084684438
7899621101608
7896644730266
7897517912970
7898169080642
7898476323524
7899701873395
7896094917798
7896206402143
7897832866835
7896042062587
7891530458200
7896321010308
7908542626340
7891360587491
630509320363
7896637033954
9555684606884
7898567795209
7909438025971
7899670800767
7899233340082
7890541547606
7896311760862
7899653281583
7898927562069
7891182039581
6851916612818
7896355705409
7900083018783
7898481400562
6908796297182
7896326912218
7896229960163
7891038392709
7899706161565
7899753502090
7899083123576
8710103606741
3330000243693
7896006219583
7896033221252
7890541000330
7898671425467
7898605222957
7899110608793
7898171290039
7896004711768
6898446426041
7898925880097
7899852014814
7909883397593
7795320008852
7891106006453
7891033934072
7896181903666
7898549345675
7891027128227
7891356080005
7896079813121
7893249237145
7898588329513
7908458317110
7894494636028
7896609550298
7899207525392
7908077467586
7898395330276
7896512913708
6925625436710
6920243189246
7899655007549
6934460652865
7891485219475
7894222020761
7908209809673
7897775670018
9788573985306
7891033535019
7898417962874
7622210703064
7891027149970
27891150026173
7891051029040
5010994783389
7908040476836
7899779015505
7894916516655
884851029058
7908161736031
7891224602827
7896699010108
7908132271233
7622300988883
4005808783366
3014260323998
7891027131753
7891027144937
0602883749429
7894222009254
7894164009282
7897517921057
7898288552303
7891142158161
1359782238798
7908448006314
7897947617599
7898258628694
7898417961129
7899527130634
7896418800454
7896644718769
7896036516638
42022220
6991984005935
7890541183897
8902220109339
7898538008895
7891224660629
7891153069975
7891350041217
7897779710406
7898412974094
6920897702013
7897534823013
5010994788971
7899527138661
7896230302839
7896311777075
7897185931082
746775306007
7896964622814
7898765331339
7898952577564
7891321333181
7898932140375
7897386754077
7898648940924
7890265820115
7909068560194
3330000245635
3574661119410
7908458322411
7891350034752
7891224038305
7896902202962
7908209802643
6926950260186
7899783601374
7899658326586
7908153836794
7898906451780
7891224970360
7896112159599
7898273123075
7898610379080
7896226101217
7908324405125
7891060785487
6934460611886
7908458322459
7897230302645
7896261002654
7896309204996
7896852615331
7896000623874
78931220
7891075060210
7909438008813
7894494752834
7899233749878
7509546661230
7897771301015
7897230302843
17891321104382
7897252211000
7891268100709
7896000714787
7898258626294
7891150075283
7896331702378
7898126400414
7898502542011
7891027132255
7896509973692
7500435000437
7896927468633
7891317158224
7898741951469
7897512900163
4894130909168
7891232518653
731509991598
7890282800015
746775080327
7896779604142
7898911309342
7899069917526
7908458317677
887961360516
7896934401647
7161896043748
7898413013136
7896033211550
7891530280047
7896509945699
7896033240178
7899852020570
7899026432499
7898002433253
7896658000362
7896111983225
7898422745738
7896013558552
7891142205933
7896261002869
7898302722255
7899790921014
7896497501853
7891232772109
7898476329137
7898632474978
7891361270682
7892840252946
7898556850575
7899852015590
7899673002090
7896422521291
71603750005
7898588081237
7898623244450
7891027048396
7897144600370
7898671424606
7896041915068
7896212429141
7896916782276
7898502522600
7897832804837
7898520944675
7896647077801
7894222009568
7898741950073
7898588325225
7894222026879
7891038376808
7899026462663
7908040463317
7899653741797
7899091402304
7891301319129
7896004744360
7891033534357
7891150084780
7899850327015
3494800028048
7898021639254
7898591457852
7898212286922
7893454714844
7890704857603
7897517917487
7899753533476
6932159609121
7896279119467
609963963287
7897027219729
7908083520046
7896000614469
7896050703021
7891024122549
7891027319199
7891224506064
7896111977989
7896331701906
7908985902315
6932159614866
7501001170462
7891317469238
7896016805837
7896480632892
7891266774421
7891321043240
7896025514713
7891331018344
7990500001788
619659052362
7896013558903
5601229856925
7898556756839
7898937360112
7891033930777
7897185958454
7891530399527
7892509063302
7898656685091
3014260802219
7898917052129
7894916503358
7899527137138
7897832875455
7898706180064
7890000221702
7898483151110
7896000625779
7898963620587
7891485340315
7891024113998
7897609901523
7891027122034
7898283853870
7908038604500
7896714206080
6926458675031
7898078314036
7896181904335
7898503186078
7899050539218
7503002941645
7891321200223
7891485429263
7898591450150
7899753554990
3014260275143
7896025504103
6934460664271
7896063285064
7898280076555
7896006222781
7891142202352
7899640804696
7899852021119
7898502528534
7896004713243
11032663
6973094274234
7898610371640
7891150015036
7891182020206
7898610370438
7891155019459
7898631551571
7896111950302
7896004722603
7898440880138
7899755630807
7896211820659
78909700
66624707
7891055648001
7894916142908
7896206401719
7896497502782
7899014900351
8430340050601
7896639603551
7891027235598
7896902208469
7898078750216
7898441790191
6976583140027
7899031593598
7891530597992
7899207520465
7896025514942
7896800011147
7896033211536
731509754858
7898622119391
7898925878889
7891321110119
7892509103879
7896261002487
7908512702906
7896230302242
7896085868351
7898048003069
021105576375
7896020640073
7908458327485
7896647009871
746775253448
7908652100822
7897299900127
4894290271754
7897517922771
7899852022512
7891150037236
7899852002309
7899527149209
7898476320738
7892525801117
7899026432475
7899420504792
7896112140528
7897939201454
7841881035346
7899360264244
7908077459963
7891027070601
7894494652943
7898631556071
7898472262575
7896025522893
7898956544081
7898656683202
7898690180019
7899658396435
7896116109286
7898647929975
7908010124422
7891024042915
7897095042397
7896033258111
7898927422202
7896027528145
7896033203326
7898662450140
7900083003666
3574660475074
6934460627283
7897664171466
7899753500942
7898486479167
7896025527782
4902506968975
7898483151158
7908077436001
7891317476649
7897698209081
7898172860033
7896115703713
7891027152093
7893454104713
7896230300361
7899583200326
7898212285512
7909438045429
4894290670489
7898646546814
4894290674517
7896964618183
0070341706220
7898343701851
7898932140771
7894494772023
7898115900185
7895800911150
7896331703450
7891109486191
7896210507667
7898125116194
78605831
7897280315633
7898506252855
7899701871223
7898662453011
7896132134255
7896185955005
7898125117191
7891224789597
7898447974342
7908010125900
7898481401378
7898483150113
7908470603376
7896006270058
7896094904125
3504105036126
7896094920682
3461020002035
7895265923613
7899753500881
7899207507046
17908414434834
7899110603972
7898179823109
7897054516211
7896033231626
7898947407845
7894222003986
7898410319620
7898549353205
7896927471220
7891055655702
7898650621538
7893249567105
7896116112187
7891055694701
7896658027246
6438158423824
7899806212259
7891266845770
7841764031083
7896902208155
7891027087579
7898513533206
7891033930609
7896212641031
7896025524910
7898258621770
7898369692720
5702051036520
7908040432887
7891142206855
7898608956514
7896037701439
7891024112700
7897517920784
7896181927297
7898283853948
6972858362835
7898225520112
7894222008660
7896085868283
7898078318607
7891182992909
7898503180427
7896422527026
7899753544618
7898506258307
7898608952561
7899808802632
7908040449847
7896771606113
7908077472092
7898523200044
7896775314502
7897476659343
7898660596574
7891150054936
7891142129161
7898502733631
7896004779393
7908542607707
7897337705837
7891027056322
7891331018375
7896540787531
7899653741810
570205151215
7908038601400
7898562358683
7908161734914
7898416830389
7897771306614
7896641804700
7899706132138
7898744460012
7898518430425
7894222041056
7899850323239
6924466302253
7898506257614
7896444604699
7899808877708
887961716597
7908785412311
7891027135935
7891027332518
7896036548615
7896111992760
7899655032879
7908759402669
7896647011775
7908209805958
7899233770322
7899753531014
7890541017277
7898481401576
7891360647553
7898520938377
7896033204644
7899753535463
887961240535
7908470007273
7894222010021
656079620870
7896885202812
7896212680191
7896116113894
7899621100670
6902554150122
7893454115023
7896181909378
5601229856949
7899620911833
7899850345323
7898472268232
7908542613364
7898741530541
7896714237497
088300107681
4902505322785
7896033233910
7899583201071
7899788409258
7891010035693
7896852614839
7896331705270
7897144601735
7895155419332
7898212287080
6920897718168
7891182023139
7896006216766
7896226102405
7702018294770
7896658032561
7891321046869
7890541341730
7894916141321
7896438201491
7896663301317
7898453438340
7898126403095
7899026422421
7899653281798
7896497501884
7896185944719
7899783601183
7896640435615
7898506259786
7898144120417
7896013548485
7899026424401
9781450876254
7896251800246
7896982901328
7896025504424
7898506256747
7896438201613
7899806920406
7896000624895
7896572013554
7891027350994
7896212450312
7898671422770
9788537622636
4005808817658
7896251800307
7898650625215
7896012877456
3360372012818
7891360011248
7898302722132
7622210683496
3386460028332
7898915801361
7899008056958
7899264308075
7898664975290
7908134200019
7891010025991
17896007547125
7899200713031
7899788400156
7896658005107
7891010097714
7899069917434
7896025505384
7898008550206
7890026034553
7899095258747
7891027070458
7891150019591
7891301006951
7896965213547
7898419476539
7702045538755
7892840814045
11013747
7896111901175
7898170655303
7898306210017
7909438041261
7892597867103
7909438008790
7897008900257
7897731142009
7896926501911
7898556757034
7899621107969
7899264359978
7896004725963
7896676408300
3616303393137
7897478405818
7891530566745
7898664973401
7896181909460
7898906451322
7899094305893
7897386765004
7891224655731
7891027348397
7891523495700
7896737002140
7898538004880
7899233783056
7890541076243
7908458325504
7898422168216
7898503180106
7899091409051
7896414334014
7899264300673
7899882303568
17896004008995
7898970341697
7891530258091
7896230303591
735201084190
073796316709
7896000627377
2010060100037
7896004711508
7891721200014
7891027048051
7896020682226
783918804372
7900083002119
7841764031175
7898662450188
7890541754929
7891313610191
7893454714776
7893249084701
7897832860703
7891150100701
7898599212729
7898639381095
7899674017109
7898591451591
7908615801551
7896042063232
7898286945060
7899264303025
7501007454818
7896042041155
7899632511151
7909690466505
7896230303843
7898502543797
7896226105178
7891033535040
7891040302376
7898158691262
7896036575208
7891027126629
7898265324978
7506309872537
7908652100389
7908880700504
7506195194799
7896004703503
7897476690865
7891321101605
7891313611310
7896181913252
7891027125776
7891485498146
7896111913772
7896013552710
7891155032991
7896523219202
7896779605682
7896037701491
7857410987277
7899083126249
7908077451967
7908458320059
4894290301925
4711161960107
7898506250127
4007817334089
7899852024967
7896023733390
7891150035867
7892010083127
7899026487246
6438158162532
7896779640621
7899364808840
7898947920054
7899808898123
7897252291057
7622210887863
7896902211902
7898588086751
7908209809284
7891055648100
8411061759479
78910101010100
6936298927658
7899121846016
7896181922254
7891800806113
7896927482011
4894095234152
7897832859684
7896054021633
7898177734513
6931759217415
7896647044568
7908083513086
7899233754889
7891150061392
735201084138
7908458333165
7896200711760
7898346530465
7891721030017
7898497300962
7898567794455
6902554150108
7896641807770
7898405067901
7898115901113
3337871310592
7899852024691
7908470012994
7896639641591
7897690112853
7896647072950
7898411972206
7891485290177
7897655400216
7892953121047
0070942004824
7891060906066
7898591459214
7891350040890
7896111987346
7908169009281
7896094918641
7898958060718
7893454714547
7891058011420
7896004737126
7896004712017
7891317037000
7898595272116
7891033826865
7899233739855
7894222029788
7896557301706
7894916502344
7899806949490
7622210653246
7898582680047
609963963379
7896647007785
7896235353270
7898942936029
7909438030098
7891182997652
00456832880005
7896090700424
7896111944288
7893249567099
7896647007808
7899014972921
8851938900052
75082840
7894298035638
7893454108414
7897571990617
7897237347885
7891317477141
7896004704883
7899852003795
7896047400070
7896111955550
7908040492683
7891224717637
7896004707600
7896094985995
7898569380748
7898650621965
7896226101842
7899069902515
7896737001006
7899310586105
7896206400279
7894916142946
7898927423209
7891150029330
7896647027691
7898468863380
7898258952898
7898506255412
7898949149682
7896010175615
7899640801152
7891317039622
7898958598075
7908083517824
7899672915506
7899850307178
7896497502973
7899466421473
7899808848456
7896965213226
7898265324169
7891027319656
7896000615640
7896102200324
7898411974552
7891485418014
7898490058075
7898566291894
7891150048683
17891321104085
7897917001304
7891038390507
7896261011632
7896042082127
7894383321295
7898008551418
7899755694861
731509990195
7891158100215
7896603804311
7896380660681
7898631556286
7894916503907
7894298035706
78934887
3282770200096
7896004728636
7891317038052
7896061990557
7898417962539
737052720760
7898934189334
7899653207781
731509990010
7897230305837
7898312588896
7899852019192
7908458320233
7897517928506
7891530389269
7896183317096
746775097240
7897517917555
7896279129244
7896292293335
7891321104187
7896658039027
7898286541637
7898489521139
7896180300121
7898632810028
7899207534967
7896026306942
7898658622544
7909438033624
7898532210638
885911475402
5010994790639
6941690722237
7908660200484
8902100888255
7898927355494
7891224347810
7896033261333
7896575104402
7899852003719
7896572015084
7500435116299
7897930777378
7891268102932
7891485431211
5413787053797
7896111942833
7795323001454
7896009498640
7896839980247
7893249095103
7898447978685
7898497308883
7891485453923
8710103730804
7896042077185
4005900245311
7899527136230
7898258621244
7898283855355
7891317103033
7896603803796
7896641811036
7896251803162
010343902268
7891108035321
7909253140507
7891027292492
7896004755151
7908010115116
7899640806072
7898945450812
7898556756297
7896037701453
7896839904359
7897832851305
7898579487727
7896874704044
7894298051041
7896132134392
7898447907258
4005900696809
7891317044763
7891058002572
7898741802037
7898599212705
7899014902386
6920218912237
7891024037768
5702051284501
7908083514908
7898666422419
7909883248550
7898100212729
731509995183
7891395012203
7503002942550
9788536822259
7897474200073
7891313288253
735201084084
7908209810792
7891219022593
7891317001568
7894916501156
7890541076236
7896212410644
3326240003852
3331436300011
7898714760944
7899808879320
7908077456085
7898664974446
7908209808928
746775007638
7891010255138
7908458326761
7891317434199
7896085863202
7896241228203
7896200711623
7891024040218
7898650623655
7891321064610
7891224983926
7891158105227
7908077446956
7891116106525
7897158714629
7898157301780
7898481402207
7791293018874
7894494187520
7898610370100
6968332501111
7896658022944
7898945782616
7897517917708
7899420508196
7896112400547
7898132980603
7898260785057
736532021984
7899264359855
7898656684599
7896025540958
7890541151254
7899753542812
6920897631580
7892840824884
7898943565297
7897386787853
7899527174379
7908040459341
7908371613757
7896020164302
7898650622443
3701129801178
7890541822727
7896083400577
7899207522940
7898946433197
7891035911903
7908010124484
7898503180465
7898503183923
7501006732047
7891485416638
7899753513355
7893454513713
7896523211435
7891027070779
4006000015361
7891266845824
7898283857861
7908083523184
7896251802301
7898330225025
7896112133001
7896617233305
7896025506039
7896033292979
7898698741014
7891033474004
7899360204769
7899091420902
7909253146240
7891224657193
7890552083131
7896200706001
7908439801515
7898588081411
7896026301640
7501007457789
7896112143697
7896116106537
7899768068765
7897476648972
7898447003066
7898618045604
7899852003061
012546006347
7896212641505
7891317031350
7892597655335
7897476672649
7896111996812
7896468378088
4005808691715
7896647073896
7891027139285
7898417965318
7898579486768
7899806972719
7908671603731
7891142207111
7898040923143
7898416839917
7896658002298
7896094200692
7791293032375
7899790236613
7892509072670
7896042077970
7898474840016
7896094919440
7899852001708
7899852003009
7891530383977
7896094208049
7891266689565
7896292227422
7898168002621
7898198172493
7899026437333
746775326807
7899495702307
7891033930715
7891313282800
7896036511794
7897779724106
7897511917072
7899026413764
7891182016858
7891321036716
7896033211642
7898927355876
5702051034472
7896033241182
7898949409588
7894494653025
7908209809413
7897659683691
7894222021638
7897832840736
7908209808331
736532611123
6920388293860
7591257004697
7898656681826
7897386788447
7896852616086
7891075020023
4004711262302
7898608954695
5702051035479
7509546055145
7898610376768
7898417968814
7897424080960
7896261000513
7897517917517
7898503185347
7894298062573
7897252280105
7898258620964
3274878122509
00721717000
7898170655266
7898417963239
7898312680873
7896181927044
7898286940218
7891301505911
7893526071790
7893454509112
7891033510658
6144600040722
7897920701772
7898422167400
7891317000530
7898417966315
6920897739309
7899852003832
7908209810747
7896326950371
7891027065607
9788538089346
7899783601381
7891317003135
7891027066864
7892509091367
7896036548271
7896647021385
7898395331235
9788538093411
7891356043925
7897517924584
7896902200616
7899386503129
7890265729111
7894346060452
7898994866015
7896472502653
7898681350797
7898079002956
7896279109499
4893888187057
6934460629416
7891321037737
7898937360839
7896094208230
7891027050290
7898012492127
7899026422537
7899679001516
7896181906032
7896916720179
7908040450010
7891219026188
7891224701506
3154145347531
7898506257843
7898306087435
7896657836573
7898414852635
7898671432670
7898157304187
7891219029684
7898184464328
7896012800843
5000456009317
7891024114001
7891530397554
7898212287165
7894222040967
012546675215
90159312079
7896096909302
7896206402181
7896484184014
7897280352881
7898664970554
4006000101347
7896004722528
4894095612943
7896033202831
7897595901668
7898085943847
7898212282924
7898222831440
7891301602061
7894916144209
7898288550996
7891114016192
7898413661450
7896111943915
7891485408930
7509546055169
7891317446659
7892680332754
7898483151493
7898468852209
7898009436295
7898405061626
7896676433395
7899808852903
7891027752811
8411061034972
7891350042153
7896013558064
7892840814328
7896004704531
7899547531251
7896523207704
7908448001425
7890786190223
7891183008524
7898664631004
7891106914369
7896902209756
7897385799221
7892509068314
7896839922391
7898005716865
7896321024381
7898513474998
7896253902092
7898405060346
7898623954304
5702051032317
7896699013123
7896444601025
7898100212767
7891317431181
7898258624504
731509627831
027084229660
17896011707522
7898650622276
7908209810242
17891321330620
7891266717749
7898610375372
7896033211871
7899026468122
7891027006877
7894916505215
7891027146702
7891027229597
7896132122481
7898588326642
7908132247580
7908448002958
7896042059501
7898947160481
7898947170619
7890541728678
7897840305999
7896799954425
7908077460754
7896004705156
7896036520123
847851086049
7898928518461
746775348922
7891150061569
7896964622463
7896000631602
7891313142807
7898972104863
5702051027542
7898225524523
78938915
7898157616259
7897476643052
7500435173759
7899820811360
251404035
7897158713677
7898048200017
7898610373200
7899264342123
7891027229795
7897947604803
7896025507364
7899852019840
7909510216334
7899838810522
7896200702010
7896108009846
78926868
7897517920814
9999999999991
4894095131574
7894916148108
7898417969200
7891317035075
7896902286399
7897129303753
7897930760493
7896014149087
7898566291481
7891530475375
7896448185606
7896033204958
7898312593012
6931759212755
7891142118103
7896094999336
7897517906689
7898005716919
7898419150880
7898447971457
7891361270712
7898212286717
7896111987254
7898360920662
7896523206448
7898579483705
7899949055430
7899755651307
7897512905113
7896927463485
37896013549544
7898468503521
7896036576427
7898265324657
7891035024931
7890265939206
7899808877463
7896085111204
7893249167084
7896075701125
7898495603218
8903855073118
070330533073
7898280076760
7909253145465
7891000012109
3282770208245
7891051028791
7898412977651
7897517938697
7899264373875
7891106908894
7899026433496
7908161747594
7898506255382
7897476643953
7891268102413
7898940257676
7899527122967
7898542756799
7899852000855
7891035913105
7896484180030
7896964623347
7898581060147
7899026426542
6940150250099
7891058008192
736532611161
7891317102012
7894494669835
7897917001557
7890395063475
7898132986032
7898670940053
7899820804850
630509771417
7890282801081
7897476635927
7899310590638
7899949055416
7898503182018
7891033937370
7897249578277
7898973417887
7898506257089
7897731141408
7898660593856
7897517909024
7898503180151
7896000622815
7899026487222
7896647019269
7899091480920
7891010714116
7899527122172
07908082303312
7896004733548
6932159606243
7899455900873
7899753545004
7899753534473
7899755698388
7897517920098
7898474840573
7896222718389
7898601577426
7892509081603
7896261005907
7899364800325
7908542627743
6932177466928
7899850307024
7891183026764
7894494625084
7891027011260
7896342451548
7891024034743
7891150018853
7896132135412
7898911495489
7898211380850
7908458316694
7898286945039
7898405065372
7909253146226
7898947170480
7896586814956
7908439801478
7891721201783
7896026305235
7898417968791
7908040449779
7890058350294
7908077448707
7896004726533
7896326912416
7898286940614
7899701871315
731509560787
7898610375365
7891219023996
7894222007328
7896525098836
7896004713762
7898075312158
5702191025576
7891224833924
7896852630556
7891485391881
7897337704519
9788537640913
7891150002463
7891150103900
7891360436553
7893249167220
7896085865763
7892509062060
7896380600687
6930194446206
7898490057702
7891010253691
7896641810084
7898637227647
7899026415188
7894916142786
7897256221890
7898504389850
7898032594061
7893299741029
7899706162876
7894383136103
7898698742615
7908209805392
7898765331247
7891108033273
7896094917637
7898944073197
7891150042339
7891027037802
7899304809906
7899026462724
7899621101035
7898943586179
7891142143044
7898008554020
7897517937898
7898503182339
7908414443839
7898505857778
7898585290120
7898481400685
7891530383748
7891401015464
7896211806639
7891182026383
7896658034985
7895155808402
7899547543858
7896422514651
7891317036881
7896818231759
7891721070914
7896609545041
7898698742486
5702051024886
7894916144216
7899755674573
789839533185
5457862545920
7898258620933
7899876518381
7896964617537
7896852615225
7898138781389
7896020610519
7896644716178
7899753544878
7899852015675
7896422522571
7898417964618
7898360917181
7898395330122
7899026415324
7898043444065
7896033203135
7898664970936
746775187439
7896839910053
7896094918122
7891000022115
7894222009940
7894222037028
7890541025098
8955155811211
7896004706344
7898326390010
7899852001616
7896676435597
7894916503044
7896779613427
7896279129213
7896094920729
7891800428902
7896444612854
7896369126719
7898758081425
7899755607816
7896026155168
7896094927889
7894494410505
7898301056979
7896227800058
7898720566530
7899621100557
7898183793917
4894290259257
7891035618239
7897249565147
7898656683479
7702045538717
7899768814713
7908497400590
7898185415176
6931759233385
7898555807037
7909438047324
7896010174175
7898944073494
7899783600872
7899083124399
7896009498657
7897698236513
7899852019178
7898918060970
17891321102371
7890263277102
7896255767446
7898021633030
7898524348493
7898720790003
7897832870641
7896007552771
7908324404340
7897256230045
7896744843552
7806730014767
7898225526497
7896484110297
7897230302898
7891134005459
7506195132678
7899207534929
7899026444423
7891150060722
7899753536088
7908040425759
7894494690464
7896965214735
7894222002927
7896522030006
2284100841055
4005900696212
7898490057030
4880005369168
7891485380199
7896004729220
7898258623989
7891721000133
7898288551573
7898555805569
7896020618423
7899676812535
7899706158114
7908083525737
7908371636527
7891150051959
7891485438845
7898567792215
6934460665124
7891010256142
7891021001946
7896009179174
7898947407647
7896020651031
7899753534664
7896737000856
7890260724302
7898601574456
4894290652973
7897252260466
7898951747586
7895155242473
7898417963062
7896025539488
7898948586365
7899420506925
7900083007916
7896229960118
7898972104009
7898497308845
7898542755525
7891301196126
7897027204213
7896181914013
7896779613410
7891317188924
7897256236559
0041333038896
7909342543165
7899264350333
7908038604579
7899882301281
6991984005966
7908458332991
7898940658183
7898949149026
7897018510095
7896009142482
7908458326709
7899026483828
7899360243539
7899658413989
7896331704761
7899641918040
7909438064833
7896658024511
7908083512461
7897660301119
7891027147174
7899850322508
7896885202690
7894494513428
17891395012149
17891321310219
7622300858872
7896181911432
7896111945544
7898647921641
7896647079539
8411061770818
7899207533250
7908497401580
7896714292168
7899026452688
7899095203532
4894290629043
7896380604968
7894222027289
7909690029267
8902220106321
7898940174157
7891027236526
7899264319453
6912578525585
7896004726205
7895800002933
7897779703002
7891485508548
7897705201077
6952786802078
7896042030401
7896422507561
7897571991164
7895146004561
7896036526248
7898506250486
7898929260956
7898447003080
7622210887665
0619205390023
7890732080622
27084929492
7898012491342
78910645
7891027313401
7896326957950
7894494695223
7891224986200
4006381493031
793573964441
7896647082157
7898632476712
7891321100851
4005808829989
7898555804180
7891027322762
7702018013272
7899788400088
7894494624230
072512196052
7891317137359
7896852615973
7898417961938
7898562356757
7898148293995
7899690505109
7898460930370
7891224478194
17891321044244
7897530100323
7899026483767
7897185967074
7897386742029
7898927355944
7896044953500
7896839906209
7896251804855
7908077452865
3014260309565
7891360542308
7892680321659
7896181905844
7896800008956
7891360662594
7791969028831
7899670809562
4894290652782
7899755609414
7896214001000
637293043331
7890541547743
7896015530440
7896224410670
7897473205611
7898138782249
7896111974957
7894222019994
7899621102698
7908161702951
7891360644293
7891485268060
7898582682737
7898265324459
7908083524372
7896523207643
7898589682921
7899466419258
8903855076072
7897771301817
8692952053313
7896004742021
7900083011791
7896004703251
7899207550820
7899755675815
7896027541168
7896279113403
7899655032862
7791293035598
7891268103144
7891317011253
7896982901779
7897473201613
7898481401088
7898502511789
7908209805729
7909438045450
7898049790975
7896004718811
7898168004113
7891153077918
7896342449132
7898516938930
7899852015583
7908458312689
7899753514093
7896251802004
7896049508149
7896004705415
7909883367527
7891239003527
7908040401074
7896007551347
7896226102641
7898944073173
7896093002457
7898300572104
7896279111744
7891027098605
656079407136
7891027342524
5702051100818
7896523210698
7891350042191
7896112129370
7898508430923
650240017865
6952786800289
7896902286900
7898490057832
7908040425964
9788538542407
7898132984922
7896044900498
4894290281999
7898447970467
7891010937553
7897517905507
7899652101868
7891317019204
7899364808666
7890541043481
7896033232203
7896235353751
7898968221031
7898953484175
7896020160717
7909253105407
7898588110500
7898613211547
7898903703134
7801125006884
7896033212236
7894222008134
7898946896022
7896042070360
12742020505
7894916143202
4005900664006
7897789494068
7898656683325
7897476609515
7898960330410
7891910002016
0070341335727
7908209804852
7896036512319
7898497307701
7899655033845
7899403200451
7896572013561
7891027113957
7896359025121
7898115902011
27896309204891
7896609543733
78905023
7891027118839
7891150018952
7892509081856
7896251802202
7899806205060
7791293028774
7891040155941
7894494130304
070330129665
8429420112926
7897684806119
7897230302836
7896342900671
7891360320203
7898008550282
7890263277157
7894222040097
7896025522329
7896042006147
7897517937003
7899621107983
7896191226335
7891114067279
7898903925260
7702018083367
8206008210164
7891232971021
7898447975141
7899653294170
7897832859660
7891060683653
7898934594152
7898301056733
4895138788540
7908083512928
7908024913692
7896964620087
7897013517792
7896000704337
7891010566357
7897698210803
7899527138609
7896111983140
7891150083578
7891150083035
7898698740857
7908458328932
656079413274
7898015031290
7898942324116
7891800332629
7896311775439
7898506258697
7899852001418
7891530355905
7898258626621
7898417962065
7898079001355
7908420116833
630509376742
7897054517157
7891485194482
7898416834356
7898468861058
7898650626076
7891021000734
8902220109643
7897280302718
7891224506347
7896779613311
8888810000030
7894222003771
7896006270300
7890002967646
7891485327798
7895858017415
7896016805608
650240017933
7909690965596
7898172860057
7896004727028
27897027272032
7898420971542
5702051021342
7898664974422
7891317489564
7891058015787
7891150037670
7896036548783
7896964624924
7899264360233
7897237334274
731509994599
7898412973776
7898706180880
7891142165176
7898352914075
6932159608599
7891000414002
7891266640528
653569986157
7898221451625
6931759261005
7896261009745
7899400557855
7896230303676
7908013600886
7894222004006
7896226102429
7896679233886
7899768813686
7891058326005
7898941911836
7897571910486
7893249930312
7896658005190
7898556756310
7898650626915
7897595605191
7891153096476
7894916141147
7897076906786
7894222003061
7896653708720
7891035911804
17896061996846
7899852009995
7899785525319
7896020157526
7890541884480
7890282800565
7891150026162
3330000224692
7897832852142
7898562352216
7899753534640
7899790252118
7898270151927
7899527174126
9788533925267
7896279127172
7898567791218
7891313604145
7896054020988
7896902207943
6991221286042
7896014186211
7898157615009
7898362010019
7897076917782
7909107701281
7896000625243
7909690336518
4006381527743
7891045011877
7898132989361
7891485353025
7894494513251
7897609900526
7891027148843
7898906453388
7898671427997
27084819892
7791293025865
7891317014162
7897517913205
7899820800326
7897753695507
7898549341790
7909883210809
7898549345613
7898417965295
7898617521703
7909253152760
7899753556758
7896222720092
7891027105600
7898146825112
7898115901182
7898567790853
7896342906161
7896181903192
7891321035238
7891155033677
7896000670168
7896180300077
7894222006550
7898516892676
887961266924
7896054022388
7896699008860
75082833
7896042034867
7899706181730
7898549352482
7908083520299
7898002434519
731509990157
7896609548356
630509321971
7893299742750
7891350028874
7896965253307
7898212285468
7898458578829
7898647928831
4894290245960
7500435125475
7896484102780
7898499248132
7898516910660
7899755641476
7891321062418
7896342413843
7894187477273
7891027308926
7899455900597
7898301057105
27084993806
7891009829067
81802982
7891530598036
7501007454764
7896380604753
7622210566393
7896647073032
7896200704212
7896641804588
20250702003
7890541555533
7894494152801
7898664972305
7898636193516
8002135088917
7897252215015
7898506721832
7899788404048
7908209802667
7891033526314
7891224628728
7894298035669
7897571921161
7896033211352
070330433113
7898939752151
7894222009223
7899026424388
7897144602183
7899852002873
6941690723005
7891027128326
7896111997147
7897230305066
7899655023242
7898906453296
8595135530147
7898506258963
6931759212809
7891721202810
7897595631527
7896444604293
7908542617607
7896641808630
7896200702348
7909224537213
4005800084508
17894900504009
7899621100656
7896422505925
5903719640909
7899026421230
7899304809371
7908671603670
40060736
7893249046716
7898352910725
7898506256587
7898647925953
7891150103689
7899852021713
7896025538573
7896025540323
7891142201195
78972111001308
027084951127
7898661780774
7891485420666
7894222003955
7898225529597
7897947605053
7896658002328
7891317038656
7894222010243
7896013551720
7899850320993
7898636191420
7896572043032
7896714274676
7897386791720
7891027140991
7898416839269
7896699023764
020800600323
7890541544018
7908324404760
7896044901747
7896269901904
7896033232586
7896007543762
7896311760787
7896020691723
7898741530015
7896025516748
7899207525330
7896006215288
7896342413157
7898417963451
7898623243231
7898960330304
5010994954604
6985510019329
7899753556376
7896033202541
7896111952498
7896311777686
7899790909463
7898055421740
7908660200729
7892840817435
7891027130503
7895800305065
7896472521883
7896070601710
7898656682182
7896094906860
7899095205291
7896181905981
7908040487238
7894494183690
2010050091802
7898664976419
6931627000064
3723320036005
7897609900748
7891317127725
4894290622921
7898662452472
7891027124182
7899026408388
7898096577611
7897256220916
7896279101646
7897280352898
630509651900
7898962676240
7899640425204
7899069927266
7896007200382
7898403464306
7898483152087
7893249941073
7896647007372
7899755612636
7898613212919
7898040324728
746775080778
7899360234988
7898610377932
7501006704679
7908169007812
7898943560582
7891182880022
7890265252879
746775337735
7899455901962
7895265739474
7891253262108
7896222716149
7899547529616
7896326957967
7899026415461
7899055291005
7899014900313
7894187517030
7891027094638
7896042051055
7896676435108
4006381557924
6936308200450
7909342602510
7898610378885
7908209809833
7891142115775
7897517933197
070330351363
7908040486927
7896004753942
7890541017567
7898270152108
7891150043435
7898330228422
7896098810958
7891158028236
7896033244718
7900083011234
7908038604920
7891060894851
7894222037738
7893249666105
7891106904568
7896243101191
7891530405358
7500435000413
7891530341458
7891358491915
7622210562074
7899026494763
7896603801181
746775194789
7891150003156
7896033296410
3337875686471
7891027143985
7891058013417
7899783601985
7899207518929
090159312642
8902220105195
7891426310322
7898927160173
7891142143143
4005900991874
7892691922807
7899655033906
7896444605757
17891321064273
7896279129008
7506195114742
7898549373210
7898664970646
7896799983241
7891037144903
6941690723074
630509677771
731509608793
7896083409266
7899527157600
737052074436
7896902209374
7898419156806
7908077444884
7898211382731
887961018226
7891112002357
4902505511141
7898945746380
7898265325012
7909189317851
7898610370643
4895138730587
7899360215222
7898698740079
7898481400944
7896181909590
7896033241717
7896639603209
6952786896091
7908077446482
7898258621237
7909438030081
7896108569661
7890000034975
7896359003877
7899026408289
7899820802375
7897517903466
6560790002553
7892509073813
7898650621842
746775167189
7896181909613
7899753506173
7894494653223
7896714212678
7891010921194
7899455901207
7899806908046
7898556757096
7898283856369
7898410319958
7891010963484
4005808811212
4005808070015
7898650621545
7899655006467
8710103729969
7893249171500
7896261017290
7896004718439
7898506259359
7908289801031
7892509088220
7897572005426
7896132130158
7899852019062
7896658032585
7897684808113
7891035912207
884851029065
7898660592750
7900083001921
7898623243569
7908470002391
7898915801491
7891142145468
886112695712
7896737002027
7897832863353
7898007750027
7898166040342
7898265325043
7891224598090
7899360218766
7899455902983
4894290675972
7898548357563
7909438044620
7897185911350
7899360232106
7898374653723
7894916140089
7891008121827
7897076912312
7898144121704
7896644716253
7891317448950
4894290673893
7896213320140
7897933661506
7891321037768
7891027140878
7896226501239
7896965219006
4891453811000
7622210570390
7898079005728
7898002431549
7899655034507
7898566825181
3282770037098
7896644715737
9788506069516
7898632470291
7899026434974
5702051027597
7898198860284
7898100243150
7896714232973
7899808810965
7899753535609
7898412155967
0810508000743
7891321062302
7894970550008
7896042044002
7898168000184
7899806211719
7891530332470
7898532211666
7898283856024
078257574261
7898919447534
7896342906123
5702051041937
7893249155111
7896094908635
7896111906514
7897517912581
7899364811697
7894916372787
7891224983988
7896852625378
7896042070964
7890541555557
7898945562331
7898458572476
7891040216123
7897217404164
7891530449871
7891317412937
7896444604248
6925352211031
7896213309299
7896658005534
7891313088259
7898040322618
7899753551180
7894222038797
7899095220058
7898533223569
7896914011217
7899026426528
7908083513574
7899527199334
7898283857922
7891058999629
7896004710013
7891485424060
67897256244303
7891150048553
7896111974797
7898650622153
7899207532307
7896112101314
7896557308613
8902220105232
3154147472606
7893300522128
7898915932096
7899470804590
7896714205878
7899264309157
7896020164173
7897779816108
7898248392680
7898449826564
7898588329490
7896111954614
7898166040328
7898417963277
4894290633729
7896025525016
7896525094845
7891106000932
4894290653147
7897684808724
7891150102736
7898566510063
7898447979484
7891027115906
7898301059680
7898520948406
7909438041537
7898504396810
710058361120
7898589684499
7899850311366
6935291626681
7897517916930
7898629561919
7898949409823
7899755638216
7896004721644
0070341339527
7891485383695
7896422501507
7897595900517
11058298
7897947607859
7891301328121
7899852003085
7896111952450
7898656683486
7897237346017
7899264396331
7892840268640
7897947600713
7899753536859
7896004714448
7891219021640
7896279126779
7909510216716
7898258621268
7908016669057
7899640810321
7891317127794
7908346903883
6952786807417
8720689006651
7898312592930
7891027134204
7897807416126
7899744089289
5702051018595
7897832866330
7896042070377
7893249059006
0667524277853
7898935841651
7898660599858
7908458320585
7896023705205
7897254101248
7897947616806
7891000329672
7891027312213
7891108034096
7500435117845
7702018294794
7896111947777
7896111957226
7898970341222
7892840817046
7898405067475
7896497501846
7896279129312
7891182995818
887961526851
7897500545062
7896436906640
7897771300216
7891150008168
7891485414153
7896964614666
7898556752954
7891108030524
7896572037994
7899852002507
7898225525469
027084747010
7895800854082
7898405061107
746775150600
7899850353120
7896132130103
7898588320305
731509995558
7898502516807
7899264351439
7899850328470
7896472502622
7898567797289
7898258624603
7891055637920
7898302720251
7898610377857
7899304802334
7891313603964
7896207372087
7897185959239
7898258628076
7898481401187
7897294401650
7894222008431
7896004789828
7891106913362
7897322706320
7897517905569
7908169034085
7898506256143
7896261000155
4894290670977
6146590040720
7897186080222
8718483134441
7894222003788
6924466309450
7891301521799
7893299744334
7896422505345
7891058016623
7894298035805
7896497501907
7899852003139
7908020501435
7896001250710
7897851250141
7898422167998
7891224347759
7897144601711
7891027067090
7898958598778
8712400801546
17895800449704
7900083012415
7891060029222
7897027218807
7896013544289
7890541106520
7891027128517
7898567795049
7891224582198
7896771604249
7891010568764
6972038415559
7896025516090
7898179823093
7908470000212
7897595611437
7899026449688
7899069918974
7891024031384
7899250604006
7899527147342
7894222026916
194735022397
7896111994504
7891313603841
7896548198285
7898631551007
7908542612527
7898412974162
7896094202757
7891027152529
7896641808548
7890267080456
7896444606136
7898300572432
7896010170412
7891266689534
7899753553450
7896004725420
7891301301568
7896261009691
7896331709261
3282779391603
7506195126783
7898664973463
7899706119467
57869223
7897917000222
7896112182764
7891027129750
7896422508124
7898949256076
7890000318808
7896852627334
7891279231119
7892509103138
7897517927011
7897900317641
7896094211834
7891010039158
7891224583782
7898405067864
7891010047054
7898502540093
7894222008646
884851017628
7896964616318
7891045000987
7896444606426
7891027308872
7897027221067
7898300574269
7897517920845
7892005050585
7896044954552
7896132135443
7898588327496
7891027340742
7899850340847
7898608953360
7897517903503
7896279111294
7891055653302
7899069918943
7898303260640
7898078319338
7891321046876
7908040416771
7890541183880
7894222020075
7898225525957
7898631551885
7898945782630
7891027302344
7897185911954
7898078311462
7891485470753
70945584
7898447971334
7898096577109
7891106001571
7894222041315
7896025536593
7898960912036
7908013507758
3760080930280
7898911494185
3352817607550
7896006291732
070341341148
7501065910318
7896042070407
7899755643647
7908486121178
6934460631495
7896010100501
17891321320133
7891224677306
7896013501886
7898506256884
090159319566
4894290676511
7891045029070
7896111947883
7897476659930
7896676408485
7896004743059
7898008493367
7898650622290
7898741950226
7897832850773
7896004726298
7898954408125
7899026464117
7898319421929
7898448616272
7898610370087
7899706111423
7908040482752
6937897612075
7899653741674
7908422601023
7898125119683
7896054024320
887961382723
7896042088747
7896230301849
7898148301720
7891150037533
7891027087548
7896647028629
7898468503569
7894494687938
7896317900828
7891027143978
7896183303785
78925588
7898745130051
7898422745530
7899621105217
6920218908469
7897572003965
7896964619517
4894290626660
7891721016165
7896004752921
7899706188289
7893249174020
7898929261274
7898100265626
7898301058140
746775350178
7898040321345
7898395332652
7898417961105
7896321011251
7899753538884
7891150084803
7896000613332
7898632472240
7896965218559
7898225529580
7896013543657
5702051018335
6939184630526
7896444604453
7899466418909
7892840818203
7896036528303
4894095231724
7891155058304
7892509063463
7896326988459
7898970162810
7891137006637
7898608956187
7897832840576
7897076907608
7894494692000
7506195126776
7896004818597
7898221457320
7891033883103
7898617524261
7897947615403
7898994127635
3282770147438
7896548198162
7891321047125
7898430190940
7899658300463
7896112181729
7908040476461
7897386743385
7896965211765
7898277712480
7891485379490
7894916144650
7899613357921
7908346900691
7896000625212
7898258620018
7899663530855
887961767971
7896292253261
7899806207804
1000000022605
7898524346932
7898095343880
7896015517083
0722713013923
7896004708904
7899264399707
7899820812695
7908010142792
6968332407178
7896014191246
7896004700205
7896326946060
7896472518869
7899790927726
7899850313995
7908673906014
67894222030113
7891182993845
7896111945902
7898567791843
7899640425556
7908458324453
7909253128949
5010994708214
7909883126216
7501006717273
7899069915447
7899852012995
7908209808379
7891317043001
7896094903104
7898744782930
7891356070518
7896770902599
7895296096195
7891317462475
7899850345286
7908040467926
4051892002296
7899852002903
7898086992110
7898639381149
7899661704951
7899878302599
7509546003085
0618341019126
7891024158630
7899264335514
7896422506700
7898662451086
7896094208339
7899850367080
7897571921499
7891027006075
7898132988593
7891150024571
7899755634782
7898664975658
7896000625373
7896094200463
7897877703188
7891150080096
7898300572081
070330198722
7896004726427
7908148566439
7898158692238
7898283854440
7863415633064
7898212286595
7898631557184
7896226500591
7891350032369
7898300571695
7896004705644
7892840815172
7893249333014
7890541146359
7899670806264
7909690965510
7899852000862
7898453428945
7896647024232
7898662451918
7897013555473
7894916140140
7896647071915
7896671600938
884851033420
7891485420635
17896342911131
7896075709114
7612412429039
6952786891317
7898283857809
00122410058
7897512902013
7897517931094
7896025504394
7506195172537
7898636190782
7896111952078
7898956625179
7898556754422
7898933076918
7891194000012
7898509250803
7899785590317
7891150061545
7896422515672
7900083014211
7898368244654
7898258626423
630509458417
7896965254502
7896033221078
7898588324587
7896033201438
7896206400361
7898422168209
7898588322446
7891317007577
7891321045388
7896235352020
630509338757
7896004732626
7896359002221
7899753557632
7899850311991
3574660437270
7891000321669
7896279114042
7908239716774
9398756897250
7898903652418
7898666420439
7891033483198
7896015530167
7896523208473
5010994895068
7898524348899
7891010920739
7899583203716
6941690722336
7894916503686
7896212641918
7899069918929
7896083409174
7909224263143
7896460318648
7898723630863
7891150000261
7898292886197
7898282400662
7891317024468
7896359021574
7891360660200
7891150029712
7896497501686
7898502540017
7898300571657
7898506250776
7897252210508
7898447979033
7899850334136
9786556173276
7891182880121
7897595605146
7896042034300
7898144123357
7898915801590
731509993394
7897322709260
843956146671
7898595239355
7896212452514
7896647076903
7891224717576
7896819403186
9788533926950
7898528401705
7898608564313
7897144601780
7890541923035
7909883433208
7896479905792
7898932140351
7891182980036
7898623953550
7891331014469
7891051008564
7899026401136
7898947106014
887961812893
7898579483330
7896964623200
7898447971716
746775369491
4005808513529
7896317903997
7896444614056
7896033204927
7896004008998
7898555808546
7899008057443
7501065921673
7791293005362
7899755638933
7897744504849
7898525587327
7891485407636
7908013508496
7898157616389
7898506478194
7909883433215
7898330220341
4005800061554
7894222036168
7898610370513
7891182029742
7896714261072
7899360264411
7896020163558
7898216366323
7702045538663
60118325
7896647070147
7622210562081
7899026419032
7894222027241
7908371668498
7899806973822
7899753504582
7891027290979
7897517921651
7899527129270
7899547533132
7898483152308
7898430194368
7899808840085
7896020160205
7896112401926
9788557584952
7891266576773
7896279102650
7898623242456
7898562359420
7898458579543
7896737021011
7898595239324
11077688
27084994025
7899852018249
4894290623928
7894222010199
7898930508078
7898524349940
7908010112832
7898327454940
7896033280167
7898312570822
7896033202756
7898588087291
7899670808169
7908346900028
7894298065321
7898506256235
7891150018938
5010994978143
7891010691448
7891158000942
7896111913550
7898930060835
7896609546079
7891530354816
7898587270052
7898132987671
7898555807464
7908209802360
7891321068656
7898723632997
7896640428099
7898508120367
7898632475036
4894290042033
7899364800622
7891106915335
7891266523913
7897807422295
7891024178799
7899495703106
17898681350664
7892840222642
7898481402702
7899755646181
7896609550397
609963963232
3014260279288
7898417963253
7899808887981
7891301025495
7899527124374
7891634011028
7891266492431
0070341334959
7896639615141
7891150090491
7891232518127
7897595608673
7891010936921
7898662451857
7893249385938
7908083524105
7896098803820
7896279127165
63050942645
7891150026858
7898312606200
7898417961341
7896964614949
7891108035062
7791293051659
7896342914234
7896663302550
7898312781396
7896026120425
7890541720474
7897252263801
7898945458436
7891142982865
7896380602209
7896920301210
7899640804948
7908497404079
7899753527970
7899852010243
7897771307215
7896000613363
7896001281882
17891395012101
7898410313635
7891224366903
7896006212683
7896380606078
7898212287516
7896015530006
7897571991133
7891008209044
7891321332924
9788573981209
7898538970437
7908024913654
7896111958933
7908010141702
7898744785092
746775176334
4005808380763
6931627000712
7897832833011
7896609544204
7899621105194
7891060953978
7894916149044
7896112143383
7898420970859
7897386781745
7898040321079
7891360656203
7898419479585
7891279516018
7898481401026
7898549346252
7891485491840
7896112170297
7898100281091
7791293525327
7896251800543
7898155311248
7898422746186
7898570572200
7899619918300
7899785501696
7908077453848
7891321036020
7891027059460
7898671421346
7897517917500
7896699009287
7891224663804
7896326931226
7897771300315
7896640434533
7897517920470
7899706190923
7891010942120
7892953003664
7896024414915
7899413120626
7896497502188
7898369690115
7908013507611
7899751108874
7891321044025
7909438050652
7898928257094
9786555005868
17891321107710
7896033202060
7891356034084
7896235321521
7891721017520
7898952577458
7897256248019
7899852021737
7897185912302
7897237312111
7896036562338
17896342905567
630509314423
7898610373217
7897517932770
7891051029927
7898486471611
7896042065335
7448070304131
7890541106469
7898302728004
7897779672100
719346601863
5010994850821
7899588009221
7897476659367
7898662452526
7898919411429
7891317444921
7898133136382
00382903883387
7898447970917
7893249174129
7908083513024
7908209801486
7896112149521
7897500562397
7898212287394
7908334505785
7891321043264
7896004722498
7896326900468
7891040191017
7891530155833
7898075310369
5702051024152
7897216900070
7896000714213
7891485464530
7892680335069
7896054020278
7897316804278
7896004729886
7899753550077
7908274800261
7891721019104
7898225522406
7893249197555
7896800009854
7893249794051
7898542750964
6972858364662
7898405065433
7891033926107
7899572812134
7896033298612
7899632512066
7891530423093
7896422515085
7899583200890
7896227800898
025215961731
7894222020341
7898588324082
7899264304985
7898934966010
7899640804108
7898447970900
7899753502618
7897237332164
7898343701202
7898662452465
7899655046807
17891321044770
7890541132703
7898422745592
7896639641614
4977367556739
6924466309726
7897076912299
7894494615733
7897698210766
7898662450416
7896647001271
7897337716635
7896311730971
7891150060814
7898417969446
7891027147334
840646002651
6973094274241
7891485400620
7896025505636
7896326918104
6942449780034
7896464703587
7898633987545
7898644471538
5010994870904
7899026468139
7896033232081
7898132980825
7622202274558
6925352213066
7894222019802
7896025524941
7898562354432
7899620613836
7896013511328
7908289900239
7898542756805
7899806211726
7896006225454
7897917000390
7896004713748
7898037084901
7896497502225
630509454778
7898405064474
7896112464471
7897517927394
7896181922261
7894916143448
7898945746472
7908040420402
7908010135046
7894222020730
7899753537993
7899790904536
7898650621729
4005808749300
7898447979293
4005808323401
7895265700337
7896497501570
7899751108775
7898212281736
7896422515016
7896098812631
7896964619975
7891800666090
7896036526323
7894494667077
7908458332663
7898007677171
7896251801267
7891200009282
20326173
7891530569210
7891010880859
7898225525698
7898503182278
7899527121946
3326240006075
7896647007198
7898662451260
7899753551272
7909438008929
7898283855492
789131041468
7896965250740
7898662451604
7899652101844
78905047
7896211836261
7898589684406
7899455903997
7896094930001
7896980408485
4005900849861
7898078761922
7897027202172
7897930762473
7896222720047
4005808655069
7891106006330
7896609546277
7891317430146
7891224602865
7898132987121
7898481401071
7896004744018
7896359018635
7896843916881
7896006266006
78930780
7898405063156
7896422520195
7891058060336
80182702
7899852002521
7909107352476
7899310502105
7891350040067
7890265811687
7896737001037
7899026419520
7908040449526
7896852617274
7898925522300
7898589684819
630509760190
7896230303218
7898040924522
7898040923914
7898663740714
7899658304096
7891033851218
7898148648290
7890904101278
7897771301411
7896965214407
7896000713551
731509991901
7896033232395
7898636171668
7896054026645
7896438206205
7896004704098
7898414851713
7896004742793
4894290623324
7896326941980
7896484110174
7897876104436
7892509065849
7896061996351
7896111997710
6934460664202
7896033216753
7898352912576
7897771306515
7897217403044
4894290626264
7791293014951
7898590650216
7896647007181
7898108641682
7909342478450
6478905030592
7891010256135
7894494694899
7895800310069
7899026423848
7891224628735
8003670877301
7891027137670
7891224861248
7899308707796
7899753536866
4894290031440
9788557584945
7892840267346
7899014950578
7898588321746
7897008900301
7891150041462
7898447970634
5010994484828
7896116109361
7899753517414
7898587766524
7897771301510
7898917420645
3337875597319
7899790253948
7898488010801
7500435118514
7896839930501
7908046800246
7897930760882
0070341071861
7899852016924
7891224829231
7891301374227
7896852622308
7898452499786
6942138930313
7891360404903
7891530497094
7896341130802
7898306087459
8716900572807
7891150063952
7908542612398
7894222042411
3330000226559
7896004777634
7891027342999
7894222036298
75076818
7891027148782
7908209806016
7897424081929
7897230304731
7896852625385
7908066400129
7899706133005
7909438033761
7898549348966
7897316804858
7899852020464
7898741805953
7892953000526
7892953000748
7896211833062
7898211382946
7891010568757
7891530156960
7898950465184
7898567750642
7898481400159
7909438052564
7897256293897
7898067951297
7898696040508
7908169042790
7899207512903
7899852001647
7896111957493
11093343
7898413661481
17891321230203
7898417965783
7622210527837
8411061944684
7891224677320
7891350045307
7896094901193
7898623240322
7897779770103
7894222029085
7896033211079
7898588083811
7898647926110
7898658625507
7891104195340
7897230304434
7899753543536
7909253105568
7899026444591
7896111902875
7894222003979
7896422505239
7899026475250
7891000003299
7899753505770
7899753535357
7896321013651
7891150026766
7896014131433
3504105035624
7896444603494
7898216364367
7898430194634
7898741803997
7896033211406
7898903925284
7899527114672
7908209805514
7896006298311
7891530383953
7896000615619
7898532210607
7891150083530
7891350044928
7891027146542
7909438010601
7894916141796
7898483151431
7891321068854
7908010134759
7908040450935
7897517920791
3331432800300
7894222041773
7898300571428
7898248392840
7899852002880
7891010923242
7898671425788
7908458326167
7891150075429
630509360680
7897478400325
7908609044896
7896108009013
7898419464444
070330533349
7891266728080
7897595603319
7891234582164
6972858361326
7898503180618
7898417964304
7899753504445
7899250616474
7622300861186
7898556754774
4894290285218
7896094209541
7891114067262
7896671693954
7898151540710
7909690293750
7898671429007
619205194409
7899661776873
7896251801540
7898650623501
7898913756519
7898283818626
6952533321562
7891027233570
7891027359393
7898650626281
7899938600504
7896676419207
8429420280762
7896444604590
27084462388
6941001300055
7501065922762
7896647082775
7898934336233
7898935271045
7892509061926
7899790243444
7896647052266
7908077458690
7898910449100
7898225528446
7898212286816
6393612136118
7891010001629
7898567795827
7896025509856
7898416830372
7894916507752
7898567797135
3330000251100
7896422513746
7894494000621
6925187880570
7898596081960
7894916500074
7896021904921
090159390978
7897042010110
7898639380913
7896006290483
17899360222746
7891530374890
7891224907373
7898516910646
7908609044124
7898395332065
7891033932702
7896042024523
7897316805442
7898506258178
7899588010821
7896241286784
7896279106597
7891137000024
7891317137076
7898486474100
7898906005020
7899838820750
7898631556880
7898303262767
7898489510270
7898503180250
7898506254668
7896497504557
7898947386638
7891010255923
7896261403505
7898157237126
90159312802
7892520234354
7898312948676
00458122200005
7896025515086
7896006200918
7892509051446
7896112401384
7898488470384
7898588328318
81349012
7899026462687
746775143558
3014260806736
7898549371919
7895296099042
7891317015596
7896444604477
7891301509148
7891010250812
7899575902085
7891485418571
7898506256891
4894290626431
7896085812866
7897158722020
7891027340780
7899083127222
7897013522581
7897982200664
7898955019993
7898957474707
7899583200869
027084425611
7506195167878
7899264305104
7891033535224
7898567795803
7897698236865
7898934593933
7506195126813
7896212420629
7899264306156
7908458332755
7898352914112
7898225525223
7908458321988
7896253902184
7891027308216
7896637022897
7898452508556
7895155386108
7896150018490
7891027149666
7896251802950
7898460972929
7896000622891
7898961836553
7899655010839
7891027179571
7899755673972
7908077452476
7898417966759
7891266728233
7908083513284
7898560610622
7896004709710
7898599216192
7900083015720
7899852015552
7908103765594
7899882304435
7899264376852
7896042027593
7896112406488
7896112160915
7891360458814
7898420977575
7899026459007
7908209805774
4897019235594
731509994582
7896004715698
7898503180281
7898915802207
7896023737480
7898078317532
7908470027158
7897237348806
7891317469283
7896116101426
7898671425368
4894290653291
7898939082555
7899852014050
4005900075536
7891183026672
7908161700544
7899852022338
7891150050075
7896927483377
7898605330379
7898632474879
7894222021683
7896132134439
7896326980439
7892840223243
7896010174076
7909438045269
7891721017261
7501054550211
7891313610160
887961324969
7896916710378
7898405065563
7891266728134
7898650626052
7896025527898
7896027551020
7898915764147
4895138782302
7898608953797
7898189789501
7896036564547
7898591459511
025215961724
731509994797
7898656685244
7908169003456
5010994824693
27891253104815
7891024114780
7896089011470
7899588008033
7909438039831
7898633987552
7898542771846
7894494127885
7898632474732
7896025502543
7896025507999
7891150037861
7897517917654
7898943707000
7891183025088
17891321038007
17891321332914
4894290031457
7898503182148
7894383027470
7891301506277
7891010040024
7896206403539
7899069903123
4894290250742
7897595634146
7898967919007
7908040477161
7898172345318
3414206006914
7894494152948
7896422509794
7896025543140
7897230305240
6925187865034
7891106912853
7898549368209
7899055273711
7899878302582
7908169016425
7892840815745
7891027359294
3355991002302
7898932099468
7909438027012
7898516938947
7896885202904
7894494650543
7899207519568
7898468856665
7899820801941
7909438029320
7622202280689
7891266689626
7896033241168
7899838813646
7898932140047
7894222038773
7894916141413
7890541884404
7890541662217
7891055501528
7899621109086
7898961050256
7899706132084
7897322700441
7896211840435
7898623955547
7891313605098
7898488010290
7898610370933
4894290676740
5702051021359
7898555807358
7899621105897
7891058013318
7896269621147
7896235350026
7898301055729
650240031328
7897027202141
7898481401286
7908169028916
7896044998792
7791293990637
7891000003142
7898032594085
7891150065468
7896902200494
7899753542010
7890541106766
7891025113102
7897930779112
7899621103558
7898468860501
7896181918561
7891051029811
5702051048103
7896382703331
7898936050106
7896523202525
7899755654896
7899850329590
7898666420378
7891951041241
7899527100118
7898937360822
7896004714936
7909224285596
7898549354738
7982663596560
7896049508224
7896033202510
7899753535005
7896639602189
7898945443142
7891313610283
7897027219996
7898664630823
7898503185330
7898631550536
7896658028649
7891150014084
7896015593223
7896027555974
7891027285494
7896008981891
7897076910554
7896641804830
7896964620933
7899110634846
7899930900442
7909342612113
7896000627636
7896006201021
7896020163091
7898623951563
7897054517034
7898944524491
7908010120264
7897595601766
7891024034804
7908470009727
7891485277253
7898085943854
7899790245295
7890541636560
7891691087240
4005808311286
7897185971415
7891033586394
7891485420529
7897186064369
7896004721590
7890026903170
7897731122032
7891224582082
7898288552396
7899304809395
7894916502351
7894222029092
7891485413354
7896331703726
7894222004662
7891183014297
7891401015471
7898699845230
7898906376250
7898458571028
7898760940932
7899207521745
7899753559148
7896676433425
7896965252607
7898940448579
7896006213093
7891106912761
7898906376106
7896116114051
7892607256385
7898225522413
7898524347588
7899527100941
7908044743576
7891691004285
7897547711505
7896525093602
7891530582448
7795323000617
7898944074477
7897900314381
7898556756709
7899264365597
7896033231091
7898148291267
7900083007930
7891000248829
7908216102392
7899360263940
7896013513056
7896326996751
7795320008814
7898925879527
7899026492509
7908040492188
7894916508285
7896004734699
7908371673522
7896676406436
7896235354086
7891010927622
7898605222728
7898483152094
7898610370605
7899083126591
7897020208041
7899620607989
7896852617571
7891317011468
7896042088228
7908422600552
7898244721026
7899753540948
7909224530306
7891301505829
7898662451062
7896000617439
7898965535476
7894650079027
7894916141604
7891232253226
7898157616303
7509546673202
6220174036009
7896000625793
7908542612442
7622300847807
780011891049
7891027357061
7899083119616
7896647084328
7898601575965
7898212286625
7899527138531
7891232392055
7896206407308
7891027153595
7896639641607
7898623950023
7896422504713
7890904101032
7908077453763
7896647030325
7890541146298
7896173100240
7908458336425
7898632471267
7896027532104
3352817606256
4894290633255
7894494127854
7896699007016
7909690965602
7891040216093
9786556582917
7898663741520
3014260807078
6972858362828
7896965214100
7908040493260
7898910095352
7898617520850
7898605222261
7896714205854
7900083011227
070330198746
7908209809086
7898158690777
7895155242497
7899619915750
7896004725260
7908082302810
7898610377024
7908448006291
3243659931098
5702051009548
7908077452230
7896150001751
7898542891643
5702157141968
7897181911293
7908040449830
7898521378110
7899420506369
7898132984885
5702051023056
7890541013569
7898524344808
7898506256174
9786555005875
7899753541839
609963963355
7891485382292
7892509058094
6946438681364
4894290252371
7891027281885
7896422507943
021105682106
7896644728676
7898965535506
4894095307078
5601229859834
7899621102537
7898765331308
7897844204212
7896094924659
896322002194
7898064924010
7898254114788
9788538098515
746775132705
7896902210790
7897013565489
6941690723392
7897795010405
7899026471757
5959817572338
7898994532934
7899026423039
7896108004162
7896637028202
7897013534188
7891027070113
7898671425436
7898449393608
7896004731315
17891321041885
7891232515218
7898289786417
7898664978888
7898617524292
7898179823284
7896737013047
7898610375198
7898631556637
7899588007272
7896609550434
731509999556
7896902202481
7891350040074
7896852621677
7897517903565
9788543223292
7891033793778
7899852000435
7891155042891
7896347109253
630509806768
7898048030041
6920897726392
7898452230228
7896644715867
7899850345330
7891485419486
7795323000198
7891530426605
7891224986293
7896418822029
7898646546579
7896111958858
4894290636027
7896885206070
7894494115998
7890026033938
7899264352016
7899527124718
7899679002858
7899838803319
7702018025053
7899360204691
7898481573488
3337872414107
7895296254014
7898639380616
7622210696939
7891045008402
7899653202021
7899233793246
7896326998410
7898566829639
7896036522615
7891060951370
4894290231048
7896026300322
7897975037031
7899207522339
7896934401661
8429420118546
7896647028278
7898966463501
7896063285057
7898945780025
7894222042633
7891027148324
7909690369103
887961205756
4894095170542
7896033211062
7894494550676
7898416839276
7899640809165
7891321102107
7891027291051
7891317003104
7908346903890
8903908000160
7891045001021
7896640435745
7891027081973
7894164005420
7897517932183
714289114975
7898414852048
7908422600996
7898555808416
7898741805984
7898910350758
7982663510139
885911075213
7896112414247
5010994792992
7897476654096
7506195100950
7896603803116
7891232135911
7897256221944
746775194444
7898639305718
7897517913397
7898567750703
7891360502098
7898405067710
7896000717313
7891033928927
7891350044942
7895155489908
7896737011036
7896885202829
7897185911398
7896111957530
7894916502764
7897386799160
7899753531731
7896111945872
7897930763302
0618341019201
7909224805398
7898610373101
7896013543992
6934460641326
7894391053249
7898958400217
7899632511168
7908209802537
17896004011667
7891182036733
7895612345013
7896359036851
7898378035884
6920897737657
7900083016123
7896181914167
7898330223762
7896964619944
7898300571268
6941690789445
7898109240532
7896094208773
7896369163790
7898610370469
7896007544189
7893249930190
7908209804579
7898157306136
7897517919979
7898582680399
7898902505449
7896982901557
7898925522720
7896004726472
7898928577529
7896033241151
7897446000281
7899706129565
7896023727924
7896279112499
7898945563918
7898080990037
7896484101387
7898632810103
7891010038946
7896098904695
7891266255074
7892840817213
7896852615324
6988268482643
7898589682983
7897780202587
7908134200736
7896082900252
7896497501617
7897076906038
9788537644294
18957181
4005808999859
7894494669811
7898135701526
7896132121927
7897900312516
7896015530174
7891000022092
7898502513905
7891360562962
49932631494
7891313297552
7898639380104
7896004743523
7892509093699
4897019237048
7622300736484
7896150019510
7896115702037
7898650626229
0070341351123
7898593051140
7896112114390
7891268117004
6851916612801
7898644472030
7892509066464
7897807424862
7894222019956
7898925879268
7896230304420
7899217924086
7896448110523
7896065860719
7891317421830
8411061251805
17891321230456
17896004006281
7891253200261
6931759233422
7899527138869
7899264317398
7892687812327
7898422745578
7891027338985
7896001281806
7896211806356
7891033793723
7896000613271
7893249167060
7891027340421
7896181905868
7897930762077
7896033232593
7899572806751
7908209802353
7501006717266
7899753520247
7898566291870
7896111947913
7908209810181
7898608956200
7891360605911
7898283859070
7898947387260
5901832066071
7891027150730
7896000628107
7896111942062
7898506256167
7899753528045
7898422167806
7896902402966
7897476618111
0789888134686
7898647924161
7899621100342
7898431492890
7897169221802
7896342450008
7891182991919
7891485400828
7898417964960
7898524344372
7898582290178
7891150032255
7891010500009
7896730900214
3433422409125
7896004734545
7898941767242
7891010034979
7896033221177
7898096311062
7899026463752
7899050621593
7893454040769
7899753554983
7898935271274
17896914011214
7891010588847
8002135088382
7898588326864
7890541547880
7897076911131
7908458316779
7898212281477
7909438042053
7896472508143
7898472262711
78997256275000
7908346900226
7896044942023
7897386781219
7891530137693
7898078313701
78929371
7908083523849
7891155025344
7899753531724
7896114302399
7506195182680
7892509201230
7897595900531
7898516929167
7898927356224
7896033201858
7622202256684
7898644470623
7896004707198
7897517907556
7896331707557
7896444603951
7891027305550
7892597341122
7898658622476
7891313287553
7891360659891
7896509955230
4893888172152
7891151033169
7896331703719
7894916145541
6958902005002
7896067221891
7501001168797
7899779010852
7899850337298
7909883433284
3457460203361
7893189780046
7894650937709
7896572012953
7896380606658
7899753534213
7891485420147
7896012878507
7908040420587
7896004714776
7896132131247
7899655045824
7892840817442
7891239000229
7898048980018
7894222037981
7896448190709
7896004708058
7896852611555
13561001
7898126404160
7896965211451
7891027105907
7891027036164
7896036521731
7896444609588
7891055671726
7899753544588
7898623240339
7898632475005
7896422503600
7891150088641
7891137000055
7896094208728
7898302722408
7892509058834
7896111978757
7896639602868
7896075760399
27084929416
7894494687549
7898352914228
7898504390641
7898258623927
7898588323887
7898949409601
7908209809208
7896484100717
7891055687628
7894298020405
7891027129668
7896112448679
7896400507293
7897779714107
7898662450669
7891721104923
7896927443463
7898591453410
7899495704332
7894916146807
7899655033142
7896964626324
7898100212750
7896658020995
7898724571356
7509546688091
11011699
7898581081081
7896000627100
7898078311431
7898724573077
7894494668739
7891301003110
7898283816561
7896658006845
7896438510463
7898149186616
6934460631365
7896964616042
7899706185080
7898472268249
7896422517621
78950030
7898698743377
789600917865
7899091415618
7899509700145
7897476600642
7899674035332
7891027136017
7894970000428
7896132130028
7908083527168
7896269900365
7896575101470
7896927469920
7897476657653
7896094927834
7897322704999
7896964625129
7896004748894
7891060836189
7899069902294
7891232971755
7891150042773
7898302727854
8712400771566
7898593050402
7898405062357
7899852013848
7899984402282
7896014148844
7898410310344
7896964620919
7891033524181
7896658003981
7908040493024
7898503180557
7891334517127
7899360264350
7897655405075
7898928577536
7896191218026
7896033201346
7896004726267
7897807416003
7898940257232
7898008550251
7899852022505
7890541884220
7896036564646
7908077445324
7896902286207
7891224663873
7891350042559
7896800011710
7896255762618
7898671424958
7891721022920
7909438035697
17896012880002
7896111956731
2013070940198
7896603846366
7896640411114
7894494615993
7892509064491
7897947612754
7898312604404
7899753551203
7908209810327
7908169028572
731509535754
7896111988640
7896251804909
7898623240858
7896094914414
7897664168237
7898610372593
7891182991933
027084645330
7899706161947
7891219031830
7898144120516
7892509065962
7896658025136
7908458320592
7898588326062
746775055950
7891010504038
7899360217844
7909690336501
7896000714022
7898594911184
7908660200651
7898588081343
7908209807150
7896013548454
7898460972998
7897930750166
7898965666583
7896015523848
7897500513818
7891142143068
7899783600148
7896183317034
7898412973684
7896004708607
7891232972028
7896902201255
7891023542447
5016003766909
7896982903070
7898472262490
7899753501949
7891219026782
7891350044867
7898503183350
7896036526514
7898610370254
7896908220045
7894494585852
7896342916702
7897517912000
7896261006003
7898417962737
7898483150267
7896658039201
7908497413552
7898599213603
7899740666286
7898130550013
7898595239317
7897698211213
7899640803927
7896033211017
7890541025104
7896004703619
7896036560464
7897877702112
7897982201234
7896771600449
7891485442323
7898631551618
7896226102900
7908209805866
7891317021702
7896000617620
7899753527468
7897930777620
7894916140744
887961370935
7898588329179
7898943477200
7908020503354
7891485431082
7891024174180
7898449394360
7891232139452
7891027147358
7891075080218
7909690794639
7896647030011
7898503180649
7898671060071
7896010174045
7896020677017
7898040321208
7898723631761
7908609044445
7898671424286
7908216101791
7909253123593
7894222008295
746775305994
8692952013997
7898476326716
7899420505423
7891027314231
7897705201008
7893299740077
7890541813909
7892940000201
7896744811803
7896013503279
7891150026704
7894900509700
7702018013326
7898083109511
4894290653796
7898770683164
630509453023
7908083512645
7891150017887
7896952530848
7897386750703
7898639382252
4894290255082
7898915801040
7899031566493
7892687813355
7908216102958
7899264326819
7896009490545
070330429628
7899014963783
7891035913136
7897013553455
7898569380533
7891024142240
7899572813131
7898610370506
7896112400028
7898567796756
630509359080
6931759212137
7892840823764
7908040450867
7899820812930
0070341335932
7897779701008
7898490057801
7894222002552
7897609900519
7898942771019
7891317016012
11073222
7893249212791
7898079002864
78922709
6932159609381
7896818201028
7897476660035
7891150002395
7891485386689
3151145347555
3423470471427
7448070305848
7898481400203
7898520937820
7891150003231
7899360267009
7896011707464
7897375911115
7891313086156
7896065860016
7899588009436
7898944073180
7896326958025
7897280315619
7898920082090
7897337714495
7896015563059
7899852018140
7899820800784
7896111956274
17891321103866
7896211823483
7898322523306
7892840818425
7896004774237
7899572807475
7896438206090
7899852022437
7898741806479
8902105888502
7891239025888
7899583202443
6898446410330
4894290652720
7899650110718
7896644701969
7899753536484
7908609044841
7896181901419
7898405063705
7899852013831
7891321047392
7891485439002
0043917963556
7898225523595
7908458334032
7891010034870
7896000613707
7891253207871
7896033212113
7891360677161
7898352912699
731509993097
7898371083301
7898417963024
7896497502539
7898286940676
7897930762756
7899655041505
7891224875443
7899205955511
6934460665216
7899852014494
7896044960058
7896523207360
7896004728858
7896033234009
7896213131319
731509994544
7899455910094
7896222720535
7899820800975
7898212288506
7898549369466
7896311770755
7895858014957
746775170806
7896422516174
7891150013063
7898405063958
7909253130621
7898452520268
67897256263755
7810540166578
7896116110688
7899820801880
7898505869184
7908083513048
7909342632128
7899205916536
7891321046821
737412900016
7896014123889
7896647043523
7890541547774
7899430100038
7898074618190
7896033241533
7896331701869
7899838847665
27908216131631
7896852618066
7897807422219
7898417965578
7899753540054
27084816525
7898506726493
887961037364
7896094902763
7897517934200
7891530290138
7908077403201
7898567791393
7891027304904
7891317020552
7841881033885
6851127612997
7896422506830
7891010248796
7898608950277
7891153096919
7896111998069
7909883416607
7898048200079
7898078317914
7896004704173
7898504389812
7898483152100
8994710009083
6877159112861
4210201213079
6972858365928
7898487297258
7909438009308
7891010031637
7891153011844
3474370300829
7896025507432
7896098803776
7891010906887
7899783602371
7898698740413
7896112403036
7892840818012
7898567791782
7896111956397
3454090003439
7891634250632
7898681320783
735201084206
7909253145809
7891530384134
7896181921547
7898650621484
7896079813138
7898647920767
7892940000218
7899852015682
7898698744732
7891224575107
7898225525490
7891058016173
7896111993002
7898664973326
7898934930745
7896658016479
7891360653509
7896025521216
7899621100021
7908209804937
8710103779834
6971383635469
7891360635031
7897779723109
7898405067598
7896444601261
789026313072
4902505343568
7896908210091
7891027332792
7894494689048
7896594833345
7899026401327
8710103989325
7909107909045
7891033496839
7896041997743
7898741800439
7891024035207
7899069908623
7891153073064
7891183024395
7898639790620
7899095202825
7891321044490
353885771504
7898447979316
7896016104947
7506309866857
7891239026830
7908458326082
7897185911404
070330423275
6934460669207
7891232492076
7896033207126
7896279119443
887961216936
7899850324342
7899226934946
7898021632422
7909690270751
7897990800016
7891010257019
7899753550619
7891224983810
7899706180962
8902220116177
7897517907440
7898503186191
7898582680146
7896000724571
7891058017736
7896444614650
7896261011908
7896647079973
7898040324179
7898417965585
7899264316698
7891027319717
7898460972981
731509992878
7891150047297
7898932136231
7895717039732
7908470026588
7898503180564
7893454136998
7896004734347
7896007510856
7899755648260
7891485419462
7891024041987
7891485393458
7899790905649
7899069919988
7898919603190
4894290632821
7898723633000
4005900455901
7894222003030
7898556752473
7898148647439
7896800010690
7896018702790
7899753540931
17896012879983
7899621104593
7898960330441
7784130323316
7896326946091
7506295320869
7501006731132
7908371662830
7909342452016
7899527128556
7898523201980
7891321037379
7897975050733
7899850302487
7894916140171
7898102362705
7896676438253
7896010173024
7891313612416
7898078761861
7891182039444
7898911308147
7891224506569
7896639600284
606529148270
7894222026404
7898490165032
7898945746694
7898125116293
7896647050200
5010994850937
7897609900045
7898662453004
7898610377239
7898549367721
7896637017046
7896212450121
7898960813876
7898197934498
7897572006263
7501001169107
7891158027581
17891321320157
7891010917456
7898222833260
7908209801936
7896002911467
7899852001494
7893249084640
7891360584179
7898508020025
7898101640330
7891485420246
7898656684865
7897476672519
7892840253240
78934146
7899527136315
7898566290194
7897027207313
7898967642004
7891224717552
7899820801866
7896317900316
78945494
7891150083196
7909883168742
7896015526382
7898265325104
7898447971358
7898419474863
7892840817121
7896111917688
7896253900128
7898040323813
7898272520103
7898283815328
7622300846794
7622210573445
7896115704093
7898920399143
7899551301673
7896444210630
7892840267247
7896191294693
7898620106041
7898906450486
7898925521327
7896647041642
7891142153456
7891721024481
5010993405305
7891108030968
7500435004565
7896004727240
7898048006015
7898414851720
7896380600656
7891313772806
7898664976204
7898925522553
7909224285589
7908040428842
7896027200928
7896033240628
7899655007341
7896000614384
5702051044815
6900002520718
7898664632520
7908985905040
7891224835966
30070341334950
7891232970291
7898414850877
7896226500973
7898610372449
7896750403849
7899621107990
7899852023205
7896422525947
7898610374054
7896004709925
4005808555376
731509585650
7896000623898
7898078317167
7894494481772
7899250604785
7908016619465
7898570574563
7898927355739
7899207517052
7896036541357
7896603805158
7896235355014
7896572039639
7896380605590
7908458335831
4894290631671
7898516899040
7896033202039
7896235320418
7896317901757
7898078761564
7898125110734
7896554837994
3331432800201
7899205914525
7896637029117
7896112129462
7896444210821
7898225523090
7899852004150
7896094917422
6506079868434
746775050894
6926168014182
6924466308750
7891485423308
7897316805480
7898064924300
7896952563303
7898225527074
7898629561940
7898632810134
7896647039625
7896112410447
7898589684413
7898951747098
7891317010218
7899026400870
7898569380724
7891485424206
7900083001846
7899621100274
8718117604425
7898594910194
7899264302653
7898048028017
7898059218889
7899753501253
7896004725383
7898172862891
7898915802269
5702051034441
7897832855792
7899026423336
7899650103284
4894095609530
7890541013675
7891360653059
7891350032710
7894916503501
7897185931075
7909690293781
7899852001340
7896004716305
7891024115855
7897256221876
7897571921543
7896004750682
7896112160175
7897230304755
887961527384
884851006806
7897982202088
7897517906719
7892509066693
7898170657079
7898294072086
7899360218421
7899527121526
7899264391770
7896132133128
7898417964045
7622210885760
7899509701913
7899640804023
7898939072709
7896212429660
7899753549453
6920218907424
6925625412912
7500435004558
7891356036729
7896013500384
746775178765
7898539392122
7891010013318
7891485308360
27084954593
7891142143457
7898468860372
7896026300469
7897517930592
7899898404778
7898569764753
7896658011580
7896000614315
7798099240973
4897019237161
7908077435318
2011050307559
7896658029035
7897256241966
7899207551056
7896111997697
7898483152155
7500435226943
7896523211268
896322002217
6906020600395
7894916510325
7897982205409
7898516933317
7891485339395
7896964620612
7908458318018
7896380603602
7899663514312
7896036548219
6952786806229
7896094207523
7896422512572
7891010586461
7898412973646
7896342436231
7899768065511
7896641805653
7909690369059
7899621109116
7891338701409
7898501385077
7896603847165
7898567795629
7896004726557
40063813333948
7898312948782
4005808305964
4894290678607
7891266824027
7898569766610
7898664975245
5023117591204
7898949409571
7898420971610
7909438009254
8902220109551
7891055621608
7896033203166
7896042077710
7896094902688
7908161713797
7909549206634
79656546255
7891033940578
7899583201682
7908083520169
0722713013985
7892509069793
7912150214110
7891010256715
7896112103370
78926547
7896852615775
7896111952238
7898048031789
7898488599696
7891150040328
4894290250780
7897424003112
7898312567518
7896843930221
7896013552802
7898301051141
7896525096696
7898395331334
735201084015
7898944075276
7896683201055
7891027137984
7898395334069
7898760940734
7896181906193
7898903925291
7898146826768
7898698744688
7896647080511
7897386791850
7896422500265
7898283856161
7898943565341
7898085943809
7896020163114
7891027134853
7898258620025
7896132133142
7896444603517
7899755646136
7899852019154
17891321334017
7898078316504
7899055272516
7897322710860
1234500054365
7898623240841
7896525089308
7899852001784
7896112101567
7898623241732
7896479930114
7841764051050
7896479945682
7898352912781
7896004742168
7898452173280
5702051100733
7897517928087
7899095260566
7891158101830
7891224582211
5702051101990
4894290301789
7897513920009
7898533228045
7898925522171
7893454113418
3126170084651
7898698742561
7898483150625
7891224628773
7896004706221
7896965253840
7898741804666
7891485440060
7909690466895
7896737105902
7891150055926
7891183015416
7899621103701
7891027114572
7896025520066
7891183031744
7896042085708
7896438202948
7896438206014
7891317000189
0656079893861
7891051015210
7899655041512
7899304806189
7897237311329
7896004721828
7908470016633
4894290636447
6934460601184
656079671919
6932159606113
7908209804425
7891104193643
7896839935001
7908785412434
7898595270266
7909690029625
6972547652636
7896004725703
7896261002067
7897832875530
7899753551357
7896965211062
7899031508752
7891150029248
7896001250819
7891027144531
7898440893398
7899488100042
7896111913901
3282770390513
7896064486149
7898664633299
7898420981374
7893353210010
7896292214200
7899806974416
7896206425869
27908470004818
7891033568130
7896026301367
7891010046927
7891268103175
7896699010009
7898497308258
887961747362
7909438012278
7896000628121
7896132132954
6952786806298
7896342447183
7897840306002
7895265212441
7898631550352
7897655401398
7891772150719
7898587273817
7898970341604
7899207532536
7891142981394
887961030549
7891058003685
7898671424743
7899850339599
7894222026909
7896235353935
7897779710109
7898283853757
7899850310901
2100002021367
7908376801272
7896112427735
7899440956106
7898021631319
7891055637623
7896013506287
7898949149675
7899838830278
7891158000317
7890000039314
7896777948859
7622300858797
7896261403475
7891317488550
7896138607609
7898027870248
7898555805330
7898126403477
7891485400637
7898562610569
7897840305432
7908209811454
7899753533445
4894290301901
7908209805606
7898939752014
7896025524965
7898395333130
7891045043083
7899031593567
7896181928836
7898283853405
7898468854807
7898573292686
7896094200494
7896181929178
7891224933037
7898516920188
7898562352841
7898965463205
7899527120437
7908169032098
7893249404424
7891010041441
7897655100413
7891033471775
7898593050877
7898631550505
0070341370827
7891350037166
7896000712844
7898350882925
7891800002027
7896641812927
7899779009801
7909342595140
7891024102213
7898079000419
7891951041203
6898446428120
7897517917371
7896472521869
7897042020188
7898562619906
6920897703522
7896042070926
7896061996849
7898506259755
7899026415478
7899264336344
7899640808441
7891239026410
7896000660855
7898009432594
7896027551433
7891024123010
7898078319871
7622300989620
7898661681316
7899882304466
7899547513042
7890541822598
7891485398200
7898567793557
7891485367114
7898593050488
8411061081167
7898040320836
7898513533985
5010994545321
7898292888788
7900083017465
7898170657031
7898441466133
7898934596071
3330000229093
7898158690616
7898647928800
7898681350667
8690515216717
7891530441417
7506309866901
3454090002920
7896647028933
7896111978399
7898617740012
7898662451345
7899852003474
7899864416972
070330509078
7891321334027
7896015556990
7896090403233
7896111997024
7897316801635
7898588329261
7891010591014
7898906005099
7891485402457
090159319450
4905524919745
7899310581384
7908077466602
7898610377628
7891224677184
7908040450065
7891024026441
7897144600561
7898699845926
7897517903190
714289112155
9212815013385
7897013548338
7891027339005
7896132126885
7896020162735
630509389643
17898504393007
7898958060992
736532021861
884851006813
7896006219538
7891268104721
7896222720566
7897705202678
7896658021183
7898675500160
9990003099587
7896647031858
7892509068321
7896111908488
5010994735111
7891317029982
7896004803579
7896230302891
7898417966834
7898212285314
7896033233798
7898532878029
7891268405118
7896414349841
7898405064276
6924466305995
7894222010809
7896000713483
7898671425344
7892840816346
7896843922226
7897386763000
7898504392164
7897230302560
7896000615114
7898952577083
7898650621521
7898447970931
7896085813399
7893454101217
7891027151157
7896025525511
7896965213035
7891224517121
7898524349551
7899676810364
7908141503875
7899984566236
7891035655203
7896000715326
7899753532233
7896116112262
7891266815766
7896112401728
7898283856031
7896779620623
7896004727455
7898947386966
7898079000310
7896609548394
7891268100761
7897530100996
7899207582944
7896326916759
7908040425742
7896444603838
00457245140003
7899320355210
7898617523097
7896799952698
7908038604463
3121040049822
17891321220167
7896036526613
7898283853498
7908013507130
7896132134033
7898556850643
7896013545736
7891360680222
7896112196846
7891158101755
7896609542880
7896015557096
7896261005198
7896737020014
656079671308
7896004720746
7896006210719
7897076910868
7899701871179
7896004704692
7896311730520
3386460028448
7891150067516
7896699009928
7897930760127
7891017019115
7892953209400
7896004721279
7896916782269
7898170655051
7890265543557
7892509056885
7448070304216
7896132113083
7896112426189
7896572013523
737052074597
7898343701318
7899779007289
7896014187454
7898569764517
7896025538672
7896004711225
7899806218381
7896622304106
7891331014834
7897322701752
7899455902907
7898925521112
7896647080054
7894222020945
7898650623839
7898623954281
7898638349843
7896359000302
7891024036112
7896744849202
7898636193301
7896020164098
7898671429458
7894916143004
7895155500795
4005808257577
7896004716275
637294778195
7897835700242
7891800365665
7898656160710
7896111958629
7908077456092
7897655400230
7503002943281
7898392252533
7898170656003
7899091481507
7891024035535
7891027118884
7896279102407
7898312947723
75054441
7891150037656
7622300847760
7896027557565
7892840818784
7897780212920
630509266135
7899026417267
7501001287115
7501078270638
7896676436266
7896211840138
7896707342221
7896653707815
7896658003691
7891183016000
7896637033992
5601229858516
7896004805238
78906617
7899455900743
7897851220076
7896644707374
17898681350015
7896965247351
4894290281661
7791293033310
3330000260393
7891010001612
7894494727917
7898965463021
7891239010716
7891058001544
7898265324671
8692952003080
7899572809820
7897230302782
7908458334049
7898563360180
7898484048389
5702051017505
7908209804784
7894916515641
7896326950234
7898265324220
7896438205055
7909690448631
7890541146342
7896639601878
6821666526734
7898447978203
7899850319454
7898662450355
7898945453844
0070341707210
7899026459281
7506295316497
7891040141418
7896004725987
4895138785266
7891473015256
7891224671458
7896094201538
7896658005251
7898289786400
7897386757283
7898566291856
7899956866579
7896290401756
7896000614728
7897054518024
7896641804823
7899820800272
7898566510537
8003630020723
8902220114722
7898657691138
7899621105316
7899701871797
7891182996303
7898631554954
7896676432886
7896112128762
7896111992654
7898970162582
7896676439441
8903855081465
6934766408593
7898587762878
7898703030645
7898283815090
7899310585955
7908228801993
7908512700933
7898283857847
7896497501969
7898549369459
887961048292
7899264327397
7899788409579
9786556580272
7899264301076
7897237313958
6015609358395
7896852615782
6925187871103
7897230304670
7908216108264
7898481400319
7896111913802
7898567795353
7893249155364
7898664975849
7908040449588
7898002431754
7899706129589
7898935462108
7897517925345
7897947611764
7891360666332
7898664975269
7895800816387
7897476658032
7891150030763
4894290238238
7891027151355
7899621104357
7898928577697
7896279114370
7898481578100
7899069901327
7898283858288
7897877700019
8692952004070
7891317143084
7896885204038
7898417963383
4006381492416
7899091402847
7908040481465
7898671424798
7909438067209
7898012490192
7896026307277
7898608951854
4006381438544
7908470007266
7896013572671
7899753533384
7908470009208
6952786803310
7898729850333
7702045538649
7896049502611
7891055635308
7898608959294
7898158691934
7899753557458
7506306417656
7894916508292
7891150049604
7898903652357
7908083510061
7897294402893
7896444614438
7896336005832
7891010031350
7896658033643
7891321039175
7897947612051
7896006298601
7898283859063
7891142136923
7898524347052
7898566518823
7898915801019
7896422508049
7898074614109
7899620911352
7896902204423
7898650625567
7899768064620
7506295384632
7898096577673
7909690467038
7896331703573
7891027129729
7891212124027
7891266815797
7896902205390
7898198860741
7891266541672
7898671424736
6900006249332
7891224480340
7896036548868
7909690336365
7898503182162
7900083019872
7891224986347
7908013600923
7898302727526
7908169022532
7896075711780
7894916341318
7896676412192
7894494593581
7891150025813
7896115704475
7908077452483
7891331203856
7891055691120
7891301369872
7897517920722
7898631557900
7899613360129
7896132133500
7898031310730
7909438042657
7897042020737
7898542756829
7896342450435
3282779402941
4902505322815
7898533227154
7898588326222
7891321035037
7896326910337
7897595901781
7898212280999
7898486489203
3330000244157
7891224660599
7898312579801
7898610375501
7898650621644
7898312571362
7898910451806
7898265325630
7898283856529
7898416834011
7891027046460
7895800300145
7898265324190
7899207524951
7897042008827
7909342306135
9788538073437
7899621104463
7897252261401
7891106905909
7891219027192
7896006201649
7891027119997
7896044600312
7892840824860
4894290625557
2009080004166
7898570575799
9786561021920
7891106910507
6952786802221
7891317001421
7898646542922
7896181916475
7896523201375
6945801215236
7896181916918
7896000717269
7894494624865
745760064915
735201084077
7896067293515
2000000000114
7896699011648
7891800665437
7891027070847
7896025512740
4005808309535
7896033204422
7896509955162
7896714280110
7509546665092
6889297911053
7506295383116
7897042013838
7891027118969
7896006207733
7898417963468
17891321104825
7899871600425
7897076906465
7895155242671
7896042057811
7897216901701
7897517901141
7891150035843
7891317036812
7896775364422
7898950465023
7891027127077
7894222041346
7894222010694
7899852000268
300650426404
7898352914761
7898953484854
7899026401785
7899753514673
7897947600942
7897294404538
7898699845223
7908169031459
7896033231640
7896036540640
7898497307787
7898605222391
719346107785
7898608955104
7891177801308
7894494113253
7896098900901
7899547537208
3326240019211
7891037009585
7898405065143
7898927356828
7899898403467
7896071025423
7891317000035
7896006247210
7891010936983
7896181906278
7897230304960
7897776107100
7897779783103
7896676433142
7898927356972
7898945400183
7899850304771
7900083012453
7896799982886
7891150043206
7898671422114
7899026459267
7897982200756
7899753501888
7894916507738
7891040191048
020800750158
7895296262026
7897316805275
7908216131644
7898422750619
7899360265364
7898949080053
11013945
7894222031972
7896964620742
7909438009544
7891150015012
7897571921536
7897186066110
8902220116115
4894290250605
7891232970154
7896006282389
7899455904000
7894222021737
7899755675853
7893353101240
7898009431146
11059875
7897101501740
7897254139203
7897476608990
7896014185917
7898671428215
7898723631051
7898765331322
3616305827258
7899670818205
7896112402046
4005900541031
7898671422435
7896497501075
7898301059345
7896033261326
7899091403561
7898280076630
7896380605774
7898352913986
7898506250080
7891800645989
7898660590800
7898506462360
7898513472345
7896004713014
7894383280820
7899014963943
7896472502745
7896181914112
7899026420533
7896014183104
7898639380906
7897464700019
7896014123476
7896653708096
7896013544197
7891058000417
7896054021671
7899753544168
7896676415797
7899031530562
7891173021793
7896291307903
7891150024779
7898453427627
7909107339729
7897547713400
7898532878012
4897019235624
7896658000188
7896965253550
4789817982159
7898567795339
7899304804536
7891112324435
7899700801030
7898639383532
7891317023331
7895265928632
7908083512089
7896965211017
7898943563705
7896497503611
7894494113574
7897517925512
7898422747930
7891027120863
7896042065274
7898934596484
7890541728654
7898967923011
7894222009728
7896042081977
7896326988619
7896342450381
7896653710440
7898539422423
7891150087293
7898031310174
7896444606082
7899264343458
7908040422468
7898009437599
5702157106509
7899640426386
7896111992531
7891721000812
5702051101396
7908209807587
3337875696548
7896085812842
7891485402518
7897571960023
7908083512348
7898549345606
7909224285923
7898549347990
7898662451055
7898447904196
7909224537336
4895138787741
8135869606666
7896004713892
7894494653681
731509723793
7896111994795
7891150028425
7896033233965
7898937360129
3330000260546
7898698743216
7899026471771
7898967923028
5467943817945
7506195158371
7896965217859
7898146820827
7899360218155
7896641804212
7898412977118
7898943477682
7506195100288
618231254781
7893249084626
7899527125609
7898458570427
7899852001517
7899206304639
7891142200297
7891266698376
7898567792208
7898497307503
7898412977323
7908458335985
7897832858793
7909438044057
7894494200496
7897698211251
7899310502327
7908083520992
37895800400150
7898970162681
732013301521
7908823500109
088866021940
6920218909473
7897214700597
7897517928452
7891224717545
7896004701301
7899850345873
4006381493338
7893595779535
7896672202612
7899264301854
7891051026773
7896326925171
7898902505104
7909883263126
7896042067032
7899205924944
7898569765149
7891321046739
7898179820955
7898220983295
17896007547217
6903612145067
7908458320073
7896004810232
7896070005303
78950047
7898078314418
7899105904367
4005800027451
7890541555625
7891350657958
7898964630783
7908458306701
7898085948552
7894222037929
7891150060951
7896036519011
7898588089318
7896014153527
7898132981044
7898631557061
7908542627774
7896609544822
7898198172240
7898533224856
7897027215899
7896004813172
7896226101729
7893454506319
7897386799740
7898562351820
7896049502413
7896647055052
0609963126538
746775297121
7908228802037
7891142177049
7898012490086
7891153070360
7892692811896
7891232517717
7893454209715
7896043311271
7896422506786
7899110608182
3330000260317
7896004718996
7897476636771
093815996491
7896205911820
7898617521789
7891800341942
7892840816759
7899527130603
7896112138389
7891027067236
731509997828
7898416834028
7899026466166
7897572000100
7891150037472
7891356034046
731509992717
7896094901209
7891182996549
746775337711
7898489511154
7898939082579
7898566292327
7898932488392
7909883270049
7898549345149
7899264365542
7898212280715
7892840825195
7896019622356
11083290
7897517917227
7898947387284
7896422507202
7898132985783
7896279111768
7899527103898
7891000312926
7898132987732
7891268148305
7909690602507
0667526907833
7897731171122
7898660599865
7896472516292
7896224410632
7894222008028
7897930778252
7898940658015
7898906450745
8411061697306
7896902208278
7898395333444
7891033471683
7898301051035
7898488011266
7899360218223
7891040001248
7891150046450
610059852606
4894290636034
7899619909032
7908542617621
7892953208298
7899753543789
7909690354512
7893299740084
7898533223590
17891321332907
7898911494604
7896647027332
4894290289292
7898078316900
7896025527089
7898198172035
17898504392161
7891106906074
3330000257744
7791293026978
7890541543943
7899753549316
7899850318440
7590002025314
7891155050094
7908083524136
7500435014205
4005900942982
7898646542854
7899783601862
7898566292174
7898300572692
7896523208022
7899527144709
7896261005242
7896004706405
7898664973029
7891155041610
7898474844717
7898506256266
7891224598182
7896342904846
7898169080611
789792070041
7891150047341
7898301056504
7891025118855
4761595318029
7898286940164
7898588323498
3454090003460
7908209801431
9786555004908
7897595901187
7896000624406
7898647924321
7896033212960
7896347148931
7896000615541
7899121829842
70330165366
7897373145239
7896033204866
7898936754325
4711161960152
7898687730722
7898556752947
7908134200040
7899852013022
6920897508035
7896777970058
7896771604614
7899700800811
7891000064337
7898417964274
7894494190063
7501001128159
7891360622758
7898503180113
7890541813916
7898549363112
7899670901525
7891321047101
7896212429295
6920897703560
7898926483150
7891485408435
7899620615052
7142891249670
7898707142924
7898902666133
746775080723
7895144028019
7899583203808
7908371616208
7891033517848
7899753504896
7899755695851
7898527127941
7898474844182
7896497501471
5702051018533
7899621100618
7898588321685
7899264333732
7898005714663
7891473014747
7896523206073
7896843922622
7897027202110
7897316801710
7897832868174
7896699000178
7898671424927
7898181588898
7899850335881
7897517907983
7898911495779
070330413962
7891350041187
6920218907196
7896112102908
7890265036196
7896497502171
7506195184639
7897186028668
7908497404277
7899755648321
6932159601309
4894290271693
7899575709769
7896382706660
7897530100620
7896111945599
7899838854410
7908077454869
4893888186210
7890541017901
7896000660671
7893249930299
7896033201377
7896523207957
7898472262605
7891361001545
887961053944
7899026444171
7506195147405
7896737002195
7898067950023
7891485446468
7894494293788
7896033212410
7891033301997
7896070600034
7898225526466
7899403200260
7897517906740
7891485240844
79084201110360
7896112119258
7896771608230
7898125112349
3337872411892
4897019235396
7899768809610
7898911306419
4894290631244
7891010013226
7896676433128
7897698208749
7899091421381
7896014102532
7908458328734
7896212479054
7897386754152
7897832840750
7898447974311
7898524349544
7898610372609
4006381438582
7896025509078
7898567750581
7896479948942
7898452230440
7891395038456
7891800364187
7841764064517
7898549340335
7891317443931
7896251802974
7899838801001
7899364807546
7899753501178
7899264359152
7896004744476
7896207371916
7897447205036
7898312579306
78927872
7891055108345
7896033202893
7896014192892
7891485385538
7896006216254
7899014972181
7891027146214
7898490059737
7894222033471
7896009142987
7898632475173
7898607498411
7899658329280
7896422507455
7908016619106
7899640803880
7896004738383
7896023707827
6934460665193
7897571991157
7899207519797
7896000615312
7897256252924
8902220106116
7622300807283
7892509071581
7898417965721
650240017940
7908077445997
7899527122240
6952786804997
7899790253207
7898647921535
7898096319280
7898646549440
6952388200074
7909883214272
7891317126797
7899233798890
7891153121529
7896326950142
7908458320226
99164843
7897517933203
7898588086652
3165140751568
7898973417009
630509504763
5702051103321
7898472890884
7898588326314
7896033232494
7892509099059
7898660594105
8710103871804
6920218900098
7896326911556
7899621104531
7908671603663
17896342914231
7908083524402
7898198860017
7896771602160
78989454583377
4895138780636
7896033291477
7897930762558
7898168000443
7899619915873
6932159614873
7891279211111
17896012880170
7896001215115
3154141194108
7896775319040
7899790922196
7891350042832
7899852020334
7896112149460
7898555807334
7898610375471
7892840817886
7897572006348
7890311856808
7896226100111
7892509063838
7899768826815
78913790
7896444603524
7899706134156
3337872412028
7891173023056
7896509955575
7898631550543
7506195100943
7898483150106
7896181909071
7896004716220
7898417961501
7891266576643
4895138775410
4895138785273
7892840818388
7896000706904
7896111912201
7896927482752
7891010989194
7896000722515
7908414448643
17899360265309
7898212286670
7891224983865
7899753503158
7896004782546
731509991468
17891173025064
7891317192822
7896317901811
7898618044317
7896965252003
7898506258550
7898664973470
7891266565104
7896900293733
7892840267841
5010994655099
7891224983902
7891338701355
7894494730320
7896036573075
7891530484377
7896640438500
7897698211275
3330000245642
7899753538013
618341833975
7898949349037
4006381493154
6931759225809
7898125115883
3352810087885
7891150046467
7891024171271
7891224660605
7899621103053
7896112408956
42110200
6924466309900
7791293022604
7897256222491
7891360656319
7898258623958
7897169207714
7898664632537
7899806213270
6598526636086
7896112484370
7894494526466
7896414349964
7898352913559
7898502511536
6942138930153
7896206401979
7898212286571
7898516926975
7898417962553
7896027541694
7898662450218
7891150026803
6992248229524
7898919603176
7891395012128
7891530323379
7891150054240
7896013573890
7898502541922
7899970402968
7900083015553
7891317014261
7891772156360
7896927481786
7894494200618
7897517931766
7896004743561
7896902209855
7891150022379
7896011707440
7899706247207
7898468856450
8902220108721
7896025516724
7899706251068
7897322705798
7908470016763
6941690722732
7893299739064
7898562614703
7908458332656
7898179822447
7896644715751
7898625792577
7890704806502
7890541132727
7899233749854
8902220105454
7898012492202
7896480641054
7891530155970
887961083477
4005900260406
7898506254682
7896261004016
7891000329863
7908013601647
7896637033046
7898671425993
7898660596550
7899455903980
7891182036658
7897252215206
7891118025671
7896230303454
7899620605213
7908077456078
6972038415566
7896737105957
7898944075375
7899360264503
7898915802740
7908083523023
7898949149668
7896000717238
7896024402844
7501006715736
7891024185568
7897406119879
7896326942734
7897517902902
7898170657086
7891027127954
7896016807220
7898623244139
7899527106585
7891027147471
7896132135474
7891010248383
7898258624535
7899820800883
7891000022146
7899820800999
7895858017293
7898125113636
7897571910431
7898938670142
7891000022139
75050849
7896714232553
5702051041920
7897473207141
4260085520084
7891317005191
7898215151760
7896980413304
656079412314
7891027057114
7894298042506
7891037000315
7896965215053
7899026444447
7896033245715
4260085521227
7891313586151
7896015530426
7896647009611
7897042019267
7898947407968
7896018702882
7894494526435
7898657691305
194735055968
7896004708614
7899876600307
7898945422642
7898958400644
7891072000066
7899264359619
7899495702864
7897294400608
7893454308814
7899055276637
7896504707117
7897256210115
7891530634178
7896020619338
7898506467723
7898021635584
7898009437575
7899911207607
7891219025907
74486564
7898720566776
17891173023008
7891301260124
7891485443986
7896025513655
6931759233354
7897517932794
7898504388037
7898040328306
731509996517
7908013505396
7892607221697
4005900648419
7897256223146
7898411977416
7896658050145
7896112453154
3607345428345
7892840223649
7892509067577
7899525677629
7500435153089
7891224894321
7899808875193
7899871608445
070330101241
7891035090066
7898413661429
7898506253432
7899026462656
7896279129107
7891033471935
7897322714332
7898330224363
7898932140337
7899547018561
7908040481311
746775180331
7898608959881
7898903652913
7896422507028
7898300570841
7896012880289
7898158692818
7898608950123
7899852018300
7891224861026
7908083527700
7891317033149
7898352915058
7908209805798
7896326931202
7891301191176
7891485311582
7900083011852
7890000209267
7899621105033
7896522023114
7896818207136
10343877252
7891530557828
7896317902679
7896609544242
7896111919552
7898521370589
7898945736565
7898296175556
7899095201316
6934460629522
012546672535
7898413661320
7898503180540
7896041383393
7898737630255
7896132134040
7909253105537
7891177083551
7896444614414
7899069908425
7898222831662
7897256223498
7896033221092
7898617529785
7899850312080
7899706181464
7898420971757
4005900520920
667523430488
7896261011762
7894916509206
7896025527966
7898405065150
7896004708621
7891313776156
7896046701888
7896448110233
731509993479
7909690602390
7891033071944
7896306618307
7899207525323
7898212282610
4005808335855
7892840816735
7896400504414
7896777910801
6924466309702
7898417964175
7891317436322
7898535968215
7896015510015
0000042355465
7894494153211
7898601572445
7896111992739
4905524571639
7898002436322
9786555249170
7892010083141
7896644715799
7898040329747
7898126407864
7898417962119
7896042083186
7897833700022
7896004728490
7891055804698
7899869200668
7908077433086
7897517920418
4895138734974
7894222027029
7896042034270
7896000631275
7898664973081
7896116114211
7897299901957
0001100001001
7898970341895
7896230303607
7891153002897
7891033925513
7891224662944
7896676422320
7896111955871
7896927443043
7893299741531
7892509056205
7896044997207
7898588325287
7898064924171
7891155022305
7896448174501
7898083109498
7899484801370
7506195126004
7897476687735
7897517928575
7908083523375
7908169013387
7891350042177
7899095263147
7898587774277
7501007454979
90159312055
7898664974606
7894298063181
7891075010161
7896572041106
7899429110512
8023277110113
7896004708508
746775095017
7896015527174
7891334517141
7896025534551
7896000718167
7896111999103
7896603803604
88866020677
7891058011345
7899314114182
7898148298037
7891060894486
7896326979747
7899620602977
7899650103215
17897517909656
7891037013544
7891058006235
7891142128836
7896800010652
7909107963641
7896647090305
7891485470326
7898933214075
7896033241458
7898225520600
7891033484751
7896025525009
7896014183814
7896207372414
7896042057576
7899026463851
7896206401917
7908077400651
7908040455381
7896779651634
7896230301689
7895155500672
7896839980551
7896523207469
7908459324766
7909438041544
7891301117268
7506309840567
75058852
7890541884183
7891008414127
7891317485665
7898647928756
7898961836539
4006381333887
7891155003335
7899852000367
7622202309090
7897840305968
7896200704335
7898553279379
7500435014229
7891027234522
7896444606006
7898610375525
7898322240012
071603113893
3100002050526
7891027123475
7898012492141
656079418156
7897237311411
7909342459299
7896779604111
7898265324213
7891266769731
7899360217943
7897316802236
7895500724715
7896658006906
7896964615137
7898416830549
7899495703014
7899852002187
7898027870149
7891035010774
7891027119232
7891150053939
7896484120067
7891150017368
7894993000832
7897386787808
7896004720333
7898078316924
7899621102797
5012874212255
7891010588816
887961374988
7897254127859
7898631557214
7899621105125
7501001287245
7898302727724
7898936770967
7899091422432
7912103000043
5702051025852
7896509974446
7896042084459
7896676403923
7898623241695
7894494713576
7898395330115
7898506464852
7898593051010
7898008551852
7909189242443
7898920238022
7899850315104
7899455903027
7898265324039
88866005148
7896523209173
7898631551588
8997011584013
7898330224400
7890541378453
7896331705423
7898961050843
7899706114714
7897256262718
7896523211497
7898599215843
7896647075319
7891530274565
7898420970828
7892940000195
7899640808373
7909253140569
6953365386125
7622300823603
7896111930731
7898588321173
7896206402044
7891530322938
7890541748287
7898078314821
7899055272479
7899914000830
7896014140701
27084892543
7896647040829
7898581710462
7898919603152
7891485405311
7897517937171
7908209806078
7897455100286
7896226102832
7898495609494
7899753542140
7896647023549
7896033208079
6932159610899
7891150071261
7891321043509
7891279956012
7896321023650
4894290280329
7896438203396
7898059217776
5702051101426
7892692812589
7898911494475
7898671422992
1789696461670
7908209804463
7898631554718
7896094202719
7898486487261
7896326950203
7501007455228
7896013544753
7899850354035
7899205948797
783918804389
7898970341741
0070341370810
7897655401695
7898078314401
6952786801705
7891153073071
7897020208850
7898588086539
7899360205995
7891910002030
7891027836801
7897840305418
7892840817978
7898521371869
7900083001631
7891653011160
4894290299383
7898588112108
7899779009948
7891150008878
7896004737706
7891634329215
7908077466619
7898697100201
7909438033778
7909438011769
7896033251051
7897520154138
7896699000376
7898567799405
7897013536106
7891027349158
887961383676
7898741805700
7898610371404
7899206418466
071603003446
7908040482653
7506309872551
7896007542079
7891485381820
7898432536814
7898945454773
7899783601435
17891321332136
4046504330409
7899820811407
7896509955285
7896641808432
7896075758600
7897779809100
609963963393
7899264342086
7896839910176
7898524347038
887961424072
7754111649407
17622300800045
6925187875941
630509315833
7900083015744
7891268031706
7897595633675
7898417962430
7896557304844
7891530396861
7892953003244
7791293035161
7891106006194
884851028204
7896025523401
7899806211993
7899852024363
7898417962485
7891360542292
7899970402852
7899941200067
7894383154343
7500435000444
7896025500433
6966952404164
7896013546528
7891106916059
7896800010850
6932159601811
7898588327571
7891027071295
79656405576
630509278558
7898555809772
7891092002798
7896523207629
7891485410773
7896085871375
7899755666264
7896007547654
7898168004014
7898506460199
7894916142441
7896235353522
7898919089482
7899650100740
3433422406599
7891219026355
7891182035149
4894290231222
7896640437459
7897020208867
7896572010089
6933256643933
7897656304824
7898610377871
7891530392566
7897386789130
7891024102145
7896279129220
7899527127993
7896699013086
7896042066929
7896676416770
7897027272038
7896046710781
7899788402303
7908458304578
7891530557859
7896004739625
7896036576113
7897900312295
650240012891
7899911209731
7896042082172
7898417962157
7896806790084
7908077400514
4895138780612
7896644728546
7899621103756
7891232971793
7896036522622
7896422507042
7898170764098
7898506259687
7898417961174
7894494571022
7896085823619
7891027061227
7898225525148
7891027132460
7891356040757
7891027047771
7891033914685
732013082062
7898312590790
7899755633402
7909438007281
7891027732608
7908077460297
5025232473786
7896777921180
7897042013746
4894290245717
7908324405545
7896016805875
7897517920173
8902220109292
7891010244484
7898958400675
7898994297420
7899613360051
7898184464434
7891266866775
7896049528789
7908013503699
7893249046730
7896316301008
7898588111996
7891106905961
7898503186016
887961058505
7896641803109
7891058020965
7896033241229
7898256395369
7898911309335
7894494729225
7896004715803
7896033221023
7896111986783
7898570560726
7896885205134
7896342449361
7894916142656
7891485503949
7896965247375
7899620912991
7898582683031
7892509081658
7898411976105
7896309201674
7894993987102
7897571995469
7908470603949
7896261402805
7891279962211
7896641800429
7894494518829
7896033241069
7896180300718
7897386779063
7897237318489
7896902206540
7898960121735
7898636192595
7899097910346
9786556582979
7896679220121
746775097264
7891951041159
7899420508639
7891317472061
7898472262520
656079623185
7894916202671
7896382709159
7898566512012
7899527134724
7896094931152
7897256241102
7898496352894
7898664970820
7898588327748
7891027043506
7896004725437
7899547505108
7908077460891
7896230302853
7898157301179
7891350034042
7896647047538
7898911495878
7897230302829
7161896023016
7898503180373
7899753531922
7898422744946
7891301507861
0667526961767
7898566292303
7898283854235
5702157108459
7909438045412
7898422167851
7898184464403
3154145340198
3352810087823
7891360484035
731509990119
7891150048430
7899753551968
7909342538475
7891485308988
7892509073806
7891114120332
7898664978918
7898343701240
9788537622629
9788594722119
7891301486241
7897595636904
618341108264
7890541547750
7896033241540
7894187080671
6560790002508
7896464705819
7896641802782
7898657691275
7891485383411
7899026415454
7908470029893
7898417962492
746775306021
7896001250642
7898608955272
7896049524705
6941690790762
6956812202108
7894222003405
7891150027527
7896111978436
3337875571487
7896181913528
7892840816797
7896523209289
7898096312625
7896380605033
7891317039097
7896036533000
7896468378095
7896026136624
7891224489916
7896779680658
7896036573167
7896858633575
7898588081381
7898132988791
7896111994757
7891024114773
7896326900253
7899753534206
6932159607011
7898495605007
7899753551616
67894222029308
7899588008088
7896013511090
7898301057341
7898352912187
7898647990265
7898012492011
17891321103453
7896484110464
7891301195945
7891027029166
7896013553908
7896070601260
7896004715889
7908083523221
7899091486311
7898664632223
7908209809857
7899304808794
7895155121297
7899527119912
7898533236675
7896303601180
7898283856604
7896004706436
7898158690586
7898258620384
7898502527582
7891321047323
7897779687012
7891224744695
4005808846283
7894916141925
7908134200125
7897595603449
7896000622860
7898225522918
7898502516548
7891530561115
7898556755122
7897294402886
7908077448660
7896594800880
7891027308148
7909107927797
73705289243
7898168002614
7896193217027
6933311034577
7891000284933
7896714223049
7898078318072
7899026410268
074299057854
7890263277225
7898523201935
9788533932227
7898925521495
7898495609289
7898148292936
7896112416074
7896603899980
7898420971740
7899706137904
7896862927103
7891010935047
17896193238715
7894222003498
7898494673540
637293290872
7890265896264
7896927470193
7898483152148
7501007457819
7899753503141
7898212286731
7896020162704
7898570560887
7899207518189
7891266179035
7899310502204
7896359029334
6932159610608
7898703033646
7896111992517
7893092993229
7908209803046
78930469
7891027046385
7898934596064
7891485342678
7896033201445
7898760940765
6932159610486
7891360659884
7896512911865
7891027153915
7891150088764
7891485416874
7899026415553
7896181919391
7894222003290
7894222019819
7898751690075
17891321068752
6861990812639
7891224113644
7891027048921
7909690495796
7896013501435
7894494727870
7898490161348
7894916503914
7899753553993
735201084091
7891024027264
7898741530404
7898002432669
7896964620827
4005900039835
7891530580970
7899455900637
7898012491588
7896839910541
7898216296767
7899788410315
7894916500180
7896132128612
7898963620617
7899850333344
7891219019760
7896658030550
7899706118071
7896279111669
7891313312804
7896181909651
7896679234197
7898312569789
7908353609624
8902220105225
7890026001906
7896004713540
7894916149051
7891153073088
7891058433086
7899852002675
7891317011260
7899739201320
7898312570808
7899588000655
7896033291217
7896111901786
714289105256
7893249926032
7898265324442
7896647046524
7896094903289
7898168001303
5702191025545
7896770902339
2010011702709
7897280312779
7891027143046
7908038600939
7891224681587
17891321100858
7896235353782
7900083021134
7898639305756
7795323772835
7908209801394
7898522714610
7897113900814
7896862923129
7897659673029
7896004704210
7791293006154
7898212280470
7899852013664
7897027206613
7896044996828
7908020502524
7896241278406
7897027202127
7896213300050
7908040420310
7898617529679
7898671428086
7896509955131
7898939752144
7897473207004
7896014140725
7908040492645
9212815013255
7898417968883
7908083527649
7891360653264
7896525099949
746775251048
7898636290994
7892509060431
7896261007796
7898949256083
7891134004636
7896112427360
7896609550311
7896522021394
7896964615120
5702051102003
7891350043983
7896309200141
7896013502920
6932159605505
8011003991136
7894222021201
7896089010916
4895138708982
7896279109468
7891027007072
7896036548820
7894222010625
7896342452392
7895155288655
7891118007295
7898698740833
7899621104340
7891153028965
7898360928491
7898610376829
7898943560308
7898509252524
4894290626417
7891010247089
7891321047118
7891010013998
7896000622600
7898198174169
7891010571313
7898632475142
8411061561232
7896025524798
746775331955
7896098804919
7896647072127
7899984560142
7899790239645
7898198172462
7896112128861
6932159607110
7896111997222
7897211100376
7897517932459
7897571922458
7908228806004
7908376800190
7898650622085
7899233783124
4006381333672
7908044733195
7896112419853
7898506723461
7897144600165
7899110608137
7899676805711
7896779676019
7899155312228
7896060037277
7896444600493
7898647928718
7899495703779
4894290671356
7899850309561
7898302722200
7898657691749
7896342452859
7899753534183
7897013573361
6932346885529
7891010042783
7899706128803
7897411602397
7896012801819
7898632476552
11023562
7896116860309
7896317906110
7908216108240
0719346094696
7898078314586
7896004703404
7898078762530
7898506458851
7891040191093
7891010503260
7898567790051
7908209801844
7898587763493
7501001243180
7896699013147
7898265325524
7891301371509
7898610378571
7896025537088
7896132112352
7898582680559
7896026300988
7896444609595
27084951073
7506205805042
887961109870
7898100281114
32211422852719
7891150087361
7898605222346
7899808890356
7896548198070
6934460602471
4894290677365
7896004802473
7896916710620
6973120510534
7896685302026
5457862545937
731509752748
7908470009475
7896309201636
7891350032116
7909224533536
7896744845808
7897799806264
7908040487009
7896422506472
7896852615744
7898007677416
7899026464919
7891317421861
7896042026152
4894290255853
7897144600899
7896181909361
7899852019406
17891321331351
7899083127314
7898633985138
6624453789431
7896111987360
7896800008871
3454090002968
7896737000221
7899706111386
6920897733512
7898566782903
7899852002637
7794728013871
7899850339032
7898447979255
7908448001258
7896422512589
7898994264910
7896647007662
7896025504875
8710103885825
7892840822828
7896094207585
7898671424040
7898306210024
7622300505707
7897771301619
884851017598
7891106914598
7898300574719
7896640460211
7891033534333
7897832842204
7892597898794
7898412971789
7899768074995
7908458320608
027084926903
7896033202329
7898326390065
7891279401048
7896843920420
7622210862655
7890541543929
7891224744688
731509676921
7891530558054
7908458333202
7898656167405
7896902226661
7899655010778
7897930777644
7898566789520
7891331010522
7896342447176
746775194888
7891033930678
7894222010274
7896331704020
7896418813270
7891530390906
7896647073636
7896852625330
7891150003958
7908371687123
4005900006776
7891010557508
7898300571954
7898632472974
7897780206363
6934460640824
7891058002350
7897705201831
7891045043151
7891224660674
7894298042407
7891485416522
7878250020351
7891027098636
7896641809170
7897230303703
7898126407604
7896647013311
7899706138352
7891321045602
7898955171615
7891232135935
7891150061781
4894290247933
7898420971627
37891150026583
7897877705243
7898698742592
7897316800058
7898248399023
7908083521609
7896000712998
071603105003
7891317014308
7897230303673
7899420506864
27891253104754
7894222020990
070341335437
7896111950340
7898549356404
7891530621895
7891010986285
6920897737565
7897500580322
7908083521074
7896115704345
7898542757727
7891024028995
7899918920981
7898610372463
7908512701251
6925352213165
7891150034075
6920897712340
7909068453533
7898567797692
7891027074814
7899083126607
7896004752211
7896637028318
7898452508587
7897595613073
7898273123068
7896676411362
7896111978351
7899527140091
67897256244334
7896004726502
7896020618102
7896800073442
7899806202793
7897252263405
3331432180020
7898460972905
7898158690623
7898671060125
7891224089420
7899808894170
7896033261487
7896497504335
789979009825
7896026172233
7896279109833
7908458326181
7898662451321
7898935840500
7896025534377
7899768813662
7897042015849
7898270190001
7896111954980
7891106908191
7898417961372
7891150020931
7899640800148
7896444609687
737052598031
7899527113521
7898430194597
7899852001456
7896046713997
7898043444096
7899755699521
7896111958346
7899783601237
7891266565098
7899360217387
7898589684246
7891027115708
7898549362580
7908458321933
78927223
7897294406068
7899527106097
7898944749146
7899753530468
8993648009625
746775205713
7899527149667
746775046422
7890541547903
7898312593692
7894494293764
7898506256105
7898302727823
7896016807893
7896004731568
7896771600531
7909690403463
7898695063430
7896111955512
7898556850636
7891024123560
7898631550239
7898223132164
7898452495849
7891183024296
7898185410041
7899670917427
7908083514250
7896400537092
7896094928664
7896000614094
7898301053268
7895144605678
7897373158697
7898929263070
7622210875198
7896609543153
7899207523169
7899850340854
7898538005368
7909224530559
7898158691712
746775337612
7891150047310
7899207527297
7891301510632
7894494111846
7898184464212
7890541132659
7891027319748
7897753693503
7896818201370
7896014182992
7898179821693
7892953208052
4894290633002
7891317134068
7896444210500
7899852025858
7896647034712
7894494594380
7896181901341
7891317191771
7898312566689
7896637029902
7898074618657
7891301520044
7896015525231
7899250610748
7899783601015
7896472512829
7896111919156
7897230305141
6941024850797
7896033204552
7898129992084
7896714202884
7897027207320
7898595272208
7897054517171
7892597540150
7896647028100
7898510843421
7898623244375
7896522031904
7891150050099
7896641606885
7896013504856
7622210566331
7908497404857
7899876541303
7895144207889
46460899
887961069938
7898936049063
7894494127984
7896676413731
7898579481541
7896309204897
8445290273758
4894290633422
7898225524622
7894916140157
7896111976906
7898950109620
7898925521273
7891027236953
7896042067414
7898171286179
7897230305059
7896006217336
7898567793649
7899852024721
6941690711125
7896094201088
7894222008585
7896744801552
7899788401078
7891224347681
7896965213219
7891027060152
7898664976174
7908458316632
7897252280303
7896098813201
7896317910261
7909690369004
7898302727892
7898447970474
7898516900708
3499320007252
3760133124482
7896327310327
11080015
7891182006620
6960652122519
7898322523016
6954525205010
7908458320349
7896737000009
7898072208461
7898330223113
7898417962270
7898012490963
7891485311544
7898533223552
7898955171769
7899850332606
4894290257024
7897595900029
7898447974410
7898927356552
7898647921917
7898631550994
0703387016243
7899701871278
7896523206769
7908448002637
7891321101926
7506309881423
7506339394788
7897517917395
7896658013294
7898258626935
7791293051635
7898447979200
7892509081313
7891182860116
7896331701470
7897833700480
7908209807143
7894222037875
7899753539997
7899838813639
7896311771608
7895265212434
79220000
7898352912828
7898138781853
7896422500296
7897840300246
7891027050191
7896965213271
7897424080342
7898958598060
7899706113625
0619205699928
7898126407611
7896112410171
7891224883196
7896004721798
7899852014548
7899026457621
7899264343564
7899588003410
7891182995863
7898632474244
7896480653958
7898179822966
7898549368513
7898946823035
7896033212144
7891010814106
7898925881384
7897027202134
7501007454931
7892509064651
7898961050249
7896744848403
7899310581407
7890541018014
7897437200850
7897517903381
7898741530374
7891182995832
9786556582870
7898660594129
7899755630852
7891027324964
3282770139211
7896036533024
7908324406191
67897731141219
7899207508180
3330000223985
7891224039951
7899852002354
7898608562708
7891253201541
7896033231961
7891027307585
7898964630271
7898506724598
7898939674125
7891317036386
7898521378813
7622300736606
5012874212279
7891360629764
7897517917548
7898656685169
7891027309435
7898509252067
7909690369042
7899871703041
7909107927773
7908209806900
7891027129170
7896018700789
7899264365511
27084604566
7908077466640
7898683860874
7897917000178
7891150022256
7897045406217
7891266640481
7898265324152
7898681350612
7898976443005
7890688160904
7899753514840
5702051056788
7898412977583
6980268615038
7896027551327
7891010655112
7898610370544
4894290219855
7899984402299
7899527141210
7891027415846
7896509973708
6952786802825
8902220105270
7891150106420
11025498
630509318063
7899095202030
7891200003341
3282770037319
7890026252025
746775045692
7896641805738
7896800010799
7896092002106
7898656685251
7899753530482
7908132220170
090159109013
7791293023328
7898312952987
7896036547816
7896004712116
7891027115326
078257686124
7896326919248
7897214700573
7898300575792
7896042033372
7890541884282
7891112290976
7896484195010
7501007454894
7891027121891
7898157618338
7896014168132
7891142140593
7893454209623
7894494651649
7898950234438
847851097601
7896013549567
7898960330373
7899620611214
5702191013733
7891060656053
3504105033330
7898607490828
7891010936990
7896025526792
7896054019432
9788537614730
7897500553692
5702051101419
7898562351714
7899672915483
7894900110005
10746775036727
7896007201662
7896326929339
7896115701078
7899264302851
7894494749711
7899788403041
7896036520529
7896036547106
7898589682563
7898636192571
7890541720627
7898417963475
7891530390784
7896269620546
7898607490606
7161896044912
7896098812617
7891150056572
7898320902493
7899440903506
7899806949896
7908124401075
7893871834682
7898707140159
7891010096472
7898945458504
7899911201469
7898560610189
17896061996372
630509806744
7896004703411
7896033241045
5702051032355
5702051010513
6924466308804
7896355751079
7891224506330
7896965250573
7891177001920
7897143001802
7898301055873
7898588325461
7894494728075
7702073162113
7891313612157
7894916140607
7898636191093
7898947386195
7891485383909
7896235320401
8710103910817
7896025501997
7891027308452
7501843505705
7897512904390
6953365383124
7898503180632
7908083524167
650240026638
7898395332010
7908209808478
7896422501446
7896004722047
7908077458713
7898671422626
7899753542973
714289139190
887961030778
7896098809143
7898078316719
7898758082477
7898593050471
7894916146487
7908082303435
7896094906778
9786556580241
9788536822044
7898412972939
7891266523890
7897076909107
7897918200348
7896006243908
7896422508179
27084951158
7896083400942
7898212287370
7896025516991
7891266541917
7898588325584
7898589684338
7895155625023
7909690495802
67897731141110
7896111999141
7898352912682
746775311797
7898343701233
7899308707628
7791293014012
7896013563532
7898040321567
7898943477606
7891027048938
7898911494093
887961691290
731509990058
6932159608452
6934460631389
7896111997666
7898212283341
0070942005487
7891010918422
7891027308964
7896094916289
7899050539294
7891266059474
7908169006495
7896023718083
7898506256617
7891721200663
7898468860259
7898132989415
7891150093256
7898741530527
7898912770936
7896572020293
7899105902332
6915001110198
7899360217301
7898312947785
7908010117080
4912992011802
7898300574061
7898212287592
7898497306780
7891010504830
7896085869297
7897230306421
7891040303540
7899852016931
7891219026195
7898605222711
7896036526316
7891266524019
7897917001168
7898503182360
7896004715773
7898543382201
7908209810204
7702018325696
17891321332020
7899018449405
7897294400561
17896770908857
3330000260447
4894290264848
7908077460006
7898566829608
7897947616707
7898647922747
7899751108812
7891037408302
7898932099772
8710103933137
7891317004286
7896770979881
7898945562171
7891051029057
7506195184431
7891000854563
7896965211512
7898048131243
7897230304151
7898961050430
7899850322669
7899753534749
7908420116819
7890000023566
7891058006457
7891485268442
7899806949506
7898417964601
7891485339517
7898951747739
7896000611703
17896007553713
7893454208220
7898132987114
7899852002385
7898549356152
7898915802436
7898312680910
7896033233828
7896309204224
7897877700156
7898405067161
7897779755100
7898416443008
9786555243963
884851033338
7898225526404
7896603846267
7890541132710
7897771203302
6934460656931
7897930761810
7896010171358
7898039565507
887961046076
18062018
7892953002216
7898064921651
7899360217608
7899621103763
7899753519388
7898002435936
7891317487638
7896090611898
7896007200757
7896309222105
7898490163731
7891027319946
7891142140586
7896108008955
7898132989460
7898698743285
7899753533438
7896036548417
7908161712387
7896952567363
7892509084604
7896111948903
7897684808526
7897020203428
7897252260855
7896637023375
7891033539888
7896464708407
7899820811728
7891317476526
7898927355913
7898610375235
7909253139044
7890541544001
7896444609342
7500435187879
7896000713490
7896111993705
7897424082230
7898671424569
7898483152575
7909883433222
7898179822485
7896191282126
7896006298588
7898589682952
0070341705568
7891772144855
7896212469970
17891321064600
7896326956991
7895296182010
7891800346053
7891150018754
7896640450786
7899264308044
7898258622715
7896020618881
7898395333895
9788573981063
3330000237999
7896094206298
7897144602343
7896647027417
7891150029286
4894290630186
7898417964090
609963963249
7896111992319
7899264319170
7896181900320
7896042057064
7898658622490
7896279111621
7908169008291
7896211832348
2010050108913
7896015516598
7891360436539
7898060138114
7899673000683
7897517912673
7898664970844
7899014980735
7891253200254
7896036511558
7898468861584
7891040144273
7898524349476
7896326934265
7891058015770
0472320205001
7896639602110
7891301488818
7897517906733
7891150053342
7896497502409
7899970401183
7896639671406
7892840821173
7896647054048
7899527138395
7908823500116
7896523206905
7890541754905
7891317001650
7897476633107
7899262437371
7891027147495
070341335901
7893249407944
7896448111421
7897779733108
7891040126583
7897982200091
7898662430746
7898927980818
7896033211482
7896309200165
7900083019551
7896309204361
7899026415416
7909510216358
4891451733021
6922765880014
7897042020690
7891027126179
7898461574559
7899706179959
7908040476539
7896202900681
7898671421629
7899911209663
7896342450329
7897780201351
7908077400187
7898395335400
7896699012065
7896115700040
7897386791881
7908216100213
7898943696168
7898495609340
022548055373
7891027144906
7898582380350
7896000715661
7898919412372
7897900313681
7896016800979
7896380603091
7899753544823
7896033201506
7891010922788
7899779014829
7898639693167
7899850311960
4006381105286
9788537638729
7898588110685
7897411610132
7891058016159
7897947600065
7896004727585
7896033203296
7909883329679
79656501407
7896422505314
7894970006475
7908013503705
7894650003022
7894916501569
7899014925958
7898556756341
7898647922259
7891317469795
8003670985266
7896472502202
7896004702049
7891253200759
7896444603999
7899069917267
7896112401421
7899852001630
7894298030879
7896279109512
7898300570186
7896641804465
7897517904821
7891266695856
7896472502592
7896737016031
7897424006830
783320851841
7891038301800
7891150087330
7891279216017
7891360436171
7896229974306
7898648240499
7897517917463
7908324402483
7900083008111
7896235320432
3701129803738
7896380604999
7909253105339
7896033285155
7898312951621
7891027150198
7898906451292
7891027393717
7897256213154
4015630057955
7896000622525
7898502733860
7896852611951
7891224883257
7891027304546
7896290401411
7702018913916
7896658011863
7891150055933
7908083529209
7896094207493
7898650625093
7899205951278
6952786801675
7896916721084
17891321067779
7896111957851
7891266827356
7897512900453
7896647090763
7896111944905
7890541017819
7890001219340
7896964620810
7896647080443
7909883433291
7896211806400
11028581
6946656124926
7898603990636
8902220118430
7891060738223
7895800811214
7898012490765
7898567750635
7898915802405
7892597339006
7896799983524
6900635621011
7897547709120
7896800010836
9788538084198
7896026307154
6920897700750
7891027130824
7891224834280
7891485418250
7896042022734
7897779705402
7897930760059
40810379
7894916201766
7896000614780
7899026421414
7899783600957
7896586816349
3350080220223
7899852001906
7892692811957
7898508120473
7891350042580
6931759222266
7899783602517
7898911689147
7891301515187
7899788400347
7898953165296
7896658005237
7891224983841
6932159607455
7898639380944
7891485388317
7898770420042
7898927420062
7896226500423
7896025539594
7898927356163
887961970852
7891224602803
7897517921088
13154148459245
7897237346987
7898125116224
7898483151028
7900083002065
7899852009292
7891321045381
7898021635607
7908077400194
746775309886
7898014560176
7891060917062
3474372205009
7896036524534
7898952577489
7898138782027
7896647009970
7896004733135
7898664973296
7899069928768
7908077454265
7896444603029
7898265325074
7896714265858
7622300989668
7898958400026
17891395012118
7891360424413
3337871321918
7898698742370
7897571960047
7891182020107
7896094207806
7896737000443
7897424080878
7896640434816
7898966463686
7891317415914
7908083523863
7908448000473
7898447907241
7891027129743
7898430194689
7909107926103
4894290244925
7896036564714
7896663327904
7898566519004
7899026453531
7891301518096
7891317446444
7899652100489
7896251803704
7899852025469
7896004753317
8902276700177
610059385203
6972858360046
7896448188201
6855437712316
7896004705286
7897517925802
7898009434604
7898947170077
7899850346511
7891000081839
7908077452162
7909253125245
7891266178991
7898671421735
7891027116194
7898102430947
7891317463076
7909253154252
7896111987339
7898422746117
7898952577892
49932653649
5702051024930
7896251802967
7896647024027
6971760277411
7908040458696
7899753536071
7908228802952
7891232252243
7908439804110
7891219024641
7896111954362
7899360219121
7899790911794
6972267405321
7896609543085
7896033251037
630509414628
7891321230237
7891232492519
7892840816674
7898935332777
7899026424531
7895265923675
7899852002552
7896676438116
7899706239219
7896484130363
7891321024201
49932649543
7891027121051
7908083529605
7891142115386
7899753500904
7899852020785
7894222041063
7899026460690
7898954372518
7891219018138
7891150093263
7896111994832
7898086730323
7896647012598
7891055340226
7909690466178
7891027234232
7891037008434
7898405060964
6934460631426
7622300795597
7894494125133
7896877601340
7891530292354
7891033940516
6952786891119
7891301196140
7896009498213
7891313611334
7898588110111
7891224506545
7897779737106
7898623952423
17891321332013
7896444606341
7896111973820
4005900696830
7896573380303
7896523201801
7899820806090
78928862
4894290620538
7909690293811
7898671425986
7891027066550
7891530447198
7896639675305
6934460631556
7892840268848
7896523218663
7899095238299
3330000244096
7894494691843
7896036570173
7896685302088
7898503185033
7896214000041
7899264336313
731509991888
7899783600063
7893871855502
4005900904621
746775377014
7898312784854
7896000711922
7898312241821
7898588080636
7899852022321
17891395012132
7896472502080
7899264318135
7898055420316
7899572813032
7899706133432
7891530478253
7896206407674
884851028211
7898342912975
7791293026831
7891301196034
7896036548516
7897042021369
7898486488053
9788536824390
6972858360015
7891027141127
7892840820299
7891027152314
7891485415662
7896111999165
6932159606830
7909253142129
8710103938491
7897655400148
7891530360527
7899304805540
731509992885
7898549333245
7898636190744
11019909
7897076909671
7896111973844
7560617560612
7896000713360
7896647055090
7899026401099
7898934930776
7896111958384
7894494641152
7899790251142
7896965250788
7897299900035
7896111974919
7898944081253
7908353609662
7896658024191
7896033202497
7898417962690
7899304808442
8002135069343
7891321045862
7896444614094
7892692812541
7898078761984
7898695065342
7899653283679
7898009437629
27898613211022
731509817164
7891301275159
7896852611920
7898632476675
11025382
7896004726687
7896009700743
7896111944233
7897013553462
7896800011079
7898039566474
7908010133554
7896036520611
7898671424088
4894290026125
7896023752513
7896438873797
7898064924317
7898095757557
7896000725257
7898698742509
7894916143998
7896033290463
7898915801989
7896380605842
7908985902308
7896261405257
7898286945022
7896637022651
7891224705771
7899706111393
7899864413117
7908153836770
7898447977503
7896181909880
7896014195565
6926641031385
7898008554136
7894494564383
7898512852711
7891027295400
7891027143732
7896020619451
7899658369194
7898451982128
7891058011406
7898009436608
887961071498
7896112402282
7891268105247
7890541043870
7898656683530
7896026171311
7908010117097
7891055300121
7898911495038
7897779717108
7899852014043
7908209804555
7898524349520
7896004721897
7894494252822
7898562353060
6941690711149
7898059214447
7891224496679
7899768857185
78928855
7891033534715
7898080990013
7898198176149
7897659603910
7899547018646
7890000022064
7897595632623
7896965214704
7891033481583
7891024111901
7896000718051
7896093002488
7896448110592
27084114089
7898212281934
7899069917427
7898560611438
8710103806905
7898466750798
7896004734675
7891266689428
7896279106573
4008976681724
7891530443602
7894916142052
7895825587545
7896639603063
7896839927013
7898352911005
7898639381538
7899360219206
7908346901025
7896004729251
7896255767064
7896326967096
7891321041444
7899706239400
7891266523883
7896640431310
7899360204790
7898506251032
7896653708928
7898567797999
7891268406566
7899026434905
8902220114739
7891027148379
7898921545341
7898222819219
7891360562979
7898943560889
7898945564137
7898556756686
7891183020502
7891317003227
7894298035737
7896444606440
7899264305180
7891106904544
7891224986279
7894494592584
7898549375337
7898523202239
7896647027851
7501009224037
736532611093
7891485494858
7897129301377
7897832840873
7898662450959
7899640807710
7891317158705
7898493364500
7898615157669
7908169005733
7898132987794
27072018
7898650621736
17891321104115
7897027219149
6506079624573
7891150063020
7896902288379
7896380607525
7896006238607
7899753531984
7891234522245
7896497501839
7897230304540
7791293290133
7899850303231
7908512700735
7891027773694
7896422507097
7899583200722
7891027115838
7908040459273
7896116113832
7898639380371
4894290285560
6991984000114
7896472500550
7896647027783
7892680323035
7898608956637
7898632472332
7908013507239
7897476638416
17891301320119
887961796841
7891350043037
7896292001329
7908040449939
656079674125
6924466309931
7622210528186
7896004720623
7908216110212
7898662450928
7898481400302
7891027150587
7891112094369
7896852611524
7891027129675
7896013547617
7891033515035
053200001315
49932666441
7891530269530
7896165600048
7897424080892
7898225524417
7898925521310
7897042020751
7899852000176
7908458324194
7897517902506
7896342450343
7891151032766
5702051001542
7896004757629
7891182019309
7898945244459
7896094931183
7898570560740
7896114312312
4894290240330
7909224342152
7896033231831
7896111992463
6934460640800
7898970341857
7896699013611
7908209801882
7898212288254
7898270151712
7896010171303
6920218904294
7908497413446
7896036521007
7896658037061
630509827213
7891027084936
6941690703243
7896112147145
7896771607493
7898502730319
7899871606342
7898925598459
7908083512522
7896676431704
7896082900146
7896609550267
7898608950949
7891027391072
7899753514086
7898945746946
7896484130103
7898567750246
7898212287110
7898965666767
7894494549458
7898209182541
7896112400035
7891279792214
7898934931179
7702018913688
7894916205085
7899621103442
7893249046839
7896111992630
7909224554838
5010994790790
7896641812552
7898671425405
7908253269676
7891530592539
7891155064947
7898258628847
7899788403195
7891027305628
7898420978503
7898520934430
7896111994542
9788533936515
7896575101487
27084684384
7896181922544
7898225527579
7896033203388
7892840257248
7896852615621
7891473014754
7896007544172
7899527198177
7898932140795
7890000232289
7898157616280
7892953209073
4894290280008
7891301117251
7896799952377
6953222115141
7896004704838
7896714273532
27084178814
7898941022563
7898671423227
7896112415435
7898588110487
7908353610088
7892692810493
7898005716896
6930870600939
7896111951057
7898633983028
7897586811136
7894222021751
7891173023001
11017745
7891313849508
7896226102214
7895155292614
7896033241366
7909438050669
7898610373699
7908209801912
7898302722378
7899455903782
7891268101720
7896444602985
7896094926080
7896132130608
7896023737442
7896036526712
7896336016067
7896049504745
7891182990257
7898631550895
7891060910766
7891033535064
7897185996975
7898741950516
7898029557222
7898501381505
3330000210336
7891356068980
7895155384715
7898699911119
7898405067932
7899753553962
7891024134405
7896094210080
7896342412068
7891485406295
7896211827702
7898237857763
7898183793993
7899360202086
4005900345301
7898671425375
7890557223044
7899755667759
7899838810492
7896714270876
5702051049384
7896644735902
5702051032379
7896004718866
7896902212190
8710103942559
7898916594040
7891321230268
7891485405281
7899509701531
7898524349957
78986479211223
7896094904217
7897476614816
7899850334655
7898312581309
7909883092801
7897517902896
7898481401309
7891240007408
7622210573476
7891234582157
7896523227627
7899871600722
7898741805823
7899440955581
17891321330682
7899753536538
3243651931102
7896111992340
7896014124220
6932159608476
7896014146413
7896737013023
7891033913251
7908132288613
7895800400173
7898970341888
7896213300111
7898608953681
7899753519180
7893249021102
7898588086669
7896007200368
78924581
7896004705439
7891253202425
7898925521167
7893249941080
7891350032123
7896326956960
7890541728739
7896033205047
7899347605213
7896422505222
7898506458844
7899706133739
7896603805189
7897230303390
737052074306
7897517907006
7899852002965
9788536823287
7896422507523
7896261011595
7890541132666
7896181909217
7898650622221
8710103599968
7891033540037
7891150053410
7891055538722
7894222027746
7891027309459
5900273001566
7891473016994
7896647019146
7899790239157
7898927422585
7898449823495
7899768067218
7899806214581
7509546077635
7908209807600
7896326933213
7896116110282
7899753543062
7891177604008
7897840305760
17891321200220
7897832860581
7898211381925
7891523480805
7898508430510
7894650130070
7896444602107
7896699007696
7896036511565
17896007549273
7891033471713
7896033201599
7898588321777
7898079001027
7896336008581
7891151036993
7899640803972
7896000714039
7894494695827
7896004700496
7891027294311
7896444605719
7891361729906
7895155092979
7896181913610
7893249046914
7896637023979
7908169030513
7897982200695
7898024652953
7899820807349
7899852022109
7908077456023
7908458331079
7896658048319
746775178468
7896965209946
4005808092871
4912992014032
7891321068755
7896964620322
7896255766708
7898947407838
7891360497813
7909690495925
7896672202025
7899911201742
7896737000214
4005900010728
4912992011963
7891279203048
7908470002223
7891027120085
7896181913511
7898447970702
602883749023
7899753535173
7897595604767
7897129301209
7899984402305
7896438204881
7891010935979
7896036541425
7894494168734
7898549375306
7898079000495
7899911207614
7891150037540
7896902207226
7899026440791
7897779782106
7899527134755
7899620608948
7891024136430
887961274332
7896965215367
7898005716636
7899527108114
7899852025698
7899852025124
7896594802853
6985590009364
7896595570614
7891150037120
7896685303863
7897982201579
7896771605000
7898417961334
7892509070256
7891075131101
7897530100873
7897779750105
7898623951723
7899755643654
7898656682274
4894290678867
4895138747356
7894494581854
11062332
7898481401316
0070341706022
7896036548547
7896707200477
7897027219958
7899755673019
3330000577897
7896422512145
7893249990910
7898416830563
4005800120282
7896004720685
7896191226465
7898302727731
7899018449412
7908103765563
7899364807416
7702018920235
7898623243538
7908470009444
7896000628015
7898623951167
7898395843158
7891182991926
7894916140690
7891721051197
7896317900415
7898610378151
7908082302759
7898608950130
7501839199734
7899360214966
7891058017392
7896036564677
7898964630936
7908016651779
00721715000
7891721201691
7908040450959
7909107901384
7896342905836
7899031503870
7897129300769
7899650103413
7898119186103
7898964630547
7899820800319
7899026422506
7896108008962
7891224506095
7896211806394
7896112400370
7890282801517
7898567798736
7898961836546
8791165380374
7898646546562
7896230302860
7896075709022
7894494240805
7896714204468
7898506250172
7898312241814
7896033212021
7899788400460
7899808897805
7891317001728
7909875025817
3457460004296
840646004082
7896964617254
7891010034955
7896211884019
7898212286984
7896647070369
7891301507601
650240018657
7891317000509
7891266774223
7896225181131
7899026422483
7891485462420
7908228801658
7908458316649
17891321104665
7899640807796
7909690336440
7891106005647
4006381333948
7898301059673
7702018000890
7891106908498
7896342900961
7892840822446
6099639630898
7898320897768
7908077448523
7909438065144
7896290402609
7898549375412
7892607220485
7893299742132
17896011707423
7896683201482
7897500535278
7898610375433
7898170658526
7898417969392
5702051024206
7899026472297
6972683510753
7896279110020
7896060016036
7896927475174
7898002432737
7898610378854
7898961240121
7891150009752
7892953000199
7896647022924
7891150006164
7891177883564
7896400597003
6925873200903
4894290238221
7896018696006
7896007541027
7506195170366
7890713493496
7892840225919
7896075707240
7896094917347
7898502514926
7899583202917
6924466304691
6920897771606
7896000627551
7899820807301
7896111992432
7892509070249
7891350042863
7908209805293
9788538082538
8692952014000
7898671425177
7891045042246
7897776750016
7899783601039
7896206402419
7899852021317
7899753532219
619205194416
7896852627952
7898040922382
6438158486300
7908429306884
7891010924010
7896444602626
7899753539973
2008069445129
7899205916598
7898468580638
7894222019796
7890541146311
4894290285287
0088300107407
7891010253066
7897547705702
7896444600509
7899207530914
7896658016271
7898021635515
7891485319045
7896444602732
7896647009604
7896222718464
7896036521229
7898031311119
7896380602995
7897595604828
7896010174069
7896004722535
7898481401552
7891058001735
7891301370366
7896033240925
7896230303683
7898225527104
7899233783223
7890541864017
7896647020807
7898225524431
7890265811656
7896342452798
7897386781356
7899768036825
7896004752228
7899026415171
7501001287320
7891027236588
7893454107912
7896094924734
7908470000977
8718951193611
7898907959445
7898951747630
8411061561249
7898497307466
7898917294727
7898547241368
7896422506458
6932177467062
7891321103920
17891321220235
7899808810934
7897217403990
7896111946664
7898647928695
7897517925529
7898040328603
7891530597121
7891177081083
7894494164132
8683210100269
7896033204910
7898312566603
3282779391597
7501056348922
7898449394971
6295125036483
7898566825136
7896112123361
7897316801291
7891301026126
7891530581014
7898647926097
7898417962447
7896779641635
7891045040891
7896342906130
7909253140767
7897076913456
7898405065976
7891301196454
7899097920215
7897337710947
7896230300286
7897917000109
7898664976150
7896004754802
7501030683476
7908148524934
5415329877502
7897254127842
7899753535760
7898662451437
7501007455129
7909224537206
7898374651026
7897013553479
7891224865888
7896448194301
7899768805353
7891010020927
7898352914235
7896666500160
7896484180085
7898660593849
7898961050836
6932159608421
7899207534776
7897495408441
7908470005569
0736532675668
7896253900562
7899753544939
7896799911862
6920897708664
7891301374937
7896342449330
7899744007771
7894916513012
6920388608282
7891033500994
7891317000127
7896965204002
7891301486234
7899095202580
3270220004608
7891219015113
7899706121040
7908077454302
7897629208619
7896033270045
7891530390692
746775194819
7896916720186
7896230301078
7896077077396
7899233776386
7908077401610
7702018951123
7895858007140
4894290252388
6941690723173
7896004764481
7898588324907
7896965245036
8720689006460
7891027149697
7896181913986
7898212286939
6926066028182
7897129304392
7898503180274
7897500512590
7897517904210
7897832862264
6934460631471
7898723631075
7896036547700
7896902214842
7898549340328
073796452896
7896000704375
7908077468941
7622210888457
7898074613430
7896647002827
7891360506218
7897185918137
7891150025998
7897832866811
7896116114112
7898410045222
7896647073933
7896000611758
7898658622469
7896033212465
7898936111128
7891530292613
7891317450434
7891158104275
7891010014803
7891360653752
7892509106900
7898944074378
7908209808768
3499320012560
7891108038612
7622210561886
6889297311006
7896181911043
7898286940560
7897517927028
7898301056993
7891142115676
7891317024291
7899852026480
7898422753221
7898457749633
7892840268046
656079888690
7897517924263
7898422167448
7896647088470
7896027556025
7908458333134
7896342906178
7891234523143
7898965666323
7896111902851
6920897701665
7891150023598
7897833100211
7898697101673
7898405061633
7898447904226
7908161734907
737412900009
7898417961198
7898587774154
7894494192098
7896222720276
7896224410984
731509577631
7899420501647
7909253154245
8710103674245
746775036904
7891027049645
7898918060987
7891024179093
7899806213805
7894222027227
7891266774346
7899572808700
6952786802733
7898080990143
7898149188849
7898610378403
7899527130818
7898758083580
7898632472875
7904523120159
7896964623071
7622300802257
7908077468842
5010994730796
7891010253721
7896036572511
7896342436101
7501007454856
7898212280500
7896036548325
7896484190046
7897771201506
7908124401082
7892509051408
7894916509497
789600071865
7896070600201
7898608958983
7898623244467
7908083512508
7891027153762
736532532787
7891301489662
5435627464976
7891301513930
7899026438668
7896036544440
884851028198
6925187869872
7890541043900
7898567797203
7898451980513
7897517906351
7898432536852
7891010505448
7899670900863
6906020400292
7898078316665
7899783602531
7897947612730
7898573294338
7897230304465
7898608954572
7898486485113
8902220105935
4894290294364
7898636190720
7896336006631
7897500518035
7898599212217
048675991056
7899026422346
7896639603575
7898915802160
27084928792
7896111917473
7898951285590
7908671603632
7896025502994
7891150037632
4005900005632
7908040481519
7893249404455
7896965217170
4894290676788
7896085863745
7898211382960
7899753541556
7898225526954
7908077449001
11010555
7896014192915
7897655401794
7898566788769
7899304811428
7897840300086
7896779640683
7899091403424
7891024174432
7908040493093
7891485470609
027084843767
7891058017101
7896544927230
7896251801496
7896094925816
7908542627804
7898927356699
7899527143559
7898587764995
7896025522626
7898608954633
7896927443470
7899360263964
7892840255442
7898037084956
7897779807106
7899653223811
7891027060169
7896484110198
7896497501402
7891033937516
7896800009762
17891321045043
7820161051108
7898481400067
35820309194264
7898102362729
7891317031091
0070341707036
7891530458040
7896444614667
7898516899019
7899455904734
7896025507593
7897595900814
7896025505483
7899852010229
7898521378196
7898185416210
7896647080030
7891150059917
6952786896077
7894222009247
7891027146696
7891301514524
7898424966322
7908759405141
7898631550550
7896676430516
7896014123469
7891266617865
7899701872213
7908458317851
7898012490161
7896714218892
7897299902558
7899527108435
7897779743107
7898917052556
7896444607119
887961114959
7898352913641
7898623241671
7899264352115
7896036573020
7899360206008
7899701870141
7891321043943
7898706940835
6438158477858
7909253124897
7891182040143
7891224789818
7908169014384
7891035911040
7896036574126
7899852009247
3326240045470
7897473201583
7898225525131
7891033937400
7898660598813
7896609543108
7896000627360
7898502509304
7898504381113
4891861838279
7891045011181
7898352912545
7895144293899
7899755698470
7896000613202
7896000716866
090159810919
7899882303896
887961102758
78909816
7896042006901
7894222009308
7899091402311
3330000244881
7898939082548
7899506132949
7898417961914
7896647077375
7898631550635
7898666421726
4894290270320
17891321332174
7891224668304
7891317025878
7897013556104
7899755653264
7896641800771
7899783600438
7891010034511
7908071328289
7898662450119
7896014188161
6438158344327
7891058006389
731509991918
7891027146016
7896226105031
9786556652771
7791293022529
7896927472838
7898610375457
7896326923160
3326240027407
7908209802247
7896115704338
78905030
7898567796190
7894383148366
7898610370964
7894494653087
7899706139151
7891313603810
7899095202740
7891317450632
7894494195815
7891027346386
7897054517065
7896049526198
7898506256310
7891024182475
7899360205988
9788573980769
7898474844687
7896000610225
7896004706269
7898258620063
7899706167505
7908458333189
7897185965063
7891530460258
7891321103258
7896112122494
7897779754103
7896230304406
7899852013855
7896641802737
7896033212397
7897595637215
7891010657529
7898695063096
7896211816379
7791293991054
8429420135987
7899026438323
7891150011076
7896251803506
7896042006130
7898132989309
7908470010938
7899091484140
27898944524143
7896438201897
7891118011995
7891301489877
17891321104368
7891321045923
7898945746403
7898474840047
7898636171651
7890541864109
7898567795032
7892840142124
7899264344837
7899850334129
7908458320080
7908985909765
7896230301290
9788538093220
7898903991494
7898970341536
7908040449724
7897316801277
7899420508257
7891485385477
7897655400247
7899110632934
7893249058900
7896261000841
78924239
7898945786997
7898497306643
7896647090770
7896025524699
7896522030099
7899110609516
7896027531671
070330347977
7898078761656
7898100253579
7891058160067
7891691081217
7899386517706
7908077444938
7899403200314
7896572017361
7896013557609
7908346900998
7891360629542
7908013503750
7891008121674
7891317466404
7896640407209
7899852003788
731509992786
7896004700458
7897517909710
7893249174013
7898951747722
7891010011048
7891058059019
7896771606069
7897975050139
7894222000688
7898506450671
7898549371926
7898588324501
630509324958
7891301374944
4007817776094
7896206407612
7896116110299
7908209810143
7591165880550
7899850328593
4005808840625
7898636190850
7898671424934
7890541146410
7896603803895
570205101135
630509752584
7894494149450
7899026421349
7908209808706
7897655405105
7896111997420
7891010877989
7891150021860
7897185996814
7899527107766
7898096315237
7898303264310
7898662450935
7896647072684
7898562354531
7898447006296
7896025534940
7894222042664
7898567792857
7890557699498
7896497501334
7908458333080
7898632476736
7897254127880
7896023707834
7896852616246
7891279912216
7897776007004
7898300571329
7896964618312
7622210573384
7891485386207
7891301319297
4006381105330
6971912073045
7891045040587
7891142111852
7891224875450
7896641810749
7896965253567
7898371083592
7899050591506
4260747723259
7892953001899
7500435199087
7894916500593
7897424006540
7896920301258
7899755672944
7898951747401
7891150053717
7898648240260
7894164003600
7898352913801
7891027120306
7899655052396
6802975112467
7898416830129
4894290301918
7891027327019
7891142204615
7896637028301
7894164009381
7898962892602
7892832959815
7897169202597
7891027295288
7898422164607
7898661193161
7899455908978
7898639380715
7899304802365
7898646541611
7896111907283
8710103768708
7908458322015
7898589684949
7896540766918
7898966463518
7896033202336
7896640414498
7908236576104
7909438041865
7897042016907
7899527110087
37891395012181
4894290257758
7898265325081
7891268117011
7898639380227
7896927483773
7896014160068
7896112436102
7898300571190
7899850316576
7898352913207
7899783600537
7899455903928
7896226109015
7897095042090
9788536821504
7898480115566
4894095164756
7891151036931
7898994127659
7891301488887
7896326962510
7898696040492
7897517910846
7909690448341
7898582682805
5702051046468
7897947617698
4005808257720
4897019232074
7895500724036
7896025516649
7896261000018
7896497501716
7899621100946
010343922945
7898212287509
7896007541065
7898933164196
7897832842266
610059990513
7890000022187
7891010254148
7898497304724
78918368
6925187880587
7898420971733
7896112124900
7891024179215
7891106908887
7898715811003
7899360264169
7896839922414
737052074603
7891266542044
7896013506294
7898633980881
7898419151993
7899790227468
7896251801762
7894494687563
7896965247214
7896241243558
7897020208201
7897572000940
7896292293601
7898639380814
027084639995
4006381333689
7896326956984
7896331705089
719346567435
7702018273874
7891182025515
7896714265766
7896965215107
7898610377017
7898636191604
7898460973018
6925187868271
7895800400180
7898932136194
7898965463229
7899205955528
27898944524129
7899264363777
7894346000144
7892837161862
7893249197562
7895144603049
7908346900035
7908803200524
7899753538501
7897500553678
7890541884428
7898681351107
7891058003272
7896014124282
7898961836522
7891530319570
7898920399150
746775180171
7891321330685
7891024041369
7895265924467
7896033212304
7898352912491
7899264302998
7899509701319
7896013568537
7896518507307
7898225524530
7898506255153
7898650621347
7896111992470
6956812207172
7898527127248
7896964626027
7896094921986
7896016105036
7891266576612
7896042070599
7896852621684
7896658024368
7897917001007
7898943563811
7899621107952
7898724570885
7896326912195
7898488595476
4893888172169
4894290302045
7899930900787
7908040468640
7899852009902
7896594801009
7896902287587
7896647019795
7896046300418
6142620040722
7897386778110
7897595604736
7898506259441
7898610373187
7897774012000
7899026424722
4895138775397
4894290623089
7896112403425
7898212287127
6932159608292
7891027073619
7622210617958
7891035910081
7897517921514
7896444609564
7897595903730
7898132989019
7898671425290
7899304801559
6934460663342
7622210106124
7909690448587
7891060656152
7899110632323
7896637022996
7896852627990
7896653706931
7898650622283
7891485400927
7896211806424
7506195133453
7898504390917
7896004710327
7896006240105
7896641804151
7891023539973
7897042012725
7899650100696
7898200990039
6926950263309
7896000614582
7892840824655
7896024412720
4006381492942
7891313318257
7894222031231
7896004729206
7898588110715
7898623951266
7894222009698
4006381492355
7891058002862
746775286200
7891219023200
7908609044315
7891106001588
4007817609019
7896647002759
27084912180
7908038604913
4894290254290
7702045564105
7891485526535
7894916206877
7898631551472
7891301506253
7896112114277
7899575900920
7891530598487
7898360981939
7908458326396
7891075004047
4894290633699
7909690354628
7506295316510
7891653014031
7897473205963
7891027141110
7896676432800
7898300573118
4005808834730
7896132135382
17891321220389
7898929813015
7898170655006
7899852021867
7899852031255
7908071328296
7897322702292
0048675991094
7891634377759
7898447970658
7908439804875
7891024024447
7896007549368
6931759243087
6960650626682
7897230304168
7898623242883
7891010611330
7897851250431
731509974546
7891266845817
7896036520543
7898567798286
7896001223509
7899655007211
7896042084688
7898605222629
7891485380168
7898380411249
7896000715654
7896116112194
7506295396352
27896309205027
7898741805847
7894494180651
7899014900375
7896641806483
7898925522638
7890541636690
7896098805138
7898352912231
7891150019539
7896023792274
7891317431396
7891317124489
7898283810392
7898664975627
7898279794521
7899420507519
7896464707080
7898906005037
7891317488765
7898671425153
7899706118095
70501061954
7891485307363
6952786802269
7896658030284
7898567790495
8710103803706
7896342450312
7896000650290
7898957474639
7897832860680
700083357809
7898064921828
7891010041335
8885202012998
7896013547884
7898633382609
17898681351142
7897476635422
7899264360134
7896444681331
7890026037882
7898646542137
7893249046693
6925187871707
7891033534999
7896138700515
7898595239362
7898671421704
7892597897063
746775310035
178913213317
6941690722404
7896800009625
7897185972092
7891040302444
7896025519619
7899852001159
7894222007342
7891331014520
7899755607878
7898258629004
7897571924650
7898413661443
7896004711744
7891485342487
7898296950023
7898636290772
7896479983721
0740617133929
7896181901457
7896112127291
7897840301465
7891150034372
7897917004459
7898951285491
7896380606672
7891182015226
7896714291901
7896004702414
7908040481359
17500435106679
7898662452908
7891142143631
7908077460167
6934460660907
7896326926031
7908040449786
7891027111557
7891037000308
7896025515635
7897230303222
7897840300406
7898078317112
7898472891102
7898085947036
7898964200276
8902220106758
7898380920017
7908470009833
7896183313814
7896000627827
7896512911988
7897530100903
7892840817664
7898078318454
884851017536
7909438011387
7909883270032
6920218910240
7891027071691
7894916146074
7891224628780
7898579482609
7908470000892
7891313612232
7506195172643
7908209808577
7891691002083
7899753540085
7896000624437
7909549205781
7896004702360
7896342906147
7896042082899
7896025534452
887961219500
7891321046968
7898623955561
7894222007397
7898901898719
731509990171
7506339391336
7896380606689
7896658004124
7898126400247
7899572810000
7908209802315
7896114300357
7891485393373
7891485390327
7896207373459
7894916144414
7898610377321
4895138774246
7896647076910
7891360623120
7896033281065
7891045042239
8002135088504
7908083526048
7896015516543
7897027219156
7896112127666
7898556753876
7894222031989
17891321333737
7896852615300
7896927452861
887961729344
070341334461
7896094902565
7896014125296
7896025527621
7898915764611
4210201367086
7898656685695
7896006245322
7898078315798
7890263277263
7899852024226
7896004710129
7908083520459
7896000617422
7898395335844
3349666002742
7898503180090
7897517905705
7891027295417
7898459451169
637294800988
7898302727939
7896000650801
650240018718
7898468860389
7896251804343
7899207551032
7896211814078
7896004704487
7899620605206
7909342598332
3330000244386
7754111532020
6934460664127
6941690703175
7899850333887
7898631557085
7899706121101
7908083512782
7899014963820
7896049508736
7896572020378
7896111950364
7899768066433
7899850322751
7896572025724
7896054014925
7898610378502
7894494692109
4894290267290
7897775673026
7891350038309
7891176111064
7908148525108
7897386762966
7891142145413
7896839980001
7896230304239
7896380660926
7896004713977
7899753557526
7896004743073
7897771306010
7898225525667
7899676812481
2040840651763
7899262437357
7894222002897
7898664976334
7891721027406
7896033211604
17896673193329
7894916513029
7898422167417
7896114313104
7908470603147
7898595237481
7896818200175
7891530577796
7898343702094
7898158690401
7896036541128
7898610377901
7898417962720
7898503182049
7898947943848
7898321600060
2010050529121
7908470002407
7896112141839
7896004709802
7899655007334
4894290300225
7891010033507
9212815013262
7899095220300
7899026400924
7899083121909
7908458335930
7898126407932
7898915801156
7896255766135
7897930761650
7898562372870
7898662450393
7908399123740
7899852023632
731509535587
7891027291150
7897698235097
7898760140059
7896982901748
7908083513161
8003670965534
7898608956316
7894494772030
7908209808294
7896004730141
7909438033600
7891266774339
7896115705526
7896380605606
7896422502849
7896573380266
7896979676316
7891485452834
7898957474738
7899706117579
7896644723022
7908077452063
7896251800345
7898516901033
4894290259851
7898002433413
7891321320037
7891321220276
7891253214237
070330183582
7898002435042
7898410315073
7898697023180
7894916145480
7898741804437
5702051034557
7893299740893
7894222007984
7898941022556
7896737013054
7899753538112
7899850352482
7908083512980
3330000433766
7891010939960
7899755638834
5702051102690
7898968070202
3337872413520
7899661704937
7892509092791
7896965213318
7898610375075
7896839922315
7896885204106
7898549370868
7899320357283
7898506257584
7898647927612
7898422746162
7896000614025
7898947144993
7900083018769
7908040417440
7896647028667
7897144600943
7898417964953
7898277711087
7891010588830
7891024031377
7898040323189
731509990072
7899455903973
7908077434434
7896380602933
7896020693802
7897129304248
7908083529247
7899207512804
7891027139438
7897042020348
7890541720535
7896647071939
7899026401624
6952786896039
7891027308865
7791293012070
7898524347045
7898476327102
7898915932119
7896108560323
7896000713216
071603531000
7891150051911
7896000611765
7891142153180
7896023716430
7896036574010
7891182992602
7898944073517
7890541552211
7897027206620
7897744504870
7898949256069
7894222038780
7898125119379
7891313610290
7899207518790
7898964630660
0602883749153
6851129512639
7501006721294
7908209808591
7900083011760
7909189245147
7891485414528
6920243111005
7898932140481
7899852002408
7899547531237
7891142201768
7896355705034
3330000258345
7896004790633
3330000254989
7898582380725
7899527108169
7899701870158
7896572020354
7896033232074
7896226105192
7897252260862
7899753539966
8806071392042
7891027150570
010475140194
7892509061261
7894916133043
7896094925397
7898472907049
7899755676164
7891313906157
7898588087413
7899497500413
7894916142113
7898639794406
7908209808126
7891485416898
4894290230034
7899470802565
7500435244671
7896033270014
7898524340589
7899026468160
7896111999080
7897322701998
7894494517488
7898395330399
7899753534190
17891321332082
7897517902483
7898417962256
7897386787785
7896000614216
6952786807509
7898461579752
7890026901336
7894222003993
7891150026841
7908077454241
7896798601986
7896202502908
7899547503913
7895144695686
7897779715104
7896049524712
7899852003245
7896000613240
8002135077133
7891239026397
6920897766169
6931759249089
7898075315340
7891360653370
7506195126530
7898549354769
7908082302568
7908458332526
7898615157720
7891058005788
7899386517683
7899572806799
7896004721361
7896255762540
7896964620728
887961164015
7893249990903
7897547713356
7896326962527
7909253105230
7909438033747
7896026305594
3282779402729
7896036522721
7898447977053
7897495406423
7896799982978
7896982901960
7898504380956
7898504381984
7898506255238
7898567794592
7896025524873
7898927111328
9556091114092
7898901898160
7896004715933
6973094272001
7891317480738
7896033202176
7501009216544
7891027283063
7896341402114
7898589682891
7898608951816
7898303264327
7791293035901
7898608956460
7891485416621
7898504391419
7890541662231
7865188628810
7899026422308
7898468516224
7896818205606
7899056607171
7898566513996
7898506258093
7897211100130
7896111955239
7897832863070
7899527122233
7896444600516
7622210762979
7899788407803
7891350000054
7897476667560
630509328918
731509723779
7896015527242
7898965535544
8411061813973
7896212422784
6920218906861
6920897375521
7896181916109
7891360669784
7898532211338
7899852023717
7898639380647
7896014131457
7891266698758
7897517917609
7908448001494
7896464736028
7898545646660
7896920301586
7897629204512
7897917002301
7894222002866
7896222720054
7896714220420
7899783600322
7897337706179
7898447971891
027084778151
7908346902169
0070847022220
5702051018373
7896014187294
7899788408602
7898012491427
7898639380630
7896916710408
7898587760485
7898610375518
7895155434830
7898617740432
9788573984095
7896603805042
4005808837502
7898562357945
7899105904770
7891182029834
7898312599885
7898125119638
7898698744671
746775241773
7896965211789
7891530605970
7896014149452
7896079811288
7891268102062
7896908293988
7896523202709
7896509955193
7897386791980
7898582683567
7791293995755
7897571981493
7896010170399
7898179822805
27891800801846
7894222007854
7896007200306
7900083019391
7898312586878
7896331702545
27898549378677
7897386781097
7896013506461
7897237353800
7622300991845
7896422518673
7898650623822
7896033211253
7898483151707
7896444606150
7899701870073
7899706185042
7898416839863
7898472258707
7899026464513
7891010000516
7898392800185
7896326916742
7897237310261
7896964624429
7896798603454
7899026424661
8902220107793
735201084008
7894916142762
7896025526969
7891027081294
7891027347314
7898943596055
7896479904870
7899852004099
7898144120387
4894290245694
7896012800850
7909107672260
17898179822703
7891321042113
7896965247382
7896036542552
7897517930400
7891045040501
7896326921319
7506295396413
7899588007289
7908141503868
7898588323948
7896448176901
7891000340981
7897316805558
7898721350138
7891010974923
7898447970924
7896640407094
9788536824383
7898608959256
7899264376821
4894290290588
7899753502236
7908040459129
7891150090583
7899095201460
7909883275631
7896111940631
7899262414310
7896679224419
7898458703245
7898589684659
7894916342704
7890541094537
7896647077382
7897460400098
7896226102825
7899455900040
7891530478598
7892953207956
7891224861125
7897473203914
012742709080
7898610377581
7896852611890
7897832869256
7891027071080
7898588321395
7891321098066
7899852021263
7896512955265
7897517921071
7896027552478
7898503182087
7896036511602
7896279111782
4902505482045
78901010101
73468967
7898516892775
7908324403107
7894494727887
7896557301669
7897316801253
7896799951820
7891027135799
7891530495755
7896024402783
7891182993647
7891024034392
630509343294
7896422504379
7898617524322
7898010920066
7896672202490
7891301300967
7891653014116
7899852026985
7896020153481
4005900539724
7891158101359
7894321228723
7899207525286
7899706180948
7899753540788
7908458325474
7899658301453
7908040420273
7896444604606
7909690409434
7898623953260
7896647045947
7897386780656
7898133131066
7899575901347
7898639380289
7897848704251
7896226500195
7506105603366
7899588007708
7896653702476
7908209809871
7908458320622
7896025524804
6851127612959
050000298723
7899527109579
4894290299482
7898021635522
7908470010006
7890541049667
7898300572203
7896033232784
7896213300081
7896916721121
7899850310307
7896063285187
071603125001
7896000718327
7896444605771
5702051043542
3154148500599
7908040476638
7896658029462
7898280351003
7898697100126
7891035010682
7891150048805
7899026417281
7896004704555
4893782037014
6972038410080
7891058005979
7896026304627
7898527127750
7891266695818
7908458322374
7891530558221
7891176117165
7899783600827
7896639602790
7891010590246
7896644728539
7898591453458
7896965203401
7896004701967
7897256244486
8003670877011
9788538067580
3330000238323
7896033251655
7891010886554
7891088020041
7891224598113
7898966230936
7908169015473
7898741950059
7897042009121
7908169025625
7896004721637
7896000713520
7892692815474
7896063200289
7896132134293
746775241735
7898664972992
7898617521727
7899091427512
6920388607308
7891266717633
7898935271601
7908040433709
7893353609739
7896326911006
7896025511545
7898588086577
7896213300043
7908458322435
7898049790463
7908209806221
7896032501010
7898588329834
7791293012889
7899806929348
7891027136192
7908470602058
7891350038569
6925187868189
7896067200353
887961216950
7891027120184
7897517910174
7891024180877
7893249167138
7841881034080
7896181911975
7896342452293
7896033232517
7898168000597
7899386501781
17898681350800
7898932481560
7899207550806
7897386791812
7896181921554
7896523223193
7891485348328
7908209805323
7898524349254
4891475030885
7897705203224
7898925879534
7899852000206
7891360653622
6920220687345
7897774007006
7891027323011
731509991871
4894290261465
7892840825102
7896779661343
7891350034875
7897572003958
7891033479917
7899527106080
7896111901151
7898566518748
7891150096516
7908083512768
7898447907173
7899755676348
7896000622617
7891024035504
7896331708851
7891530597374
7896451911704
7791293035222
7908458322473
7908458326228
7899250605829
7898040323110
7898497308128
7899527119066
7896290402364
7896484110181
7899360218100
17891321220273
7891530585135
7908077444860
7897947611030
7896213131340
7898656682540
7896004729640
5013405667476
7891360658900
7895296282017
7896033232234
7898964200306
3330000230716
7894494280870
6932784030017
7896165600376
4006381401074
7500435142120
7896309204156
7896004723785
7897903305560
4895185612188
7896036520000
7899852020761
42360414
7891027308544
7897316804261
731509996487
7894494000591
7899655040409
7898589684895
7898211380775
7891150097339
7896679233152
7899250617471
7891027342586
80181446
7909107927858
7898581711261
1000000020007
7891232971083
7898179820559
7896033204774
7898502529173
7898934337018
7891035618345
7891266845916
7896033232777
7898546006036
7908209800298
7898656683523
7908371617595
7896033261401
7899806206197
7896114301613
7891313583808
6941690722770
7896132130585
7898048131236
7898583470104
7896647028612
7898593050631
7898286541613
7893454100142
7896025527287
4894290252319
7891027349936
7898419157728
7899640804139
7896965246897
9786561022910
7898503182742
7898506257256
7898459450711
9788533925304
7891027294656
609963963256
7893249927442
7898185416364
7898283858202
7898302727809
70755718
3330000254378
7896000622914
7891232534035
7898970341369
7896094907263
7898265324695
7891150039391
4005808714360
7896033201582
7896132133005
6920897571633
6924466309207
9788573980264
7897476687575
7894916143738
7795320050042
7897013534218
7899026473690
7899455904598
8718483102235
7892840817169
7908077433109
7896036548875
7891045006217
7891027132590
7894494687525
7891301300998
7896640450779
7896775314533
7896006254058
7898595237320
7898587763486
7898741530442
7899475610516
7896033211598
7448070226945
7899620608900
7899852013466
7896112125365
7898527125879
3595200501183
7899808889541
7896114300425
7899714000016
7898483151974
7898523200747
7891331018405
7898943609045
7891301115844
7898623952737
7795368002683
7891485440114
7899310500972
7896540780686
7909438042145
8411061341605
7891182007863
7894222020976
7896261011106
7896902206533
7891301194016
7896013536994
7892840819002
6851129512486
070341340974
7506295306078
7894222043661
7908077460044
7899091410583
7894916145015
7896464707028
7898620612412
7899852001869
7908083523252
7891253201466
7899420503801
7896737009057
7898447978449
7891317487294
7898360922017
7898078761816
7890704630091
42389248
7899755699156
7898664975337
7898952577236
7908209806139
7899233754186
4005800061578
6972038415696
7898417968807
7894916146241
7897595612120
6933890365000
7897595603111
7899753541051
7896326945872
4894290231208
7898497304489
7898179823048
7908209801875
7896094904378
7908161705204
7898560664021
11005605
7898664973197
7898447978142
7891772156466
7896025520868
7898656685282
7899655033739
7896640467043
7899768071697
6930897660244
7896014124275
7898341000017
7891010013387
7896111907641
7891027140915
7896448111094
887961121681
7899026423855
7896094909298
630509413881
7899572810857
6934460663960
7896964617414
7908704511019
7891356053283
010343938748
7894916508414
7898966463341
7898105010221
7896094905122
7896640467036
7896380603251
7891027118983
7896261000414
7891033926275
7899753531755
7891027064242
7891224874774
7896000628039
7898181584531
7898417965684
7894916503143
7898664631813
7896004703381
7898907008549
7899091410590
7898961050218
7751493004442
7908024924889
7908281341900
7897460400531
7898302722507
4564778477823
7909107543294
7791293784465
7891317046552
7896025503489
7899360214881
7908209807792
7893454304717
17891321330675
7897779727107
7898935271342
7909438041117
0070341335482
7898417962614
7896885202560
78987069182006
7891051038967
7898587778527
7891224681600
020800600330
7899547532258
7898575562862
7895296039031
7891024040560
4895138776967
7891356052866
7896744840803
7896771606144
7898352914785
7898781566876
7899670803843
7891317005207
7896676403671
7898555808584
7891027141158
7900083021158
7896639602172
7909438033617
75872489
7896737000412
7896001281691
7896025584068
7896342902917
7501001170288
7898422749354
7891142206848
7898570573665
7501001287160
7896111996249
9788533925793
7896181915638
7896094207943
11034629
7896714292045
7897512900101
7891301603105
7899264301816
7897230306506
4902505511219
7909438017815
7896016107221
6931759218399
7897930775701
7899911201315
7896422508117
7897780207872
7897512900811
9788536824505
7891266524323
7896342452675
7897337707657
6934460641357
7896033203098
7898452490967
7898650623549
7891060804010
3282770111644
7896094908611
7896000706829
7896444650016
7897779673107
7908038600724
7894494597183
7893249054834
7908615025971
7891153096810
7898579483729
7898265325579
7891150087781
7896004754154
070330347151
7898542759820
7896676406122
7898569760267
7898591459481
7898664974439
7891321035788
7898703031130
7909690029151
7899706157117
7898936049032
7896111917817
7899820803532
7897947601871
7896965214209
7899852021256
7898608952943
5702051056764
7891027233488
609963963485
7891106915878
7896115700460
7896115701542
7791293031538
7899026471788
7898474840528
4005900662095
7891010032241
7896004748214
7896241251164
7897337708203
7899264391718
7909690409373
7898012491373
7896326999547
7898286940553
7898074617056
7891106907002
4894290620842
7898453498900
7891266695870
7897013524172
7898506461592
7899413116841
7908161728852
7896212413553
7898474844229
7898542750179
7899083120384
7891356022517
7896658000607
7894222008059
7896326946053
7891224588114
7894916140904
7899455901221
7899026459687
4006000068510
7896015517014
7899753534459
7897517911843
7896112149033
7891485412012
7897424005642
7898405062845
7898481401118
7898671425863
7899658329419
7899700801023
7899808802335
7897517909802
7899783600971
7897947618008
4712780809204
7891075131088
7891224506149
7892509089739
7896497502065
7891224861002
7891485231811
11090533
7896839980636
2010050010858
6925187889580
7891137003704
7894916500586
6987521463245
7894993108286
7896699003810
7897517916763
7898132984830
7909690409465
6920243188881
7898958400224
18435477904312
7891023547794
7896639600260
7898936754301
7898569764852
884851028112
0722713013978
7908458335589
0722713013848
7898298360219
7896852616437
7898422751746
7161896014410
7899620614352
7896212641512
7896422503136
7896004730417
7898639380197
7896004775203
7898417961884
7898043444027
3126170094513
7898608957900
7898364585409
27896309204945
3326240036430
7898646541406
7894494128035
7896004778228
7898562614581
7896380601103
7899620609457
7896036521038
7898523201164
7898967923561
7908448003863
7908228802013
7898101643034
6903612145050
7891350044935
7894916501613
7898588320282
7898610374603
7894900508024
7896004749020
7899852021539
7898947920061
7506195196458
7897013520532
7898591457845
11008613
7897337707916
7898933196203
7899026462625
7896279102421
7896033201339
7891266679351
7891321104217
7900083003635
5702157109159
7897947617513
7891024171233
7890541759641
7898516899057
7897851220069
7896261014992
9788538083115
7897478406037
7892840818500
7899264332896
090159890577
7898506257393
7891058001254
7898976443074
7892840816711
7896964619715
6920897716553
7896004731735
7896647028216
7896112423041
7896448111858
7898078315873
7896226109688
7898078762059
7896111976944
7898185414667
7898567792178
8411061820117
17891395008890
7891301602184
7900083019957
7897795010252
7908011005164
7908689907081
7899495704127
7898300571848
7908077453824
7896013502302
7898664974415
7896027201260
7894222021232
4894290628275
887961360448
7892840820213
7898944074064
7909883234027
7896033201032
7896676436020
7897512902204
7898048136637
7896006220831
7896306625367
7898937360136
3605521869869
7896261006430
7898086731535
7896020610021
7898125113490
8710103561798
7891033480937
7899753557922
7897835701058
7899958207950
7892840814311
7898502529319
7891224959433
7896004710549
7896444663009
7891266698864
7896009177651
7896644716222
7899706117593
7892840814076
6925187868325
7891360682066
7896006216582
7898671425139
7899852000459
17896011707461
4894290298041
7891153070438
7891313842806
7891150025493
7898639380593
7908371662755
7896181903420
7899852018317
7898927980191
7898608953926
7891109635193
7898301052834
7501065918086
7898943563545
7899575900555
7896479948959
7894916143226
6831990812335
7896018700857
7892509085311
7896092000553
7896206400460
7898132981815
7897237336155
7908040406352
7891321035627
7899110610963
7898671427836
7898417964281
7891027033521
7898549750172
7896025528161
7891301513213
7891010041427
7891530593802
731509627596
027084843781
7891027007386
7898519450262
7891301248481
7896033241809
11022244
7891106909044
7897020208195
7896640452667
7897595602558
7898079003175
3330000263868
7506195196489
7899588003465
7898105010429
7896887740794
7898481402085
7892840814632
7898610379059
6925187875842
7891027047580
3282779185615
5010994573102
7891045040709
7892953000168
7896110700106
6972858365508
7890541184863
7891301112898
7896001281455
7891010256364
7896524511336
7898468503538
7896111955796
7896181923060
7898078317945
7896025538955
7898417963093
7898958060435
7899547018578
7898961836706
7899838809083
7899871601484
7896012878484
17896342914248
7891150051973
7897851250165
731509990492
7896422504584
7891356054709
746775181444
7899852001739
090159890638
7898518430302
11489337
7899621100861
7896112411192
7891027139131
7898322240340
7890541884312
7894916341370
7897595618573
3282770074758
7908046800147
7899852014784
7897900317689
7899640425914
7898483152209
7898947387079
4895138788557
67897731141172
7899187014176
7896699009553
7908013507932
5010993493159
7896484110440
7898212287141
7895800304679
1343395011244
7897771300018
7898926572113
7898040325602
7897512900538
7898330228040
7896181901198
7909224285602
041333014630
7897237315884
7896382700576
7896641808470
7899527138548
7899653281033
7908985800970
7898064920579
7896699013000
7896359000357
7898958119140
7891033925544
7893249095134
7895155383374
7899706149631
7897386789857
7891150024526
7897517902919
7897144600189
7899527137039
7898909298221
7892840818005
7908803200500
7908458324460
7897731115126
7898527127323
7898664975252
7899753544786
6932159608513
7897424005628
7896637613026
7897237344167
7908353612099
7898932370925
7893249167077
7898952577694
7898623241435
7896641810695
7891010933838
7896042072968
7896380604142
7894222027005
7896326900307
4564778477212
7897129304088
7898490057849
7898632475944
7908077446499
7891360484134
8718483102426
7908040406116
7898447977565
7897771306911
7899527149148
746775332457
7891219016677
7891040137985
7702045538847
7891027050207
7909253153996
7908077436186
7898955000137
7899826949506
7897144929891
7899852023557
7891010510961
7896191239410
7890688158543
7891485462598
7908040449540
7897517904067
7891150018921
7896033232746
7891027319670
7891158106811
7891035990014
7898283857984
7899588008071
630509748730
7896226505299
7898395336193
7898706940828
6932159606106
020800750165
7896380606863
7899264311815
7622300869960
7899226922622
656079623000
7898932370840
5013405651963
7892953000113
7898075310260
7899613390331
746775289720
7897322707617
610059412909
7891010249922
7896044900559
7896185998316
7896852616062
7909107036154
4894290996091
7908083519866
7896359019236
7908169035983
7891182991780
7894494695841
4891475029889
7702045538809
7896548112793
7899264394832
7899652100601
7896309200189
7899852024530
7891232252014
887961722840
7896839980117
7898452480432
7898925522041
7898132980696
4894290996121
7898417965554
7891008331028
7891150030749
7896683200768
7898125114633
7891153069999
7898185414193
7898322524433
7896964617421
7898405062364
7891027146825
7898631550260
7897698209326
7908040486972
7898012491038
7896479930855
4894095148824
7897779701107
7990500001689
17891321104214
7897027213154
7891485404314
7898646546821
7899360264084
7908209804524
7896006298526
7899470804576
7891106905886
7899547018592
7894916501477
7896004702216
7897586800321
7897512900064
7896964620162
7896006247302
7891000081754
7909690487111
7894916503556
7891027070823
7897460400364
7896033232739
7897547714704
7891317031176
7897731160065
7899884200728
7891027110345
7896714292069
7896000613714
7896464707851
7896472502387
7894222001388
7898666421931
7899264350432
7899783601367
845263014049
7891485339920
7891530307584
7898623956902
9786557389126
7898567799436
7908823500048
7896609544808
7892005051094
7897143001666
7899706133913
7891112214903
4894290276315
7896037701477
7898520948499
7897698203836
7908161726261
17896342911117
7899806213119
7898132989156
7898566292372
5010994708917
7896114300319
7898503185248
7891360661269
7891142128744
7896279103787
7897237372801
7891010035198
7891321098127
7896007546756
7898212288070
7610939003039
7899621107273
7891055670224
7896043353158
7898144121889
7891024124536
7898002434571
7891058022778
7891317496388
7898588320329
7891485484057
7891024115800
887961836776
7896326989005
7898692791091
7897832862400
7891253254080
2100002022258
7896033282567
7898483152018
7290108164763
7890541884466
7891530441288
7896020153788
7897013534201
4894290671363
7898671424101
746775183882
7908615801674
7908077452841
7896036542118
7891721023507
7896902201101
7891224260966
7899852026060
7890026036861
7891485378776
7896279112727
6952786802115
7896212479580
7898538008826
7896647076187
7899488100035
7908448001302
7896000717641
7898007755084
7898468500032
7896004714158
7794728013864
7896014182091
7897840301496
7896004769660
7891266058064
7891106908641
7891485406523
7896279126816
7898170659110
7898447976537
7899918921001
7897595630803
7891301488764
7891058006396
7898934861889
7899808843383
7896699007771
7895858016265
7897424014026
070341339398
7898369692768
7896251802134
7898417966230
7899783600377
7898258621688
7896916710354
7896181921424
7898503183114
7891182019149
7898587270793
7897840300222
7509546679532
7896360000933
7898567750574
7896647008638
7896000714237
7899572813087
7899779009511
7893454100661
7891027153809
7898422167431
7896676402568
7896025500082
7891027123901
7894916141154
810508000415
7891356067365
7897930761346
7908216110236
7898212287561
7899852017525
7896013547914
3014260839383
7896206401948
7898078316740
7896326962770
7896093002181
7897771300117
7890541151247
7898457749640
7899264307078
7898588087277
7500435125390
7898148298877
7898502543896
7896046714352
7897027201564
7898623953536
7896112140603
7899768065498
7896041399516
7900083019964
7896023700811
7891182013383
1682325011306
7898488598538
7896007549528
7908458306640
7891027291099
7898079000105
7896737014044
7897027213932
7891182039543
7891485461294
7897982203825
7892953001516
7896111992999
7622202258046
7899056681027
7898078313930
7897947616745
7891485373504
7896116100429
7896771606625
7896902217751
7891027118990
7898671427973
7899026414532
7909342598394
7898970341321
7899670810988
7841764080005
4005900109293
7897779613103
7898588320046
7899806204278
7898605222643
8710103873174
7898125110765
7908759405028
7897877707001
7899572802296
7896251800970
7891024113707
7900083001853
7898595237214
0027084506785
7898283852873
7891239009130
7896676406177
7896004707594
7908667902107
7891321330814
7898657691350
7891060773125
4894290674524
7896964618190
3701129802083
6925187880105
7896444604316
7897424016723
7890541018021
7899714000061
88699264
7896025531413
7899790915822
7897020203916
7898420978480
4894290636454
3337875605069
7896007546299
7896013527756
7898157301285
7898631550659
6934460646291
7909438044569
7702045538366
7895858005917
7896676410211
7898675504915
7899753505565
7899768825740
7896641800733
7908077401863
7891033494569
7897789495812
7898458573251
7896033221139
7896013562948
7890026901275
7891010590222
4891199042140
7899264365658
7890541146403
7895528555186
7898566291917
7891150006966
7899572813162
7898639381569
7897982204440
7899583205765
7896658033872
7908010116908
7896004732510
7899753549989
7899264360073
7898506256549
7899806214611
7909883367671
6935658604024
7896033208031
7899069917625
7896497501372
7892608324786
7896658038600
7896744847208
7896359012800
7892840823542
7896111993033
7896019611749
7898506478989
7908458334520
7899264308013
7899527122646
7896112126430
7896359041046
7896033233736
7896042006154
7896063285200
7896326946114
810508000514
4005808377220
7896800022778
7897158701575
7896015521684
7898927415884
7891317007287
7893249197050
7897731190123
7896111953877
7896042070889
7898966640360
7896150107699
7897386799177
7896036520512
7898610375334
7896927453530
33921001
7896212479603
7893249344485
7898005716551
7898447978418
7897230304724
7891027292171
7891224875481
3507460070866
7908458332700
746775181321
7899233768701
6926784960108
7892840272739
7898410314786
7899783600926
7898650621972
7897571994127
7896509974170
7899455900507
7900083018806
7897930762480
7891317421434
7896326912225
7899026419117
7891033481491
7896609544457
7896213310110
7891150035836
7896251801458
7891224260973
7801125008345
7891058011468
7891106006408
7897655040801
7896637033947
7897076912183
7898417961211
7898265324206
17898681350107
7898101643089
7891010517298
7898312581347
7896004747774
7898938167093
7896326918913
7899083126461
7899753518060
7891317472375
7898927356033
7898138781570
7898417966308
7909690369080
7896509954967
7898302725041
7898949584551
7892840817961
7896111947807
7899455900033
7896094209602
7899207528478
7896714207384
7896658001178
7899850338059
7898549360203
731509560732
7898506254965
7898569760410
5010993464500
7898974215024
7891266629363
840646003276
7895800204528
027084886580
7896326962466
7898078762561
7898567750901
7891027315825
7896641803079
7899050557489
7896369163653
5702051010551
7898781566685
7908038605057
7896004726847
7898483151714
7891528038025
7892509074254
7898937360082
7891027144845
7909690354536
7899527119158
7891321024195
7908353609648
7897256233541
7898502524277
7897185914016
7896326905593
7898496351804
7898078316597
7891106900614
7898432536937
7891027539184
7898265325517
7896111947746
7909224546420
7898589684437
7891360653615
7891485386894
7896025521995
7899850323222
7896070600904
7896862923365
6877159112885
7891182996563
7892509107525
7898504386248
7898506254859
7898483152216
7893249182971
7898947170206
7896226102337
7896639683508
7898623243095
7898647491601
7898258623286
7899583205871
7896000627506
7891321103500
7899788400316
630509424399
7898589684260
6931759212694
7896093001030
7891153005256
3337872413100
7899755657378
7898925522065
7898300574849
7909690361794
7898671431437
7891530577659
7897848714038
7898300572616
7896085864445
7896004710259
7896852616215
6438158228931
7891017856345
7892509077354
7899250604419
7896235353225
7896211806417
7899527111060
8593410619174
7896444602565
7897256299905
7891040149483
7897930778160
7897982202507
7898410311914
7891033541379
7899069903307
735201084039
7898002432164
7891010035228
78907867
7897530100149
7896965250566
7899655011027
7896658008719
7891142200341
7899753532691
7898067950955
4894290259585
7899583204096
7898608950970
7896112466215
7891266576780
7898360928828
7891045029063
7898405065945
7894222036281
7896000614544
7896114302306
4005900696823
7891027066994
7898212287226
7897476611488
7898302727359
7894494564086
7892005050479
7898623951655
7899386516396
7896075029502
4894290299451
7891317011277
7898302722118
7891182029841
7897789424959
7898012490215
7894494517525
7893454714448
7896083400256
7897629205526
7897771201407
7899755603382
74929917
7897217404102
7898570571531
7891027142902
7898147771548
7896444603272
7506195153574
7899850322799
8675458879076
3337871330255
7890904101261
7896179850026
7896548114124
93868532
7892509086455
7898917420249
7891027118525
7899753557212
7896603800504
7898662450126
7908324405552
7896033243117
7896213319540
7896206401368
7891150105652
7899026408364
5702051048172
7898610377000
7892005006193
7894222027265
7892840256548
7896965246880
7897920700416
7898562358195
7898647924390
7899083123798
7908040492805
7899941200081
7891268147681
7891010031978
7891321044582
7898961836232
7376847402738
7898610371626
7899360222688
3014260780210
8902100887630
7896036521212
7908083523146
7896927481854
7892509065665
7891301520990
7899753517353
7899768070829
7896036520048
7892597347247
7896311777273
7908458335947
4894130917750
7892509059190
4894290654328
7898720566431
7898623952386
7898258622661
7908497414832
7896269900136
7896040701402
7891027132804
7892509063166
9788573980196
7896004718835
7891017000120
7908083517602
7898964630721
7897771300414
7909438050362
7897476652870
7891219018534
7898524349384
7898548357518
7898369690719
7899026483903
7896647041901
7891150063969
7896779621422
3326240040024
9788576618850
4902505482083
27898452173277
7898506460496
7898675500153
7909690466932
7896004731308
7899347604650
7896964625112
7899706179881
7908083513673
6934460631181
7622300847678
7895800217245
7896014157525
7896014174164
7891010254414
7899753535388
7908077452872
7891150038431
7891253200278
7448070225573
7891224907397
7899026423374
7896615101019
7897256260066
7899400514414
78966447285467
7896111985571
7891150060821
17896572013858
7890541636683
7897900317566
7898664632186
7891027179762
7896004782560
4894290285294
7897254129105
7898683860218
7899850327008
7898934593940
7891301376962
7896226110370
7891182038072
7892509097994
7891118025664
7891177603001
7898123100430
7891321332242
7897562223540
7898741803973
11031550
7896852615355
7898650623679
7899364809649
7795320008791
7891024026472
7899658375379
7896010170344
7899820812954
7897316804902
33924903
7898605222872
7896023737428
7898395331938
7500435106412
7894222019895
7898566292211
7899852019338
7896444603821
7899753502533
7896644730303
7896090611775
7896000713018
887961384062
6438158217416
7894222021522
7899783602319
7899110599039
7899026463936
7908040403672
7909253105636
7892840814298
7899806949438
7898650625796
7891027229221
7897027216049
7896862993627
7891150070363
7897076913494
7908209810389
7897294408826
7896033221108
7898037080057
7892840255541
7894494780875
7898994127666
7894222039534
7896639601397
6934460629539
7891301196621
7897779682109
7896018703674
7894346000359
7896013557456
7898947387314
7892953127162
7896331706376
7898965666446
7896132120418
7896094918115
7900083008104
7896004744445
7898947387208
7891027135706
7896380606542
7898300572128
7896033201681
7891224663774
7896279104135
7898012490130
7891150028463
9788536822051
7896317908121
7891321064603
6001159118985
7898562352797
7897185970340
6932159610547
7898521377182
7897889102276
7897181901232
7896800008925
7891010244934
7898952577847
7899014900337
7896230301306
7897027221906
7896400599649
7896422500852
7896497502584
4250366817262
7896448122403
7898671427010
7898941774301
7898945458481
7891268102956
7891266524002
7896015513368
7896965247368
7898417965561
7899527124350
7898717401288
7898481401170
7890541720634
7897530101108
7896839927112
7898040920418
7898601061154
9722674065222
7894494000539
8879616613612
7896132100328
7899264378955
3154141129216
7909690270775
7899527131303
7896026301077
17891395012163
7891485450113
7896251802578
7896111992623
8902220106024
7898925521211
7891191000817
7894222007175
7896253900142
7897947613669
7899838836621
6941690705551
7898662451642
7891010588854
7899658375393
7898939803044
7897517932800
7897322700724
7891530555480
8445291357280
7896094920910
7897909100183
4006381558013
7894187050483
7896714214542
6926458675024
7898506722662
6934460667913
7898581710363
7891485386726
7898586630314
7891182030939
7899852003740
9788573980936
78924413
3282770101027
7891033566112
6920897730276
7898671424361
7898417969248
7899055273728
7898170655310
7891317008888
17896012880187
7896025514829
6506079867956
7896111970942
7897129301643
7891027951924
7899360214829
7898488598347
7908458325511
7892509093651
7895858016814
4902505343599
048675991001
7896380605569
7898671424279
7899207512187
7898488590136
7899850333375
7898927356392
7898422749873
8710103779827
7896279112055
7891530341472
7909253140699
4893888160203
6924466309917
7896111992845
7897256260035
4894290636430
27084819670
7891485406936
7891150079168
7896111996553
7891321104668
7891313612058
7898132986414
7898312889788
7899233749861
7897684808731
17891321104795
7896200704120
7896523220239
7891530475399
7894222020532
7894222000398
6951287456506
7891301521805
7891153032061
7897186072241
7909438055404
7891530431142
7896251802097
7908077446932
7898951405035
7908077458980
7899360215529
7896779606214
7899790501407
7506195131640
7898283854686
4902505482069
7898474845080
7898671424965
7896026300926
7898925522157
7896548198247
041778367841
7896235354109
7899304800590
7899527106172
7896422512824
7894222022093
7898687733648
7899105903575
7899751104647
7896342903306
6972858365478
7896004714004
7897337706315
7898248392444
7899026425934
7899455904116
4566300606807
7891000062746
7893249567877
7896640400323
7898616444614
7908083510009
7898563364744
7897530101078
7890541184818
7894916144278
7895155497484
7897595605276
7898078315880
7897520154251
2100002017582
7896094999138
7896181901594
7898012492134
7896094202276
7891112229228
7896037701446
7896181916437
7898212287424
7898179821655
7898567794691
7899026401716
7891485394912
7898417963352
7896041959222
7899706113762
7896111949597
7896261002050
7899264324433
7908083523931
7894916505673
7890000240383
7898636193110
7908077431952
381519183386
7897158700226
7898610376089
7894494411847
7896714208206
7898631555876
7899753533483
7898264820747
7891224829347
630509890095
047400179240
7891155072690
7891266845879
7896852612095
7898994336112
7891027412005
7896020164197
7896902201590
7908470603291
8903855062006
7896326988558
7899753541907
7891027159887
7896004704333
7899207513368
1000000188387
7908209811492
7898950465016
7896004739878
7891279896103
7506295369523
7891321333716
7899264344868
7909438040851
7897789497236
7899640426317
7898656167375
7791293521480
7892509056793
7891721001970
7895155003234
7899852001593
7898588326321
7896036560471
7896200707923
7896094915893
7896422513975
7896647024751
7896326943984
7899655033173
7899852020310
7891055141526
7908497405014
4894095147551
7908040400022
7908083513390
7896647005750
7898947386157
7896025524460
7891224744749
7896523208107
7896033241236
7897386781134
7898927566173
7898588326345
9788537628126
7896980421965
7898395332126
7896014172887
7891027306298
7896111984734
7898417961020
7891010013394
6924466303434
7891150051850
7896658005626
7898714760999
7896206402037
0000078927414
7896647024171
7896033204514
7898582680214
7899852020754
7891317001711
7891150037441
7897832842327
7891301600609
7896098805343
7898126406294
7891360436522
7896484102117
7898352912354
7898952577700
7896422505888
7898486477125
7899820803068
7891321047422
7891009857855
7898931699720
7896524511190
7898360900251
7899264336276
7899790242973
7898610375228
7896111947838
070341336380
7891317001483
7891183031737
7891266617810
7896000625229
4006381186483
7896025513488
7896523202815
7898216368013
7898656684858
7506295309970
7891150005501
7898961836805
7896230303584
7891360628811
7899779010838
7896004702742
7891150070295
7894298030817
630509390540
7894494192289
7894916143073
7896004749730
7896902282490
7899121844807
17891321103910
7897185967326
7898503186177
7898286940195
7898902274499
7896224410786
7899753540061
7891485444433
7894494081941
7896916761585
7898216363537
7898556757140
7898911689376
7908040459334
6578785686824
7896036576212
7896438204935
7898610370018
7898593050082
7899264333695
7891010099480
7898744782534
7896207372438
7899852018218
021105863406
7898037080224
11025375
0070341705476
7891266717688
7896111940938
11005612
7897889122601
90159150619
7898417962850
7891150008991
7891010804602
7898448616234
7896013516224
7899898601955
3330000238309
7891485441715
17898681350152
7898664976617
7891530303296
7891530400285
7891024135174
7892840821951
7896359026616
7896658030277
7896075709244
3045380014664
6941690703168
7896211806370
7896852613016
7898281098303
7899527110247
7899670901518
7896342902217
7890732080653
7898417965356
027185501252
7896033212458
7898647927667
7898944073166
619659067021
7891150051904
7891027141981
7898212287486
7890265480708
7898502539639
7501007413914
7894916503402
7899706119474
7908040486934
7896423471007
7610100008962
7897476612751
7898523201157
7909690467106
7896965251822
0000025009552
7891224486403
7896112197447
7896111953730
7898608950918
7899753538945
7892509200615
6799203031013
7891313604152
7896279109789
7898497303123
7896852616079
7896004701196
7897144602169
7896042010625
7897930760424
7896006208518
7898352912286
7896046710750
7899850337649
7896292214101
7506309846262
4894290653260
7897256220947
7899911207591
7891033534401
7908281314454
7898300574467
7899850305341
7891183026825
7892840120214
4971850032649
088300105380
7899250619628
7891266576674
17896004010622
7891024025925
7896800009298
78930377
7898149189044
7898608953247
789855204040
7896965211154
7898506255061
7899619910625
7909189317929
7894916145800
7896468378118
7897316806555
7899551307743
7891268148800
7891027071004
7891317438050
7896004770321
7897517904180
7891485383879
7896025525436
7899091483280
7908420116826
7896094918757
7897256210016
7896732600020
7891224347735
7908448002941
7896004710297
7896186000452
7899755682554
7898497307435
7891027305468
7898555800113
7896222718051
7897877701009
7899420507311
7893249344461
7898008554112
7897054514019
7900083002638
7891106906722
7899360206602
7899753527512
7908083529407
7894494482038
731509992021
7898610371466
7897129303944
7896020163701
3282770206968
7896444603043
7898521371449
7899852000060
7898601577877
7898300572449
7899701871339
7898521371708
630509655632
7898132989385
7896331708837
8806428060624
3330000234042
7896004725666
7898475611547
7899613364073
7896852628430
7894222004105
7896036545416
7891033871353
7891266717671
7891000201008
7896033211741
7891040001323
7899304808800
7891232492526
7891317124038
7896852615294
7896676435030
7897595608307
887961053739
7899783601442
7898502514476
7898078319192
7892597336616
7899250600510
7897802719338
7908083524303
7896799983517
7891109635209
7891224588107
7898126400988
7909690467090
7896004715766
7896025543072
7896902211933
7898633984384
7897659613384
7908209809109
7898671424729
7898623952676
7908083512263
7895155121556
7898646542144
7896206402075
8720689013765
7896004712208
7899026400832
7897216904580
7897517927301
7896004755410
7898671427829
4064666318356
7892509084611
4015630058693
7896020162780
7898101640507
7891182033039
7898662451314
7891358455719
9788557584785
7894494128011
7896658002946
746775050658
7897076921901
7898934336301
7896033233781
7896000716835
7898483152223
7899788407636
4894095223439
7898671429441
7899753535364
7891010249908
7896033241908
7898556754392
7898970341147
7891224835997
6932159610622
7894222031217
7897930777316
7898556755009
7899753509648
7896438205321
7896013544777
7899706113205
7898288551962
6952786896060
7898054320372
7891240051739
7891224426607
7898698741625
7893249666129
7896965208918
4894290036537
7896033270069
7896111945933
7896964617025
7891010253028
4894095168136
7896085862212
7896444603173
7892509060561
7896980408546
7908077449384
7893249046679
7897042013227
7899753536101
7898172860040
7897230304120
7898589684611
7896251802981
7908312127213
4894095171129
7908209805309
7892840225810
7891037004276
7898603990285
7898650622368
6942138927658
7897424082216
7896054023958
7894916513173
7896013567097
7896800010034
7897252261005
7891024027851
7896676434309
7898312948690
7891301507281
7898927420307
7897840301489
7899806223248
7897027220558
7909690448334
7898490058310
7891182019330
7899364805054
7896020164203
7896000624697
7908209808980
7896326911525
7891485462611
8902220114906
7898723631044
7894222007274
7898549353755
7898111922419
7898108640074
7909068611544
7891301487965
7891321333853
7898417961143
7898948586143
2009122210036
27896309205072
7898632475067
7897517917661
7892520235726
7908077434571
7891266733435
7891024013533
7896451917867
7898639380333
7891266684607
7891317431525
7896964617513
7898542891025
7891027538941
7892509103893
7898185410737
7891317017378
7891010506056
7891033302079
7897512902198
7898420972693
7908652101379
7896013562290
3760133123591
7896004741963
7898919603763
7899264308082
7899852000497
7899663513803
3330000242924
17896012878504
7891266774278
7891150022010
7896342438341
7899806920284
7897013533938
4894095150209
7897476686639
7898911495274
7909690371519
7891142982216
7890541000217
7890000956536
3330000244232
7898577235122
6925187865294
7891055653203
7896615120836
7896000722638
7896671694098
7897185952179
7896007510849
071603003460
7891313702803
7898207210529
7896033241830
7898460972936
7890541759726
7897027216759
4894290636461
7506295316503
7841764060717
7896637026505
7896094917866
7898483151981
7898497308364
7898567790785
7898582683024
7908077466657
7896422507318
7506309882529
7898002432850
7898059216663
7899652102131
887961804188
7890541984104
7898506256754
6948549065842
7898108612361
7896025506213
7899753535241
7891142206404
7898542753644
7899207532277
7909875060009
7908277400369
7899411557240
7899753534879
7891360559160
7896750403078
7896640406882
7896902212176
7899852022956
7908209804395
7891301194498
7894900509809
7898099062558
7899753544472
7898481401538
75066857
7899806203455
7448070230645
7908448005065
7891033474035
7898417962041
7899320355128
7898225524370
7899753550633
7898741805991
4894290270795
7982663510092
7896965215152
7898947407180
7899806212976
7898605222759
7896020619321
7891010655129
7898633981543
7896902287532
7898955019726
7898152668017
7896111955758
7897595902146
7894916515559
7908248100151
7908077444853
7891024131671
7898300572722
7898602521688
7896448175003
7896111992418
7898671423234
7897185951653
11072881
4894290246424
7891106000888
7898132989255
7891321024362
7899056791313
7899788402600
7898283851531
7899852014555
9788533929685
7898664976631
7898956544012
7899264335736
7898945746465
4008600129264
6917878048161
7897517920197
7896000627759
7899207523121
7891224789795
7898671427805
7891153032092
7896000613349
7898608953223
7891279890408
7891530294273
7894494188206
7896033231060
7896326922033
7896000717245
7908083521760
7891219029035
7898506258970
7891301521003
7896033231084
7898417962010
7890002967547
7896013544210
7898639380760
7909224537329
7891279722211
7894222009742
7891058003265
7909690794653
7891033302031
7891000258590
7891224983940
7899755693895
7898506256181
7898516912473
7899706149372
7891485464943
6925352211246
7506295383109
7899055245084
7896094207325
7891000329856
7896094201545
7896331701678
7899852013923
7896004800400
7898954526089
7898506451982
887961273076
7897256261223
7899575900715
7891530352836
7896671693909
7897595601957
7896279111676
7894222041339
7899583205512
8002135069329
7891232970031
7894494180224
7898741804444
6972858365942
7891232033200
021105262100
8902220114166
7894916143257
7897252212151
7898301057488
7896226100296
7896448110424
7891317020576
7899753545486
7898960813784
7896927484343
7898360921447
7891150020917
4894290227072
7896484130295
7897930775381
7898412977361
7891321047064
7899429100438
7899706198325
7899852009964
7899706120265
7898447906220
7896640431235
7898605220601
7898663111750
7896637035996
7908394103136
7896010170320
7891150026797
7896026300117
7899619915880
7898212287479
7909883401979
7899876602295
7891027150761
7897595901125
7908040428835
7898650621798
7506339308563
7896014183203
7896033233941
7891158000195
7896647077597
7898582290338
7896222720061
7896641800627
5010993463244
7898588080933
7909438050683
887961527377
7896509955216
7897930760936
7891024316184
7899304807506
7898639302403
7506306241152
7891317462031
7891010566708
7899852014838
7891530392702
7896548112069
7899788409302
7891000065310
7891239000212
7892509072915
090159310914
7892953000755
7892840126216
7898497302829
4717440007723
7896658024146
7898426278843
7891027120917
7896647076927
7702031413479
7899753530260
7899850317511
7891485523947
7908209807730
7891150054462
7896004770284
7891142145512
7890541923110
7896023743887
7896342411085
7890541864093
7891025114895
7891027308650
7898417962126
7898945746434
7898617524230
7896111987421
7898952421157
7898300578915
7896523207933
7896964616868
7501006710410
7896261000506
7896902206472
7899527196852
0048675991063
7892509085304
7896964619111
7890541013620
7896444606228
7896033202299
7897851221615
7898212282214
7898902600281
7891224835973
7898955019429
7899706184984
7899026420526
7899850326919
7896637029070
7908077448677
7895155808129
7891142136602
7896025522022
7896818207068
7891055637722
7898422167790
7898936770820
7908458332496
17898915802075
7898419474870
7894222038810
7909224551189
7891027070588
887961748031
7896279110090
7503002942512
7896292213111
7891060773071
7908083525614
17891321333188
7898157614545
7908353606043
7899852014562
7894494624971
7908169028534
630509764013
716189081371
7891301513848
7899852000121
7899852021294
7899026422438
7900083015546
7898412970126
7891485383671
7891150043008
7896779650521
7898417963680
67897731141141
7897840305777
3331432180013
7891027114763
7896112400592
7896004722924
7897042017805
6934460661270
7896902208209
7891266787193
7896885205189
7908083514922
7898452231089
7895155382698
7897144600882
7898657691367
7894916140102
7622300989545
6913286020218
0722713014067
7891301191510
7896006202660
7896033233927
7899852028187
7896006210429
7896049502529
7891153086330
7897517904401
7898380411553
7891279841110
7896025503892
7896644704786
7897476623221
7898520937912
7898417965820
7891350040104
7897500529031
7897169210783
7891027140809
7898662451352
9788573980929
7891027071714
7896181918493
84164872
7899360206367
7898588328585
7896444609700
7897517918187
7898494998650
7897517932435
7908759403789
7895177559894
4894290675668
7897832866170
7898567792369
7899527111107
7891266845794
7898610522356
7898283856987
7891150013896
7898495609487
7896181927730
42360407
7896206404291
3607345849904
7896641812279
7892840819620
7896033211284
7898939141320
7896116109323
7896679233862
7899706139137
9788537637692
17896012880156
7894916141499
7896033202206
789866059461
6438158677289
7899095201484
6932159602252
6952786807479
7891033777365
7891224907236
7891027141141
7891485453282
7897027221630
7908458305421
7896799937589
7891182840149
7898588111507
7896020617839
7898588326741
7908542607523
7896004704876
7896033211888
7908209808355
7892940000157
7899852002484
7898085944899
7896004752914
7896261000179
7899783602289
7898506259663
7899753535814
7896309204934
5010993370283
7899706171113
7897424003105
7898449828056
7896699002981
7898744782541
7897595602473
7898951282094
7891528039978
7898008554068
7896663332700
7892509067553
7891401014771
7898523200457
7896771600227
7622210933454
7898283854181
7898970341383
7899014900306
7896902201163
7506195185568
4064666318233
4894290244154
7894494192012
7896004738734
7896150016779
7896007551316
7896927487139
7896023701511
7897185910780
4005900006059
7896004710242
7897832855778
7898244720852
7899755677079
7898661680319
8411061722183
7899653223910
7898303264129
7896224410687
7898647920712
7891150025677
7908823500123
7897230304496
7896042081458
7898698740291
7898566788806
7896770979133
4893825027293
7898696040430
7897386788362
7899739201375
7899572813759
7899882305517
7899026483422
7895155489861
4005808999910
7898412973387
7898650626250
7898504382882
7899753532165
7899706185783
7898647926080
630509710706
7896013501411
656079106183
7896422510394
7891721016202
7899676808071
070330351332
7899069917359
7896014123865
7891317472009
650240012709
7898639381064
7899768066860
7890541555526
7899621109048
7891360646426
6940350869855
7898170657123
637293292791
7897517901202
602883022829
7897386788430
7896094931619
7894494623707
7891721026546
7899652102575
3165140379540
7898664975757
7891027148904
7896380606559
7897042021352
7908458313150
7891485418564
7899753532257
7899768813709
7894900059847
4005900646491
7891033932740
6925187883625
7899753558691
7898078317068
7894916144803
7896094207387
7899806911992
7908077458706
7891224748747
7908209801974
7909438042565
7896714240206
7896033261418
7896211884132
7898906451773
7898079000563
7896103471938
17898717925477
7891224506118
67897731141196
746775030810
7898610377604
7909438047638
6924466310289
7896007511617
7898555802247
070341335956
8411061860441
7898588089004
7894970950006
7899308799241
7899653223699
7896852615263
7898300570919
7896112407454
7610939001264
3282770388619
7896224410304
7896557303427
6920897787522
632291103209
6931759239639
7891075403215
7896685300626
7896444603593
7895155295011
7896063285156
7898917417997
7899779008361
7898184464267
7891224641185
7899640425280
7891176117196
7897424081967
7896036516683
7896444605849
7897018800196
731509993431
7899850315029
7896852616567
7909107959477
7891530383946
7896269620935
609963126514
7891485339234
7898168000467
7894222031996
7893249174044
7894916503709
7891024034156
7898503180588
7891000438688
7896173100011
7896098902745
7896982901953
7898581060154
8718483102211
7891027389949
7896952533641
7898967919038
7908083512942
7891219024870
7891224362646
7893249167145
7896015591809
7896094914971
7896206401696
7898416834035
7898588321180
7898623243248
7899753518145
7899706122016
7896336002725
7791293022550
7899621104470
7898497305721
4512916507123
7897832805223
7896004718804
7793100151224
7890541094605
8411061770801
7898523201140
7896006201076
7891485397067
7891360635048
7908209810402
7908216108257
7898258624467
7898417963031
7899753549668
7896033255219
4894290680082
7896965212816
887961006810
7896025536906
7898527126586
7898591459498
7501001169169
7896852616758
7890541728722
7896004713052
7908169028589
7897144902429
7897411610118
7891530608377
7896111992678
7897256246381
7900083017410
7896033211611
7898157614583
7896111974834
7891530290046
7909342278937
7896548198674
7897517904517
7899264376425
7892509087520
7899640426362
7909438045597
00122207001
7897517903015
7893249058948
7899852018171
27897027272018
7894164005895
7896004738406
7899527119677
7891224717620
8710103503231
086320000364
5012874248742
7898497307497
7896033204668
7896016806889
7891360460213
7899852012988
7897595609502
7898555809031
6438158311305
7896132131780
7896292255203
7896683200324
7891150043442
7897230304694
7898170784355
7896004734620
746775205928
7899525674970
7899800053773
7896181914174
7896647073629
7896015516017
7898467260159
7896000713322
7891360656234
7891027232764
6904627450016
7897517921040
7891150042506
7891224483143
7896211832362
6941690711101
7898448616364
7622300862329
7899529000713
7896004712925
7891153070018
7896771609701
7896982900130
7897322703541
7899850314237
7898927356651
4894290671899
7899026400863
7908497400569
7899264339895
27897476687739
7891317446505
7896020162759
7898322522699
7891027234577
7896647028735
7896013513957
7899583200906
7896326912270
7899527100057
6932159601828
7894916142137
7898664976181
7898301051936
7896042043548
7898474844656
7898664973012
7909438028439
7896226105246
7897020203718
7899852013503
9788536822334
7891182995399
7898468864455
7896557310067
7898964200450
7891317192402
7891360656227
7896004782867
7899652100632
7891301491665
7892840816766
7898646542656
8712581488086
7891485387068
7891360483885
7891150026827
7898610374566
7897775701019
7899753551081
7509546660561
7897042010448
7897424080984
7898417965790
7898623953529
7898639380234
7898312763590
4894290217318
7896033201605
7896111995303
7896444606075
7899264309607
7896964626935
7898606742904
7898264820754
7895155092955
7896094211865
7898452508662
7891150000223
7899706124287
7894916503198
7899640424979
7894222004150
7898567792192
7898587774390
8902220106734
9788536823270
7898656165173
7891317468057
7894916501903
7898417965868
7790085451677
7891033517169
7898447971136
7899250616924
7890541342607
7896640460259
7899620914506
7908082303329
7896647037881
7891024114551
6931759218382
7899207533243
17896770982857
7899852014777
7896083412310
7896509955179
7908083512829
7898125116309
7891150088351
7894916502641
7894494269813
7899938600511
7908458305353
7908083529322
7896000722683
7891033072170
7899999505206
7898566512029
3337872413704
7896212417339
7898352913948
7892509085373
7898002432607
7899714001082
7898949409564
7898636191840
7898488594448
7896255717861
735201084237
7908542613388
7896023705182
7896112133865
7898566783603
7896799982855
7891182840019
7896839980520
7894383177557
7898932140832
7899755631873
7899911201483
7896004011424
7897027202158
7899474299200
7891027340797
7891150036789
7896230301412
7896839910534
7896014143368
7891035910159
7892509065535
7898650622436
88866021964
6808230006687
4894290652980
7899360264428
7898083108675
7891027143831
7898506721337
7898486472762
7891060836288
78923447
4005900889713
7897840305753
7898741805656
7899755665885
7891800198102
4895138717830
7898258622043
7896111996867
7896472521852
7898283855027
7896771608629
7896083409471
7898258627802
7891033517862
7891317001445
7899527103904
7898533234671
7898524348745
7896191295355
7899026461918
656079667912
7899207582890
7702018968510
7897832852128
7908040461160
7899788400125
7891268103243
7896920301272
40063813333672
7891150006140
7896111907184
7897517917173
7891360677215
13042017
4894290268730
7899026452848
3282770038149
7501007455211
7891055637227
7894916502368
7896965213233
7898913195240
7896000650054
7891010009533
789812511278
7896512937940
7795320008838
7899207514877
7891182032988
7896818241642
7891356020964
7896423488876
7898508430954
7896000712509
6941690722459
7898126404177
7891321220238
7908040482721
7891182020091
7891224744732
7894222043609
7898650626311
4005808565306
7897013536373
7891142115973
7896046700997
2018110633986
7899790240139
7898940174034
0042882770442
7898948807873
7899779009870
7899852017549
7890732316486
884851033390
7896000615121
7896640483326
7898040924232
7898610377444
3282779027540
7891033557646
7899838816173
7898449823143
7891040091027
746775370251
630509890293
7891182018814
7898942324406
7896980423334
7898566290743
7898633987125
7896064490818
7899420506772
7899755611301
7898675509156
7899753514499
3326240006112
7896000726414
7899783601299
7891051036000
7897476677590
7896241217672
7896877602576
7894346060865
7891027059989
7896644716390
3330000243778
7892005006131
7896269640025
7896227800867
7898513495436
7891027537449
7891173025074
5413787052790
7891721022449
7896640419080
7296867405888
7895717005096
7908077435196
7890541378668
17896342905840
4902505368851
7898671425306
7898040320874
7898623243125
7896021989102
7898086731559
7896965213509
7898744782442
5702051035462
7891027065591
7896964615939
7898634474242
7891200003365
7895155874841
7898225528965
7899527107940
7898532210591
7896444681430
7891058325039
7896255762649
7899026425927
7894222033808
7908371668535
7899790231090
7841764051067
7898352914105
7898994222415
27897849621513
7908010139709
7891321110188
7898506470761
7898078317464
7896269620959
7898947387048
7899852023519
7898948648391
7891027113841
7895099704099
7890026033846
7898929813176
7899850336291
17891321101794
027084861631
7896132131742
7898945784047
746775369590
7896112134213
7898008552798
7891360416821
7896658035432
7896326910795
7899806211481
6972858361784
7896000624659
7890732316462
7898632476118
7898258620698
7898653620033
7899658326791
7896033211673
7908448005430
6924466310173
7892840816742
7899583203679
7896004705842
7896111953570
2600944580750
7896036543740
7896180300060
7891058001292
7896025526198
7896046701895
9788533934467
7896211840237
7897027616733
9788538094128
7896036521137
7898639381255
7899205951506
7891075043251
7891027293512
7897476600611
7896004738413
7891027132330
7900083001624
7898416838705
7896359004478
7896484130073
7896522030082
7891530303654
7898518430319
7896010173000
7898417962294
7908077403317
7898595271140
7896075711001
7897299900073
7898283812266
3494800520023
7891035010736
7896083400133
7891182039802
17896004011421
731509586701
4005800630019
7506195132043
7891010256371
7891010248345
7896647034088
7898078763643
7898573292747
7896009177705
7898962892763
6956789123451
7908209809963
07891356029714
7908497404765
7894494579080
7896111958421
7898966463334
7891106916608
7898958598020
7896902208339
7891033925582
7896676432824
7898078318089
7896094208544
7898639793881
7898417966186
7908077444891
7891317017026
7898650622054
7891360644729
7899091486304
7899755605461
7894494562174
7891040303533
7896004713779
7898741530794
7898453933340
7895155041106
7898405063606
6941690723319
7897076911117
7895155500924
7896033212229
7897256256380
5010994708238
7896472504060
7898212281651
7891721027468
7898497305653
7896230301115
7896326902974
630509395187
7898610373033
7896927481724
7896006225744
7622300842246
7908040492201
7891027047337
6920897703188
12742700070
7898454671371
3401097543505
7896744881127
7897476609676
7891027319632
7896980466706
7899852017464
7891010244460
6916955011821
7896112422716
7898079000938
7896004710310
7899620609280
7892840253141
7896422506588
7898040435918
7899755646082
7908228803386
7891485460761
7896004723280
7896658022098
7898474840597
78931596
7898650626274
7891485338169
7896641800016
7896006225577
7908161700551
7908040417402
7898490057269
7898265324282
7896036546840
7898608958587
7899706245661
7898556755863
7898947389950
7899658361846
8411061636206
7898417962232
7890541018007
7891033718719
7896647021668
7898646549457
7908417500102
7896676410518
7908209808942
3330000257799
7895800303320
7891010566715
7896013506447
7897832838085
7898563360630
6891990812001
7891317421465
7896523228440
7893353309912
7896111903063
7896647088173
7897947601147
7898417964588
7908077459994
7896261006874
7896006240990
7896737011029
7898925880912
7896279112871
7899706122023
7898410311815
7899783600339
7898506251469
7891055687529
7506195147474
7890265878727
7896644716376
7896380603015
7898146828229
7506295368984
7898040321437
7894222000831
7891200008063
7899806217711
7891301110061
7898549363129
7892692815146
7891317467081
7896015516956
7909438017426
7898125113469
7896777902738
7898556752879
7892509047241
7896025522244
7898636171699
7896640417109
7898101640064
7898198172431
7898504380741
7898216360123
7898647920279
7898458573329
17891173025071
7891112290969
7898395331303
7898724572704
7899788400446
7894916502740
7898417962478
4005808715695
7898481400142
7896414306127
7898610377284
7896965254120
9788538076148
7909438038964
7898935462184
7898582382118
3433422404397
7898671422183
7898911689383
7897930761971
7896025527041
27084993974
7898513533329
7896647027646
7891040216215
7898417962454
7899783600162
7891033930814
7899527143498
7892644921864
714289114890
6920232057877
7898927980795
7896026301626
6972858365492
7899852002262
7899701869985
7899852012971
7898953484274
4894290238207
7891045039987
7898012491694
7898902505821
7899455901177
7894222002880
7897975017286
7899547018585
7898562614598
7898300571862
7896771607592
7891485416836
7891279896011
6952786802528
7896839980766
7898146825426
7898506462391
7909438045467
7898567799733
7897473205215
7899527128457
7891200009138
7898683860522
7898225527746
7898312571409
7896771605925
7897076912152
7894494183676
7898417962072
7897517910693
7894916518871
7896033261050
8802946506149
7898100241583
7896013502777
7896111985427
7899783600544
7891027350093
7899744029278
7898008552194
4987188501115
637293102182
7896013563839
7896885204069
7896112406686
7908346902053
4894457245215
6932159608278
7898650623556
7898608958952
7898925522058
731509680348
073950113755
7891176117561
7891317013523
7891530588921
7899091483273
7897877700064
7898422745714
7898610372364
7908458328833
7890000470049
7896964619890
7891523609688
7891224582068
7898646549976
7898664974453
7892828001542
3701129801369
7891027112875
7891150029743
7891266725188
7896671693886
7898903692551
7891150044203
7908010126204
7897237312098
7898412973783
7891142203014
7896484190558
7896714232966
27084279313
4006381493246
7896206407582
7896472502660
7899706135757
7898751690037
7897186088761
7898664977942
7898468471615
7891317030575
7896000671448
7899411550371
7899871603402
7896111986677
7891027233693
7892597340675
7898412977682
7908024913685
6932159610615
7899264342130
4894290629678
7896342905843
6920897708022
7897299900905
7890260725910
7897779835109
7891000321652
7898258621992
7898506478651
7909107963573
7896111992852
7897411650589
7891313603636
77904331
7899583200876
7898944500631
7896509974187
7898452173273
80182917
7896422506625
6952786806304
7897517937539
7898568441457
7896788030123
7898663334326
7894222020617
7898925881728
4893888186234
7896261000407
7891010248772
7897917004398
7898457740609
7896541905095
7898945458405
7898079441212
7898549366533
4902505511226
7891033826896
7891106006187
7896251804787
7908458326501
7898636190775
7897256262091
7898706850349
7897252210058
736532021892
7891027341329
7898320900208
7899621100458
7909690794875
7896085863936
7896004706047
7908240507019
7897517920012
7897230304779
656079621761
4894095235166
7898741802235
7891150025530
7896001215078
7896927499224
7899400564143
7898549371254
7897337705004
7908077459970
7898416830518
7896261402669
4005808445349
0070341368244
7896672202285
7898666420491
7898567796480
746775234539
7896083400881
7898910915063
7898934930981
7501006707120
30768456269
7890310121198
630509562374
7909107339682
7898302727540
887961166156
7898009439562
3330000238347
7896042057088
7899621107266
7898662450980
7899852000909
7891150055643
7891530495687
7897517934262
7898108641781
7899753534572
7898258622395
7899455907179
7896342449385
7898937322554
7899621101127
7896902218277
7908169004828
6909362409213
7891027013806
7891010799847
7893595779665
11023975
7891317006075
7891027763480
7898595237306
9788536814636
7896036510926
6908794407231
7896094202023
7891530158919
7894390132280
7896639601762
7891485453688
7894494229220
7896523213828
7891150033870
7895296038010
7891350036732
7896033231435
7898157616235
7891058003814
7898448616036
7899650100764
7896497503970
7899026406919
7891317139544
7908077446802
7894222031224
7891027009816
7896737000931
7891106004213
7891721023521
7896640486433
7898525584456
7891301371233
7894494189005
7896965218603
7898286940607
7908470009260
7899808872017
7896042086378
746775050900
7891027120689
7894494149719
7896041925012
7896132134279
7896112168430
7899753523507
7908209802452
7891106904827
7896603803109
7896279112628
7896658002205
7898958598068
7891153020310
3474370505026
7506195157312
7896251802127
7898212285529
7898656685862
7891150036826
7899360204752
7894494687952
7898647924253
7899806216226
7908016635854
7891027147457
7891177081168
7891317123246
7892509060066
4005900520418
7896183308148
7897424082131
7899621102780
7891634015354
7899783600889
7908077460457
7891027120764
7891485450311
7896115700408
7891360644774
7908077460983
7896311707904
7891024026137
7898639380425
7894916145336
7898662451284
7899620614932
7896191261367
4046504230198
7898490058235
7898567797180
7891224105748
7897779731104
7891800342369
746775345945
7896004751016
7899738900736
7908236572724
7908470010259
7898650626946
7898417964106
7896800014605
7898490059546
7897698222004
7895265212458
7898910451332
7891142115744
7896042086965
7898664970769
7891530392696
7898481401330
6932159607165
7898608959478
7897386772279
7898915801828
7896468378101
17891321108540
7896004722702
7891183024715
7896033204897
7899527158669
7898447904219
7899753555942
7909549206627
7898320905913
731509991437
7898911494642
7898595237429
7896540751310
7908439801492
7896818200731
7897042007066
4005900889720
7897158708277
7897903302842
7896226500416
7896444601728
7891530584688
7898549360159
7908458321940
7896111950678
7891530588426
3282779374118
630509504749
7891224640591
7892509060790
7891301515415
7894494481802
789701355721
3330000258536
7898650621651
7896094920453
7898758084525
7898936049100
6976374472801
7896013501459
7898405067796
7898486476890
7898283812341
7898024393191
3282771076188
7898639380623
021105833409
7899455902624
7899026460683
7891350048575
7898556752343
7898225524998
7896111992371
637294784882
7908376801555
7896014124237
7891224660612
7891321041895
7891360680246
7891027078973
7896777940488
7791293012063
7891321024720
7896093000156
7899620606111
746775045753
7891634011011
7891150018792
7898587766265
7908077435271
7891330016068
6922946030054
7898488011051
7896283002434
7898506258161
7898501380744
78926523
7899360206183
5702051102232
7891027294137
7899806217780
731509990508
7891027144005
7897294405047
7896261002944
7896181900900
7899871606311
7891350000115
7891024036952
7893249155333
737412900047
1000000216011
7893454113227
7897237300781
7898608954404
7909438070742
8809052581015
6941001300062
7891155025207
7896014124268
7898417961242
7896683201369
7898146822265
7899207512408
7895800853108
7899788400064
7896230303645
88866018292
7899768825672
7892398963127
7896094921054
7896771608643
7908040481458
7895155625313
7898549362597
7896000661104
7908324404272
7898605222650
7892840267445
7896609543795
7899360218780
7891037013520
7509546068558
7896004712284
7899755607854
3337875526838
887961352467
7896902201026
7896132133432
7896927481731
7898925880066
7896050708217
7898447978463
7896964619937
7898960330298
7899753537641
7891317001575
7898503180670
7896982901786
7891027849542
7898647927636
5702157141951
7898502502244
7898955455104
7899360241405
7898280076708
7896004710358
7898549359795
4894290653536
7909438042664
7898939752199
7898951747081
7891027131975
7892509070218
7896927469135
7891150050235
5010993514045
7897386781738
7898583344641
7896036527542
7899095202511
7899852014517
7896484180153
3282770153835
7892840814410
7896800022532
7891301502989
7892840253745
7896658025884
3330000243679
7896255702218
7506295384601
7896009498442
7896094928114
7897027204473
7898258622234
7891035618130
7899852000077
7791293008868
7890541984081
17896230350974
7896004719139
7898652372766
7908083521722
7896369164810
630509824953
7896181903567
7898933076871
4005900854360
7908277400338
7891033481637
9556091161218
7891058020095
7898503180434
7899820808131
7891027007249
7891301373770
7891008223125
7896699019989
7898183794235
7891051038981
7898910451837
7908148576520
840646004495
7896006212072
7899755667780
7896033201902
7896497501709
7896444607553
7896025511118
7897775691013
7896714215204
7899095267732
7896863492051
7891317448424
7898132986674
7790085472269
7898258628595
746775332464
789115025769
7908148568952
7898666420545
7898395843141
4005900648426
7894494690211
7893249197586
7896843921441
7897185910766
7891800341966
7897517933142
7896000674562
7896603805004
7897609900984
7896036548363
7896025526419
7896800009052
7898623952669
7891058003968
7896714236247
7896004706559
7896540789559
7908040459358
7908132288606
7896230300439
7899026400938
7898911306778
7898562354333
7897517923532
7899753527819
7893249212777
7899850328616
7897517921002
7898265325333
7891010089689
7898302728011
7908077449414
7899820805239
7908077401634
7899706198004
5010994807542
7894916509503
7899536102660
7891000248775
7891024112205
7891150050242
7908083527830
7896640452940
7896111901199
7898460973025
7908209808508
7891268032796
4005808829910
7891530328961
7896000713384
7896658022197
7896085813450
3154140176112
7893249991016
7899755679134
7896380606498
7896676411584
7899069903673
7899527149315
7896965253444
7897256274681
802822003586
7896484110365
7896222717238
7899527106059
4894290247957
7898934595487
7622210517517
7896229906246
7896013513063
7909883297350
7891317189631
7896006257943
7898078317501
7908458328888
7899783600087
7909253139969
8710103803751
7898944073043
7898957474622
7896007544813
7898566292389
7899207584092
7891153020327
7896115700774
11052197
7896000617545
7891530431081
7806601060442
7896326950395
7897920702229
7897476681177
7896251801823
7891485362973
3282779048637
4894290626257
7899264333718
7891150099937
7896206402365
070341338674
7896902213449
3349668021642
7898086731504
7899921401316
7896380607129
7897186087955
7897832866859
7501001170073
7898265324077
7899583200425
7898506250134
7899360200303
7896676401608
7791293025889
8562010314
7898059212221
7891321024065
2011050306781
7897835702185
7896111958506
7896647071182
7896770900038
5039075144147
7899621105200
7896640452698
7891024112304
8710103844051
7899652101103
7899806201147
7896676412246
7891253211311
7897476605043
7898558511047
7898758084631
7899871109904
7896033231114
7909690602392
7898146820612
7899455908671
7896965250559
7899026487383
7909224554845
7896042081564
7891266728196
7898588329957
7899527118700
7896063200678
7896180300084
7908458306626
7501006715712
7896004732824
8411061805008
7896033280310
7899207527280
7897840300239
7909253129373
7896647028308
7899264359756
703387008460
7899852022390
7896006281689
7896927456074
56014522032
7897256267683
7891653014024
7891033515042
7899527108886
7898039600666
7891224655601
7896111993019
7899360215192
7898970341154
9786556650098
7891027313159
7891033480951
7896180300220
7896036547724
7897424080854
7891024178751
090159315056
7898405062180
7896014183753
7890265935796
6921615455136
7899233767179
7898064924058
7897517931605
7899898404488
7892005051407
7899547500363
7899095201187
7896181909682
7896714230238
7898567750253
7898941189877
7909438071503
7891150015227
7896094200302
7896114303631
7899753501420
7899850340564
7891350038170
7897659698299
7897832859806
7891027115333
7898538295998
7891317477578
6926168040006
7891485401139
7896369126610
7898360900237
7891321331996
7891158027543
7894916144605
7898283853672
7894916140683
7898211383752
6934567845962
4894290270962
7898947387215
7898945784054
7899360202390
7896885204243
7896640460198
7896641810244
7898524341227
7896639600338
7894222005423
6925625411526
7506195126806
7896025519091
7896094924611
7896887740565
7891033861675
7896033280891
7898422752989
7896480653989
7896609543740
7898125110475
7898501382366
7898503183237
7896603805165
7896317901665
7891027147242
7891037145856
7898603990278
7891360472643
7869000000112
7896020162698
7896000631459
7898125115555
7896230301801
7898741950684
641412210269
7908040460897
7896111958896
650240012914
7896309204927
7899026445420
7899706156851
7898657691329
7795320050127
6920218908957
7896852622292
7899850300452
7899864415593
7896000612151
7897832863100
7898435820255
7896852615683
7891027050115
4894290290557
7891224717514
7899911201827
7899852013824
7899753528779
7898915862140
4007817334133
7896004709055
7896359018628
7896279129206
7891027066055
6976583140683
7896112141778
7899640803521
7909438030029
7891035655302
7898664975313
7891060025958
7897386791973
7908040423465
7908353610071
7898312569895
7897753698294
7896206400477
7898040325701
7896484100946
7896647041918
7898646541352
7899026464933
7898623951556
7899852025391
7896292210592
7896444604255
7891317020101
887961051636
7896317902501
7894494711428
7897054514446
6438158132160
7891058008611
7908169029333
7891150029729
7896637033961
7896902210530
7899527158577
6898446410316
7895296341028
7896112122463
17898662251485
7891058016814
7894916142212
7898589684468
630509827190
7898417963338
7898481400456
7895296168021
7896181912958
78998088725676
7896211814726
7896676433234
4897019233064
7897316801673
7892840816322
7891027228613
7898074614178
7898610376034
7899753501062
7909883365165
7899852017204
7898216362639
7897779670106
7896000622822
5702051044808
7897143007835
6934460631341
7891051037304
4894290413123
7897595602206
7896422520539
7509546679075
7893249567815
012546001939
7898049794881
7899026419001
7908040492737
7899898402927
7896181919032
7899852015941
7891150041714
7899525677612
7899871600982
7896448110448
7896902285521
7898283852125
7891266059481
7896000611154
7896027549584
7891224883219
7898089300011
7891317129859
751320289308
27084819663
7898939752182
7891035618277
7891010020415
7898078751312
7900083017519
7899527171194
7899882304756
7896093002464
7891024131879
7891301233388
7891317461553
3348900417892
6932159601422
4893888172282
7896094926059
7893299739873
7897476636733
887961216776
7898478497032
7897476618708
7891010248802
7896331705720
7896444602039
7899753509686
7909224537350
7898595270402
8411061784280
7891360574040
746775309893
7891313612386
7891224894291
7896380606696
7896326910344
7898216366286
7898623952713
7894222000459
7891268400052
7899429107932
7899527140152
7899768075398
7898608953292
7898623956773
7908083525966
7898934593780
7896779606962
7896015517106
7891051037809
7898212282597
5702051032409
7896111952566
7893353608633
7908785482734
7896033202558
4988028117398
7891150077201
7899753535340
7896380607006
7898562352810
7897833700060
7896965204507
7899820812633
7898506259632
7899364805986
7891033910007
7896000615602
7896114311162
7899364805665
7898944075160
7891485416720
7892509056182
7894494151644
7896000614391
7896181909484
6932159601767
6992248214728
7897832854993
7896369162380
7898395331914
7898447978326
6934460627702
7898964630769
7891027291075
7898925879312
7908458320615
5010994794361
3610340022364
7622210573353
7896699007757
7897595638083
7899753557250
7898928518041
7890026037950
7899527159093
7896676400489
7895144693149
7896020160182
7898781150051
7891177816890
7899583204072
7891266698741
7896448128603
6924300685054
7894222027296
7896714230641
7898723630276
7898076785845
6920218907202
5702051034281
17896061995900
4894290633439
7909253140835
7894222041797
7897780200842
7897840300451
7891321064238
7896111998038
7896311707928
7896023780332
7898078318133
7898417964939
7891150074019
7896009498961
7898502540109
6921640820114
7893249385914
7893249929095
7896326918081
7896676408126
7898617740302
7898911494772
7899095243224
5702051018397
609963963478
7898312680859
7898961050867
7791293009155
7897731122124
731509993530
7898932370871
7896639603568
7896090611935
7898970341017
6941690722428
7891485404475
7898212288728
887961204391
7894916504119
7896036527511
7896877603085
7898549367714
7892729832337
7896015522315
7891150043282
7891027308995
7896965256803
7897975010676
7898024398783
7898506458226
7891142115911
7897158716609
7896006201465
7908458322060
7891485413323
7892692814330
7891653021251
7899360218063
6953365386118
7891027864248
7897517932138
7891033925506
7898562356412
7899304805571
7896326908969
7891301505836
7896207371745
7896116801609
17896061996624
7896291307897
7891317004439
7896444602800
7896317900408
7896965247306
7891317038021
7896085863486
7898666420576
7896004756738
619205194454
7898671424590
7898944524798
7896885209507
7899852022406
7896230300118
7896779610686
7891317124472
7897252260787
7899583202290
7898917420706
7896025528130
7899572814381
6972858362811
7897500555207
7896965202510
7892840823610
7896013568551
7898488010238
7895155669591
7908169008567
7909107927742
4894095164138
7891240051715
4005900431943
7900083019858
7893353609753
7898953484137
7898588328974
7899755634829
7898943566126
7909342543172
7898940257515
7899572811731
7898650621453
7896235353287
7898941189884
887961052886
7891060992809
7898587776431
7899527138814
7896647027776
7891150023239
3282770108422
7506195157305
7891017011089
7894970472003
7908083521647
7898503186061
7908216111608
7898656683585
7898417963178
7898481400470
7891060012859
7896380606429
7898417963260
7908077460075
7896025503526
7891266179011
7795323000204
7898557141115
7891317000806
630509825882
7891321047514
7891150060203
7896852611906
7897517904500
11063599
7896380605859
7891150045347
7896004756677
7898212287103
7896000610560
6015609358333
7898009439555
7891321332900
7891360629566
7897572000957
7898312588773
0637293292777
7891321039014
7898588324945
027084280586
7909438017952
7896658035791
7896839993100
7898648240505
4006381438568
7891485242404
6898446410255
7908470015346
7897517920036
7908239716811
7896025539495
7898449082892
3401360195318
7898211380911
7891025112679
7896714273730
7897230304717
7896422507288
7898525587662
7899264318098
7898040920371
7898430190926
7899706117715
7896523208893
7898671427645
7896230301047
7897476600253
7891530289996
630509363698
7891027120771
7896025516458
7896916710392
7891268101478
7891530583094
7896006212102
7898420977353
7899091423842
7909690794776
3282770148794
7896132133012
7899655017821
7909253108842
7891033534654
7898770684154
7891027133832
7622210534569
7891033874132
7898283853788
7898483151677
630509534494
7891182017077
7896007542918
713708700010
5702051026415
7897476600666
7896472521814
7896000622402
7891360572404
0618231138814
7891530400292
7899264309454
7896036526422
7898216360970
7896902212244
7892509092814
7891266695771
7501001165321
7891360609186
7896207373749
7898300571589
7899850345293
7896369163523
7896658020575
7891010249090
047400156876
7908010137620
7896647025147
27908470002425
7891317430153
7896094903401
7898292886241
7896007546244
7898639691965
7909883096540
7896033258319
7896181909453
7908609044568
7898029558618
7896934401593
7898505851097
7898566292358
17896673193367
7891224260874
7908236800698
7509546674438
7896094918108
7896965209908
3282770139136
7896444606143
7898996323769
7898421993321
7891045032292
7898582680436
7896007541652
7898571141160
7898417964595
7909107339804
7908077453787
7899091483297
7894222010731
7899852023199
7896033204620
7898925522829
7896181914280
7899055269318
7898095343576
7897316804087
7622210839589
7899768811330
7899055272462
4894290205087
7896004713038
7898970365235
7898125117559
7898468503545
7891360589358
9788573985740
7791293033327
7899783602562
7908013601272
8411061719312
7891268119015
7896927468626
7908512702951
4894290255075
7891027133467
7891010718862
7898330228446
7891010916930
7891000249246
7898919412303
7898502734027
3330000244652
7898681350315
7891150029606
7891266695764
7891027398866
7892840818340
7896006209881
7896647029060
7896714275390
7898631550710
7897386781370
7891150031739
7898012490093
7899753550510
6438158433472
7894494123993
7896464730217
7898417968647
7898964630592
7891104198006
7891321046975
7896004727974
7896422518161
7898647927858
7898958400743
7899527147670
7898664976624
7899621108881
7909690270799
7898225526411
7899026414600
7891224105755
7891360635574
7896098809853
7896927482028
070847022206
7898048136668
7899753554006
7891530656361
7894494583667
7899619915798
7891106006170
7896004710082
7893353100816
7896000615626
7891033515080
7896033211307
7896112148746
7898258628519
7896044900092
8902220106093
7891153026046
7896004720210
7890904101247
7896230304550
7898955019351
7899360200280
7899956836435
7897249578260
7896006290360
7891350042818
6931759237475
17898504389857
7897158707591
7899753558837
7891485384289
7898486478825
7898935462153
7899850312790
7894494481741
7898671425979
7898258627154
7891485420536
7898582683284
7891224909490
7891485415648
7898523201959
12742012661
7896647073575
7896830500321
7896964620155
7896112426028
7892509056823
7896683201420
7898476326167
7899808810941
7896004700441
7898157611025
887961056181
7891010959326
7898395330887
0070341336588
7898588086690
7896112167419
7896075710059
7897216901930
7897054516242
7909438024264
7898488010160
4894290226020
9786556580654
7891313612218
7898148646517
7909438017846
7899871608087
7894916203500
7896331703481
7898008550138
7898225525476
7791293020280
7891301113444
7896002915557
7897252265607
7898664973289
6955565560145
7898610375549
7899014963226
7896004741826
7898265324602
7894222029726
7896010174106
7896207372391
7899264391817
7898715810129
7896382706264
7891027005863
7896004756721
7896006249474
7891360331056
7896004713281
7898945458351
7896000714664
7908209808645
7896026300490
7899670906650
7908458335954
735201084282
7908169032012
7891055647905
7891150065925
7898379222689
6925187872124
7896279102612
7908124272026
7896041399509
7891331018443
7899753549699
7897595628404
7896000617026
7896036516119
7896438202351
7898663332483
8902100546674
3326240019648
7892509097956
7898395331693
7891634376615
7898569763077
7896647020319
7898636192151
7899205910657
7897832862837
7897476687704
7898506254187
7898168007145
6903612145081
7898364585959
7897595636195
7899620614789
7896085863493
7896001281738
7896584165920
7891055810804
7898932140610
7898589682655
7899026466111
7899360202062
7896331702521
7896014192908
7898610370117
7891150007529
7892840255046
7896462004853
7899411570089
7891530670213
4894290633668
7894494780202
7896262304450
4005900715814
7898566518816
7897185967289
7897076908469
7898588322200
7899783601480
7896423438734
11069409
7898430194344
7899768826860
7896965203708
090159312208
4894290680051
7899852000893
17891321103361
4894290675651
7896222718525
7898588321944
3014260278939
7896036520741
1956490510200
7896094919860
7896586815557
7898157300943
7898466750989
7898951747487
7896639641577
7897779742100
7898184464441
7898610372999
70330424043
7899110632378
7909690795124
7896658000423
7894916142298
7896206402914
7896497503871
7894494188190
7898419162845
7898447973444
7898943477248
7898945458467
7899806212983
7898508430503
7898960813913
7891219022227
7899069928249
7891055626405
7898460985158
7891040134915
7898312923710
7898700623611
7909690513407
6438158283367
7896024412737
7891317438975
7898216295784
7908040427609
7897851220656
7896423497984
7891485398170
6932159608322
7891485418496
7891485455590
11065098
7894494730092
7895155489281
7896380605453
7898481401293
7898911689673
6952786800715
7891045000895
7891360622765
7898506257508
7898588111590
7898934595500
17891155667701
6926168008440
7622210878946
7896004707839
7896806701059
7899806206036
7898078316290
7896714219288
5456212155024
7908209809796
7899706145176
7891000002520
7896523206912
7891321332177
731509636116
7896000627643
7896025502727
3616305827289
7896007543014
7897476684062
7896049508767
7899621100359
7891530585081
7891058013172
7898360907687
7894916502320
7899026421189
7899527138487
7891027049898
7501006717297
7896902217317
7891137004008
7891155087441
7898650622405
7908609010297
7898258626430
7891485416850
7898039562834
8003670826767
6903612145111
7896111941959
7896033233958
7899572809790
27084769494
7891301319150
7896152355661
7898927422424
7896191264030
7897256227311
7899706149655
7899753505923
7898944075306
9788557584891
7898567792130
7891027533922
4005900201126
7896444605986
7898506256129
7891106915014
7891317029272
7898741530459
3337872413032
0650240017964
7896639679143
887961360424
7899083110019
7896075709879
7899455901184
675690001592
3605532612690
7891266679337
7899026401464
7896033299725
7898588329766
7899264374254
7897975037024
7894494200632
7898158692993
731509999563
7897256243717
7898549352956
7899026462700
7899264391916
9788538084587
7896331705744
7896094930827
7899653207842
6952786801712
7891150090538
6941690723036
7895155242558
7897517917333
7898490057092
7898960330427
4006381186445
7908077459796
7894916140911
7891010013295
7897460400333
7898422745585
7891321046357
7896658003547
7897771306416
7899264332957
7896075709169
7898925879794
7896111950289
7891142143563
7897337711067
7899264374292
7898212280043
7896111984772
7898369690740
7908024907943
7899304805533
7891360678793
7894222010120
7898566290804
7898132980849
7898283854037
7896927465670
7898588080711
7896509955278
7897547713417
7899808896099
7908077460211
7899755650751
17898994747557
7896771608940
7908060111762
7896525098461
027084669732
7896916710323
7908458332502
7898283858868
7898300574900
7622210683540
7898452487134
7896186003224
7891150044487
7891027060039
7896025522374
7898639691026
7899788408565
7891321036341
7891142982179
4894290238559
7897129302954
7898524348516
7894993108798
7891150058248
7896317911053
7898102230707
7893249991085
7897840306156
27084993011
7908209805767
7896112143840
7897249566182
7898085947081
7899850330367
7894494713989
7891224517114
7898258622654
7908209809062
7891033880775
7500435014236
7898008550374
7896714270661
7896644716024
7898520937813
7898601577747
7896033202213
7908040476614
7898927420246
7898647929968
7897185958089
7896025512269
7899470807416
27891253214255
7899850340380
7898109241706
7899083124382
7891027140380
7899806207255
7891268103946
7896671600464
7891317453015
7899706152365
7891150043411
9788538055143
7897876125004
7898549331777
7896036519028
7898125113933
7891027075569
7891027398057
7896771600401
7898216368051
7896015518325
7908458322053
7891182019347
78905016
7506195110119
7898468856641
7891040083039
7891530303715
7898207210192
7896317910681
7896788010033
7899838803296
7895155242633
7896902285446
7896671693817
7890541117519
7896965253833
7897848728011
7898422166977
7899420500732
7896595570652
7896214000126
7896014103560
7898144121636
7891317430139
7891360629665
7891530561290
7894222040103
7894222040073
7897322700434
7891055810903
7891027137700
7896036560518
7898964200719
7897832864213
7896422517041
7897256297604
7898504381960
7891321104828
7908077467579
7891350044898
7896004713175
887961813319
7896036560372
7896777971451
7891010601164
7899768828659
7898631556873
8411061822814
7891485300708
7897254101309
7908083521883
7894916207553
7898518430371
7897832866477
7897424014040
7898741950899
7898927415792
7908077451424
7899650103222
6920897716669
7891313612171
7896798600316
7898588328332
630509760343
7899470807430
7898671428185
7896004706382
630509797554
7891000399590
7896036521649
7896448174006
7892011030809
7891033510740
7896004720142
7898474841037
7898665432815
7899783601893
7899753506326
7899658377908
7899753551005
7897517934170
7896004769677
7896777936511
7891219029073
7891356064791
7890541923004
7622210563521
7899779010876
7896311771981
7891317439323
7898506463503
7891037145054
7898589684635
7898610372890
7898671425856
7899475610998
8002135046443
7895265739450
7896800009458
746775205720
4905524755886
7896843918816
7899755672876
7894494688973
7897185947915
7899869203522
7896112102700
070330506091
7897256267669
7896644701938
7897144600011
7896622301181
7899470804521
7896965218009
7897476648118
7898447977534
7891182996945
7896639655482
7896523206660
7896033221016
7897517921644
7896200706216
3330000252015
7896000627704
6952938327053
7896380607259
7896422533898
7908228805007
7897595602626
7908040481298
7891321333198
7891721202728
7899753502304
4005900659705
6941690722435
7898595238198
7909107064225
7897256228318
7898523200280
6926641032757
7896653708041
7896033231619
7891301400988
7891268112078
7898312590875
7896331709278
7898503182261
7890395142118
4894290629319
7891485417581
7897595638175
7898303263597
7891033000005
7891313328256
8003670826774
7899527105007
7908077447441
0070341386187
7896010171280
7898582682829
7891027083991
7891150021709
7896609542903
7898698742431
7891182036696
7896916720858
7897571991065
6972858362866
7896438205840
7899095204720
7899583202504
7898506461554
7898952577533
7898912444431
7898945422390
7891279699971
7896015520991
7892840822422
7895155976750
5016533657944
7897877701542
9788538076193
7898595237177
7909342041098
7898955019412
7896464739234
7898126404184
7896779683116
7899850328050
7896369164711
7898599216314
6972858365256
7896839910251
7897595614919
7791293006406
7898588321487
7898157235221
7899026487185
7898417963703
7891158101656
7896737500318
7898555808386
7899869200828
7891182993722
7891301113505
7891027308810
7897185918144
7896497502515
7896226105253
7896885202997
7899547505252
7896744811506
7896647077108
7896548112717
7896317913613
7898506256525
7894222038803
7897464703171
7898951747500
7899573613563
7891027019761
7898095296018
7897476631158
7898322521272
7898698743582
9788537633892
7892840822347
7891224048069
7896004708898
7896927451710
887961747324
7899676818957
7891360615194
6973094271332
7899755650805
7898419162258
7898566825150
7899360202437
7891279992218
7891150023345
7891224148219
7896000706201
7896647023792
7894222030098
7908458320523
7896750403245
7891027084264
7892509201223
7898300571640
7898132847036
7909253153491
7891530581458
7896181900665
887961046632
7896771608261
7896024402790
7896108510625
7899706180986
7896025515505
7899785200865
7891313612195
7898405064030
7896042036687
7898417966223
7896479950129
7908040435932
7891150058996
7897322702070
7896036545430
7899095265738
7898447006302
7897659692013
7898405065471
7898567798316
6931759212793
7896852621615
7898085944875
7897237361300
7891401015037
7898468503491
8411061805015
4895138779715
7891150017931
7896644729291
7895858017194
7891033913367
7897517912062
4894095502794
3086123263987
7896326996775
6909362409176
7898273128339
7894494189043
7896004728148
7898237851556
7891027291877
7898126406690
7898952577588
7891485510411
7897027218272
7898698740826
7898549349840
7899753527413
7891027396718
78922198
746775194550
7896112400530
7897517923754
7897832840712
7898222833192
7898619833491
887961560657
7899050544892
7892840821074
7897464700279
7898211382151
7898405066065
7896007544578
7897129301025
7898936049735
7896112101512
7899026449725
7898417966209
7891485401115
7908458328956
7896798603355
7899572806485
7898352915041
7908209806115
714289139459
7891027309176
7896640447106
7891266597754
7896965209922
5702157141920
7501006712254
7891010953126
7891224426621
7899783601879
7898964630363
7908209808683
4894290257765
7892840817848
7896326931219
7898216361373
7896653708317
7898410310399
7898636290093
7896033231701
7896000615145
3360372061786
7891035912306
7899091408412
7909438011400
7899852015378
7891010804626
0043917002255
7891634614755
7894187541592
7896230304390
7898447978210
7898516900715
7896908220076
7896015590970
7896647009147
7899655028131
7899706124829
7891153096346
7908458306565
4894095235111
7899842299962
7896639663685
7898312906775
7908785422075
7896206407698
7909253105391
7897322709710
7891266523906
7896000615183
7896026171236
7897655400155
7898523202147
7908439801416
7891010254131
7896965203654
7891321047507
7898414852444
7894916140430
7898549375245
7909690354567
6935291626650
7891360458159
3330000577903
7896033201148
7899524404813
7891279916108
7896150012801
010343920088
6934460669191
7891317457150
7896085872525
7891301516283
7899264344790
7891350039726
7898502542370
7897027218203
7898079005704
7890000022026
7891027319304
4006381492324
7896000714046
7898623959095
8710103905776
17896007547200
7909349264650
7896025526105
4894290250599
7891317010751
7891172171666
4894290244895
7898961050874
7891055323519
7891058009205
7899572802272
7899206418473
7898085943830
7891224933174
7896111994818
7897779721105
7898660590121
7896683201628
7891106904070
7898915801682
7898952577335
7890904101490
7898647927599
7898502519938
7891224900497
7896342480869
7896000623676
7896647028117
7897252215251
7898915802351
7908673905703
3330000244171
7890541543981
7899653217490
7894383154008
7894916149150
7896472511242
7900083019841
3607345095653
731509723755
7896965203456
7897517903916
7898567750857
3330000626847
7891321045732
7898556756921
4005900590527
7896279102360
7898741802211
7890541923066
7908458304899
4894290286116
7896033251013
7896004706771
4894290629234
7894222010595
7896292263208
7898639380081
7898650626298
7898157304170
7894222020082
7891350042535
7896422501439
7898933076260
7897076911278
7891182021111
7891350000139
7898502516869
7893249301785
7896737014075
7897775691020
7891566515665
3574660222555
7898312775555
6972858366147
7891530577666
7501843502964
7897230303604
7894222030067
6941690722268
7896964619951
7896001281837
7896641804595
7898994127697
7898452231874
7896658036354
7897517920395
7891268106596
7896644716161
7898283814673
7896326902301
7891027005542
7898312586830
7896025511262
7896006230618
7897517903473
7896211806349
7899779010845
7896132129077
7899676803441
7898303263870
079400300546
7896714220659
7898589684239
7898927980641
7908470603963
7908422601313
7896024402806
7908458328918
7891106005623
7898523200297
7898562370616
7899852000381
6930861367513
7898483537761
4902505343612
7896025530249
7898085947104
7896255700931
4005900493941
7891361045617
7896111992913
7897095042106
7896058591521
7898411971346
7899105902318
5010994743901
7898516929181
7899527158621
7893249149554
4005808617807
7891027309367
7896255762595
4902505482014
7500435158411
4005800014451
7891266679382
7898302724044
7899779001164
7896484195034
7897877700163
7909342051028
7898288551320
7898302720107
3401346227095
7898416839849
7898395332133
7896083400287
7899616233109
7500435125765
7890541049599
7891721070600
7896647039533
7899264377637
7899706133456
7890282801401
7898119103704
7894494195228
783320872150
7898157610844
7897571981530
4894290676610
7891092002835
6920896765590
7896586816424
7891106913829
7897909100176
7897947614734
7896000617415
7898185410485
7908209808317
7891224347674
7893454101729
7896111906873
4894095307986
7896018703681
7896523202556
7897211100505
7898021632415
7896290402302
7897254127613
7898040323721
7896006291862
7891530555824
7896422508100
7899820804812
7896085823527
7895144080802
7891150059009
7899753531526
7896927456128
7891800588262
7897571921116
7898591453427
7891800346046
7898939752090
7891279404063
7896839927068
17894900531005
7891137006651
7896658016837
7500435131025
7898623954076
7893249155227
7896181918189
810508000040
7891010099640
7908985909758
7891321333174
7897744504856
7898741951452
7896676404548
7897256245858
7891010101688
7898449826588
7891360667414
7898617740401
7896226105062
7891150024564
7896468378255
7898212287097
7909690448594
7891060958843
7899264359794
7898225527609
7896965245012
7898414852536
7898937360105
609963963409
7897512900484
7896927455084
7896015522261
7893249174112
7908458317134
7896658049262
7891155083115
7898589684505
7890541221643
7898258626676
7899026440234
7898007677331
7896083409488
7896111901564
7896639600314
7897571917782
7891027151874
7896479930206
7898352914044
7891279212217
7898417962683
7893299744235
7891321044681
7896000617538
7898556757379
7891530557736
7894916142809
7896226502427
7896965250689
7896033241021
7896116102058
7893249407913
7896637032339
7898503180298
7891027069940
7897517923778
7898503182131
7898100242757
7896013568520
7891253272046
7899360206251
4894290628312
7899690505123
7898378620196
7898664978642
7898671428789
7891033937455
7898212286632
7898079000549
7898664970875
7898555809758
7898506457892
7898562356429
9788536820019
7897832814164
7891037004283
7899852004044
7908024925824
7898258626591
7898943477637
7896033233033
7898556756723
7898623952324
887961531282
7897252268509
7894222000800
7898971945009
7896111907504
7891279846108
7899852003931
7891800555066
7891051039056
7898300575556
7898424965356
7898610370711
7897252268400
7896012879313
7896000615275
7898009432600
7898925521204
7894494271991
7897900313070
7896112159490
7897027216063
7896964622111
5702051034427
6980410223135
7898126403071
7898671425061
3337875655200
7898506250424
7898556850209
7898671422206
7898671425665
4064666316246
7894222033754
7896464706298
7899768804097
7898497410012
7896908258031
9786555243888
7891150055179
7896007545742
7891027611675
7891301374265
7896004706412
618341019072
7897476612157
7898100212743
7898417962911
7899852025742
7896132133456
7891200234288
3330000257782
7897780208503
7898218274985
7896111906897
7899031560088
7899264338966
7899790918489
7891317002572
7896920303344
7896964618558
7898279798185
7899304802587
7908038605569
7908458317097
7898647928794
7898567798767
7896013558897
7891530343193
7891721028120
7899753501338
7896004729411
7795320050646
7896311023424
7899475619823
7898273123013
7898566291979
7896647029046
7891317481650
892456000174
7898474845103
7894222026893
7908209809185
7891321043950
7891040216130
7908209804876
7892840814670
7898943609366
7622202811739
7896422513982
7896422525398
7891530354557
7896609550281
7908209808744
6920897137099
7896112127512
7896020163121
7898330226381
7896484120111
7896033270137
27908470005532
7896008994600
7897027200727
7909438042633
7899588007692
7898501192491
7896111954072
7893249084541
7896380606191
7896004713885
7894916516648
7898075310222
7898283857953
7898556754415
6932159610639
7894494669804
7896025509009
7896025522480
7891058027117
7891009845593
7891033718672
7893249926117
7899455905892
7898503180397
7899110603989
9212815013378
7896033202282
7500435205269
7891485523695
7891313612287
6920897701054
7891010925628
7896029603833
7896033212151
7898623952652
9798533906098
7896020617815
7896007514311
7894916340168
4894290652751
7500435118507
7899411550340
7896444606235
7891301602085
7891301109317
7899753517087
7898567796961
7896004756424
7896027552614
7899790918021
7501007454801
7898949409816
7899850301237
7894222009292
7898447977022
7891010885298
7896212641017
6931759249119
7897144601698
7897517907204
7891027368043
7896033241311
7898132989064
7896326908303
7898452491308
7896033204507
7897595633316
7898168006285
7909690293859
7890557223099
7898566519035
7622300861346
7896647073612
7898588329056
6920897715419
7898185414223
7898588329506
7908169007423
714289112193
7898618042184
7896183303792
7896200720014
7898549360241
6973094272018
7899970400254
3282770208603
7897027210122
7899547500233
7891266827363
7908077435301
7896484180122
7896007541959
7898503183244
4894290399175
3282770049350
7899621107396
3701129811573
7896479945729
7898225525483
7791293012902
7898571140552
619659000417
7899864417061
7896422525541
7899753557618
7896007200344
46379849
7896484100281
7897571925824
9102355011364
8018190028874
7898658622216
7896400597515
7899640425921
7908420111036
7896422506816
7896181909552
7898744786174
7899095201354
11081111
7896509955124
7899676801096
7894222008073
7896230301405
7898647920408
7898416447204
7891035010767
7897517917531
7891268107029
27059739
7895155430320
7899768818797
7898416834295
7898495603805
7897500590277
7891150001008
6802975112504
6939020450943
7898591450600
7896094999343
7891027147129
7891008121728
7898587765671
7896036527818
7898639301321
7896014179305
7894916140621
7897054518062
7896206402228
7891112146136
7896033204408
7909690466826
7841764020919
7898596080635
7897517919429
7896009498404
7899850325356
7898506252251
090159319269
7898184464342
7898671425443
7908353610101
7897386792123
7896025502895
7894494000553
7898300571183
7891331014506
7896013563525
7894494195020
7896111904527
7896484102759
7892840254742
7897256242482
7894494170584
7898490163960
7898549368179
7894390132242
7894222010557
7891266774445
7897595602022
7890541884268
7891027114510
650240026652
7896181924265
7898666422068
7899753503905
7896098810965
7896222716514
7899806929355
7908209810723
7895155624880
7891142201317
7899706129190
4005900937391
7898490059522
7896422505093
7896647028254
7897237311558
7898119104015
7891224496662
7896027524093
7891153086354
7898603990292
7897547710508
7898547026163
7899876602547
7896004731414
7890541759665
7896818212307
7891634011004
7894222009681
7896025502987
7899838838144
7896226109695
4894290252883
7898639840622
7899026410244
7908013601975
7891027140984
7891058022785
7891200009091
7754111532013
7896033258210
7899400522617
7896111953792
7896422506656
7891224517107
7896033201049
7898960912029
7898906452084
7896331702668
7899706122344
7898300572043
7891401014986
7892005050387
7908010141733
7898610377451
650240012945
7898321350187
7899788400644
7896714215891
7897930761834
7893694002763
7898172860026
7895296105026
7896033232296
7898662430555
7899026401440
7897832840477
7891268116809
7908759405066
7896222717375
7898580196243
7891301400452
7899755672883
7898146820759
7896647084199
7899050557434
7898617521840
7891224159741
0043917996455
7891142145840
7896004710600
7899466423545
7896852612019
0703387008477
7897939200617
7896523210827
7891331850258
7896004704180
7898040329952
7891142202161
7898378035860
7891356000065
7896902207127
7908077452223
17500435022573
4894290670779
7899753540184
7897476608433
6934460608107
7899640809103
7898370422163
7898650621583
7891112003682
7896647013380
7896036527825
7894494635984
7898133134760
7908458321957
7891033718702
7891224833962
7894494669743
7894916506762
0048675658041
7891027105464
7896342463343
7896641813641
070330181113
7891027030971
7891224933181
7897780201597
7898302720145
7908458326310
7896001260726
7898647928817
7898955019719
7891360491415
7898503185224
7899364805009
7891219025891
7896964623019
7898632476422
7899753543918
7896484101240
7898302727250
7899072301763
7898516938916
7898503182155
7899026460065
7909107660892
353885801003
7896317904802
7896326996744
7897137903747
7896111992555
7897186041490
7898184464205
7898490056675
7899264332698
6926784960405
7891350042207
7899852020228
7896000674586
7896000625182
7898960912012
7898168001280
7898312593616
7894222010717
7896015522506
7898579487796
7909253129625
7898951405028
5702051001610
7898570572255
7899600908327
7891485403133
7898302727410
7898076330205
7898632473070
7899069928379
7899621100694
7898926483082
7891317421854
7898523200013
7899852014579
78929319
7898283853801
7896311770793
4894290267221
7899083128137
7893249095127
7908077432195
7898185416869
00921880000
7896382705281
3274871303332
7899652101110
7896647029718
7898608953667
7899360218049
7891182016711
7896317907551
7891150034563
7899360204936
7909438041476
7891321333167
7908470002421
7896369162717
7899751103626
7896744812404
7908458330959
7896049502574
7896042037318
7898222351924
7898958060749
8902220112377
7898696040478
746775337575
7896422519793
7898008550725
7908239716781
7894494150142
7908083525812
7891027143961
7896438200548
7899069915430
7891224959501
7909342595164
7896058591507
7898417965240
7898582683307
7898952184038
7896779621415
7898212284348
7891317473341
7899806203622
7795322000014
7891027039950
7891232135485
7908523029559
070330433120
7891027233983
7891301191565
7896261013735
7896014185221
7894222021270
7898417965257
16338920
7894494654923
9788538094135
7896004718460
7894222008578
4894290654618
7899207527501
7896004718040
637293309635
7899360264183
7899788409319
7891010256739
7898620189983
8003440992456
7899852002316
7896033231046
7898650623617
7898416830105
7898647925946
7899256303620
7896111993026
7898605330690
7898430194504
7896699009041
7896004718088
7896331709315
7896444211187
7896112125662
7896181902690
7898502543711
7898486477521
7898524344365
7898770683409
7898782820380
7891182980012
50450114
3330000219148
7891027105297
7891150036819
7898079000129
7891360613589
7891027131128
7894222008608
7898610374078
4894290680570
7500435190633
7890000240499
7898417965738
7891150087323
7791293034997
7891268110012
7896226502441
7909690368984
7899838817408
7891055637821
7891317006938
7896523206462
7896862940058
7897517908539
7898291211037
798190073989
7896714220581
7897744504825
7899026457386
7845679208387
7898422742690
7891232515676
7896800011758
7898549375504
7898707140227
6980268615045
7899600503867
7898031311782
7898502738988
7896116114204
7894222007304
7896082900399
7891177813554
7896251802431
7896444605948
7896444614421
7898216371341
17891321332983
12742012807
7899620608863
7896042040653
7891027123239
7898919505784
7896004704616
7896004763460
7896036547113
7898447977381
7899382800055
7896025515314
7896672201684
7791293023618
7898632471212
7908458326297
7899753502045
7899790248128
7897476655628
7898258626942
7896714203898
7899653781168
7898533222265
7897832839853
7909438041810
7898029552548
7897832860741
7891024117903
7898405064986
7891224677207
7891334140417
7898570560863
7899621100687
7898949409472
7908077459727
7891055139516
7894494615597
7898392252892
7891360676065
7506309848761
8718951193581
7500435146937
7898064924102
7898610375976
6921027288056
7891350039979
7899527108121
7897020208027
7897372109935
7908609044117
7898666422501
7896342412365
090159314042
7894494540240
7896041903140
7898934595470
7899850340519
7898632475425
7908077435233
7899768825733
7899852014722
4894290271662
7898516935007
630509414567
7908542607660
4894290239969
7908077468866
7899026407619
7891338701249
7892840815912
7896382706721
7897185952773
7908209802728
7892840817657
7899621107402
7898170889449
4006381493093
7897655405303
7896014183784
7898588321838
2008071110060
7896647077719
7896839908722
7894494127861
7898610522516
746775205690
7895265739467
7908077460884
7897144901019
7896779621446
7899360264435
7897731122049
7899527100132
7898650621460
7891153073200
00382903883295
7896290402593
7896018703469
7899264312010
7896004747897
7897357100780
7897478406099
8002135049871
7898078316511
7898417963673
7891024181126
7897530100613
3282779395151
7896132134149
7898956683117
7898671428093
7908458316922
7899455904581
602883131309
6941690711118
7896042084015
7898079000440
7896111906491
7896647082188
27898944524150
7896639601885
7899429110864
7891150080089
6920897616549
7897230304557
7890133980309
7896023716881
7891033473144
7891000329665
7898741530824
7896033241038
7908077432270
7896647009963
7896004702346
7891317461379
7891027048372
7908240501185
7896658002236
7897256263579
7908422600743
7898115901175
7898212287585
7899824400645
7891350037081
7896004704289
7896714216515
7891317422080
7506339342079
7897832888554
7896369126016
7898744785146
7896016805615
7897214700016
7891360542261
7896004718781
7896004741970
7898225526206
7898503183299
7898741805267
7896653700397
7896226105024
7891530287862
7897256272199
7896098804896
7898157610288
7899751104753
7896111952191
887961813326
7890541547668
7898503182223
7899706119481
80182955
7896027557572
9788594721433
7896653708874
731509792546
7898079000709
7909107671621
7891150016170
3351080610267
7896007550173
7898138781976
4894290653550
7898687730562
7899207529666
7897779814104
7899360218407
7891040216185
7899753550138
7892840254643
7898495600552
7896279102476
7896036542156
3274870373305
7896111987247
7896111996409
7899753501857
7891150015173
7892692814712
7891027140496
7891033545957
7899091484126
7899110624090
6955155812081
7896132135337
7898506724017
7898623243149
8710103873204
7896422500319
7898632476149
7891045031455
7891027154608
7896025521285
7898146825358
731509602838
7896036541418
7896007551170
7895098728614
7896036520109
7898312579344
7897832840514
7899652100618
7898656685152
7896094930247
9788536821498
7898185410997
7501006712261
4006381527750
7898486476111
6926168046183
7898957474844
22130372
7891060822977
7897517908614
7898650622306
7896818206634
7896255714099
7909883365110
731509991604
7896622301006
7897517913373
7898911495090
7909438030180
7898567791966
6952533321579
7896041914269
5010994958794
7896927468985
7898126407314
7898212281408
7908020502364
7891224657186
7897930761315
7898468857020
27084540925
7898641074961
7898506252183
7894222021652
7899852003702
7908216111554
7891224505968
7896653709482
7892691930062
7898966463723
7898585290144
7898212280975
721129057354
7894916146067
7894494082542
7898040923112
7897322705736
7897386781325
7896006253556
7896083411108
7897510288515
7896004714653
4902505482052
7899095257870
8003670877028
7897917000550
6939020450349
7898458570991
7899852000299
7896336005825
7895265924498
7896000615435
7896016801631
7896010170368
7896964618220
7899898404860
7896004703732
7896586815328
7898588324785
7894494188992
7898647929999
7899753509129
7896041914146
7896380605514
7896092000126
7908470026663
7896132135160
7896647011416
7506195158715
7891530582769
7891150035133
7897386779049
7897700031235
7898395332041
7909438041513
78938892
9788576618362
719346135351
7897230303734
7891027305598
7891485416812
7896083400997
7896523201771
7890541715401
7891182991797
7891360623243
7895027511249
7290100903728
7897437214567
7898664973456
7898656685893
7896024412744
7894298080065
7898562358676
7898343701332
7898012491267
7890265871827
7899364807799
7812543074355
7897237334281
7898433202299
7891010514853
7894222008653
7896020160120
7897930764323
7898650622313
7899264305579
7896004733845
6973189843284
0840646004440
7897982206093
650240012938
7898588088946
7898146823460
7894494115738
7896132100045
7891027230425
7894650009567
7896326906033
7891530466090
7898555805521
7898144120455
7898566513972
7908422600637
7891182990226
7896006294009
7896206402150
7896658017704
7891058000431
090159319979
7898944500150
7891037009820
7891106006361
7897386751519
7899264302431
7897013586231
7898040320812
7890263277409
4902505482090
7898934594176
7891224663859
7899069918967
7891045008204
7898009431160
7899621105248
7899572806768
7908209807198
7891224489855
7892509065795
7898258628502
7891317446031
7898312775531
7898876543225
382908327015
7896004738208
7891530389443
887961363364
7898952421355
7896422515801
7898698740819
7891350045031
7899207584351
7896181926788
731509596007
7891224707171
7896181913016
7898570572408
7909253145700
7500435116732
7898009437728
78938885
7898288551931
7891027305987
7891153020136
7897759000268
7898078315538
7898741805694
4895138780629
7898265324022
7896025512603
7896369164759
17891321103927
7896111926796
7894494540103
886112695705
7896484190473
4894290681003
7897975037048
7899753549712
7896212379873
7899753552231
7898483151745
7896112164890
7908615090658
7891485396398
7896025502093
7898212288520
7896462003597
7909690409472
7896007547630
7896839928027
7897237311336
7898417969163
7899753559452
7891024111307
7898549370844
67897256241944
7896644715744
731509638080
7891350046090
7896004775852
7897517904890
7893299900952
7908083512126
7896862940072
5702051024060
073796801281
7898647920705
7908458321926
7899264318036
7894494695025
7908077446826
7897386789161
7891317421748
7896112149705
7897169204058
7896000631466
7896075710097
7898947144405
7891224583799
7894321613642
7896013544128
7898521371937
7896422517003
7891317000297
7898172345295
7908209807648
7899783602326
7899852013411
7891027111571
7899753533278
7892509055871
7900083007923
7896132134385
7898973417863
7891027145019
7896085863912
7896111950661
7896779601233
7899655010808
7898225524448
7891114118537
7898461578366
4894290294371
6953365383469
7891232492137
7896025523777
7896641808692
7501001170295
7899658396725
7896964616301
7891224655748
5702050000508
070330418622
7896290401459
746775242947
7898157613975
7622300862282
7897517906757
4005900904638
5702051032393
7896658007255
7898567798644
7898126403651
7894222037042
7898024398605
7896112147121
7899484800366
7891224588268
7896111937860
7899650112309
7896658006838
7899755641513
7896212426928
7898212286915
7898744782954
7898588089509
78917194
7897779712103
7891224875511
7899706134071
7898506479542
7891024024485
7896004703787
7896004712932
7896637024402
7895155293338
7897464700255
7900083001860
27898944524105
7892840822583
7898300572265
7896658001031
7896111988909
7891033526215
7891142199836
7898481401194
7898941189945
7891473015133
7898552003814
7890000364348
7891232971113
7896009116186
7898549356619
7891317497781
7899706254403
7894222006543
7891528045504
7908077472085
7891176117592
7898579482593
7899525202463
7898157300929
7891153032108
7891010566739
7899360217684
7896025524996
7896602815813
5010994951986
7899706239462
7891010039912
7898502511918
7896572010140
7908458335800
7898542904206
7899706139212
7897322700304
7898524349261
7908458326235
7896714200248
7501737400888
5702051040695
7891634022390
8715200813061
10343887039
7896000615671
7896183308155
7896235353683
7896235354116
7897042018239
7896342452262
7898945458108
7899083122111
7908077444921
7898466750842
7898926483143
7897027211136
630509324873
3507460121148
3330000243938
4894290652775
7702010130342
7898048003014
7896000610973
7899621101066
7898506251261
7892644921871
731509992731
7897018800226
7897237386068
0070847022503
7897517934033
7891010852955
7891224047444
7898312571287
5010994708290
4895138703246
7894494190162
7898417962713
77392121
7896212479436
7898524341722
7891060990133
7896965216234
7896653709208
4894290652898
7896000614698
7896015518486
7891530440120
7898501385046
7896033232111
194735282739
7898447979231
7894222029054
7896224410908
7897731192127
7908209810587
7896852625231
7896251800949
6920897518164
7891024034590
52876738
7896326943861
746775290436
7896673193421
7896261001480
7891301520020
7896042017518
7897316801314
7898312593050
7899783600841
6932159609343
7899640808946
7896004819716
7896110003252
7898132984854
7898032591176
7898741805946
7896964619920
7891142144249
7898301051912
7891040302482
7899788400934
7896193254039
7896658033377
7896839927044
7896750403535
7896444606358
7896523201627
6931162712125
7898587775472
7899783600490
7890265550951
7896483500273
7899869204284
7898157615658
6931043399155
7896839927037
7509546703404
7892000157814
7908209802889
7891027310363
7891027128340
6898446410293
7896647033302
7896000615558
7898449405967
7898405067970
7899753531878
7891153073026
7896090611782
7899621100281
7897337712606
7898502738995
074299018060
0703387016229
8712400778640
7898502543827
7896523213316
7891010805425
7899620616448
7908448002576
7622210561862
889296597155
3360370512044
6941690723142
6991984000091
7891182993678
7898552004248
7896639679181
7899753535258
7899850332804
7897386797999
7896025532014
7897252215800
7899620911840
7899871600685
7891150052758
7896444210623
7897185911374
7909690336495
7896637022965
7891058003180
7890541132734
6925187880235
7896743830409
7899616233086
7908077452957
7908077460747
7891055670620
7896586814642
4894290285744
7899753540177
7891058018153
7896000624215
7909438042572
7892597340637
7896004817521
7899583202474
7893353600415
7896020161738
7899640807277
731509990263
7896015516062
3348900236721
7896020162797
7899852014852
7908083518494
7891150043220
7896036540015
7891317000820
7896112114185
7896181901402
7500435109451
7898502540079
7908077460679
7899403200024
7896094918665
7898012491250
7899250613138
7896261011328
7896098812648
7898300572234
4894290670960
7899264362510
7899250613398
7890557722226
7896317900118
7896222717269
7898212282603
7898717401271
7896046703004
7896042082431
7891033472116
7890541106735
7897020203534
7898283810743
7899620615045
7898040326364
7908615017297
7894222004211
7908083525850
7894222029771
7899852012889
887961274356
7896509974194
7500435125321
7891027146009
7895800816417
7896965217804
7896000614681
17899838816156
7896075709053
7898506251919
7898605221998
070330509085
3330000226344
7897832842235
7897771305211
7898671424804
7899264399714
7897500587017
7896063285170
6973094272285
731509560725
4894290634887
7909224263174
7897659676150
7896800010997
78437333
7908016675065
7896380605040
7896150109501
7896699013536
7908209810044
8710103586630
7891485470784
88866022008
7891027304973
7891058010416
7896061954047
7896557309696
7898468852575
7898525586931
7898422742706
7894494153167
7897237300002
7500435142168
7896033212779
7898157615399
7898945458139
7899914000847
7899806215533
7899420508448
7897698211022
7501001169046
7896658027147
7898944749764
7892840820473
7899852025766
4895138749299
7896671692926
7896004704968
7896737105896
7898542755518
7896292293014
7898631550390
7891024177815
7892509051286
6931627000040
7894222021171
7898280350693
7898132847340
7899083119593
7899852022949
7898005714694
6438158423817
7899264365559
7898970341710
731509560770
5702051041876
7899233770339
7900083002096
7899026425965
7898283854433
7898927356187
7891024116616
7894222007991
7898930508146
7900083019544
7893249930213
7891158106576
7891027013004
7898932140511
7896658005701
7898449822672
7896036516645
6932159601798
7898589682686
7893249174068
7899852013800
7891191001111
7896036574119
7896111954942
7895296296014
7896006216636
7891010005047
7898211380652
7898927980849
7909224805374
070330351325
7899583202429
7898283814499
7891530352850
7896331704136
3282770393507
7898934930738
7896033232135
27084951059
4894290253958
7896982900086
7891027143862
7898125119393
7891150008953
6926799214722
7898588089752
7899852014807
7908083522422
7908209808539
7897849608060
736532021939
7896013567141
7891116062371
7897042010103
7896181911036
7896132133036
7898395840102
3282770141580
7892840817688
7896004721606
6934460660914
7896181928690
7896180300527
7896422531788
7898924769058
682607535248
7897411610200
7891027142834
7898212281415
7898662451864
7896644716154
7898064921552
7897294401049
7891150002555
7908209809376
7896132132602
7899264387957
7896033295673
7899852000138
7896004705323
7899850312950
7891266823990
7899850333306
7909253138931
7896472500109
7899527143412
7898503182520
7900083016710
7909875968145
3337872421037
7897776750023
7898225525803
7891356036767
7896004759760
7891224833931
7891037006287
7898312952963
7899753502557
7896647028469
7897517924119
7896609543061
6920218904874
7898639380555
088300104406
7891037009578
9556091114733
7894916141338
7896540783328
7891024123324
7891317425760
7896036527849
7896468378309
7897211100406
7891142157485
7892953000779
7896108561122
7898608957290
7891317438937
7896061952364
7896444606297
7896641816871
7891360436188
7892509065450
7897731121127
7898185410614
7897476683690
7891024114209
7898760941977
7896006210108
7909224342176
7898549349611
7898664631455
7891321035429
7896004729404
7898395332881
7898566512036
7899850307116
7899706129541
7891317004071
7898237933610
7622210530066
630509414741
7897807410674
7890541543950
1220000250154
7896013551737
17891321045739
5010994870928
7895027511584
7900083016109
7898562357211
6932159603518
7895155397265
7896317907414
736532760456
7897876104467
7896036526415
7896798603348
7898516939005
7909875069040
7898671424583
7897725957220
7898962892589
6972858360022
7892597932054
7896036526002
7891024113950
7894916501927
7898300572944
7908209805842
7898447907470
7896004777184
7896043360200
7908040493086
7896548198278
7896094999329
3154145347555
7891137006385
7896326934319
7896325400181
7896982903063
7898926483136
7891224970346
7893249711621
7896641810176
4005808552481
7908077468200
7893249940939
7896952533634
7897900317665
7898970341529
7899233798845
7909438042534
7891150068551
7702045538762
7896000613257
7891024158739
7896033253512
7891266626096
7896000614193
7899753514611
7898474844625
7896235353850
7898466742748
7898741806011
7898955019634
7899755695134
7891360576013
7899621108867
7891024131893
7894650012895
7891360585367
7896326996546
7898599216376
17891321107895
7791293568942
7891721019067
7899753505169
7896026300155
7896004707228
7899755611363
7899753536132
7909690371533
7896347144629
6956812207240
7891530423338
7898039566030
7891027095741
7891317020538
7894222003054
7898125119584
7898960121773
7898567795094
7898225524042
7896026303286
7896042045658
7898312591933
7898703031116
80914549
194735024353
7891010952952
7896025502734
7891142143556
027084861730
6934460648899
7891219033513
7898447977046
7898605251827
7908077460228
7896255767088
7891224956814
7896036548462
7891038376709
7893249991009
7893299743900
7896000713421
7896342912124
9788533934016
7891321037515
7898506255405
7898610370445
7891350040081
7891301602108
7896000615527
6932159607301
7893454210315
7896676424607
7898949409809
7891266827387
7898660590275
7896902210165
7908040427616
3330000220977
7898225525230
7898547242907
8903855062822
7898905356727
7899455903201
17896007549709
7899572810185
7896033293976
7897230302652
7891142181053
7898497308623
7899360264190
7899864412134
7896484130387
7891219023132
7891301193637
7898503180663
7898330220136
7892828001566
7896015520380
7896033202909
7896261015333
7890541378675
7908077446000
7506309810409
7896641800337
7897214700030
7897595627032
7898664976730
7897337707596
7897779688019
7898696040447
7899640428380
7899706152167
7896800014506
7896094922204
7891155064961
7893249167213
7896006218531
7896885202713
9788557584761
7891224496655
7891033930555
7896331704785
8429420154940
7900083002058
7891800364866
7897595606297
7891040072453
7898472262735
7898521375331
7898955004920
7899641917906
7891194000074
7898520938391
7898932488156
7898497305301
7622210698346
7891224717484
7896094914353
7891106906715
7899310500088
7896116109408
7898970341598
7896111956359
7891360622161
7897517901165
7890541063588
7891024112083
7891800665017
7898040321642
7898183794044
618231254750
7896042063720
7896647067123
7891301191244
7622202303562
7896014154012
8002135077126
7897775677017
7891485420673
7898617521819
7898936049124
11021971
7896484102667
7899820801323
7896464734963
7898647922839
6978258761599
7897595639288
7891485344214
6932159601804
3454090003552
3330000260263
7908077435295
7896279117203
7898940257355
7898623959101
7898595270303
7896181911890
7892840815127
7896111992685
7897832839839
7898422744915
7898369690788
7896033261340
7898948960677
7896444602527
4894290675897
7908077460839
7892509107549
610059850398
7898943477279
7908103706696
7898666421962
7908281310852
7892509085052
7898623241237
731509572582
7894222030104
7890541117465
7899852001791
7896902203105
7896042054346
7899026405745
7891027339432
7891150087309
7898520948529
7898608956958
7898650131167
7908132247405
7896422513265
7896818218873
7896000722522
7897595633699
7898617524209
7897386752875
7898422745349
7891182018838
7897609902605
7908040427692
7894222010786
7896025501928
7896108004179
7896042010069
32456226
7898497306209
7891027304775
7899852028576
7896098809594
7898411812953
7908209802551
7898265325494
7891010008697
7891331018382
7899026415164
7891721022456
7891027145811
7896007988303
7891239024119
7896000611178
6934460631228
7500435176866
7896331702958
7897252260633
7899264304893
7897807411503
7898943477965
7897517903961
7897930775282
7898552002831
7891224789801
7891142202178
7896025542594
7897779725103
7898417962225
7898048002017
7896800039226
7891150077263
7898288550781
7897460401361
4005808655472
7893694058661
7501065922755
78900820
7898149188764
7898254100545
7893460280401
7896042082790
7898258622678
7896653706900
7891530360909
7896243101177
3086123263994
7897169224384
7898135700024
7899852014586
7891224506361
7899207594503
7891024178881
7891027134679
7896029600887
7899264359893
7891010253011
7898212285970
6924466303496
8712561018050
7896326910252
7909438009803
7908371628195
7899640801091
7908209805583
7908209804883
7899852026459
7891150053731
7899658398224
6932159610646
6972038414101
7899779009528
7898416834677
11042679
7896744812176
7899706178143
7899755650072
7896181908302
7897386752851
7896251800130
7896799981223
7898961258324
17896007551740
7896637022767
6001159129257
7896033231985
7898555808249
7895027511256
7891485462550
7892509060547
7898646541178
5010994956691
27084816167
7899876602325
7898319427181
7898512862123
7898973417832
7896647030035
041771163648
7896042029788
7898610375587
7898588328271
7898650621866
7897254130491
7891010986148
7891253261040
0070341339664
7896004707778
7891055637029
7892840266943
7896000713377
6941057402789
7896771606960
7896548198308
7896472504909
7898133131837
7897322702025
3326240000011
7896111955536
7891038352109
7896112448440
6700559144272
7897771200608
7898588087543
9999999999996
7896251800963
7899820813371
7891142181114
7896004742014
67894222030106
4902505511196
7891317497842
7898927356248
7898939752342
7896110700014
079656500882
7891033923670
7891153103648
7898012492097
7909690270782
7898925879275
7897476601588
7899706149402
070330370227
7896522030013
7896229974337
7500435116107
7898633983035
7898934594190
7898601062243
7898671427669
7899432850313
7891027075477
7891033913305
7896771606304
7897698236285
7908823500055
6191020030000
7891232135478
7898430194603
9788573981254
7897230304601
7898671422787
7898960498578
17899838816149
7896965247436
7898125113889
7890310160203
7899852021072
7896009179167
7897237300019
7890265820139
7898518430081
7891177373218
618341019089
7896111913390
7896641807534
7890904101049
7896013539315
7894916147798
7899852019369
7891321024171
7896658016356
0602883749412
7897779729101
7899536102653
7896641801488
7899621100762
7896639641737
7896380604975
7898632475371
7899808877470
7908458313105
7891010895532
7894222002644
7896002925464
7898395331716
7897655400223
7896647029107
7896098802441
4894095169690
7899850310208
7896679233473
7891033013241
7896181909439
7897237352810
7898157615610
7897230306599
7899207510138
7898048003038
7899440903520
3014260323981
7898417961273
7897386781011
7896181911159
7891027141585
7896509954950
6925187873213
7899790501438
7899753506319
7896185903044
7909224533529
6920218906656
89654842
7896206401665
7896745539003
7893454109817
7891224875498
7890422224008
7898135701540
7898605840977
7898633983448
7899852025100
7891010506070
7891485327804
6934460631518
7898675500436
7898664631790
7790085472276
7908609044438
7891027932336
7896025527928
7896644701006
7896637023009
4897019235730
630509752539
7896609543115
7899852000527
7894222043258
7908083518470
7897517903701
7891317004651
7898951405998
17896309204221
7896462001623
7899700800804
7891027114725
7897562204150
5010994708191
5702051100238
7908209811584
7898698742448
7898664973333
7898579485327
7895800307816
7899621100892
6941690722947
7896112118398
8692952005619
7899527128006
7899026415140
7891301510601
7891301516245
7896444602725
7899753531762
7896094916920
7894222000770
7896964624375
7898947386485
7892576109187
7896422507509
7890406155854
7898656685183
7891051037632
7898447904240
027084178845
7896004711133
7891027005252
7891058030216
7896484110402
7897143012655
7894222010762
7891150105614
7891150018815
7899360204738
3330000234974
7899527120468
7909690485865
7898417963413
7897832862851
7898662451468
7898504393000
7898906450301
3454090003453
7897237320246
7898405067925
7899706181006
7898937674714
7896033202398
7897517932077
7891027652692
7898303265225
11025474
7896033201575
7898417961563
7891150061057
7896018703063
7899621101042
7898212287554
7899583201156
7891313612133
7896075709503
7896033293419
7896226500218
7896241240960
7899706128797
7892509106924
7899653223767
7898543380641
7898291211051
7899938600528
7898447973468
7896004709116
7898588110494
7898322523023
746775381837
7908077460068
7897595900302
7897230304229
7891150025578
7899026473669
7891150041417
7891224588060
7897757713870
7898283855010
7899706149112
7899527138456
7891027311438
7899083121794
7898966463716
6952786801477
7506195158388
7899753552293
7898533234480
7894222021188
4894290296733
7891266698369
7894383321196
7898935840920
7896342908530
7908209802391
7891055685327
7891313778808
7891150006188
7898947407210
887961273038
7909224533260
7894916516358
07898563792325
7896181911784
7896737105964
7899753545509
7908040416788
7899676812597
7908671603656
7899820804331
7899838801551
7891266717626
7899207584238
7898099063173
7896009498633
7897779817105
7890541590473
7896326906026
7896444600806
070330506923
7896497501266
7896964620254
8791165301355
7897076908643
7898921199247
7896839947776
6952786802443
7899852020778
7909253105674
7896181921523
7897386781035
7896004762456
7898312599847
7893249030258
887961872446
7899850314442
7898656685060
7896004728612
7896042084510
7896033201674
7896092002076
4902505511172
7898582382385
0079400500908
7896027558746
7899466416578
7898211382748
4894290652768
7898012143449
7899105903438
7896222718556
7898663111774
7898405065044
9788594720023
7898918060932
7898567793823
7891360697183
7896672202452
7896902209176
6920897737558
7891485411282
7899026459526
9788573981612
7896641801839
7896111996966
7896083400515
7891301010064
746775080334
7899706179997
7891301373831
7899364808741
7891473017137
7896251801915
7896737102321
3337872412974
7898352912552
7899262420977
7899264363852
4891475037686
7896211823506
7909438042084
7898566514016
7899527142590
7896025505452
7899264351170
7896331703498
7899621101325
7896033201100
7896839980513
7501009224006
7622210933461
7894494127922
7896292253209
7898419150873
7891485374518
7898447977718
7892509053297
7898603990612
7898964630929
8411061081808
7891150055636
7896523202013
7506195126837
7898567795308
7894494330148
9788573980790
7896094916135
7898132982379
7899790248647
7898940174218
4005808783359
7896181903451
7897595602770
7899753506715
7898664976396
7892953003527
7506309861760
7898599212224
7894494636172
7908077451806
7898549354929
7891317001438
7891027310202
4894290671011
7898666422433
7896033201933
42022230
7898697107118
7898449081888
7891530640476
7898639793874
7895265923668
7897042010721
7891142113269
8411061738009
7908458304523
7898172860248
7891182018791
7896609543818
7897832862295
7896014187614
7899808884294
7896193216037
7893522203362
7896226500614
7898542759998
4895165701871
7891033492145
7891317010270
7896025526242
7898945782593
7894916502160
7897753693541
7896326905555
7898447907210
7891027306984
7896033231893
7896033234030
7898447907180
7891313604459
7891317002190
7891360471196
7897982204433
7898248392871
7898631554640
7791293990583
7898610379073
7896255700504
7898586630246
7898412972182
7898957474721
7896472503261
7891530566738
7898666422396
7897517920180
7899790225488
7892840818326
7898497305868
7898567791287
7896640404925
7896092000652
7898556757119
7891317422073
6952786801484
7909253139976
7891024179468
7899706131292
7898546004162
7899653223965
7896111950333
5016003762307
7899455901054
7899806205794
7899984402268
7899014963905
9788538076094
7894970497334
7896000714794
7896070601871
7897237312135
7896207371684
300653611784
7893249567174
9788555502255
7896063285088
7897214701136
7896191277894
17891321330811
7891530331794
0050000052745
7898417962751
7899985704538
7898258624542
7622300577612
7896013543008
7898147771012
7501056348908
7891150018976
0011509031327
4712780809051
7898007750331
887961179170
7898623951549
887961210262
7896010175295
7897042010134
7898744786167
7894494517471
7894916509626
7899264336214
7899527143429
7891224959495
7894222037011
7891321330692
7896112401179
7898405064764
7896230302099
7896647066836
7899768013185
7898283852453
7899205950264
7891266698611
7702111039575
7891266728073
7891182014755
7897386787945
7897357101237
7908209807167
6952786802184
7897027220640
7896000651686
7898915764048
4894095165937
7894321222127
7891153002545
6920897231544
7899105904794
7892994127640
7891321043974
7897684808502
7891027075576
7891150094932
7891395012197
7891142136978
7896181900658
7898950109880
7896183313678
7891334510104
3454090002975
7896007510375
7506105603359
7899755629535
7896226503363
7891035800214
7898280072380
9788536824246
7894916341868
7896380604715
7896264701028
7896023700088
7891024027493
7898945746397
7899783601169
3607345094977
714289139596
7891024174715
0000078915640
7891033517756
7891301259135
7896572029609
7897476634692
7898212287134
7899788404888
5900290677355
7896000613400
7897595901545
7891150084506
7896033216746
7908422600613
746775097295
7897256244387
7896800073404
7898181584548
7896181903840
7896744812503
7899233783346
7899852027821
9788536825090
7894222002569
7898556756846
7898588328219
7896227800027
7908458320448
7899572808687
7894222027487
7891360684831
7891027314248
7898474840559
7898197415638
7896115701382
7898623243545
7899233767872
7898932140030
7891360477938
7898138781952
7896033234092
7897386757290
7896046712792
7896255766111
7896380607211
7898009431276
7898608953117
7898147771029
7898413661405
7898593050686
7896484101394
4894290271433
7899768066488
7896007545728
7900083001143
7908040428828
7891279404049
7896311769308
7897337702270
7892509072397
7899527140220
7908077454319
7898490057184
7909253148046
7894916202503
7896380605767
618341019065
7896004819006
7891266824003
7891182850049
7896472501816
7897705203101
7898039562902
7898483152278
7896006227588
7897517923761
887961027273
7898556850667
7898588322385
7908083513307
7899527138852
7908169011420
7908458320066
7896025531901
7898566514631
7896640400873
7896838808030
7898939752175
7898941189860
6952786812817
7891158000898
7891317123253
7894222020716
7897386781141
7898472253092
7898447977695
7894494625138
7891313208800
7896422509565
7891000464908
7896637029018
67897256249711
7898405062852
7896658023187
7898744782510
789005765000
7896251802158
7897917001632
7898946434316
7899806209020
0040232944161
7897386799139
7898966463693
7896114300067
7898225528972
7898486489951
7898671423869
7622210698056
7898610370308
7892509086462
6941690723012
7909253123609
7898212286694
7898417965394
6988264210172
7899655040317
7898458571998
650240025624
7898950465047
667524578738
7896036541456
7891317465346
7908470009901
7896301802923
7896000613752
7622202303869
7897877700866
7891027291624
7894916146029
7898587774451
7898970341178
7898248392727
7908103765600
7899264338973
7908470002445
7898964630219
7898632476729
7896112126973
4902505343605
7896342408399
7898562372887
7898586630352
7896015591816
7896603803949
7898588325324
7899304805229
810508000507
7898562359321
7899670808268
7898179820382
7896033295161
7896545230056
7898525587693
3574661103518
7897917000116
7898586630208
7908228802006
7898483152179
7891010244477
7896033201186
7896070601574
7896181922667
7891058003920
7898132847500
7898949349051
7898934930592
656079888751
7896230302136
731509991680
7897779741103
7896422506847
7896006285007
7899806214260
7896181914075
7896042080789
7898741806073
7898158690531
7898915932102
9786556650043
7891150055193
7896200704243
7891033932672
7897476631462
7898964630240
7908024926098
7897512902228
8902220107922
7899653781434
7897779739100
7896380604951
7896044600305
7891485410889
7891033534418
7891317125431
7891027228569
7891106915281
7896777940303
7891191003665
7897840305951
7898222833291
7898481400050
7894494129230
7908040492256
7896006211150
7896317903645
7899026457607
7899091425747
7896647005774
7897464700231
7896004759821
7891530447648
7896000615862
7896934404150
7908169010683
7898009434680
7894916516198
7896744817430
6831899012577
7898943696571
7898948586372
7899753551197
7891485416881
7896075760511
7899527143986
7891360653271
731509549515
7897779778109
7896927484374
7898312591995
7896858634091
4005900193698
7896965252300
7899820807226
7898280074599
7898639794642
7896422502559
7908228801672
7896004702735
7896292227019
7891055670729
7896639603902
3330000243143
7896042069692
7896658036804
7898542904237
7891010505141
7898490058044
7898911495762
7896658003615
7896042084077
7898039565484
7899621101110
7898478497087
630509710683
7896982905432
6932159608872
7898283852347
7900083016536
7890636876871
7891027142094
7891060003970
7894222008004
7898650626304
7896042035109
7896699011365
7896025525740
7890732316363
7896647073230
7891321063408
7896279111720
7908083529285
6932159609145
7896230300163
7897595621030
7908274800575
7896004719580
7891239017098
7896013567080
7896207372117
7898902505203
7895155013547
7896033202114
7899806974911
7899755656555
7897455100231
7891033933273
7899132103544
7898126407536
7894222000794
4894290253323
7896512903815
7898552003760
7891027033729
7908422601320
7891317418526
7891027126414
7898650131228
7908371673478
7891224956838
7893454114019
7896112196266
7899095200869
7898486484314
7909224285893
7898222830481
7899026450936
7891530583605
7899753555454
7896451913845
7908458336357
7896964615960
6920218900111
7891027132316
7899753527918
7896020633617
7898906376007
7898927355838
8720689011921
7890263600276
7900083000665
7896658002953
7892509075213
7896004709703
7898943597106
7898636191611
7898417964267
7891058061562
7899753509501
7890541013583
7896438207349
036000393521
7509546669205
7896000714695
3330000258086
7891058002251
7896380604807
7898300572807
7891150015098
7891182033022
7896269621154
7898078318447
7896771604683
7897832832519
7894494624742
7898449395039
7891317421526
7891027059897
7898632476071
7897780200408
7896422519915
6920897737688
27084977325
6973100283809
7622210888471
7896111992562
7899547528459
7898040321390
7891106905893
7894383041506
7908077436018
7898662450317
7896422506465
7896965258838
746775281236
789000119560
7896658016844
7898078762141
7896036526446
7896671601515
4005900929679
7891317008284
17891321333713
7898132847494
6932159609183
7908652103229
7897143013812
7896094807792
7896000711014
7896018700888
7896261000490
7899670806011
7897500553586
17891321333720
7891485380120
7896004711577
4894290630193
7898977068528
7896094922211
7897027213123
7897947600805
7896965256841
7898126400117
3352818516806
7896647067055
7891360623113
7899670917410
6900829006167
7896342449156
7891060679762
7908470009840
7892509070102
7896000650269
7896004703398
714289112278
7896603803918
7897517920425
7896326959138
7896020610526
7899882304282
7908512700827
4895138749329
7899310590676
7898539422461
3330000260331
6932177465617
7898662430890
7896112159117
7896497503482
7897386780724
887961747379
7899753535845
7896852616253
7898417963666
7896839927051
7898322522804
7898647926066
7891194000050
6202103510026
7899850325271
7899788404147
7891033875603
7896111929315
7891027236915
7896509954981
7899808872567
7898405063934
7891058002404
7898650621774
7898944075252
7899850332859
7908040450966
7908083517565
7506309872483
7899264317336
7891266698604
7896033201391
7898132987091
7896042081878
7891279836024
69220897739590
7896033204873
3330000238316
7894222040981
7899026423404
7899583200500
7896111992906
7896359038190
7896965246866
7702010130762
7898007677270
7898447005312
7896044953562
7898647920415
7896004720319
7898417964144
6952525800129
7896444605726
7891000464915
7896382707582
7896111970973
7622202274541
7891317445720
7506309870069
7908040417471
7898502529326
7501001276850
7896044998617
714289116573
7891158027529
7896484171892
7908209805811
7909107660649
7898449087392
7898608952950
7898939560756
7896509954998
7897476637204
7896512959836
7898079001300
4894290240323
7896982904206
6926939781480
7891485384012
7896004700939
746775118983
7898506478736
7898744785160
7908209805170
7898282400594
7898915801934
7908209811478
7890541547637
7896647060704
7898625791945
7891027113483
7896111900345
7898501194341
7897799808954
7899676807845
746775174194
7897386752905
7908038603299
6920243123110
7908394102382
7891150006133
7891027143589
7898422746810
7909107963610
4894290653543
7898506251575
7896964621633
7898970341543
630509533657
7891279986101
7896462003580
7898132987107
7898549375368
7899753539157
6925187883861
7898610375044
7897424080335
7891010998509
7896008994372
7896033207089
7898601576146
7908652101799
75075644
7897280309472
7891055620922
7896800011529
7891024028117
7899706175043
7897386780540
7897424006526
7898225522468
7908132288590
7500435121934
7896965209014
7897982201166
7899852017518
6972267405765
7895144205663
7899918920974
27896309204914
7896522022681
7898403467864
7898741805755
7908609044292
7899706146968
746775167158
7898461575020
7891219025822
4005808572939
7896737000917
7891142144256
7891182033633
7898546003394
7898453437916
7891142144058
7898934596248
7898126400261
7899069919025
7896647079119
7891027129484
7899026442580
7896965215206
7896672201158
7897517932886
7896004713915
7898312781433
7898132981778
7898502516883
7898005717213
7909438043500
7896714203782
7909883358778
7891634250533
7893249666099
7896380603862
7896024413857
7896111904473
72376560
7897517917586
7898416830525
7890541884084
7899753530871
7896283004513
7898692793118
7897252215558
7898903692704
7891224829255
7899755617495
7891183024616
7891266717558
7894916208574
7896061951015
7898283852651
7891266769786
7898074616943
4894290264053
7896183313739
7892729856197
7896965218504
78907188
7899097926736
7898028532862
7896041913118
7908209809338
7896658026102
7899850322782
7898582683192
7890541000323
7899882307696
7894391053201
7896033245210
7899264319774
7894916207737
7899850317894
7899583200098
7899753554181
7898302727861
4894290289308
667526952277
7896013558484
7896222718495
7898303261180
7898610375389
7896965256858
7899852018256
7908448004679
7898945450218
7891317007898
7899207524807
7908683959666
7899026426320
7898126405792
7898935491085
7899026480919
7897230304526
7892840818913
7896200710503
7896952530831
7896799951950
4894290633521
7899850328876
7891150052543
7898567791386
7891150091290
7898944524071
7896224410120
7898925879251
7509546696058
7891027141103
7896025501232
7896150001256
4894290626059
7898970341307
049932666434
010343922938
7896000612168
7896279129039
7898149937911
7898955171868
7898906376625
7898483151844
35695108297674
3330000244256
7891360495581
7898650621477
7892840815103
7898170656065
7899455905229
7898157616327
7891150038394
7894916147125
7500435123662
7898689360354
7909224537312
7896094918672
7894298051065
6941690722749
7908209801769
4894290251268
7891033492916
7896212420674
7898516930354
7908209804401
7898671425450
7898369690764
7898417964625
7896251802868
7896744844757
7898447973284
7897042013814
7891033517435
7896964615779
4006381493277
7908040425957
8902220105447
656079623260
7898417961082
7898930508955
886112695699
7899095230309
7909224530337
7891027179625
7898524349155
7891150026179
7898419476560
7909107959699
7899790922028
746775360986
7896004718842
7896004720937
7891158100291
7896006281764
7897771300513
7898662451673
7908209809895
7892840814618
7896000706874
7897759000251
5903719642385
7896658037917
7891317461362
7898449828490
7899304811602
7894494554025
7898395332850
5016003188206
746775297190
7898610377468
7898170656010
7891117064176
7896647077399
7897027293934
7896112412175
7899360221711
7898610371633
7898148648306
7898320898802
7898149189983
7894916500951
7896043311233
7891800342000
7898283815724
7898970341666
3100002050540
7898240800053
7894222033761
7622210857774
7896014182497
7892687813379
7896036564523
7898064924973
7896020619123
7891268102239
7898650621835
7896020164166
7896004726274
7896326959145
7897517925666
7899753558721
5702051018359
7894222019987
7896009142451
7891060836851
7898969725002
88300178315
7899788400927
7898555805583
7899852001524
7898490058297
7898934930585
4005808307326
7896964620018
7894494168727
7898503185118
7894383321240
7898506251094
7899207512026
7891321043875
7896042066707
7891150083080
4007817182109
7896063285071
7898623951280
7899495702857
7899790909197
7909253139068
7891224836000
7896464703631
7897779711106
6952786896107
7898920399761
11023951
7908209808522
7899364808727
7896214002113
7896023704277
7897513907000
7891530266775
7898079000303
7898136150057
7898286940225
7898294620843
6932159609138
7908132208499
7893454207636
7890557722196
7898562356740
7898608957894
7896964620841
7909438040868
7899105904510
7898660599810
7891182016148
7896112413400
7896046700676
7892840127114
7898412973394
7899768825757
7898545646981
7899083121336
7896183309985
7898474281543
7899264364705
9788537633878
7891530670237
7894494540493
7896647090145
7891485401559
7891910002009
7898483150281
7898503183657
7898497303321
7898926952830
7899706188913
7899753541662
7896676405651
4894290270610
7899026419063
7896852618967
4895138781770
7896111987322
7896523206943
7898320898673
7896523206172
7908040427296
7891183018943
7500435128445
7898944073302
7896042070063
7898048206019
7898447003073
7896658015212
7899790239614
7896647041208
7909224546390
7899850311021
7897947616196
7891024024386
7896799981308
7895155560485
9555684606914
7899527106073
7896070600881
7896965218658
7898283857601
7908083521685
7908216131675
7898639380920
7891485526498
7898664976242
7894494594311
7896033221054
7891266629431
7898664970585
7896006297987
27084838107
090159313595
7891224486311
7896451906175
714289139275
7894383182711
7898663740745
7898671424033
735201084244
731509997965
78924512
6920895718177
7896779641147
7891033931057
7899852018805
7899008057344
7898410313574
7899768820745
7896111945728
7891010610203
78950016
7896380605866
7896033212120
6934460667906
7908010124392
7898948648735
7891313604138
7896255763233
78966647005736
20580026245
7896094911000
3605520386503
7891027231217
7896025503670
7898447979927
7896342412488
7898298360073
6924466305957
7898488590068
4894290260222
7896438201385
7897074511685
7898550830474
7899026415369
78930865
7890541017543
7899706239189
7891334517134
7899207551131
746775045111
7899252022211
7898567795858
7898312591971
7899026434943
7894222022086
7909883167981
7895296095068
7896000617637
7899670906681
7896000610171
5702051017451
7892509091350
7898567795254
7891153058351
7898723631068
7896211896043
7898566513965
7896676426878
7898671424811
7899755681793
7891008251272
7899588010838
071603005075
650240019036
7899621102568
7908040493369
7892953207406
884851017680
7891317129941
7891010938840
7891150023222
7896015517502
7898416830099
7899790501414
3330000244263
7896041914160
7908209809819
7896036560365
7897517923396
7896004701974
7898535968833
7898417962034
7890699930251
7891224598038
6952786806915
7896342451852
7898579481527
7898671425870
7891000013038
7891150088467
7891485215446
7896004751009
7891060029055
7894222021997
7896025523081
7898566782439
7891317422035
5702051051103
7896497501563
6932159601743
7896342450350
4006000068527
5702051021366
7899470805658
7891485388898
7896150015802
7896202503172
731509974669
4894290287311
7891040216147
7891266689558
7899095203563
7894383191706
7900083001907
7908010137194
7891301490637
7899621105187
8888021300376
7899820811049
7898301056955
4894290625526
7896342452279
7899429107789
6941690722510
7908046800352
630509771608
6851129512707
7891010919733
7896036575819
7897595900579
7899788400521
7896094919464
7896422506038
7897517925741
7899014972907
7908169028305
7891253203989
7891150041059
7591083011098
7894916143523
7898994462552
7891027120832
5010994718039
7891317003128
7898542756522
7896640430658
7898579488878
7898741806004
7896042077567
7898126404078
7896000670175
7898265325395
7896964615991
7891485526764
4894290278302
7891027294120
7899655010860
7891301191206
7506306417632
7899026459250
7896111955277
7898078317990
7801125000677
7896852611944
7891224705795
7891360472629
2013030172195
7899706122047
7896279117234
7898040324520
7896033202770
7899753529813
7896000614377
7908353609914
7898273128315
7899310590850
7899621100649
7899852003924
7896010174120
7897731180803
7791293014845
7891109486207
7900083002089
7891024028704
7896000714657
7899583200883
7896964615878
5456212154843
7891317001414
7898225524462
7890265537495
7892840819248
3401399373466
7898556754767
892456000020
7896098802458
7898312763576
7898582380022
630509328741
7896001281912
7891360611325
7896211827818
7898522714863
7898588324662
7896548198650
7898524348714
7891485383244
3330000615469
7896025527058
7898567790297
5898419160032
7898320906033
7894494693786
7891058017118
7899572805808
731509687897
3330000261192
7899838832845
887961079395
7896111952115
0070942003551
7898951405882
7896036547236
7896380600595
7897256221272
7891219031076
7899264344745
7898012492035
17896309200131
7908169011437
7896004703718
7896007552832
7897562223588
7899304809296
7896006259701
7898411978086
7900083012460
7896025522619
7891485304317
746775384418
7898921545471
7899768070584
7909690409427
7891224660650
7891232517762
7898549365840
4007817143247
7896075029533
7896132133470
7891321035917
7898539422430
7898555808560
7896422507950
7897832840538
7909438011325
4006000101354
7899008057337
7898947386232
7896000712967
7899588001584
0070341071885
5702051045904
3126170084668
7891150025509
7891360458210
7898925881735
7895717000091
7896004755595
3330000257843
7898960813470
7899806201000
7891027293925
7896595411177
7896644716215
7896235353669
7899583203327
7891150024809
7896965245029
7898260784210
7892597337408
7898696040485
7898556850025
7896317904703
7898074611504
7898486489975
7908010129601
7893454136592
7898928518904
7896444604101
7898283814666
7896015522063
7898538299217
7898319425064
7897027223177
9786555004427
3605521487537
7896658005473
6931627000378
7898639380272
7898935840890
7891150073562
4894095224658
7899753541280
4895138785631
7891150003224
7891027306137
110000011111
7501006745061
7908077467869
7896013521891
7897547706150
7899527130559
7896771604225
884851028129
7891027070465
7898951405073
7898566510131
7909189242573
17897517909588
7891142153227
7891485407155
7896771000096
7899264379136
7891116169544
7898078311387
78925519
9788533928671
7891330020539
7891317021894
7898405062173
7898610375112
7896572039646
7909438010663
3616304892806
7891010904227
7899207528201
7506195146996
8802946506286
7891224629893
78996220606111
735201084183
7898948029008
7891485390334
4005808834815
7898516899033
7897930761957
17894993171904
7898671424668
7509546675862
7899250614609
7894494515774
7897424014019
7898588089288
7898928518478
7899105902240
7896369126214
4893888172114
7908458322350
7899970401206
7908077468972
7896094907348
7896965254168
7898623957060
7896964625877
7891010506513
7897595637574
7899753551548
746775174873
9786526107454
7891033534364
7894383933061
4894290271686
7898416830464
7899091484034
7896279104104
7891485329082
7896094209558
7891266597730
7896013558682
7896830500147
7893249171494
7899264305715
7898490058266
7897705201770
7898380410921
7898906887121
7898405065464
7899852010236
00382903883356
7892520236044
7892597339969
7898301059376
7899963915598
6932159607042
7891033486533
5010994884109
7899264345193
6925187886763
7891000248836
7896004742007
7896000614018
7891530278419
7896020162742
4719861349833
7899621105880
7896000622853
7898527127798
7898516938923
4005900200204
7898610378540
7898671425337
7891224717491
7898681320653
7898100044856
7896572041090
7896000670151
9788536823225
7898588326901
7899187014206
9788538079750
7891027308780
7899471657263
7891158100550
7898671427959
7898502543681
7896014183128
7898639380340
7896900298585
7899026483705
7891027082086
7896002925549
7791293005348
7899706118101
7896023716874
7896964615953
7899820802627
7899653207774
7891035655357
1000000023244
7897807458263
7898723630764
7896523222783
7896779601288
7899055245091
4007817180389
7896111988862
5010994824761
7896509974521
7899264376449
7908077467036
7898422745325
7909438044187
7896422500272
6931759214070
7891485465063
11060482
7896226109206
7895144208442
7896111956151
7891350045239
7891691273216
6934460629324
7908905401102
7891317013905
7894222003887
4897019235440
7898352914068
7899264344318
7891360667421
7896658015779
7506309867724
7896211814597
7896422507547
7898593053342
7897517938338
7896382700545
7908334510789
6931759249102
7890000206655
7896014125371
7898212280722
7908470009864
7896013505471
7908132220187
7896004706238
7896448111148
7898934593773
7891055629901
6934460660983
7898970341499
9788577740963
7891321333839
7891027059934
7896112469742
78924338
090159312567
7896255766050
7898078752456
7891200009121
7894222021706
746775042783
7898587764285
7898737630323
7898666421955
7899264328868
7898179821068
7894916509718
7898040328627
7891142204646
7896800014483
7897753692971
7898956625193
7895027511263
7899884213421
7909253129021
7896422516990
7896181927037
7894222037844
7891266564961
7894916141161
7891317037024
7896902207523
7891313611389
7891027309688
746775234690
7893249046815
7899652100380
7909438039886
4894290252265
7896036574027
7909690293880
7891350040043
7891060825381
7898288550569
7896191277726
7898646541390
7896042034843
7898497303505
7898494993327
7896036546734
7891224907403
7896647080351
7893454209722
7898955019436
7891035912801
7890541547620
7891219014673
7891027047115
7896444211132
7895296287029
7908353610958
00722219000
7500435004510
7898925880929
7898500813298
7908236502332
27898944524815
7898039562582
3330000260294
7899785501672
7898360902576
7898078311394
789990070058
7908615088983
7900083016543
7891350032697
7898417965776
7896251800178
7891268144123
7897230304564
7891317191689
4902505482007
7899808867860
5702191007961
7896042065229
7891150015241
7898958400040
7894494619816
7898578924193
7891317133948
7899110641073
7898924027202
7898300573439
7898664630816
7898741951513
7898481400241
7899420508370
7909342595157
7896094200746
7899026445208
7891360402657
7898280072397
7898698742479
7898282400686
4006381527767
7898040329761
7896400505862
7896015527433
7899069915454
7898950234414
7908010135206
7896422515320
7897144601759
7891010947477
7891040149308
7896180300114
7897947619517
7898539399312
7899026425958
7896010100297
7898573293348
7898943477255
7897211100185
7896033221122
11034445
7896191239830
7898303265232
7896000628138
7898126400728
7896033204750
7894916145114
7896226500263
7896422514873
7898301059895
7898741804628
7897411602311
9788594728937
3121040072349
7891035911057
7896382709111
7898258627314
7899527130719
7894916145008
7899755645955
7897517921866
7891317016418
7908040461122
7894494553806
7896004704265
7897595620385
7891224598014
7898281098310
7893353200646
7898958542849
7898352912156
7896013503262
7891033930692
3000000001059
7896036543634
7896422505550
7898632476415
7896676427844
7898216367580
7896206401245
7899850328630
7898452490943
7896000722508
7896024412751
7898225529047
7894494651816
7891224366910
7895144228532
7896326918890
7896444601964
7898608954275
7899706122009
7896523211923
7891317002862
7891485405489
7897027203070
7899527139682
7893249407937
7891530559624
7897129302725
7898405064078
7898623955523
887961055085
7898502539097
7896004710273
7897776751013
9788538060604
7896965213103
7506195183373
7898148297658
353885160254
7898661680357
7896714296081
7899653741704
7896020163572
7898185415183
7898636190393
7898497305295
7899850310710
7896000615268
7898352913610
7891024131077
6926168039703
7899970400292
7898225523991
7897571960030
7506309872544
7896261010055
7898258620902
7908169011406
7898422749958
7896009142468
7890263277386
7908083513246
7898301050038
9788594720801
7891040102204
7896004713182
7899420506550
7893249385921
7898360922000
7896685302002
7896111987384
7898910451608
7898664974583
7899753509518
7897424080427
4894290260246
7891027130695
7898656683196
7891055633908
7891485419448
7896033201612
7896098804643
7896647029077
7898588325362
17891150004280
7898411816449
7894494529986
7898516910653
7899852003221
7898617524216
7896000601100
7898258620162
7897113900043
7891321035450
7899026456051
4894290244789
7898555809093
7891033803590
7898662450973
7896658000072
7908066400105
7896004759845
7891150018730
7899706180498
7891321037362
7896676400083
7898623950764
7896444601353
6925352213707
7891137000017
7896033232760
7895296275019
7896292227224
7898662452540
7898698740215
7909438043456
887961170160
7898233930415
7898396536306
7896227620014
7891321035207
7896964617063
7899753557533
7894494636080
7896251800758
7896818240645
7892953002315
17891321103859
4894290250728
7891142205520
7897655400780
7899026400856
7891150026872
0618341019140
7896647028971
7896075757382
7909883260484
7898506256136
7891027958794
7896006212577
630509316823
7897660219360
7898567799429
7908470031452
52702471
619659066888
630509772025
7891360584193
7896451911575
7898503185149
7898954408088
4719861348997
6560790002966
7891051029064
7891224347834
7896004754949
7898581711230
8903855090450
7896211827757
7898660593283
7896572039653
7891224592517
7891027283551
7506309866918
7897849613545
7898552004088
7896658004360
7891485311124
7891232252304
7891528016498
6932159610554
7899755672043
7896036533116
7896111904039
7896640401092
7896230300033
7891024042007
7898430190957
7898490057320
7898939752083
7891150004054
7896575102552
7898149937935
7898079002703
7908010116984
7898542750728
7896033283311
7896326905173
7899655010891
7898925879763
7898422749965
7891027142117
7898481401590
7896227800010
7899852022239
7898280072434
4005808846245
7898906376618
0783918116338
7899640804160
7898566824665
7898632472325
7891360630869
887961768022
7908077468958
7892953001318
7896004713120
7898458703191
7896033231688
7896063285132
7898300572333
7891313268255
7896658005589
746775311780
7891232971038
7896658019548
7898135020139
7890541547767
7891334101258
7899527118779
7893249149516
7891721202858
7896222717207
3330000260492
7898258620575
7898947386027
7896647073599
7898506258505
3360373063697
4894290244161
7898157617805
7898458572919
070330190412
7891033519712
7896422504669
7897517904234
010343904323
7891027304782
7898524346659
7899026463912
7898595237337
3337872411816
7898395331457
7899930900794
4902505322709
7898664978697
7898078317952
7891331018412
7891317044749
7896111974759
7894222020778
7896637032032
7908458320653
7898662451635
7898138781402
7896714204390
7898952577106
650240012969
6924466302789
7896132133395
7891360484011
7908209802339
789600622921
7896326912423
7891183012750
7891183013443
7896839910701
27084726664
7898631550512
7899095239975
7898928257018
7898946433050
6934460631464
7896222717351
7896422515313
3337872411557
7891108030517
7891027147273
7896000614735
7897562200480
7898655633802
7898951747043
7899360219299
746775113636
7896331704860
7891266845947
7892692815054
7899753551074
746775043506
7896111944912
7897404300170
7896000610157
7899850312202
5702051041067
7891772150870
7896422511940
7898545646653
7894222027630
7891150071278
8802946506187
7896042034841
7899714000092
7894916512008
7896181909347
7897848715189
7898601578577
7899527128631
7891360623151
7896000615428
7899661747552
7899620602816
7898258621251
7891317430238
7891301374258
7891033523849
25215489082
7899026468108
7899670906667
7899882100211
7896004755007
7896014183258
656079620375
7506309810393
7908010134865
7897660219346
6920218903921
7898664977928
7896443129063
7896839950509
7891033913244
7506309801063
7898008493497
7898417961891
7896700402441
7896000722621
7898248392864
7896006215950
7899768070881
7909438022116
7898222832089
00721722000
7896020162896
7896070605497
7896509979489
3330000248247
7891150035546
7896885206001
7898461962837
7896311769322
7896342449323
7891027150235
9788594726001
7896230301061
7894916142151
7896042065397
7899527147632
7898650621569
7892840824969
7898656162417
7896033204293
7891485359140
7894494594397
7896448120201
7896021906642
4897019237055
7891033536122
7896000706188
7891224744701
7891224159734
7898422167288
7891530595578
6627865003614
7899658396718
7898638342394
7899650112347
7896010171334
7896279109932
7899026462632
7898157616310
7891530328923
7898961240206
7908236800605
7909510216457
7896380606153
7896020618317
7896036526620
7891010910013
7898749971124
7898631555906
7896191261701
7896317907889
7891055522516
7898928577758
789680404210
7898930508153
7908209807488
7908615090740
7891224112357
7896644722643
7898597484180
7893249197074
7892840825157
7896676421637
7898170768058
7891027069742
17891321046354
7897045600943
7897877700583
7891485277796
7896000615770
7899735343314
7898555809765
7908228802020
7899360206084
7896112148876
7898286541620
7898617740326
7897684808632
041333001074
7501006722321
7891350040050
5702051030238
7898555808508
7898417964922
0000011013693
7896065860023
7891182032339
7896015521455
8710103873020
7894298065314
7900083011845
7891055639528
3507460112962
7898965666309
714289112391
7896380602926
27084685626
7891334120211
7896647077962
7898549349819
7891182021135
7898562371767
7899360217363
17891321110116
7898601577495
7904523120197
7898516903402
7898965535469
630509365814
7896212412778
7897517925543
5702051056795
7898506258109
7893254157957
7896027549515
7896422515894
7896255766319
7898548357525
7899095236400
8902105302558
7891266866782
746775007614
7896018700543
7891010026530
731509993417
7896444606068
7890704630886
7896235353768
7899083119302
7897322701622
7899264376869
7891485384357
7896609546260
7896007540525
7896965253314
7894222010441
7896380605880
7898579487116
7896647002407
7899527146468
2484320207161
7891033535057
7897840301526
7897920701239
7898483151349
7898481570838
7896235353638
7896211871590
7897832888561
7897571920614
7898430551871
7896603850066
7896036526439
7908010133523
630509612437
7896033233743
7897807422288
7898610375556
7897018800028
7899264352122
7899806202908
7898008550190
7898265324053
7898352911555
7622300862374
7898534532998
7896036543320
7891317139469
67897256221106
7898945746069
7898527127361
7897337708173
7898300570117
7898452495726
7896111984857
5012874212262
7893249301808
7899360215536
7893249054810
7896132132961
7896927432238
7896112159223
7896013544241
7898623954557
7899304801306
7899820805109
7891155072706
7896033201728
7908542612350
6934460645904
7899852002439
7896380660957
7891279842209
7897237300767
7897595902085
7891253268308
7898490057689
7896251801786
7896033231732
7891224598168
7500435011303
7896279113427
7891530608247
17895800448325
6841990812358
6924466306343
6932159603952
7899233768688
7896026303002
7896342449514
656079666632
4894290296818
630509830305
7509546048338
7590002012383
7891182996938
7896965252355
7898312569277
7898927356965
7896640406998
7896714292151
7897144600493
7897947607705
090159314028
7891027123697
7896676412208
3348900012189
6934460664653
7891142143259
7908209806245
7891137006620
7896523207803
7896042006079
7896279102506
746775366827
7898737630316
7898960833614
7897832851541
7899640800117
7895155398286
7897512900118
7898405061190
7898417962546
7898917420690
7899753542133
7896181916086
7899264374261
7897027215998
7896033295116
070330426719
7897660043408
7898148294381
7899701871360
7896111954409
7890265351398
7898539010194
7898605222384
7501007455075
7896714207896
8718117600939
7891182992619
7895265924443
7896206407711
7908209807273
7891035655227
7908458326198
7500435118521
6920997616753
7898458573565
7897473205741
7896004719078
7898132980764
7896261402607
7898741803980
4005900526458
7898494718678
0840646004860
7896025529427
7898932370048
7898458572032
17891321044497
9788537668528
7892509066198
7891150070837
7891485404666
7898258620971
8411061081822
7891027231576
7891033526222
7899620613690
4894290253934
7899026483804
7908458326365
7908371627068
7891224628650
7898032594054
7896132133135
7891027110079
7896014193523
7892840817862
7898940257690
7899753534732
7891010256999
7896744848304
7898538292805
7899572814404
7899806201956
6941690723982
7899806207323
7908458306428
7896033212823
7896094901216
7896380605484
7891150007451
7896331709193
4005808719280
7896049502420
7896152300098
7908040433532
7898184464410
7891134001963
7897832849067
7896007547685
7899026471177
7908038605156
7898608953018
7898497302119
7898588111521
7896112135913
7899360214607
7894916146111
7896004708751
7908083520572
7896007542161
7896004781358
7898524349278
7622300850548
7896112115045
7895800304631
7898300574214
7891027117818
7896342410347
7896737000825
7702045538779
7899753506685
7896226502410
7908458320417
4005808847662
7897571960016
7898715811133
7896279102629
7892840272548
7891772156353
7891027107840
7891331010485
7895155040987
7702018874750
4894290996176
7896114300203
7841764021008
7898126407888
7898622098160
7898629561964
7899091480968
7897832862356
7908077444792
7896111970928
7898132988975
6925187891897
7909690029144
7891060992601
7891313307558
7896523204130
887961097634
7899806205091
7896639603438
7891058017439
7908083514014
7893353036504
7896020163732
7891058003883
7896006210870
7898083109566
7895500720182
7891266728158
7896014188062
887961053029
4894290629098
7898927355746
7891060800401
7896004705347
7896085863967
7896116114044
7899753520261
7899753541471
7899808874981
7899619901357
7897572000056
7897230302164
7893249149530
7891485402334
7897779810106
7897252268004
7896927468978
7898288551023
4894290631640
7898608954688
090159810582
7896112154846
7896033201780
7908083512669
7791293021256
7897595602428
7898157616723
7898525587402
7897256244493
7891485423643
7891232139483
7896679226819
4005900662071
5702051032423
7894222000787
7898657691282
3352810307624
7897775699019
7896111992838
7899783601152
7898472892451
7892005050394
7898170657062
656079419320
7896004712581
7898903692438
7891350048155
7506078971981
7891219017629
7898225521263
7898502509793
7891033471782
7891321041888
7896000719409
7897386743354
4894290262455
7891010037352
7896380607228
7898646546869
7899790253764
7897144602374
7891317045777
7898903703004
70330710221
7891150079229
7897299902220
7891027136185
4894290282224
7891017015698
7898595237238
7898950465160
3351500981700
7891800806120
7891024035665
7898588329032
7908077443931
7500435004527
7897476677552
7898958400676
630509414932
7898650621491
7898698740024
7898312241807
7898506452712
7908542612480
7896014149469
7898417961259
7896595570591
7908077456061
7898076330045
7898503182414
7908542607646
7891106906012
7909224285619
7908673906786
7898412972175
7909253139730
7896000714688
7899026417328
7896025500242
7898906452091
7898198177108
7899207517120
7898965535483
4005900992840
7898012490345
6924515550024
731509585643
750619516672
7891476015911
7898170657109
7908458332960
7896658005893
7891224789825
637294800971
7896927456135
7898172862921
7896261405240
7896737021035
7892644921888
4894290673947
7898185411635
7891721202834
7898646542465
7898502516920
7891321062463
7899882313833
7896200716307
070330413986
4894095233537
7890282801227
7891224489893
7896862970031
7898157232787
7898582381975
7898623241046
7899911201896
7898521375713
7896000611659
7899911208772
7899852018782
11029922
7898258621176
7899014900290
7891158101342
7893249046754
7896548138281
7896359036844
7898970341680
7896004743424
7892509049016
7892692810561
7892840233440
7894222009469
7898157618994
4005808847013
7898225525858
9788543101637
7890557502507
7891253269879
4005900473868
7909510216419
7908209805057
7899753531670
7898596080604
7908077452896
7896150012818
7908422600989
7896067200032
7908077458997
7908209807211
7896744814507
3330000245475
7908277400352
7898503182759
17891321333164
7897520154114
7897076911551
7900083011838
7891033812837
7898138781648
7908040493109
7896331702965
7896014190713
7898403464290
7908353609655
7896679224150
7896033212038
7896013556466
6968332409301
7896033233057
7897595633217
7897424082124
7898521375164
7891027104610
7894916143790
7896000718044
7891356047794
7894916500197
7898157237065
7896699010122
7898522711466
7898506253715
7899105904350
7908077400118
79656000078
7896014125425
7896004727233
7891035990403
7898516920089
7908040492614
7908083528066
7908169031466
7898593053434
4005808806423
4894290631459
7896094901445
7891485390341
7894383280813
7891219024801
7896111988480
7899583200999
7899788410483
7896653705170
041333030111
7898538001575
7898970341703
7899207527693
7897517920043
7898322520589
7898932140443
7898623956759
656079622614
7895151559896
7891008121681
7898244720883
7897316801116
7899420501418
7897322714264
7898588113952
7898608953599
0000063219937
7896094201415
7896007547616
7892692815641
7896309200172
7898647490161
7896222716262
7897595900708
6934460664028
7896023704796
7891224701513
7909253140736
7891266690622
7891150079182
7891045043090
7800704202303
7896261002197
7894494567322
7898961836713
7898518430494
7908458329236
7899783601992
7898158694706
7897386771333
6934460664233
7896181908937
7896658007040
7892953001745
7896497504090
7896653709529
7891321036488
7891485423766
7894494192241
7908353601437
7895027511041
7896025527607
7898417963482
7899850367158
7891321062128
7891224108862
7894916146012
7896982900888
7898632474954
7898481400128
7898930576435
7896103460611
7896181900764
7899095200425
7891150026018
7896422516334
7898225524479
7891191001173
7896004731018
7896004753324
7899470807638
4008976681908
7898508121654
7899884201411
7898516929211
7899527137725
7891721002045
7898944500297
7899095201903
7899264344820
7896641816857
7896548199565
7894222010663
7898008550312
7898132981884
7908083526888
7891027031039
7898132982331
7891027070199
7897185959017
7891321103852
07896044900542
7891150063440
7898132847067
7898486476746
7899083119562
7702031515210
7891008209020
7891530290039
7509546671550
7896212422524
7898330228064
7899738900187
7896548198353
17896007553720
7897316805121
7909107339705
7896261000100
7898417962867
7898639380685
7899026475762
7899852020181
7891266524026
7896111978313
7897013538131
7898412977675
7899658428822
7899621105323
7896000625168
7501001165345
1234500053849
7896279128933
7898570560757
7891027060732
5435627464952
7896020610502
7898527126302
7891266684591
7893299904585
7898125110543
7898961836478
7908497414481
7892840820596
7896965211604
7898632473339
7896468378286
7896965249034
7896015591908
7891150058057
7896261005921
7896422514644
7898556755924
7894494575433
7896902285187
7895800400142
7898048003052
7898521371128
7898915934250
7893249748054
7899621104487
6942138913514
7798040461617
7894916147941
7898125112691
3326240036416
7896015519797
95030010
7909224285930
7899233348989
7891027146658
7896235353690
7898168006421
7896004709192
7891033072330
7896004773117
7898646542939
7899310502242
8710103942719
78907485
7898671424989
7899400522211
7891317127787
78910100557508
7898283854167
7899706126458
7908169030575
7896027200607
7896085813436
7500435017046
7899233739695
7898481401354
7890000229388
27084925180
630509618583
7898509233066
7509546701943
7891530302992
7897230302171
4005900075543
7897947601413
7702010130373
7898499242833
7891150008816
7899600502952
7899753542256
8710103942870
4905524659061
7898419161206
7900083019940
7891134009969
7896049509931
7897256219149
4902505482038
7898543380627
7896006298540
4005900942968
7891721238253
7891182033640
7841881033991
3298839037527
7896279126793
7891360458104
7894494000508
7897027272014
8435477904315
78929074
667524277679
6972858362002
7500435184632
7908458333424
7908671600822
17891200009104
7896094921047
7898623951716
7891313908250
7896014192922
7898927017590
7899640806980
7899753527994
7899475605321
7898664631783
7898302722095
7894494650550
7898518430258
7898927356811
7896112143659
7908040493390
7898126409240
7896306612848
6920897730542
7898416839924
7908785412250
7897101508367
7899753505312
4005900929686
7897322710020
7896111945575
7898587775441
7891279512218
7899455910834
7896075707219
7892840821166
7898588089455
7891027145767
7891485397036
7891040302437
7897322710457
7896771602801
7908324408690
7896132134125
7897571921840
7890265037070
7896342416189
7894494030024
7896033232197
7898620611873
7899083126621
7891058021917
7895099710953
7899529001413
7896671693824
6932159607240
7908083520039
7894916341288
7894494197208
7908239716798
7898179820900
7896000650092
7891150038448
7898125111731
7896554411590
7894222005461
7897476651149
070330514683
7896025506220
7892687812297
7898555802902
7891268109122
7897230303642
7892680323028
7898724572735
7898940448128
7896042044019
7845612611175
7896359038206
7898447976810
7898951747609
7896018703148
7896484101400
7898970341420
7897517910075
7898957474462
7908077453237
6930220558074
7899768823555
4893888186869
7896036542255
7900083002522
7893249927398
8230540250067
7894494692093
7891024123027
7891321330821
7898086992080
7891485400903
381519022784
7898502540192
7898566518830
7899264327212
713708700034
789801249137
7891530248528
7896261006447
7896451912923
7898506253609
7898639693402
7898078316757
7896952532538
7897889100838
7891058018627
7898048200024
7896112122630
7898936049049
7898417962102
7897042015979
7891000069639
7897322701653
7896000625199
7899753545424
630509287833
7896112413981
7891224789894
7898417965714
7898503183640
7908542612404
7891331850319
7899026415560
7908209810785
7891182032391
731509627824
7841764061103
7896001281721
7896006201687
7896255766074
7896714270197
7896733510991
7898078761595
7898505851080
7896004712420
7896965217057
7897982200480
7897517917388
7898615154620
7898903437022
630509758326
7899852024776
7898198172349
731509627862
7896658016431
7898490057634
6934460631105
7898911301124
7896111950890
7899753534602
7891155028277
7898958598037
7896637034005
7898212284690
7898481400098
7898994562528
7899640807109
7891799357412
7897517927004
7900083007411
7891033515172
7908040459136
7908458326273
7899026457546
7890265878734
7896013501244
7899620608985
79656549638
7898945453783
630509449101
7898707145017
7898225522932
7896033205306
7899751108973
7899753541464
7891045043472
7899706185240
025215492983
11025351
7908420111074
7896033261029
27084857962
7899852002941
7898360970650
7899701871230
7893299743436
7896111998014
072512009260
789600470881
7890265712519
7898646541543
7895800002957
6931759212748
7791293033198
7898483152582
7896001260733
7899026418875
7899014961314
7897237315709
7894222005485
7897517924850
7898320900314
7899653283624
7893249212760
7896112158363
7896000624666
7892953000106
7896108008979
7891401015174
8903908000368
7891360502012
7898566291474
27897027201230
7897476633091
7899700802068
17891321101381
67894222030120
7897042008339
7908458324385
7896033202640
1235665650004
7897832863902
7900083003468
7908209808621
7898486477538
7909690293774
4894290257284
7896226100302
7896641817625
7897517903084
7894222000374
7897731120069
7896965219532
7500435106685
7908038600014
7896852618073
0353885008211
7622210573315
7891224081806
7506195167298
7891232254902
7898520930609
7702018084821
7898458571431
7891035990151
4891861838064
7909224533550
7890265362158
7899850306706
27084551464
7891530588938
7899706188326
7896771600562
7899852001487
7891045039222
7898556754354
7702045539233
7898588080414
7898504382929
7501001303396
7896013502319
7896653710457
6985510019312
7500435000192
7898258622081
7898184464274
7896025533974
7896036547120
7891108030722
7897013526404
7894916507240
0070341339633
7899850310994
6991984000084
7898524348523
7897042019274
7908458321902
7891721000126
7896006201731
7891301508929
7897947601741
7896877601357
7908020501596
7898687732863
6941057456614
7891150017900
7898449081444
7896647023709
7897322700908
7899852003016
7896877602583
7896043320181
7891010878627
7891150067486
7899575901323
7898506256259
6925187875057
7500435116282
7896025527188
3330000556403
7898417965400
7896484102773
7896112189022
7896852619346
7898300572883
7896036520031
4005900669308
7908376800046
7898008550053
3282770205817
7896000628114
7908439805506
7702026149178
7899783601923
7898623954298
6920232057815
7898503182711
7898283855539
7899547532777
7896079811141
656079673524
7899364807881
7899547532890
7899262413573
5964825586062
6925187884202
7908083513659
7898915802375
7899420506888
7898976443050
714289112261
7891317031268
7896033201629
7908077447359
3331432600108
7896025514690
3330000244225
7896033293815
7896497502621
6952786802511
7509546687902
7898943586049
6952786802948
7897249572077
7898157619243
7899838874876
7896927443074
7891224496631
7898549754248
7896380606641
7891027061494
7899806972733
7909342598349
7896251802448
7896422512817
7899360200266
7891313612096
7898506254972
7890026039138
3330000228126
7892840814021
7896200716321
7908148524897
7899838816166
7908077452858
4894290255068
7896637025553
7909690513384
7891634017785
7896658023101
7898647928770
7896013544104
7896255762991
7896737007121
7894222008042
7896036564530
7898364585621
7896004723778
7899755642046
7909224551172
7908470603772
7622300990893
7891142140647
7891027275709
7891033478019
7891027306991
4902505511189
7896085862625
7899808871935
7896444614018
7896342449309
7894916145060
7898663740615
7896637022668
7898934593704
7897832836005
7896033205016
6925187872186
7896000711168
7899026483484
7899852020327
7895155397357
7908458316748
7896839928218
7891634038209
7896006235255
7898414852376
7896042078939
736532611215
7891266845930
7891158100246
7896326986523
7891183010022
7896036520147
7898595237719
7896000625175
7896014124299
7891395012173
7897572003972
7898074616042
39018687
4008500018071
7899768077637
7896006218517
7891027004347
7891182995405
7898125112950
7896006259305
7898588324822
7896007200375
7896317900200
7898944073272
4894290634856
7899095201330
7896647004548
7899852015668
7896006216001
7896359018611
6920897701047
7899658376192
7896094907713
7896009142475
7899026422353
7898413661436
7899852014746
6915202503171
7891182035682
7899264342710
7896000613295
7896448199801
7898509250650
7893249058931
7896013546115
7895027511027
7891530644948
7896025521292
650240017919
7896261013766
630509710645
7891027121204
7891150046344
7891321034064
7896013502166
7898447978104
7898525584463
7896112114574
7898432536821
7896422511056
7899621103954
7897779760104
7899207529796
7896000623669
7890541049568
7896523208824
0070942507240
7891027115999
7896004720678
7896033204828
7896422511865
7899583205383
7908542627750
7896212452521
7891360587378
6920232057693
7898212287028
7898566510544
6924466302482
7890026048031
7896647027998
7898501380751
7898581710424
7899755633396
7899852017945
7893249991115
8902220105577
7898949149439
7896230304062
7897517909055
7891058021894
7898903925031
7898911495564
3401360147508
17896007548511
7899547533248
7897386743330
7898503183565
7898945564106
6898446421084
7896114301088
7897270145196
7892509106061
7898589684475
7899783600025
7899653221695
4902505322723
7896007542093
6802975112221
6923001000074
7894222018935
7896737102567
7899547533118
7908470603390
7895800302552
7898955004500
17891321045968
7898681320967
7899753535395
9788577740192
7898417962263
737412900023
7896647028537
7898286540685
7898663741544
7898322521258
746775337568
7891356035449
7896006232711
7897930776067
7891150088504
7898225525339
7896000615763
7898623950894
7894222010359
7896025504578
7898646542205
7898670940046
7899850325363
8411061701058
7896181901259
7897517923525
7896206400453
7891027139223
7509546666990
7895500724241
7896572012946
7898618048780
3330000263851
7891301518027
7897832862479
7908040476843
7891058006327
7899852022680
7899026434929
7898198177122
7898927356835
7899455901481
7891000377567
7897013565502
7896509947297
7898449395008
7899616230443
7894650001820
7891142108722
7898588110678
7891224347803
7896033202787
7891321107898
7896964622470
7898546000386
7894222020334
7908609044278
7891025113096
7898039561493
7897185946017
7896036511787
6934460608152
7896063285163
7898699840846
7896235354550
7898502502497
7898506259069
7898927422400
7506195168028
7898906376656
8003670735328
7500435106818
7897517925819
7898286940867
7891040302383
7908470010396
7908609044285
9788536823263
731509974560
7891033937707
7908240885636
7900083007947
7899850334372
7897776008001
7898671421728
7896070600126
7896422500159
78924383
7891530431173
7898410311907
7894494192609
7898632474930
7898002432409
7899621105491
7908458336319
7898562359574
7898447978531
7891150066366
7908040435925
7891317014087
7891266774438
7896331701876
7898503183312
7898642531487
7891024027844
7896653709611
7897252260732
7898944075283
7896279111713
7898476328024
4894290256164
7891027132361
7896572034559
7908169007119
7896279109505
746775365912
7898411976327
7896042037325
7891027061517
7898542752661
7899755699071
7898417964298
7795323001072
7891224677542
6934460666541
7896653708294
7891279111114
7891317000233
7896013544920
7897185912012
7898417968821
7908346286504
7891010697266
7908458326174
7891530372308
7896916710330
7891155003762
7898588328691
7898610376928
7896647028315
7898687734485
7899621107938
7896235319658
7896004715278
7896026301374
7896033232418
7896094207349
7898948029015
7891027069759
7898472262759
7891182036573
7898101643065
7896033231671
7898503182056
7897256293927
7898032594078
6141620040725
7898696040355
7908040430746
7891040148912
7898179823086
7891224662951
7898265324305
7898610370391
7899264309461
7899753513126
7894494550683
7896111992944
7898405062227
7896269900341
7897807411992
7896714205748
7897237310285
4894290257727
7896509974903
7899621110273
8903855090467
7897517920050
7894900123562
7896603804298
7896004711539
7896572041922
7898613213558
7896000614230
7897655100178
7908077452124
7896647077252
7898579486492
7899091480906
7898639301413
7891317007232
7899852003863
7897731140159
7897775673019
7897230302034
7899808861776
7896525098775
4210201826613
7891485196844
7896572013080
7899527120093
7896000672582
7908040416726
7891182001045
7898741805717
7891317421991
7896609543801
7897011000258
7896647072677
7891317482473
7898342912647
7898040920012
7891401014740
8902220105904
7622210566362
7894494136023
7899753503172
7908420116888
7908209804906
7896222720764
7908458317929
7891321103227
7898946015164
7898671428994
7896181909279
7896094917996
7899026412149
6934460664059
7896647028001
7891485240554
7908785433743
7892509092234
7898964630776
7898312588735
7896007546077
7891485306076
7898497305035
7899207534998
7898447976766
7896082900054
7896000717351
7898928257087
7899788401818
7899083116356
7896380607334
7891224668298
7896331700268
7899652101141
7506195153857
7908083512607
7891224506590
7896183307011
79656008661
7899026426310
3352818516004
7897664168244
7898610372975
7894916144025
7891530606052
7896380604777
7891224986286
7898248392734
7896658022210
7898956544654
7897517907488
7896094921474
7899360202079
7896036576335
27084714371
7896183313982
7898647923218
7898524349438
7909342108227
7898664976365
4895138740302
7898322521289
887961266948
887961046243
7891321035474
3337875797580
7898555805590
7896025505629
7899069928317
3337875803786
7896647007495
7891027043582
7896185909084
7896112121114
7898473102580
027084861716
7891150003910
7894494113581
7898520937837
7891321230763
78929395
7897316800300
4893888173807
27908216131679
7898501194280
7891301602115
7898647922761
078257594313
7898422167974
7896965247542
7891266774407
7899753535913
7891530608339
7908136300182
7892840263645
7893299741982
7898661193154
7908414481534
7891224347865
7898148294596
7894222021645
2007403070874
7898211381604
7896800009885
7892509094160
7898927356750
7896637023627
27897027200721
7897042007240
4005900473806
7894494189050
7896422516822
7898078762400
7898503180120
7898671422145
7896004710457
7899527136254
7908077460037
7896049502604
7896522031195
7898647921795
7891033093991
7898966230820
7891360642701
7896009400162
7896181926603
7896523211619
041333431482
7898608951823
7908324403817
7898095297169
7896212421411
7891301260155
7896212423484
7897832860666
7897476664569
7899755645948
7891142145727
7908785482659
3499320009775
7891224707188
7899640804610
7898588328738
7896004721965
7896001250611
7896098809136
7896112403159
7896115704673
7896279100946
7898535968369
7898601577884
7896085812873
7899755657439
7891317197483
7898934966478
7909224551219
7898970341628
7896023713477
7908077448578
7897386781073
7896965253024
7898636190324
7896444609281
7896699007438
7896025531482
7891033913299
7898458704693
7898503189871
3330000244065
7898994049838
7899621101103
3282779138291
7898072201370
7896042080819
7891485452971
7891224592531
4015110007517
6932159607127
7898944109537
7894916147705
7898911494659
7891321035283
7896714224459
7898502516890
7898958598051
7891360613633
7899026424692
7899672915360
7896676438239
7891691007026
7896548112908
7899529001581
7899852014791
7891027230470
7899455903775
7501007498706
7896015521035
7898488471169
7891033925995
7899583200593
731509680508
7891485368173
7898126407802
7899264339550
7898481402719
7899596540051
7891150007482
7896261402591
7798140253358
7909438042701
7891224789870
7896000614599
7896523208084
7908040467803
7896852611937
7896033201155
7892607256422
7898225525117
7501007454863
4894290622938
7894916507462
7891301372650
7897144601858
7898555805606
7894222020952
7898495603799
7891266626089
7891027233990
7891033913022
7898589684345
7896191226557
7891350037142
7898662450362
6924466310302
7896342450367
7891027136239
7898078757628
7898623956193
7898947170473
7896025500297
7891317004866
7891360589341
7898369690078
7896181912743
8411061860564
7896658008726
6920218906519
9999999999990
7898965666651
7898518430500
7909224285626
7894916146777
7897230303215
7899753505350
7702045539110
7896672201271
7622300800062
7898741805243
7893249926162
7896094910003
7896852629086
714289139619
7897476675534
7896522021721
7897572007321
7896025514454
7908010134544
7898935840449
7898639794826
7591083017823
7896226102511
7898918067290
7899264359176
7908985800789
7909690386858
700512248890
7896000614667
7898024398790
7896181900191
7891301196515
7891150006829
7897322710761
7896200706940
7899495702154
7894222008417
7891485401313
7897299900264
7899055269264
7898522716928
7898405065075
7898655635486
7891183012774
7896400599854
7896061996368
070341336526
7897572005433
7898640228396
7896964616707
7899026420588
7896036527337
7909224441633
7880001164085
7898970341048
0043917996431
7891317043704
7896509955209
7897214700580
7899790250282
7899820807240
7892520234521
7892840824723
7908083520718
7896714262307
7898012491489
7622210528933
7898283852699
7908083510047
7908324406184
7898562356122
7898929260017
7896647009987
7896261017306
7622210574695
7892509053631
7896750403764
7897889102535
7898587762588
7896902211025
7501007454788
7891027140854
7891173024152
7896422524483
7896916721091
3454090003392
5854545133052
7898555800199
7898657691206
7897294400301
7891010031480
7891772150443
7898009440193
7896026303101
7897653539581
7898663741537
7898932488620
7891485308131
889296597131
7898525586696
7891010041410
7899655041727
7896114312978
7899755678373
7891027070564
7896108008887
7898549368162
7506295361367
7896013562689
6932159610097
7893454503714
7891224860951
3330000240265
7896548197370
7702010111839
7891485455767
7899706159357
7898395330160
7896191204579
7891033515059
7896331701982
7908040417457
7899852021386
7894916141024
7898358380638
7898468850878
7908216105812
7899864417078
7891182026918
4894290264831
7899207525408
7898664973357
7898608954176
7896007510979
7908040435918
7899492814768
7898524344907
7898906005051
7891040144242
7896007542987
7898504747377
7899820800142
7898488010757
7896033234023
7899348587587
7896292295438
7898078762073
7891800231083
7896042007380
7891232971724
7501001157647
7891182860079
7896004716213
7898608956842
7896075709008
7899911207577
7896798602655
7908077460945
7897386781172
7896205911004
7898158690517
7896230302051
7898933076598
9786555005905
6952786891140
7898652370885
4894290222572
7897731148001
7898312584904
7898588325683
7896480653965
7899264336337
7896422509251
7896004721125
4894290216540
7896063285149
6963462914190
7896181913771
7897129304873
7898931060513
7899850310390
630509712748
5702051101686
3337871323479
6931759216548
7891350043013
7896112101659
7896112117681
7896331701937
7896075701477
7899014900245
7896191277801
731509535860
3337872410697
7891024116395
7896472502158
7898185411642
7898610376850
11059851
67897731141127
6934460629454
3414206010423
4378568956494
7898905885906
887961465624
4894095147001
7891317036379
7898681351145
7899806203295
7894916501682
7898395331655
7897169205901
7898283853290
78980666992172
7899264328851
1016598298452
7891530401145
7896042066844
7897076911773
7896647005644
7909107353091
049932666236
7891027125356
7891530319556
7896852621691
7908040463904
7896026305228
7898698745401
7899527114634
7891033552962
7898947407203
7908458334575
7898002435868
7899751103046
7891027120344
4005500073727
7897027201670
7898521374761
7891027122911
7896658021008
7898369690757
7908040401012
7896770902070
7896094927841
7896279111355
7896326919811
7898447977688
7908240899213
7898519450286
7908148562592
7908083523108
7898650622238
7501001164669
7896502897292
7891530546730
7898647927629
7908040427678
7898303263849
7891027292485
7898562358737
7898582380756
7898405063590
7908040403702
7898417961495
7891301505850
3282770111682
7509546672304
630509557653
7891321220160
7898647928671
7891045011754
7897042008315
7897832814119
7898650621750
7899264377767
7898632470796
6930751346604
4902505322716
7896326966457
7896094903777
7898502537611
3330000245659
7897799823667
7898566292181
7899207550172
7898302722309
7899963915352
4894290282255
7897424080434
043917006970
7898417964076
7908324406160
3154148459248
7890000022095
7896777947470
7898417965530
7898132847326
7899527103881
7896658046728
7898248392703
7891024136454
7891033913312
7898171290046
7896004711959
7896004722115
7897249562733
7909438045368
17891321104023
7891350034653
7891485444211
7899753509440
7899790251128
845263012861
7897517910556
7898549358057
7898125711566
7896964624412
7896006238003
7896004705033
7891010884895
7896112141396
737412994015
7898453939304
7896000712820
7896326911549
7898258622623
7891321332146
7898312586755
7894916502757
7891266617803
7896261402836
4006381333795
7896964616035
7898258624610
7900083019377
7896033202978
6972858365249
7908209809635
7891224478170
7898157235238
7891058006440
7897779606105
7898100035465
7891045013611
7893353036498
7891313604695
7896132120081
7891027049881
7896020618195
7908083512225
7908209806184
7891361278206
8802946506309
6982002002012
7899026438484
353885003322
7896835235433
641412210504
7891321051061
7909883308780
7908209804890
7908228807230
7892840272647
7899008077106
7908512703552
7896472518838
7895800020531
7622300847838
6972038415849
7891060013030
7891155045632
5702051043375
7897256246831
7891317044725
7896042066189
7896685300602
7891321044292
6976583140706
3337872414084
7892597340903
7899026437746
7501001164676
7898946015171
7898647920880
7908671603755
7898417968876
7896839910244
7500435152006
7896000613158
7898248392741
7909253146950
746775194727
14503832
7891033939312
4549526607233
7891060018769
7899207583927
8903908000016
7891150035928
7897476679235
7898417966865
7891033937479
7896111997000
3154148363064
7898617524278
7899026462571
7895800308721
7899455905212
7898078319826
7898915764093
6982725516070
7899779010890
731509644241
7894916204705
7896342452309
7898506720484
7896000625786
7896042034409
7896111978146
7896422516303
7896036570036
7896509911847
7896438873827
7896004792316
7898200990114
7892509061940
7896000650108
7891027156756
7891426311091
7898664972237
7898447977749
7899014900344
7891010944636
7891142165770
7894222037950
7896013569756
7896165600215
7897517913380
7899806215557
7897144600264
7898040924188
7896036548707
7894916515979
7898610375990
7898664975610
7898932140641
7891150043251
7898639381057
3330000243907
7509546076485
7897849609104
7890904101483
7899083127307
7899850312066
7908458325733
7890026902173
7898588329148
7896111907375
7897237361294
7891182050081
9788506076897
7891360609179
7891360629634
7896098804933
7897947620223
7896212652075
7896014193516
8902220106307
7896111996843
7896422505307
12742023407
7898283854785
7908169045807
7899091421718
8888810000041
7898452508570
4006000104157
7896637032346
7899026456020
7891058002022
7896111994993
6925187868295
7896714260051
7899850334174
7896472512324
7500435017060
7898671425429
7897975015695
7898222819226
7899753513379
7897698252193
7896251802646
7897256253709
7891150029132
7891182840200
7891182870221
7896292263307
7897476631592
7898503180519
7899852022451
7891106006132
7899852024783
7891058001636
7898577232466
7899751100632
7891108031019
7898608951847
4005808691791
7899600503881
7899621107914
7899207517076
4894290631237
7898452508648
7899050539249
027084904574
7894222009483
7898369690771
7896181906438
7891027295653
7899110627138
7898157614316
7891224506132
7892840213244
7898279792077
7893353102513
7897517916657
7898496352030
7896065864908
7891027117221
7897322703794
7896004701271
645855026142
7891010814441
7891224834273
7898639791948
7899360218025
7896603806360
7898939560619
7898588112207
7898506728367
7908458321919
7896982901977
7897500532079
7891530557699
7899470808338
7896098805275
9788594727176
7892509059084
7898488010276
7891027294298
7896020160304
7898947407319
7896111903070
7622210573322
7896025530027
17896007552808
7898610370407
4005900493996
7897547706600
7898911494116
887961747270
7898925879305
7898671426013
7893454100364
7896112123095
7896852619018
8002135088955
7891321103616
7896422515078
7896547212111
7891224480357
7891027111502
7896658002229
7896843923681
7896094916616
7897386770626
7891150008960
7896641800030
7891321039182
7897832866613
7898707147905
7899026401518
7899701869992
7896852615652
7899527119165
7896004708492
7908458328949
3607342540149
7898703032649
7896004715919
9788576618867
7892840816803
7898650622023
6932159612732
6936876800557
7896004728261
7896000614575
7898502733648
6295125036513
7893299742576
7898302722224
7898901898177
7890395063543
7898662451161
7898958598761
4005900662972
7899083126478
7899432865829
7896852618004
7898595463064
7898955171646
5702051027566
7897876119973
7896253902108
5011402183296
7891800662146
7891485452407
7908040428743
7909438044552
012546001915
7898588325966
065541084179
7891321045015
7908609044933
7891058013158
7898212282436
7898903652166
7898631557160
7898126407598
7894916510493
7899304810971
7899360200235
7898216361090
7896094925564
7895858006020
884851017659
7894916500579
7897316802212
7898589684543
7896004781396
7896181916062
7898258628977
7898610375136
7896862910471
7898168001082
7897386781103
6924466325450
7899714001105
7899755673965
7891253207635
7896004704890
7891142112057
7891150080768
7898490059751
7898012492332
7899850326988
7891356007279
7898483150168
7896658028120
7898458573589
7898352912163
7898524349537
7896372500490
7891772144862
7898283855478
7896033202848
4894290267214
7890541759733
7891530267468
7896484130622
8011003612802
7898911576461
7898589684796
7896852627983
7891266769779
7899788408435
17891075030098
7899751103572
7899083119296
7898481400876
7896609544211
7898935462092
7908010139235
7898506250165
7890026900605
7896094211339
7896622300887
3154148322726
7896952577423
7897385788423
7899527126750
7890395117567
7899753533506
7909510216730
7896862960032
7898582683215
7893454212012
7896004726410
7501001170097
7896261004702
7899850323192
7896009174872
7894494151811
7898484079550
7908083525775
7897256219354
7898481400265
7892509068109
7896207373022
7896000627773
7898588086720
6920897712395
7898225522734
78923409
7891027951351
7891150006157
7896083400805
7896112127758
7897424080410
7896472502936
7891317009069
7909342539090
7896036522646
7908542612411
7897517906702
7899621102803
7891027342272
7891142144263
7898417961570
7900083002164
7899621107563
6972858360039
7899621100717
7896094901803
7891266717541
7898258624450
7898632810332
7896006228530
071603103009
7908040450829
7891800428919
7898078313879
7896025523685
7896639672120
7896025538351
7896006225010
7896444601711
7897076922953
7896009498480
7897832858816
7908209807891
7898915802214
7896251804251
7898168000481
7898927355920
7898422751722
7898671428772
7891017021644
7896448112534
7898185413776
7896800009779
7891040150014
7898903925697
7896025538306
7891058001322
7898533237733
7897517937959
6889297711042
7898925878773
7899026423909
7899670917434
7894970730417
7898008552170
7899640808168
7898012143050
7891027310189
7898405063620
7891027154165
7898516920096
3330000251087
7897840300734
7897476600604
7896647084908
7899264377736
7898184464182
67894222010252
7897464702815
7896460310215
7898300570483
7899095203853
714289143050
7897144600905
010343885295
7896000614513
7899852000091
7892840126810
7896044901488
7891027143947
7898506255320
7891485455040
7898901898658
4895138717816
7896004731575
7896679234180
8710103873112
7896033202466
7899788409241
7897042020683
7896061951343
7898608950024
7898631550918
7899621100663
7896000711670
7897013522574
7898646540744
7891027070373
7909438042695
7501009222729
7898472905205
7898970341352
7896548197158
7908209809772
7898075310383
7896025531567
7896033202473
7898664970950
7501007454740
7896743803205
7898024398837
0602883749399
7891024042069
7891360613435
7896191277849
7899700801016
7892840819743
7909224530573
7896004733104
7898948648537
7896603846250
7897877700125
7898506253753
7898587765756
7891155054023
7899264376814
7891360682011
7899701869923
9786556170978
7896464737995
6972858361319
70330129641
7896771600302
7891224829378
7891350034837
7890541013644
7891055696309
4005800061691
7896647078068
7898132982317
7899264342413
7896112156086
7896624203513
7898078318041
7899264350234
7892597899999
7899233770278
7898212280197
7890263210123
7898573293416
7899621100724
7899753534244
7908448003306
7908458325450
7896251802806
6932159608339
7896063200654
3282770144451
7898605222902
7893249301570
7896251803575
7890541342591
7896737013016
7894494188282
7896004713632
7898943566089
7898542759141
7896180300251
7897799808992
7892509055581
7898168001334
17891321064235
7896098804889
7899310589014
7896058591606
7897027272021
7899207534936
7898562614574
7891268119503
7896025503557
7899069903727
6941690722312
7896444604484
7890000077354
7896639601847
7897322707358
7899834291295
7908083522385
7891266576650
7898452172177
7898741530466
7895155808365
7898476329144
7898440876544
7898547026118
7896476200074
7891158100499
42277217
7896004753997
7898967919045
7909107333697
7891224478187
7897185957419
7899315534798
7891317459062
7897517902452
7896647009154
7894164003884
7891321333730
7896920301234
7896964615984
6934460634182
7891045040648
7895802057849
7898497305455
7896380604937
4525571223246
7899753527475
7896226109626
7891266698765
7899869202341
6941690722725
653569629122
7896326925577
7898942936036
7896033241250
7891360502036
7899026401799
7897143012099
00382903883332
7908376801531
7896004742120
67897256225807
7898947920030
7899572803095
7898751690006
7896359029488
4894095225969
746817584165
7896714201146
7896647047446
7897517908928
7893249084503
7896004720449
7896004781815
7898283853436
7890265792092
7898927562052
7899583200456
7898934595555
7898681320820
7897595620491
7896004713007
7898524349391
090159890980
7899600500613
7898101645199
7896181914099
7891058022792
7899653207538
7891360583424
7899850303569
7896200711630
7908038600441
7897476637310
7891024030134
7896451917843
7898927355647
4894290031471
7891027048587
7891027306120
7891485407094
7899753531489
7899871600609
7899026401812
7896331701968
7898009431290
7896212422562
7899527135288
7795646931001
6932159600869
078257584499
6934460661133
7896290402357
7896006210306
7898490160754
6934766408654
3282770391435
7896843914023
7898631554930
7898647922624
7899753513324
7893454106212
7898623954915
7899755657507
7896647002384
7895265921572
7896641802997
5702150154286
7896036546819
7898279794842
7898716456142
7891530588365
7899527108466
7896200706223
884851033239
7891183015256
7894970930008
7898615156266
3360372102359
7896033202145
7896331708257
7898301056962
7896036570326
7896075702023
7891150017337
7896279112734
7896472512409
7891530405587
7898132980641
049932653632
7898002434809
7896380605538
7898002434625
7896714231303
7898581711278
7893299741142
7899547501667
5702051048226
7908040403344
7899806971798
7891027308940
7897013536083
6952033002480
7896115702785
7891360653400
7896744847307
7899779008385
7908209809734
7909438047263
6934460656917
7908040459099
7898562355873
7891234522139
7896085868306
7899014918349
7506295362760
7896964617032
7898170655198
7896639655390
7899768070645
7890265653270
3330000257706
7891027133368
7891033476084
7898265324107
7898671426044
7899852000213
7702018053476
7898994979814
17891321332662
7891150091474
7899026424555
7891027305758
7891150029583
6939020440050
7891150055605
7899640806607
7898502514209
7891027351632
7909068999130
7891321044773
7891224875467
7896020160199
7898179821228
7500435177450
4971850094647
9788537627938
7896679234173
7896185932013
7908077460846
7896317911640
7892840814663
3154148340102
7896326999004
7898212285338
7908399124051
7896004731216
7899095258990
7896647044537
7891485380564
7891010804589
7896000674593
7899264309423
7898100369812
7895098726993
7896006297963
7896572039677
7891279236022
7900083019797
7899207584368
7899806218121
7908077452810
7896033204309
7896400505565
7896331704143
7896046703110
7899495702819
7908083519828
7893249030197
7897731100030
7898948209523
7899970400193
7898048211570
7896279114035
7896444604583
7897779611109
7896609546109
7896036571620
7898248392635
7908077403188
7892840818128
7896331700671
7898198175180
7899783601930
7898486475329
7899706152204
7898666421672
7908240850108
7896261000742
7898260783749
7898258620940
7891350042566
7898506455379
7894222029320
7898503180625
7896639602158
8791165301256
7891035012297
7899619913190
7899621105873
7896070601932
7898179822680
746775337704
7899026413665
7892509081771
7898126400087
7891000400210
7898951405776
7899850300445
7898503183916
7896111978061
7896033202053
7908077448684
7891010256722
7897476616797
7896557301874
7896639679174
7897779718105
4056800020768
7891024117880
7896033298711
7898650626908
7896839935117
7898632476699
7898945782661
7891035911736
7897054517188
7899527115570
7896025515956
7898765331230
7891224933167
7896213317997
7899690506687
7898496352108
7896522031171
7898300572012
7899852002958
7891027351465
7891150055698
7891033471676
7896033241083
7896241232309
7898502543780
7891485373559
7898422753474
7899676810807
7891321230442
7896111998656
7896422507172
7898741805229
7891313292809
0000030089372
7897042020201
7890704817713
7898292886210
7898506726523
7898508020469
7896015592721
7898944524781
7899753502540
7899753524184
7896311773282
7891027033699
7891027331351
7891317459048
7891321064276
7896444603326
6952786803501
7898258627796
7896004756417
7898639381262
7899640810345
7897851250295
7898650621446
7896641808715
7897254134987
7899360267078
7899783600575
7899753505138
5401178161206
7896806701073
7891027340834
7899838813653
7896658015786
7898158692139
7898610375129
7896902207271
7891530606304
7896025522510
7909224578193
7899820806960
7898265324596
7896004712666
7898014565133
7899095202733
7899264313550
7891027070106
7891485415679
7898403468397
7894383387277
7898168003086
3154144721103
7896181905806
7891530397011
7899871600197
7898588321975
7898970341512
7891360610328
7898671428956
7908077460822
7891106906036
7897027217275
7891485339401
7896603846106
7896523202860
7896714210070
7899083122098
7896326900475
7891177602004
7891024186121
7896229900947
3330000277933
7506339355154
7891027136925
7891027066536
7896181913214
886112711450
7898323547196
7899753524405
7896464733867
7899852001876
3616304474835
7893454714516
7909253154139
7891055108819
7891027291655
7891232032227
7896036540022
7891106907552
7896191261305
7896380605934
7896744812633
7899852024653
7896004712215
7795320000849
7896744817447
7899852001586
7892509107532
6931759212779
7898586630192
7897143013737
7898939183740
7894222009582
7909690293927
7899621103749
7896054019814
7898472890648
7896641801822
7898292886371
7896212469321
7896213305123
7897517932732
7896331701562
7891027152185
7896004718880
7898697100102
7896085872518
7622210839602
7896004733449
7896658036347
7899700801054
630509278237
7909438040899
7898647923980
7898503182063
7896770900083
7898632475388
7896261000094
7897779705105
7899105904893
7898994747550
4894290264862
887961046137
7898660596697
25215489921
7896181907336
7897840305937
7898562351721
721129054759
7896639602844
7896326926550
7897517910167
7896676410464
7896554410654
7896509955384
7898265325197
7897982204778
7898956625186
7892509078061
7899575900302
7896013522577
7898520937806
7890541043863
7897256241607
7897027218258
6147620040727
7891027105501
7908542612381
7908209808140
7893353104722
7897517926830
884851028983
7893249990996
7908470601808
7896110008653
7896036575239
7899779009863
0667526907826
7897027218296
7891313610009
7908209804913
7896400504704
7899753504636
9788533930827
7891010256753
7896965253604
7897424000302
7896112119845
7897930761377
7898915801927
090159361442
7899205916680
7894916505437
7896183313975
7894494464133
7909224916292
6934460631402
7896658002397
7897076907431
7898970341079
78959850340830
7896111992272
637293310419
7896004730110
7897252260473
7892840824891
7897698236872
7898610375259
7897386752844
7896115700347
7899360218728
7896497501501
7897144600257
7894916513180
7898108640111
17896007548405
7898078317907
7897252265706
78930476
7500435190510
7898417966841
7891350037050
7892840825065
7898126404962
7898350882857
7896423465655
7897832859721
7896965246804
7897920706715
8712581514884
7891485460969
7891010704230
746775300005
7898582380329
7898503182230
7898964630288
7898237855462
7891317461430
7890541106742
7891150060883
7898549360258
7891060867688
7891033474028
7501007454917
7898650626892
7896640479466
7898741530336
6925187882413
7898662451475
7891060958003
3337872411021
7897731140906
7891321043868
7897920700072
7891150007345
7891321098264
7896036521144
7899527143528
7908209802346
7500435169387
7899753542249
7897299902565
7506195172322
7897424081417
7898664973371
7898417961099
7896033297516
7891150030732
7898961050881
7897185934854
6976150500223
7899864422454
7899529001055
7898646549990
7892509071390
7899506132932
7891150015166
7899474209841
7896292298231
7896025519053
7891033925520
7899583201040
7891350031621
7908038604517
7896464706465
7891104191090
7908040410182
7897780208534
7890541728777
9876543210
7891360572381
7896024412713
7898918067283
7899264302776
7896006290599
0027084993967
7899641918118
7908439801058
6931759211758
7896112148852
7899755605416
7908448005072
7891360650874
7896137650736
09015931094557
7891350045000
7894222000626
7898562354807
7898970254126
7899882305708
7896067240816
7898538006693
12345600
7891224148202
7899911207546
6920897737534
7894494667008
7893249023885
7899808871850
7896331706581
731509996371
746775080037
7896422546751
7909875069231
7899050514062
841850011323
7506195172544
7890310121204
7891150001800
7896111950975
7896658002366
7897237394506
7897835700112
7908083527007
7899527125616
7898556756303
7897158701582
7891150094338
7898008554099
7908077468217
7897280304958
7898639381477
4894095137897
7899755654940
7894494752810
7897386780717
731509990188
7896033283816
6965240374240
7892828001078
7897076911148
7896292295711
7891395008893
7898212281576
7899753554174
7896714210049
7891040155934
7898994049920
7896902286856
6934460635165
7896240201269
7898608951717
7892840825003
7891033718641
7898270040597
7908422601177
8902220106987
6936521500177
7898502544367
4894290620798
6934460629331
7898562615359
7899207510039
17891321230449
7891112191280
6941690722688
7908038605064
4005808257591
7898915801637
6920897616754
7891317431402
7898562614697
7896965215305
7894164005369
7899026492547
6925187868301
6901016785056
7891106911887
7891153088518
7898132987664
7894916500395
887961323580
7896980400069
7908209804432
7891321333709
7898636190751
7841881034042
7898567795261
7896083400102
7448070230805
7896572039622
7898417963055
7898560610448
7898966463280
7899233776348
7895800002964
7896094906761
7896292293311
7898524348905
7899095200524
7896852615751
630509651887
7898300573101
7896111973769
7899466415328
7896509911809
7908209801424
7896036570319
7898552003111
6934460661188
7896714200217
7893249167121
7898417965417
7898007750034
8710103867654
7896852618097
630509612512
11034476
7898417965271
5702051010650
7899026417301
7908040417396
7896033241212
7891321035955
7898933214099
7908077434601
7899820808155
7897595617507
609963963362
7896180300541
7899850330015
7908083513550
7896885206056
4564778477120
7891150018877
7891024113806
7896637032353
49932653489
6851129512592
7891010590253
7897571977090
7898132989668
7898567791041
3282770202854
7891017012932
7896094902268
7899768068277
7909883125042
7891234515391
7896671601058
7895858015176
7897230300016
7896094201439
7897027204183
7899640808779
17896007549259
7898566518991
7891360662600
7894222002903
7896025541122
7898623244474
7891024034910
7898170658540
7894222041469
7896006205647
7896025510715
7908169010713
7893249866307
7899360264022
7895265212465
7896523206134
7899310590553
7891313603926
7898132987695
8712581548391
7898296950061
7896788040030
6952033002138
7898222831754
7897572001411
894494624971
7896001281905
7896132135450
7899898402521
7898523202000
7506195126936
7892840824716
7894916507066
7897424089994
7898944749672
7908228805014
7897848720862
7898944524118
7896965247504
7896029603864
7897517932084
00194735024469
7898588325409
7891360599340
7896422508094
7702045538564
7898212286656
7898925180289
7898105010610
7908038600755
7898417962379
6941690722664
7891317038977
7891010873288
7891266149526
7897848720817
7898300571718
7898225524653
7898943596864
7896033207300
7897256262084
7898481401125
27084993028
7896004732657
7891182018944
7898639307163
7896331701081
7891334108011
7896111992296
7898945458757
070330433137
630509390809
7506195132050
7891058011352
7896013508854
7896033231404
7898014560060
7898610373415
7898698743384
7896111956779
7898647923072
7898940257492
3126170094544
7898965666989
731509993332
7908083529643
7898078317181
7891182996556
9788538083108
7908169004989
7896033212809
7896181900443
7896444609472
8023277109421
7891106912716
746775337544
3326240040017
731509644234
7896075701460
7908512703002
7891027319892
7898279798307
7891150044647
7501065922748
7899852020112
7891150017351
7898617523196
9788538082163
7898005716926
7898405068137
7891182016445
7896771609138
7899783602395
7898947388878
7898636290901
7897476611495
7896036542125
7896112173403
7897779808103
8411061781197
7891528039947
7898538007997
27908470032972
7898589684567
7891360646808
7896025524583
7891485383374
7896964616134
7896020610038
7898608955777
8888810000023
7891182015127
7897517902490
7890265811649
7891224865802
7896006204657
7898490164288
7896010173116
7896025511941
7897252267205
7891045014458
7898126402241
7896094208346
7897705203590
7898567796916
7896181914419
7891104496034
7896472500055
7898183794242
7899852000152
7908615082462
7958012223081
7891027130411
7899105904466
650240017858
7891027291839
7898970341345
6932159610561
7891058013196
7891150037601
7899755631033
7896027524048
6898446429219
7896279109949
7896112169901
7898312576701
7908083522651
7897230304946
8806199476204
5010994812836
7896137111480
7898919089123
7891150018884
7896644701990
7897230303598
7898947386355
6438158280441
7896111954652
7897917001335
7622300852887
7896448111841
7909883096472
7898352912118
4902505481819
7898171782152
5702051017277
7891530319549
0041333038216
7891395012135
7900083012439
7898566782521
7898639383303
7896097607221
7897316801857
7899753550053
8710103873082
7890541063595
6438158343924
7896042038391
7898652371790
7891317427344
7891040102983
7791293035000
7896000610201
7891301506239
7891317007836
7891182996570
7897027218289
7898474844748
7899091410507
7899620605336
7899207518394
7894916143127
7908458320400
7894494000607
7896658008467
7899852002606
7894916503396
7898588089370
7896181907343
7896964617520
7896042069777
7896647077856
7891027129736
6920170422232
7908882200378
4894290629142
6920232057648
7890395142088
7896111945285
7896112486916
6973094271394
7894916512770
7896331704235
7909107352490
6932159610905
7622210862679
301320020106
7891301602160
7891321036464
7895098728218
6934460652872
7896042040455
7891182024006
7892840823375
7896004729619
7896181921653
7894916141529
7896013572664
11009573
7896679233169
7896004708867
7891176117158
7896212450305
7899207527761
7908084700645
7898770683249
7899600907726
7896000625236
7896014183074
7909224502853
9788538079859
3282770205800
7890541106759
7898623956919
7896112401810
7896083410415
7896213313746
7898589684628
7899097920321
7896647025123
7890541106575
7893249155067
7898542860106
6931759231077
6934460665964
7891027157814
7896464705673
7898945782708
7896000717412
7891182032964
630509320301
7908448004891
7898596080574
7896444602718
7891530655708
7896714203096
7898447977664
7896075707264
7896609544440
7891150018723
7897144600752
7898168011920
7899205946915
7891266774230
7899790253771
7899820813012
7898198178006
7908038604449
7896647030042
9788594722379
7899573630423
7891177081045
7892509056960
656079407693
7898424968906
7896025540309
7891027121143
7896902287518
7898636193509
7501006718065
7899706198356
7896737100006
7908209810563
7896111996836
7896230300736
7899014900320
7908209807334
656079622621
7896036548714
7896241256077
7898920500372
7891350039955
7897698236490
8901030203237
7896014187300
7894222030845
7899806908534
7899820800296
7896036521120
7896013544203
7897476643649
7896964614680
4894290287496
7898410313789
7898935271205
6953365383452
7891150018860
7892940000027
7891155075196
7898300579110
731509992663
7891530659157
7894494618185
7898943477361
7898952577885
7898947407197
17891321107536
7898944073401
7898138781372
7899852002972
7898631550437
610059940341
7896573380211
7899852013954
7896448110912
7898610370698
7896112142126
7898534538099
7908459348274
27908470002395
7891010875640
7891266058057
7897476654157
7896115704444
887961051711
7899527134243
630509324972
7890541013538
7891150054202
7897947605640
7908458333226
17891321331252
7891027149864
7896112199335
7896422505215
7891142142351
7899207513108
6952786805369
7899788406721
7891027148331
7896380605958
7898497309156
7896111945896
7896261014800
7891485382186
7896464707325
7896982901229
7898032594047
7891800649314
7899264342390
7897832888974
7891112156906
7898078316795
7909883191535
7891317452964
7891721202988
7898078317228
7898216367993
7896085833243
7898623240827
7899429108588
7898157492501
7899753552392
7908083513413
070330363717
7894916340946
7898265261051
7909107373181
7898078761670
7898936049018
7896658024351
7899527101207
7891194000029
7898906376670
7896025538481
7898663111682
17891321100469
7897655400162
7898930508580
7891653014178
7896111959190
7898490059539
7891266684614
7896468310040
7899069917311
7898283812365
7898671420035
7898664976716
7896771604003
7908346281271
7899790927894
7891313612461
3507460007022
650240012952
7894916515825
4005900359131
7891321067772
7898490160839
7899413119958
7897386792055
6924466308835
7896132131681
7909690369035
4005900707550
7891224655618
840646000305
7795323000587
7898497307671
7899640425884
7899753509655
7909690386834
6924466302475
6920388602587
7898126403453
7898283859056
7909342452009
7891150040694
7896000628046
7896112116653
7898497307480
6941690702956
7896007541058
7898521371159
7891106001847
7896647010372
7899583205857
7891485348786
7896063200715
7896000613318
7896018700604
4005900262776
7898422742676
7896226101231
7898476321476
7891360447870
7891301319488
7895155384418
7899621104494
7891150043275
7892509103299
7898570573702
7892509081627
37898452173281
7896000706867
7896004718873
3331430875010
7898925504221
7896115700477
7900083016611
7891027911188
7898225524271
4894290679130
7896230301856
7892840824051
7899264310658
7898504386071
731509993318
7891027147440
7896007542413
7896094200968
7896014149117
7896004731223
7891301510830
4894290203045
7896065861594
7899455903324
8718483100392
5010994800178
7898078761618
7896779630622
7896609546253
7896641815843
7898947388410
8411061698594
070330521872
6932159608575
7899753536507
7899572802784
7891191002262
17896061995924
7891045014366
7908458332595
7909438045382
7898312570785
789611240684
7897572001589
7896653702490
12742701282
7898633985077
7896448152806
7896422506274
7891485429287
7899755649908
025215492976
7891024030981
7895155604981
9786556170954
17896004006274
6934460664042
7896181903512
6979452320155
7891150063457
5702051101631
7892840824938
7898100265732
7891301191190
7898078319635
0618341019256
7896181914518
7891010501211
7897731140005
7899850307284
7908458336029
7898944500488
7896676411676
7896964619562
7899652100762
7896317901122
7899753537498
7896212416615
7897705202364
7892702711581
7896902208506
7891150060159
6941690712894
7908077400125
7891033925612
7898506455393
7891266542051
7896261011601
7896326911990
7898549361613
7897256220879
7897731122155
7891317021269
7899310586082
7908083526949
7896194400022
7894916510202
7898671425351
7896061996375
7896422507240
7890086852838
7891350000078
7898225526541
7908209809550
088300162543
7898012492028
27084761122
7897230302669
7897779735102
7891051008571
7891321035306
7896046701000
7896525096733
7899806211467
7898283851784
4005900854353
7891024135327
7898567791911
7899706110402
7897571921123
7897144907400
7898300571787
7891150055629
7896206403393
7891321103494
7896779616329
7899753527727
7899706118088
17896004011445
7896603850059
7893353611329
7897316801178
7891150091467
7898447977541
7898926483211
7896036548318
7891266541757
7908077454258
7891142202055
7896094906600
7898449394384
7896331706833
7898503180489
7898608954183
7908077452889
7702045538502
7898578150851
5702191013740
7898481400425
7908240501192
7898650623808
7899619920341
7908209809437
7899026442320
7898005716841
7894494113970
7899663514008
7899207534455
7896750403276
7896523202884
7896737014051
7897476600680
7899753549392
7898405063712
7892840819736
7896290402395
7894298040502
7500435004534
7898556756730
7896112151142
7894916340328
7908458306602
630509237012
7891060950120
7895858017309
7896094901452
7896658035388
7896004709680
7898419160285
7898588086607
7898970856320
7908040449731
7896641804120
7894222033495
5702051040749
7891224640560
7891158106453
7891317010164
4005808213474
7501007483368
7898002433710
7501006707687
7891027131135
7891177605005
7896033221245
7899360214522
7891027282554
7896006222668
7896094921481
7891317033170
7891321230299
7894383028088
7896012800713
7892509085410
7898447978692
7898650623891
7891010041434
7891485227852
7501001169121
7896042037134
7896902218727
7898662435093
0537298001568
043917003511
7896004701462
7898932140948
7899663514350
7891106904919
7897779709400
9788538093466
353885000772
7899852000022
7896479930862
7909438009278
4006381492386
7897018800127
7898481400135
7896013572633
7896006202073
7908083518531
7890688158246
7898502519877
7896054024191
7898671425528
7891268101058
7894164009800
7896111907252
7891010504106
7899655033883
7899264336368
7898671428925
3330000255252
37895800400211
7896342400904
7899753553788
746775337513
27084950977
7898911495441
7898170656058
7899753536736
7896525096528
7892509068383
7896004715742
7898119103605
7891530331855
7893595779672
7895265739443
7898074616714
7908010134872
7898911494444
7891150055704
7891224598205
7897975037017
7506309840000
7894222037851
4006381566018
11089346
7896033202879
7896342911110
7891360659365
7899411570003
7898312947761
3330000244003
7898225522390
7891033568154
7898610374191
7896444606211
9788573981308
7897256230014
7898925522935
7896042082745
7896676432602
7898920399112
7899095235717
7898696040461
6952786806588
3282770101386
7899583206021
7896647004319
7898562359314
7899852017884
7899788401269
7891153003733
7891530275449
7891035622205
7894494592416
7896033204972
7900083019360
7898925880530
7898588080902
7897832832533
7898449393547
7500435205238
7891150041837
7899026401648
7898430194016
7898211383288
7899264365634
78919464
7898589684277
7896094201422
7896326986530
7897386798231
7897595606631
7891027310233
726669007371
5702051036063
7898714763945
7894222040127
7896004769622
7891224956807
7896025512306
7896026302814
7909438011493
7896639679105
7891024136591
7896444211118
7897832865371
7891150021877
7899207512361
7898951285583
7899869200941
0070330175754
4007817104620
7897230302614
78997357101459
7899360214928
7898132982300
7898172345325
7891112098725
7896102200331
7891301371530
7891182019156
7898606742850
7896004701059
7804320116846
7898566825143
7898474844823
3282770388510
7908040450942
8997011582019
7891055140604
7891027304928
7892509201049
3454090003583
7891356046667
7897237345744
7898660592774
7896422504355
7896023743085
381519022722
7891150060180
7899640805013
7898486477071
78914971
7891024135730
656079419313
7891772150450
7898632475159
7896342449347
7896004710884
7891313147550
7897101503812
7897900315067
6973094271424
7898521375201
7891224983995
7897595903273
7896683200911
7890541225825
7898924027509
7898608958396
7891150009028
7896927453547
7898126406287
6925187872223
7899852015064
7891150017375
7891150046740
7899753558783
7899753551579
7898945746571
7893249058887
7896181925170
7896033205115
3337875414111
7899304806615
7898447978487
6260412558726
7899852014425
7896286615242
7898148298587
650240018640
7896004714912
6941690723180
7891058020576
7898623951952
7894222009476
7898741803027
7908083527953
7896799980967
3504105033514
7898610370636
7897473205253
630509677757
7891224983803
7898126407567
7898412973066
7898920041257
7506195167304
7896235355038
7899264399776
7898360927340
7898605330058
7891721044205
7897322706054
7896226500638
7898955019344
7891530274572
7893299530142
7896279100816
7908010113792
7908038604470
7908209805460
7898589684840
7896311707898
3086123263970
7891150083073
7891182039765
7898312566665
7891104196651
7896326963166
7898211383295
25215721113
7898428606071
7891800664997
7896699011686
7898440874625
7898566290378
5427952646011
6920218901002
7891331009977
7908083522712
7891301515163
4894095143522
7908040493116
7908458313112
4894290254306
7891721202735
7896226100531
7896007200405
4250366819112
77941824
7891027309671
7896033204286
7891224705764
7897779826107
7898610372357
7896020618218
4005808555383
7897779819109
7898416830082
7899850334815
7896108569654
7894222029634
7890541656728
7896512911971
7895296105040
7896025523722
7891024171400
7898132987183
7891033923656
7896042082073
7899205929048
7899506132956
7896015516031
7896000614742
7908209810624
7908542617584
7909438070780
7895155228750
7894222040783
7896647075357
7896422504133
2010060100105
7899572810840
4260747723266
7891137000062
7908040458924
7898412972991
6941690707685
7891321230190
7891301115172
7896548140994
7899360217523
7908083512720
7894916140492
7896033203173
746775371531
7503002941461
7899264363753
27084951066
7897027201229
7896641808647
7891040148868
7898095757427
7899768064729
7896025527300
746775143497
70330703469
7891266542082
7894222009421
7899850340557
7898603990254
7908040467940
7896380606887
7898312775456
7909224546987
7891530574900
7899706111829
7896658013331
7899547527728
7891027152277
7898947388076
7898312588797
7896818211348
7897517917470
5456212154942
7622300846978
7908148561489
7898662450225
7891027110666
7897076915474
7891033517855
7898567797265
7894494585869
7896292255258
7898662450379
7899026449947
650240012723
7894222033297
7898566510155
7908040487344
7892840820015
7892509061865
7898906450981
7896026301510
7891530556043
7899790211993
7896326934326
7898646541345
7898639381248
7891024180211
47400026919
7897807410742
7899207529734
7898947789877
7899852026510
7896222718297
887961829433
887961102789
7899852024028
7908010114287
7908083524495
7896342909988
7795323002734
7891224671465
7898516928122
7896679226871
7891721031335
7891106000918
7702045538892
7896006254799
7898717925470
7899820800227
27084958973
7896000712974
7896110700045
7899420507076
7899600907443
7898588327489
7899026476172
7892940000171
7898915934694
7896927469043
7893522203270
7909690297314
7896658018732
7897698210728
7891224959426
7897930760387
7898549372572
4894290285270
7899751107464
7899852021553
7896200706278
7896090700455
7897595633309
7891317000714
7896380605705
7896023737466
7896658029608
7899753527390
7898562352056
7896010175639
9788573383508
7702018348077
6923450507018
7896279113410
7896000613370
7896380606214
731509547108
7891721028458
7891360436546
7896359035335
7898420971672
6941690723098
7898007677300
7898222831761
7891024136096
731509974683
7896042024134
7897512900521
7897517925086
7908040420365
070330420250
7891150044357
7891485383435
7899337000059
7891360629757
9788555501951
7897476675817
4006000109190
7896647028513
7897780200286
7896004733302
7898631551465
7890541555618
7908759405158
7891137003414
7898946332292
7896025519107
7896207373473
7899613307094
7898481400210
7898623241763
7896422511902
010343922969
746775138196
7898943477088
7899264326840
7908346900141
7896744811704
7897517931087
7891150044180
7898158692801
7891027139124
7896044999546
7891691396519
7897776751020
7898613211080
7896036516676
7891017858431
7898533224757
7899264320596
7891360653714
7896132130141
7898913264991
7896647075333
6980268615069
7896679226758
7897771307109
6973094271363
7896771600357
7899850332842
7896964623910
7896033233750
7896777912027
7899755609384
7899783600292
7896261002685
7898562614116
7898915802078
7896111955192
7891027116729
7896033201193
7896609550410
7898930576558
7896230300705
7896036560327
7891279986019
7891321043387
7899360219305
6891990812056
7892576870230
7376847402592
8411061636275
7898300574931
7898125113650
3154140407018
7896714210025
7898301050540
7896575102439
7897571925466
7909438032030
7891313317205
7895296279017
7896509955728
7897771307314
7899026445499
7506295393351
7898915802429
7891360626534
7891158103070
7896283007217
7622210570109
9786556581132
7896014183142
17896309204429
7891182019880
7891106906005
7898533234725
4512916507048
7891000312919
4895138724579
7898040328375
6913286063703
7891033303021
7896251801861
630941653142
3330000255245
7898936257321
7896292210509
714289112230
7896647090008
4719916592467
731509990355
7891055685228
7896699009058
4006381493420
7891010694586
7896042026107
7896964621954
7897411610101
7891150066342
7896012800829
4897019237147
7894222010908
7898417963406
7898958598839
7896927468435
7509546665078
7897256219101
7898924027516
7899753557601
7894222037868
7896094200234
7898212286533
7898126406270
7898449394346
7896085813443
7898302727830
7891321320112
7896771601071
7896279102490
7896004734132
5702051010520
7897211100482
7896015556808
7896033231848
7898944073586
7908209809987
7897316801734
7897947603950
7899026419186
7894916144537
7896111945889
7896235319634
7896000611253
7898490059720
7898945782678
7908470009291
7898422166212
7898741951520
7899753543888
7896102200010
7896852627327
7896877603078
7899547550689
7899475601507
7908209807006
6934460608121
7896036564615
7891158106446
7891224260867
7897316806159
7897386764380
7898521371753
7899808802328
7896497503956
7897230304588
7896714211978
7898126407581
7891060018165
7896279109864
7896033241779
731509627886
7898938670197
7896251800239
12742012562
7898451136071
8429420222199
7896015516697
7891224865857
7891253208229
7898519450279
7891150011939
7894916512787
7896023747151
7898095343767
7898660590435
7891360308188
17896964622156
7893249155203
5016003182501
7891485441319
7908312127183
7896013553359
7896806701042
7896020633556
7908010133516
4893881172821
7898549750080
070330802100
7896033241267
3760080930174
7898126400278
7894383441849
7895144298443
3331432800102
7898301050496
7896014191239
7899527138524
7896036511596
656079419351
7896000672575
6952786896015
7896326912249
7894222037035
7895800811115
7896000650283
7890541017888
7898556757157
7908209802544
7896026300179
7896647063460
7897252291101
7899869201221
7899484800205
7899206418497
7908077446758
7898588325201
7898321600077
7896054719233
7896111952153
7896251803087
7893526071707
7897254130514
7897464703102
7898416830570
7899613360068
7908209800021
7896714266558
7908040487351
7898300571213
7893249167237
4894290626394
7896492200010
7896497501440
4894095225242
7898919603138
7898533227093
7899264353433
7501007455150
7898588089448
7909438028705
7896186002296
7898663740806
7898495609326
7894916140812
7891224517084
7898413012740
7896018703124
7501009224082
7896025506749
7896658004018
7899850306232
7501007455020
7891158042430
7898172860224
7891153099835
7891010510985
7899083119319
7893249174099
7891317436346
7891106000987
7896000660695
7896658007941
7891350042214
7898957474745
7896016104961
7892840824815
7897595620705
6934460612135
3330000243136
7898658622605
7899852017211
7898101640125
7891485406066
7899429110031
7898074618305
7898012490895
7898289786394
7898666420446
7891317008567
7899588009429
9788536802107
7896422501330
7506339397765
7897572000896
7899360260789
7896916721114
7896422505727
7898225526138
7898967919021
7908209809611
070330423473
7896094981126
7891317022839
7894494513398
7897595635525
7898675504069
7896472504350
7898158694188
4005900137302
7896444607171
7898582380763
4894290626288
7898664976815
7899820813388
7896213320171
7896070600669
731509724059
7896020160366
7896714225562
7897027214359
7908346900714
7898525587525
7899806213812
7908346900684
7898237851631
7897473201798
7896111953617
7898543380610
7897411603097
7891313208251
0609963126521
7891317042004
7896509955315
7898447978227
7898671424002
7899455910100
4007817334331
4015630019861
7896094929593
7908458322046
7896036576717
7896211816331
7891321051504
7896033261470
7898587778565
6976337631146
9788537629475
7898915801149
70330423213
7908439805513
7898610370094
7898925522218
7896112143369
7896004818566
7898521375430
7897517920739
0027084911701
7896025529656
7897027204497
7898503180144
7899364806730
7891010245436
7899779007180
7908083520664
7898504391280
7890541063601
7899095239227
4006381401104
746775080273
7897900316217
7897042019335
7898039565460
7899783600582
735201084046
7899095239555
7899975286419
78960012507725
7891033534289
7894494583698
7896641804458
7908077448691
7908882203843
7899026404557
7892509077088
7898636171101
7898452499793
7897186005539
7897517937942
7898646543011
7899264350210
7891027873240
7891027152062
7891150019072
7896422512961
7899495702840
7891150007680
7899852000800
7898312579429
7896033201421
7896111955154
7891334510852
7908542612503
7899788409388
7908458322367
7896211820741
6901016785155
7909883487140
7891058030124
7897517920760
7898300572210
2008061400126
4894095170573
7898212287417
7896036560426
7891266733428
7896637030861
5010994879181
7899790923285
078257559510
7898599212712
7896965211802
7896380606917
7897517905521
7894916143042
7896226102504
7898497300641
7898595270426
7891224598106
3701129810767
7506295316541
7896025512016
7896799980721
7897731160157
7908040420594
7896004704562
7896014184323
7899790910803
7898460973001
7896497503222
7891010566807
7896004743745
7893556707171
7896647077986
7891150018945
7894222008066
7898330220938
8791165302758
8710103726883
6920218903297
7898312889801
7908040463218
7891153104799
7897917005982
7898516920102
7898671422107
7891027146733
7899095250949
7899783600414
7891027098841
7899871600241
7898588089028
7894164000579
3282779224123
7908077449353
7891010044985
7898039566504
7896015560027
7899347604605
7891224109258
7891485386801
7896033201360
7891182018975
7898662436724
7898417965592
4712780809228
7898119103933
6924466309252
7891142144386
7898610370537
027084257373
7898009430149
7899753527789
7896036527528
7702018013180
7898939752106
6941690722442
7894494688201
7897185957426
7898571141498
7896085868078
7896094917491
7898430193989
6911297957707
7896679224402
7896114312770
7898623241664
4894290226013
7891224983858
7896004818856
6920218907653
7898021632408
885631033593
7899783600100
7891150070851
7896111956199
7898270040207
7908077432188
7890732316493
7899304810926
7896422513951
7896211817987
7891360544258
6920218907226
4711161960077
7898417963017
7896004732855
7897386778103
7899621102452
7891027282431
7908040467735
7891027039967
6941690706534
7891350032154
6932159606793
7891485414122
7896010171310
7891058022495
7897595900623
7893249149547
7898466750996
7898212288513
7898927422523
7899121830688
7896014183746
7896444601735
7899753541549
7891010245146
7908458305360
7898503185231
7501007454962
7894494550652
7896033211659
7791293026923
7898078311318
731509973181
7898258624344
7895500744270
7898741530398
7891253208663
7891317001803
7898949256090
7898079000358
7900083001945
7898503180304
7899364805405
7896075709992
7891317003647
7898158692795
7898302727083
7894494189036
7909690795117
090159319993
7898490167708
7896111996751
7897386787952
7898970341642
27898944524389
7891183030693
7891473014730
7891027142957
7898502519891
7897595636539
7896094901438
7893454100654
7898994000099
8710103838524
7899621105477
7896033261463
7898639380203
7896641805776
7898966463891
7898641077023
7899753533858
7898562351424
7891530655807
7898951747616
7899790903362
7891137003421
7896251802639
731509995930
7896230300248
602883022836
7898926483105
7896342450428
7891360320227
7897517909635
360509562411
7908083522224
7898144120370
7908458332731
7896025523708
7892509107556
7896422501453
7896965211529
7898549361934
7898132847005
7891106907484
7908695501761
7896183305796
7897230304113
4902506042309
7899420502811
7891150038400
7898566519752
7896744849608
7898212280982
7892840823481
7891279508044
887961620856
7891313608822
7896004715193
7898476328710
7908040481472
7898650623587
7896207371882
7896229960149
7890732080639
7897027293903
7899640806430
5702051040992
7898504747544
7898149186050
7909438033730
7899820813234
7897775676027
7896663335961
070330423282
7896006201458
7898416839856
7898663741391
7898636190713
7891137004046
7898447979002
7506339326024
0694365995967
7891150037649
7900083019865
7899755633570
7898662450249
4005808569878
7896025524309
7896033201667
7897076912701
7898935462177
7891150002814
7891010885182
7891301193675
7898569382773
7898935271434
7894916206426
7894222010632
7896683200300
07898938890144
7896261000391
7897476650999
7891360585381
7898593053397
7898639381644
7891027115272
7891106915298
7890541221247
7909438042671
7898405063767
7898301057518
4894290280336
7891027234737
7898562358096
7899360215376
7899850307390
7898380410938
7896380606054
7897517901325
7891150026773
7891033566150
7898422745226
7898504380796
656079419368
7891317001957
7896033251044
7898012492349
7898610375464
7908040476669
17897517918115
7896000625359
7891485221249
7899360231505
7896014140763
7896090400010
7894916505185
7896400508450
7896484100939
7897169210943
7898946015188
7891142145444
7895110048010
7896090611805
7891356052347
7896006200901
7891058017132
7891321045657
7892509058124
7897476600222
7899264303018
7896025509849
7908542612831
7891321037294
887961258462
7896181922933
606529148287
7898930508061
7898927356040
7908083520244
7908209808560
7896098810927
6799204051614
7896111954034
7893299740992
7622300846756
7898647920927
7898903925710
7899735393487
7899706117616
7896523208909
7896647075753
7899852013305
7898212287387
7891024035559
7898664976747
7891027107833
7891150027602
7898283857823
7896004715971
7896023779459
7896575101494
7898973417870
7896042010687
7891317001636
7896036520727
7896042048611
8058664015191
7791293008073
7898741805793
7896004730318
7896014140664
7908448004990
7896085865794
7896885202775
7897832845441
7898021635676
7898650626588
7896637028325
7891150028647
7891027294366
27897027272025
7899706132992
7896658035623
7702026152222
7898924603963
7891182007870
7899527144686
7892840822514
7896317901924
7899572813766
7898650622467
7891150037182
7891150013919
97866312
7894222009124
7896226102436
7898908868654
7899008057290
7897840301458
7896083401031
7899850334419
7895800811146
7899621109345
7897013534249
7899207513238
7898405063675
7896004720494
7896111942857
7896658005138
7898639690524
7896862940119
7898623952744
7891350000146
7898656685886
7899386516389
7896480653910
7899755694847
7893595779634
9788555502590
7895155396459
07896044900535
7892828001085
7897500563226
7896737000849
7897476677583
7898474841273
7898656163698
7891266689435
7899364804927
7891027131081
7891106911788
7908458335961
7896422508643
7898944074484
7908161702081
0618341834125
7896927442978
6933256605122
78950023
630509449088
7891530331657
7899055276781
7896679226772
7899653781373
6925352212052
7898589684253
7899753551050
7897851220618
7898100212736
7622300802301
7891027083908
7898079000655
7891000001080
7896111921739
7898416839894
7896000615404
7899753542270
7891530460265
7899264302417
7898588320114
7899091430680
7896000722645
7896025541412
7897144600080
7898021639247
7899655033913
8411061723777
7896331705393
090159990109
7898157301308
7899095200296
7896094917415
7896000610959
7896737014037
11027782
7896013501275
7896380603206
7896586815373
7898506259588
6952786802924
7899706124188
7896509955025
7890732316332
7897144600790
7896714216546
7896025524859
7896647007242
7898681320691
7610939001257
7896422507400
7900083001839
7908458328925
7899852001852
7897517919931
7898527126890
17891321104801
7893353602921
7894222004297
7896023716867
7898481570852
7898661780743
7897237315198
7899264302493
7899850332811
7896422513913
7898185410058
7898212285291
7891485465254
7898258620872
7896658000805
7892840815165
887961716450
7891360658887
7896025539907
7896235353157
7896497501747
7898225529054
7899620605633
7896183312152
7891313267555
7891010785574
7896013502791
7897076913050
887961070262
7891027230036
7898664973388
7894916143158
7898945746175
7897144660800
6931759211789
6920218908179
7896714203515
7896980434736
7891055621707
7897446000090
7896290401800
7891010579234
7899069927235
7896014171439
7896380605927
7894222021317
5702051024909
7891023074894
5010994824617
7896647021576
7896658018954
7897947601550
7900083001648
9788536815763
7898966463709
7896191239823
7898504747490
7896965214452
7896676436143
7898476326112
7898588081046
7899583205758
17894900509707
7896020160281
7898422746155
7791293005386
27898944524075
731509992892
7899420506185
7897517927370
7891018427650
7896676438093
7899621105293
7896448110530
7896788000140
7898151546866
7891317016968
7891106907057
7898410319651
7896663314577
7891268101621
7899527105922
7896422514286
7898049790593
7908346901056
7891155003342
7898490058006
7897771200004
7896902211841
7896075760436
7899755677819
8411061805206
7893454213026
7891350033724
7909438070971
7891010099749
7896033232104
7899753551944
7894993108309
7896014102341
7898664975825
27084960587
630509608539
7891772159330
7896013504009
7891317434335
7898412973158
7897316800027
7898288550088
7896261404830
7891301516269
7898765331223
7896111930687
7501737460509
884851017505
7897586811167
7896422510387
7898183793849
746775234546
7898958400668
7891224677559
7899652102308
7899026400860
7891027136055
7898078761588
7896603802560
7898525583213
7898944075269
7899706132589
7897144600516
7891317041953
7898664977935
7898662451956
7891800332667
6907365287975
7899852013930
7898588325423
7891150043404
7908077468965
7898952577830
7891317124458
7891530472022
7898608560698
6925187871981
7896229974320
0070341335918
7896026300438
7896422525626
7897252215602
7896191246128
7898225523977
7898502738759
7897512900347
7891024161999
7896025528284
7899670907282
7890541748300
7891232971106
7897386780687
8712400778626
7896927468183
7894164005390
5010993572342
7896090611874
7897517901189
7896004700311
7898185413189
7896036520536
7896540780723
7897664169685
7891150089334
27084760965
7891137003322
7893249054865
7897595615947
7898417961389
7899800058631
7896509911823
7896251802035
731509994032
7898538005924
7908470031322
7896438873940
7891142202437
7898009432624
7899207550844
7898481400579
7891721000041
7908083524327
7908083524525
7891033500963
7908134200408
7898258622739
7891075081215
7909253145380
7896658022890
6952786892970
7896637026703
7896111958544
7899455903911
7908169014506
7891317438944
001100011000
7898610375983
6920218906717
7908346904019
6934460666558
7898563360685
7890002967653
7891360611318
7896750404020
7891027139179
7894494300554
7897779683106
7896200706087
7898952577021
7897889102795
7896964619470
6948760607029
7891033930654
7898589684215
7891024114872
7891027068233
7891153048994
7898968322066
7891010921637
7891024119105
7891182997706
7891350042160
7894222033280
7891027070502
4894290246455
7896255700924
7898671423241
7899621108447
7896663335947
7891010037178
7896011707495
7896472502943
7898932140542
7898133138751
7898555804166
7896775364446
7896226503127
7908458305391
7896004720869
7891224655717
7899820803761
7899755614777
7891033078417
7891224861149
7896964623606
7908040476515
7891150032217
7896595570638
7891253252284
7898610373453
7896004708973
7894494628436
7897779781109
7908216131613
7891530330698
7891024033715
7896033203043
7898513494989
7896021907106
7898671426020
7896009401350
7899779007173
7896112123385
7898662452700
6940350894505
7898636191079
7898432536951
7898405063941
7898588081039
7898608955531
4894290256157
7898782820342
7898903210083
7898962943045
4005808740161
6920898850881
7896033270113
4912992014018
7898503183282
7898947386645
7899706237994
7909438000671
2000000000190
7898506250110
7896422506076
7908458326716
3326240046538
7898918203438
3014260807108
7899753520254
7898945450645
7896523206677
7896094908659
7898964630585
7898567794981
7898078317006
7898656162080
887961027891
7897832823227
7898994532972
7891155054122
7894346000106
7908040449625
7899026426535
7899852015699
7908209809888
7896112129295
7909438011905
7899820804294
7896025517318
7891150033894
7896004813226
7899083127338
7899304806653
7896964615052
4711161961432
7897848500112
7896079811134
7898300571961
7891530279935
7896212468898
7898650621705
7896468378224
7899621105446
7896279126953
887961016727
7891721070655
7896744850703
7899527138494
7896509955377
11068174
7894494692147
7896676430127
7900083007954
7893353603911
7896033251792
11005551
7899753541174
7896647001226
6898446429233
7897530100828
7894916502948
7909189317912
3423470476903
7891313326153
7892840267544
7891317024284
7896512914262
7891033471706
7896800014445
7898973417856
7899583200104
7896004712673
7894900709841
8710103911937
7896647007488
7898185413196
27898085947115
7891530656378
7896033232456
7899360218704
7891224347797
7896115704529
7897054514040
7908470009826
9786555004939
7891150024717
7896111906484
7896015568115
6900010060008
7892597861866
7898506259731
7896750404136
7898741950240
7896321013385
7622210826954
7891485355111
630509562411
7899640808236
7506195120057
7896033203050
7898610375068
7896326996485
7891150055858
7898225522628
7898551061211
7896207372063
7896111955710
7897185911367
7898639381828
7899026419148
7891360641179
7892840268541
7899753505534
7891010785581
7893454510613
7898312784892
7897920702588
7898497301020
7898352914891
7891000140307
7898300574252
6099639630966
7891150041639
7898008551883
7897517921880
7891033933983
9788555584619
7896013502135
4894290286406
5456212155000
7622210617903
7897832835046
7896206400231
7908209808867
7896573380297
7899069915720
7899753541044
7898608954756
746775051600
7898039600925
7702018983742
0070341335444
7898664970943
7896025538412
7891027234744
7892509061247
7898555809741
7899083122104
7898970162698
7898037080200
3330000226542
7896111978559
7898302722460
7890932959858
7894222021010
7908040459280
7894494625091
7896639601625
7891027291884
887961688139
7891301360152
7896108009396
7896342911134
7890541013576
7891060943443
7891024181799
7891137003407
7892607256378
7896422512848
27891253284142
7896523214139
7897027720003
6931759212687
7896000712981
7898265325678
7896927467704
7898610378045
7899706190527
7791293848341
7893299903472
7896213306083
7896676416817
7896572038380
7898549340311
7891027108205
7897517904227
7891106908474
7894222033792
7899850326995
7897849609074
7896000623485
7899753541723
7897731140067
7899852002569
7896112147985
7897655401176
7898961930909
7899475613258
7890310121402
7896094924697
7896111992814
7896714295701
6932159608315
7896000617613
6920218970374
7909875988006
7897054517461
7896261013797
7896004726922
7898623243521
887961116175
7896672202919
7895800816455
7894494442605
7896342447190
7896852627945
7898225524059
7896586816370
4005900578518
7896800009649
7890265252848
7899095200067
7899455907582
7891530540592
7896064469562
7899753502328
7891033754175
7899850325028
4015110005513
7896004716251
3282779106603
7896744846904
5010994895105
7899264360011
7899755618850
7899806948851
7908040459112
7891317002282
7899264377897
3326240011796
7891010006723
7896033212786
7900083014181
7908040422550
7898632472837
4005808257621
7501001165314
7899026419049
78918320
7909438011431
7893249343020
7893299738449
7891027349394
7896111997130
8903855078618
7898944749429
7894494422430
7898919447428
027084788143
7612412423037
7899921401477
7892840825171
7891530266317
7898605221783
714289128583
7908236576098
7891108030272
7891321107539
7898948027059
7899619915972
7894993108835
7909438059174
7896000613165
7891027049904
7898639307217
7898683860041
7899026481640
7896183317010
7896326963180
6908796910135
7909107542990
7899620606128
7891321038031
7896952577416
6980020239793
7898157611766
650240013676
7899755626404
7896326908822
7891530588891
7909224285909
7898552002893
7896033293211
7896212426713
7899753544984
7893249929033
7898417961464
7908458306619
7894494695797
7896004727776
7891024135914
7891721029998
7892840819651
7896004741888
7898650622337
7896931406546
7896964625136
7896212420117
7896839935018
7897517906368
7899207517038
7899779008699
7896111994337
7891150026834
7896326964637
7891485387228
7896114302368
7891485386719
7891027149451
7908209801158
7898585291295
7908458332670
7898926212415
7891530694264
7891027004354
6932159606205
7891150061521
7896025540002
7897517924041
194735079063
7897230301303
7899768817929
7896004711898
7894164005444
7890000001199
7896422519892
7898502730982
7898715810488
7898631555913
7891253203286
2100002021411
7896004724775
7896744842906
7898258628922
7896033234115
7898172862907
7896041925104
7896094209695
7898944073036
7899095203556
6926713372248
7891153096285
7898449395022
7897144600131
7899852020556
7908458332564
6941690722862
7897042016266
7909690369097
7891317445126
7896036570166
7899474209681
746775181338
3282770144475
7894494780226
7896036521021
7898049794683
7501839199383
7896108008863
7898283851135
7908077431709
7702018118823
7891317158118
7892509056915
7896658029561
7898474845073
7898724572643
7897476638638
7895144125114
9788557583207
7894494752827
7891317427542
719346151344
7899850337540
7899031520488
7897572000292
7891266520127
7896641803062
78924529
7898933781485
2000000000138
7890541728784
7891266787308
7891360483854
7891485465100
7896098810934
7896676406351
7898007677287
7898506259724
7894383424132
630509382323
7896422517157
7892840253349
7893299739668
7896009175176
7898312591957
735201084251
3330000255177
7896000627414
7896658002939
7896800009151
7897840300215
7908470009048
6932159608490
7898911494536
7897074511692
7896647009031
7897877700798
7908240827179
7899097922035
7896094209183
56014702043
7898417961181
7894222030111
7896640434595
7898623952393
3330000238354
7891182019255
7898939752441
7899572809943
4894290252401
7896380606832
7898548355583
7898556756280
7894222002316
7896852619032
7899572812271
0610059742037
7908040476782
78924574
7500435128940
7891008273502
7891055105870
7899583201811
7908458333431
6934460661737
7898416833755
7898639380579
7896603802157
7896222720481
653569715863
194735022403
7898587774239
7898631554725
7896033201070
7899790927856
7893299740374
7896658023125
7898029556836
7896111991473
7161896044950
7891027428235
7891301486456
7896400507187
4894095512120
7897517909598
7908458308514
7899779010012
7896011707587
7898483151851
746775366858
7891485363420
7894916141116
7896916782290
7896111900239
4894095512175
7898225525865
7898506455713
7896622302317
7908759405165
17891321333942
7891010937188
7896647043738
630509376728
7896000611208
7898512852728
7899083122203
7897020208072
7898043444034
7898623242012
7897237319752
7898650623686
8903855062020
7898662450102
7898681350773
7897476600352
7908209804548
17891321230234
7896004745336
7891317007003
7899207584009
7896004743042
7891033917150
7894916500098
7898915801293
7898212280708
7896676407921
7898589684291
7500435209342
7891360200116
7899506132925
7890265996841
7896212452538
7897517930585
7898483151455
17896007548436
7909510216372
7898656685459
7898588087345
7898960833621
7891301490057
7891155044208
7896326987834
8710103871828
3086123372122
7890541106513
7891027179366
7897789497311
7896639601830
7909342530608
7891024027998
7908132208406
7908077453886
078257281015
714289119130
7896230302907
17891321320034
7897832875516
7896132131568
7899852022260
746775045654
7898970341338
7896007544530
7896818207082
1000000101447
7898925522768
7896714292137
7896036522547
7896013550594
7909549207532
7898945866231
7897076921826
7898506256327
7897129303777
7893249665924
9788594725851
7896112407881
7909438041834
7898608958785
7899852000374
7893454101668
7898158693112
7899360215581
7909438011318
7896114312411
7898570560733
7896964620247
7896009499043
7897753698225
7899753541792
7897517903633
7891951041166
7896737015034
7891024130704
7896006212393
7897476663432
7896004712437
7899852021522
7908040417419
7897947600782
7899527140053
7899806201888
7891010885113
7896663327270
7896965213516
2009122210012
7899620605329
7899790903089
7909438043531
7896033204842
6220174030007
7899850339773
7898549366540
7896014183265
7896044901495
7898660598882
7899655040294
7908077474287
7908458306572
7899026423442
7897478403043
17896012878498
6932159610592
7898447974168
884851017710
7898395332744
7900083017243
7896644716000
7908007901968
27898944500635
7898646541703
7891150068094
7896042055824
7891153032047
7891485464967
7896444610287
7896965214506
7890688161284
6560790000177
7895800308738
7891182830027
7896261011618
7898007750041
7899110627152
7908077447489
7899806206777
7891000049099
7891035116544
7898301051318
7898695065199
7891024023969
27897027293938
7898656683264
9788573981025
7898523200433
7891317002961
7898925522669
7898632476132
7908671602208
7891150043398
456630602815
7896699007931
7899852000732
7891317448004
7896004711157
7898502503524
7896000624680
7891268101416
7908038605071
7897256220107
7898417966193
7899808829424
7899069928256
7908083513123
4894290677358
7891024130650
7896557308651
7897849611077
7893249155340
37895800400181
7896653708362
7908240501215
7896369164728
7897832868150
7898562352223
7891301510076
7898312584881
7896326940747
7898617527897
7899753536163
7908470032978
7896114301095
4005900860484
7899264360257
7896497503017
7898483151448
7898216364930
7891360308171
070330246232
7899864413100
7896033231442
7898083109528
650240004216
7894222008684
7899233776218
7898300570896
7896181920038
7896251802592
7891058003609
7899360219237
7898516905840
7896279129329
7898286940171
7894222021287
7898170657116
7891150094321
7891350037111
7908010136173
7896007546459
7896737105780
7898029551800
7898601574593
7898417965745
17891321310059
4894290284501
7891024172278
7891183024722
7891800205879
7896230300897
7891058000172
7890026024875
7896251801601
7897027218555
7897655401756
7896025527997
7896229974313
7909883003678
7890541884138
2000000021225
7891150002456
7896094916807
7894916509183
7898941911225
7898542752296
7899753529806
7898568442973
7891301370915
7896016801587
7898588321586
7891058439019
7899783601268
7898516892737
7908240501208
653569401025
7896025506077
7896572012908
7896326922958
7898589682358
7894222007335
7899755640370
7897230303338
7896927499279
7899790253825
789604070360
7897424000319
7897113900036
7897655100208
7891530374234
7891182021456
7891360623236
7899207551254
7891033931385
7896183307004
7891213205817
7896342450336
7897840301540
7899583205840
7898911494888
7898947017143
7899360202093
7896116109279
7897020208874
7896479945774
7898067950078
7896229972302
6985592728249
7897930761575
7898915802276
7896964622159
17897517909441
6851129512462
7899706152280
731509993295
7899852021300
7898405064597
7896006298625
4902778915202
7898903437589
7908083512140
7896000614568
7891153095288
4894290629135
7896094200128
7896523202020
7897517906917
7908458317103
7898288551658
7897982201012
7702010130502
7891317464172
7895155486549
7899110627176
7891027537784
7897424005666
78915381
7897512902136
7896261008267
7896342460014
7898957474790
7899069927211
7899755648703
7898610378861
7891153067254
7898067950139
7894494635687
3330000231218
7891027310134
7898650621804
7898417961075
7891485380601
7899852023120
7897252291354
7896075709947
7891224506378
7896112132974
7891024029077
7896019602006
7897517937164
7896422506045
7896523201023
7891027071844
7898567796688
7894916505130
7896342414314
7891155054139
7898506722327
7898608950079
7896094206304
7899527143627
7890541984074
7896006290100
7896013544395
7896964622265
7898650625758
4008976681700
7899655007310
7896112122692
7899207514518
7898212284683
7897832849722
7899640425570
7891024042908
7908561327419
7896522021783
7896279103879
7896020163565
7896342449040
7898741530428
7898903991524
7896000622204
7896523209142
7898135700017
7899621105453
637293180524
7898970341284
7899207528270
7899700801047
7896013555681
7908353609631
7891027151928
7898961240077
7896000660688
7899050545325
7908040460712
7898934596255
7897337708180
7898527125800
7891023087009
7898947407869
7899783601251
7891224789573
353885003315
7894164008902
7898760940758
7893454209913
7898506721887
7896230300071
7896852611913
7898610370629
7896036543641
7898741802570
7899701869930
7894494619823
7894494581830
070341335925
7894222036182
7897013542848
7891010030131
7898270017551
7899779000778
7899753535272
7899621109031
7890541221230
7891485386399
7898623953222
7908083526000
4564778513910
7898395333796
7898566518229
7898472907001
7896572038373
7896887740947
7896004780078
7898915932058
7898601576177
7896206402884
7897520154121
7898411971322
7896647004715
37891395012174
7891150096387
7898906450769
7891317042066
7898312784830
7899264352825
012742012869
7908083520121
7908542626302
7891224486304
7898562616448
7896226109220
7896230301177
7898567796725
7899790252279
7896251801229
7898930509549
7899753550428
6991984000107
7891000234303
7897316800256
7899852001609
7891010903176
7898943566119
7899806214871
7908209805705
9788536819556
7900083015584
6920232057822
4005900473844
7891010246488
7891010014810
7891301509902
7896112189114
078257569700
7898562357785
7898664974644
4894290677938
7891055810606
7896075760429
7898911309380
7891331010645
7898412977125
7896094914155
7896009498190
7891114061321
7898588321500
7898198172073
8710103871354
746775274597
7898079000334
7896497503536
7898148299539
7899527122783
7891191001180
7894494137730
6934460623148
7891010510978
7891266728141
7896111987308
7891150001657
7896212478675
7899207523732
7506195194362
7899670806257
7896033202183
6973094271356
9788538089261
7898681321377
7896964622852
7908458317080
7891301194030
7899527143849
7891150106710
7898126403088
7898212282627
7891224112333
7897586800123
7891191003733
7899753527703
090159366997
7899788400422
7896255766470
7894222010298
7898506256921
7896326957219
7898947387291
7898968070363
7898632475395
7899670903000
7891224739646
7908615025919
7896902201484
7899869202358
7891301602306
7891112229235
7896877601364
7898647921870
7897411650978
7891027129767
7896083402625
7897476653112
7898566826393
7891401014733
7896311770748
7891150039971
7897517912024
7898506257799
7896927484534
7899850314459
7896509976792
7898947385693
7891182830010
7898698744992
7897517903558
7896013549123
7896094903234
7891108032405
7894494564369
7896902214859
99785819
7896347143820
7896251802943
7896132131759
7791293020372
7899250613091
7898185416371
7891118011957
7896033233866
11019671
7896085814112
7898422167332
7896013502883
7899850303545
7897447203391
7896609544471
7898467260173
7896033255134
7897799808961
7898543382461
7891182023092
5702051048202
7891038349208
7891321037287
7899852000510
7896094927025
7891027389932
7891024180228
3499320011334
7908420111050
7891027124328
7894222007915
7908038604456
7891301191527
7896181923367
7897572006171
7899852024868
7898184464236
7897517921026
7899304806240
7899852003818
5456212154973
7896013572688
7896497502775
7891485526849
7897230303345
7898430193460
7500435125451
7896522022957
7899527108633
7899753530918
7900083011807
6924466325504
7896887741074
7891055805602
7891033534692
7908209805125
7899783600964
3605520698491
6941690722282
7897705203071
7898506255818
7896013569817
6934460660952
4005808513543
7896965214766
7899790501421
7896094907584
7891150079199
6934460631440
7899753533353
7896902285767
7898549353137
7899527140060
7890282800695
7898211380362
3014260279240
7898741530381
650240017872
7896548112915
7898301059017
7896049502444
7898608954671
7898671424071
7899470805740
17891321064099
7898417962607
7896241235461
7898647925816
7891321044193
7898555805675
8886472108558
7896033231312
7898920041943
7899768039826
7896027544626
7896422511896
7894494693762
7897144901040
7891224307340
7897698209012
7896965253116
7899527142606
7896927469036
7891010657505
7898660593832
7896212686346
7896464706458
7896150000020
7891266695757
7898283855263
7898608953940
7898458570472
7896094906686
7891266769717
7898146820803
7702018013012
7891150007994
7898915802122
7898053890357
7897517921545
602883022812
7897230303208
7898549758314
7898302722064
7891027129477
7896007546763
7898587766258
7898671424057
7896313217463
7896007551132
7894494127915
7897386791713
7891045020084
7892005051223
7898542317051
7895155219352
746775119409
7896658039300
7891153005249
7898064921316
7896012879788
7898919447565
7899026419025
7896952513926
7898675500443
7891317497828
7896637609296
7898472905137
7897900313018
7908209803039
7896641800559
7898569760458
7894222019864
4006381527781
7896200704106
7899753539584
1000047512176
7898608954640
7501001169053
7896010174007
7898405068632
7896014140565
6941690723029
6927893041122
7891485397111
7898549379137
7899783600407
7891058017415
7506195129876
7908077453831
7898352914723
7898395332560
37895800400143
7897158718436
7898300570940
7891024174135
7895144605203
7891027050801
7899806219531
7891224986385
7896116104014
7896111958469
7509546678870
7896251800192
7891142982278
6932159610585
7897386780694
7899850334365
7896013540717
7865188619382
7899753553771
7891301492167
7896004716640
7908040449861
7896006201977
7448070231703
7891024034965
7896010173048
7908038600557
7899783602388
7898222833253
7897877700262
036000393507
7896852615348
7896116108074
719346135337
7898449395015
3401563731337
7891253202429
7898410312089
7898568442928
7899850334426
7898417961358
7899572806775
7897129303937
7899852000725
7896025536586
7891040090938
7895265739375
7891024136669
7896085871474
7898661192393
7890541884237
7896025538344
7908038604869
7908209804456
7896027561340
7898379296000
3337872413063
7891224818778
7896025502406
7898961027005
7908209811515
7896422509329
7898395331679
7891224506552
7899621102544
6921640820121
7896798602648
7898608954596
7898662450300
7896771605253
7908040482684
7898352914082
7897517926625
8902220105218
7898395332331
7908470009154
8994710004590
7891634553962
7891721016226
27898715818150
7898639063342
7898222833222
7896699011914
7896042080871
7908209806177
7896637031776
3330000027705
7897252268301
7896637017022
7898506256150
887961918687
7896609550274
7897027207559
7896443133954
7890541547712
7896045000197
01467473000118
7899852024554
7898422168056
7896013502814
7891528032207
7891224478286
7896671601188
7899706180924
7891027009922
7897655400254
7898588087437
7891331001094
7896004734323
7896737001013
4894290631152
7500435127639
7898302727274
7893454109114
7891150019584
7891266255067
7897129300790
7897562210809
7896235354451
7898216360932
7899026413771
17891321100575
7896909603274
6942138900057
7896026300148
7896852610817
7891173078940
7891224496648
7896658006753
7908169019365
7898639380449
7908209808829
7891027295707
7898552004194
7908458317646
7500435226950
7896952532859
7896484180092
7898566292365
7891045006743
7896020617921
7897020208065
7898170657017
7896444605795
7899264376791
7899420504723
7891182840309
7896982904688
7896025524316
7896033232401
7897076907400
7898589684352
7908083520619
7898040325787
7891035912887
7898595238136
7898744785153
7908673905093
7899956856983
7896964617353
7909224502860
7896033231749
7896422511841
7898588089349
7898617521857
7896637025478
7896952567424
7899838803326
7908010119794
8902220108165
7897230304359
7896647021002
7897386781059
7896094928084
7908240827155
7890541013514
7898074616738
7891485428952
7896075710073
7908458326242
7891301263125
7898509232564
7898360917792
7908148525962
7896512937957
7893249162249
7896438513167
7897316805282
7897186025452
7896033212472
6934460631488
7896380607440
7891266629387
7898928577628
7898994297413
7899755677772
7898198172356
7898286942823
7899755694984
7890541341747
7891150085664
27084969245
27897027219723
7898610371015
7908209804791
7897337716390
7896641800764
7896024402851
7897530100026
7897230304984
7897517901837
6925187872216
7898074612846
7896422505192
7897042015429
7898405064290
7897517920432
4007817334362
7894222042930
78927254
7896644715775
7898223132010
7898158694119
7891331002824
7896004706535
11019855
721129053295
7896007543779
7899091481545
7898466747279
7908376801241
7898146823422
7896004712123
7891150015203
7908083520916
7899670800019
7909883263027
6941690722695
7909690270959
7622210573377
7896111978108
7891182992015
7899852002842
7891279508105
7896004732442
7890541884329
7896771606816
7501001203368
7898556755887
5702150152145
7898132989002
7897230302270
7898424967275
8791165303953
7891266255098
746775050665
7899360222657
7896006211891
7898944110021
7898422746179
7898300572777
7896004759715
7896523207537
7898475785576
7899572809837
7891010882709
7897249578253
7898662450089
7899753527604
7898556755900
7899572810208
7894494540509
7896094920323
7899852015705
7908040422499
11029748
7899264389272
8411061137017
7898040923020
7891219025266
7891317009519
7898144126365
7898760940741
7896021903023
7890541341754
7896965214001
4005808558377
7891051037892
7891150054233
7891033481392
7893249084527
7899026418905
7898920041356
8692952070822
7891177083575
7896207372452
7897771306317
7501007455044
7896098805305
7898067950092
4894290632920
7896000625458
7891321220139
7622300858926
7891033913329
7896852625248
7898566511978
7898330220143
7898571141573
7899963904745
7909107352513
7898936049117
7898588110135
7891027125448
7899095204430
7899091408580
5702051020512
7896094200951
7908077460907
7896885203017
7899207529772
7898413661344
7896523206868
7897547706105
7891000106990
7899674035202
7898548357587
7898947388892
714289112643
4005900662040
7891104195616
7501007447285
3700724263121
7898300570438
7894222009933
7898225524028
7896317910308
7891010775629
7899753533490
7891142142795
7898158691279
7891027111014
7891150003941
7898955000021
7896112114383
7894222033211
7898927356156
4894095246582
7896699010023
7898014561333
7894222001876
7898758084617
7909690293903
5010994952068
7894494627316
7865188606627
7896181916628
7861047723535
4015630067572
17891321230296
7898567796718
7896615162829
7908439800464
17898664630110
7795304000056
7898911494499
7899783601947
7898973417016
7898569380717
7896036547748
7898706182006
7896336008567
7896006216711
7506295388517
4005900000767
7893454511412
7896014187737
7899527100392
7896214000386
7898021635140
7896653702506
7898503182216
7896326911082
7898744780882
7908209808584
7898970341291
7898417964717
7894222008110
7898549353380
7891010913908
7894222001265
7895265700320
7896359037001
7898506255245
7896033233705
7908209807525
7909690466925
7897930777309
887961255997
17896007550040
7891232135423
7908209801288
7896637027762
7898608562722
67894222029315
7898449821033
7898168001150
7891158099991
8903855073538
7892840817855
7891634250625
4894095231700
7899026482005
3330000258529
7898952577472
7899026425118
7891266787209
7896015511333
7896112148593
7897008900219
7896292251199
7898395333833
7899753533377
7908470014769
7891027304942
7891266769793
7896359028030
7898211382076
7896509955247
7891027084028
7898608951724
7891024024461
7896750403207
7899400525090
7898636192311
7898591459818
7898671425535
7894222041322
7898466742786
7898483151530
7896025530034
7506295396376
7898935462146
7897849621526
7898657691343
7899026414594
7898506253999
7895144490342
6920895083572
7908083526826
4711161961678
7898913756526
7897517907990
7898153652541
7897947601864
746775037901
7898488012249
7898636194162
7898947144160
7898955171844
7908083512423
667526952307
8002135139015
7891321332085
7899706133777
7891183619270
736532021847
7896004752525
7890541662224
7894298035812
7898588321227
5010994800437
7899250600398
7899706145510
7896448110608
7899753557441
7908699000017
7891224677566
7891301275128
7896800009991
7891158103308
7891350032383
7896004788968
7896004714103
7896115701771
7899304802570
7899753539133
3330000243853
7897476627977
7895802057962
7896422503709
7896468378156
7896902211452
656079419696
7891313708805
7899304803669
7898420971603
7899069917373
7908346900196
7892509074223
7891360678779
7898048002024
7898503185217
7891035617959
7898582683475
7899026422490
7896206401733
7896647026991
7898639380050
7898631554787
7896116101501
7898610375495
7896916782078
7891232258306
027084930696
7891360572251
7898002433246
7899363132564
7892840823030
7896033201315
7898650621507
7898414852307
7896036526545
7898506460175
7896211827771
7891027291617
7896902206717
7896181921844
7898430194535
7898258620889
7898283855102
7899768077552
7908038600717
7897256243656
7891266684584
7898074616141
7898952421447
7909690487104
7896444605788
7896326922965
7896094908642
7896290402517
7896965211734
7509546074405
7891118013715
7899852015446
7891027146221
7894222021249
7898222450955
7898101643119
7897027218210
7899050544458
7896637626217
7899820806168
7896603800726
7891155034506
7896326912447
7896666500520
7896016806391
7908470001011
6925187875811
7898961240176
7896004704494
7896255766715
7896484160056
7898656685466
7898283853511
7898935462733
7908040449601
7891317042714
7908470027165
7897900315708
887961765236
7891027348403
7898126404054
6925625434341
7892828001825
7896111994733
7896000706911
7891721202841
7899808852941
7896261402652
7899360264114
4894290681058
7893299741845
5702051010544
7898578586629
7898650622047
7896253902160
7898533222258
7899838816180
7899658422363
7896013502807
7896111996980
7899753513188
7896111953990
7899852015545
7896317910018
7895155386474
7899852020969
7898312951614
7893454209111
7899026423425
7891530634352
7897571921031
7896226108568
7891360619819
7896509955001
7898265325555
7896004711690
7899852003900
7896009711138
7908209801400
7890026036786
7896326942710
7896779640478
7896479962122
7896572000561
7897042018178
7898927422554
7899364809632
7908040416801
7898040921910
7898447971341
7899527124008
7891027132798
6942138930238
7896042063058
7898125113926
7891024132128
7891106914093
7899360241931
7896132132978
7898048001522
7898639380654
7891485429225
7894494592287
7899706128827
7896714275277
7896982904671
4894290260239
7891155013228
7898074615212
7898078763810
7896852617298
5025232559954
7898502738964
7899026424623
27897027293907
7891317010171
7896927481373
7896012879474
7897517903923
7908704502697
7891150017658
7892509081306
7896033201117
7891027121211
7891058021498
7891027308322
7896000614162
7898265324183
7896468378170
7898453437985
7895500724760
7891360629351
746775264208
7896085868269
7898300574726
7898417963420
7896026304153
7899706133746
7908609044858
7896006234753
7897595601551
7899014972808
7898525587303
7896279109956
7891027338978
731509993370
7890265360659
7448070305824
3282779281102
7898411977423
7890541884381
4894290626585
7890541094520
7891485375232
7891317001674
7896000617712
7897684808533
7894164008735
7898538296780
7899871600715
7894346060605
4912992011994
7897476618982
7898078316894
7898949409786
7896042062419
7891270115555
7898533224825
7898587775458
7899527111114
4894290259592
7896658034398
7898556753418
7896380605811
7891317430368
7908040492270
090159311348
7896819403018
7897249563389
0637293053033
7898078316870
7898414852604
7899753533919
7898302722316
7908209802421
7908010117059
7891027095734
7896647077269
7894916507523
7899706155588
7898758083443
7891360484653
7898283851197
4895138729741
7898610377307
7899788407551
7896000623652
7896004730721
7891142981318
7891224833955
7891800346022
7892509072724
7896639603636
7898417965523
7899264332933
3282770139150
4894290209016
7891224818815
7894494581649
7891224748662
7898706851377
7898911495229
7899026437609
7899850325349
7908296000564
7898632475111
1561561600041
7896422507721
3330000258277
7899850335836
7891027130091
5702051507402
7891027145613
7899360219176
7898225520884
7898490058068
7891800002812
887961332018
7898587764278
7894222010946
7897877700286
7898917419267
7898052430002
7893299740046
7899852001531
7908497415778
7896015516604
7898744786198
7898947920023
7897256221913
4564778477816
78927216
7896006202066
7891317016128
7897256253242
7898549349109
7506078948051
7891232032135
7897832866736
7896211836292
7896027540253
7892702711574
7894222027258
7899753539898
7891027234850
7896964619807
7891317149192
7895155500597
7898678080003
7891037010017
78936447513984
7896472504084
7891485349141
7898417966254
7894494124402
7898542751800
7622300847197
7899852021287
7891268100716
6932159606199
61403017
8710103686057
7896965253178
7897386799122
7895155497835
7896112406693
7896049526181
7448070230591
7894390132204
7891035990489
7891010713898
78931558
7896279129022
7898126400674
700512248814
4005808267774
7898179821266
7894810620205
630509451944
7898012491601
7899207524517
4894290654304
7898527127200
7898610376058
0070341281833
7891321108703
7896479930350
7898671425849
7899233770261
7899753500287
7890026991061
4893885172810
7896436901324
7896027531657
7898476326136
7898915802184
7896111900208
7891024038741
7898587774192
0040232941122
7896640447090
7897230304854
7898632474947
7896647077276
7899768077576
7898405065389
7898939752168
0040232944154
0000078924246
6965240374264
7897230303239
7896033201919
9788538046820
7898300571596
7896033202152
7898549376136
630509752546
7908046800161
7909883308834
3331434010103
7892840825133
746775042806
7898906005310
7897517906382
7897517903060
7899852027111
742832706285
7898222820611
7896042054247
7896200716338
7899069928362
7900083011753
3014260018696
7891530464645
7898211382168
75076825
7891350000085
33922004
7899095239982
7891253258729
71205038
7898411970196
746775194710
7898447979705
7908083529483
7896000713940
7898994127642
7898126405815
7891182036757
7899652101820
7899620602472
7896026306492
27084927009
7891279846023
7898447907272
7898608954664
7896964616943
7891010518851
7898521370893
7896004710877
7896309201681
7898664974460
7898943561947
7899653200591
7898486472885
7908040458771
7893249155166
7896451912886
7899304800927
7909883308704
7895144080369
7898225529061
7898031310150
7898503180533
7908209800274
7896422511995
7899753539751
7896111900352
7896839980612
7899527173983
7898421993581
7898942324314
7909510216723
6945801215199
7899640807192
7896771606632
7908040468732
7896980408379
7897832842174
78927209
7896230301054
7908458317165
7898481401095
7908038605767
7896033232753
7891219025259
7898482341802
6931759212786
7898012492417
7896004730394
7898518430043
7897517908980
7890541748164
7898555805217
6956893014904
7896132130134
7893454101699
780863185779
7896015518622
8881681453048
7891153088525
6941690722831
7500435120951
7899779007197
7898430191145
7898660592989
7899454411134
7896422509336
7890000190442
7891020286290
4005808555338
7891530614477
7896111993767
7898405063873
7891485427542
7898476323487
7894650938751
7898518430104
7891224307333
7898524344914
7908458335886
8710103537632
7898608953605
7894494241154
7898248392895
7891530360572
7896640452834
7891112112025
7891301262159
7898782820359
6831899012508
7898549379878
7898671426006
7791293022628
7898671427942
7899850317450
7897476637570
7908040467728
7908169010591
7899529000652
7908458320479
7896075709343
7791293290119
7896222716200
7898085942062
7896647070413
7896181924463
656079409062
7896020617969
7898936974228
4046504230235
7896013544173
7899588009955
7908673906779
731509966497
7896647038765
7897129303821
4895138742733
7898447978128
7898503182568
7898503183633
7898100400607
80183419
7898675509101
7898489521177
7891523613937
7896006203360
7898521375225
7891150001756
7896671692933
7897386781158
7891356049750
7898556754545
7899014972303
7891040137589
7896111971307
7891200000210
7891395012111
7896422506823
7898503180595
7895155489663
7908240897059
7891321037935
7908371662786
7898506259618
7890000138277
7898960833638
7898100243112
7899658431327
7894916500715
7908394102658
7891010793272
7898929491855
7898904869020
7896000613769
7896083400614
7896230304253
7891317485313
7896381393809
7899768805391
7896083409464
7891150044289
3616304474842
7896422503372
7898521371265
7896737102116
7896033232791
7896042080840
7898506451951
7898504380864
3330000272648
7891150050129
7898555805545
7898610372586
7891266787216
7893249174143
7896965211307
7898946435535
7896036540312
7898951747517
7896644701013
7891177883571
12742012982
7896852618103
7896004786988
7894494730177
7898549354752
7898657691299
7900126900020
7898932140788
7898610375181
7891055631003
7896181924739
7898958400651
3330000244775
7908077471095
7891177081052
7908077460921
3760133120071
7896211836360
7898447973963
7896640435592
7896025534544
7898125113155
7891035618567
7896132130110
7897779813107
7898170655297
7896004818580
7899753541655
7899783602166
7894383319087
7897190308435
7891317469061
7896049502512
6921988911383
4006381493000
7908020502883
7908458328826
7896004701585
8023277109377
7898588087284
7899207516956
7898567791690
7896422505352
7899304802341
7506195155325
7891106001830
12742310026
7891027057152
7891224681594
17891321333843
9788536822860
7898610371008
3701129805060
7896007548552
0602883749405
1235665650028
7897337716680
7899783602302
7908010135732
7898283856017
7908077459949
7891155047322
17898664975617
7898119129544
7898623951914
7896852615218
7898610370520
7899739225869
6952786807448
7898567792154
7896200707619
7896640417055
7891112193185
7899620606159
7891060804003
7891027117382
7896016805783
7897169200685
7898078317174
7894222026985
7899852020174
27084882117
7890704881820
7898417969316
7898570573658
8003670877356
7898582680122
7899790253986
7891350040913
7897476687605
7896033233064
7898225526176
7898652370892
7898039566047
7899640806058
7896111987469
7898506251131
7899753533865
7891485465155
7896647077603
7891219027130
7896902213463
7500435014212
7899026424715
7896033211024
7908013507475
7895155228156
7908040417662
7898258620391
7896382706066
7896647028520
7909224805367
7891150003248
7898008550299
7891232973117
8902220106215
7908040449915
7894916501187
7892509080248
7896261016316
7896317911886
7896982901663
7898014560503
7898911493447
7896251802523
7899264317411
7897230306568
7891010785550
7891109749234
7896007511624
7899755698159
78919068
7908083512409
7896317884630
7896839922384
7896006214946
7891360654131
7894494624988
7791293022543
7899026466135
7894916141215
7896347143707
7898476323470
7908077447342
7899250610212
7898588326260
7896647090060
7891301196508
7899852022222
7896112122098
7898567794622
7896317884661
7897386768142
7896818201011
7897832860604
7891182996341
7899753517957
7896444605764
7898664976259
7898183731056
7898171282980
7899706164412
7891158104824
7898447971112
7896964619463
7897074560058
7908909600693
7908542612305
7896004700588
7896004778617
7892597347827
7896497502645
7891530319365
4005800092190
7897230305004
7896025508798
6925187871721
7896181904519
7894494541148
7898411974545
7898944073227
7898970725237
7896380604982
7896036548264
7898447973802
7897447203315
7896229960088
7890552102115
7891027309428
7891301115899
7894494592232
7895858017125
7896326911037
7908209810600
7891530354731
7891027111915
7894222032030
7898508121685
7891232519575
7896737105889
7898639381590
7896036533017
7896054719226
7891037408104
7899583200258
7891010099732
7891150013117
7891027083915
7891350039849
7892509103329
7896033212052
7898458572483
7500435130554
7896033221214
7898911309557
7898412972854
7896676438697
041333665665
7898646542847
7506195172353
7899360241917
73285151
7891137006514
8710103911722
7898405063149
7896509955490
7897849621519
7908689903021
7891182016131
7898662450065
7898650625932
7891360403159
7898086738008
7896200704168
7896523201351
7898307944690
7908458334582
7899187014121
7896212422968
7897947611078
7898181582520
7896000614322
9788536823232
7891485447021
7896422513814
7899420507144
7896000613356
7896380600380
7897832862387
7891150054219
7909253139051
7891317448707
56014522004
7896800010768
7896111956311
7898472265729
7899850334051
7894494730061
7896444602183
7898102241291
7896885202850
7899026475069
7896111906460
9876033231961
7891027349691
7891037004290
7899661704968
7897254129631
7908523029511
7891035090059
6903400600068
7899026423107
7896965216050
7899755642992
7897386752929
7899429110505
7891027128302
021105673401
7897011000012
7896014124312
7897042012312
7909883389437
7894916141567
7509546665108
7896509955261
7899264355758
7898417969484
7898417961204
7899527120239
6925187886770
7891033568178
7896359025138
7891485401344
802822003494
7896261017177
7896902286818
7891024036976
7896641810367
7896342452682
7896007200030
070341341025
7896279126946
7896965219501
7898430193934
7898631558044
7896779606849
7897230304199
7896639603223
7908458306671
7899640804801
7894222003757
7892509066389
7898144121353
9788537633885
7897517903527
9788555502088
6920218904867
7891150088337
7891301191152
7891360587453
7897779820105
7898170659004
7891224588053
7898944073029
7894916140201
7908209810129
7891317134334
7896004804903
7896509976808
978538045434
7622300795412
7890541754936
7896025500945
7899026407831
6844434265246
7909107901445
7898005718418
7896006201434
7894494636004
7896818212956
7896480653972
7896522022704
7909510216709
7897572001428
841850010746
7898533237719
7891266541658
7896799982701
7898085944691
7908103765648
7896279129121
7896444618269
7894494690204
7896522023190
7891035618581
7894494292231
7894916513197
7896111919132
7891020031296
7897476687490
7898588328462
7896042055664
7898279791179
7898078752241
11065005
7908038605521
7896200704175
7890541000279
731509680485
7896014176076
7898955171998
7898608959942
7899026496002
7896843912463
7894222033488
7898664973319
7891321035931
3401346673335
7894494501739
7896116104564
7891530464669
7898158691439
7896000712752
7898502512038
7894298023314
7702018880409
7896255766296
7898503182315
7898168000290
7898516910684
8902220105256
7898364585393
4902505322778
7891485406189
7791293025544
7896054021640
7890026037677
7891360677239
7898476328611
7891010785567
7896004732640
7891040299447
7891010251048
7897731195265
7897832862714
7898588328998
7891721028694
7899527104932
7899308742506
7891024136478
7898650626922
7506195191545
7891360542452
7897027219132
7898556850506
7899850328531
4005900521996
7909224537190
7890732316349
7891224505982
7896699001144
7899095201866
7891317414139
7908141503844
884851033352
7898927356026
7897517919900
7893353110617
7891253203231
7897920700430
6917878026671
7891182991810
7896279104302
7898608950543
7909883345228
7898549345620
7896572043056
7898078317525
7898416834158
7894222020518
7899250619079
9788536822327
6920218905901
7896212425563
7891027119225
656079888683
7891045038515
7896033204903
7896049508115
7896082900436
7896207373763
7896261009011
7896007542741
7896639660066
7896980456608
7891010813062
7896181900894
6921615455174
7894916502665
7899529000201
7908083522590
7891142113184
012546011563
7898664976778
4005808530878
7896839980261
7896020163145
7898588325508
7898671425832
7899852001937
7896261000254
7896036570043
7896181909248
27896309205034
7897705203118
7896331703689
7899621105132
7896512914507
7908279901574
7899852003382
7891200015153
7899753505305
7891027152017
4894290227096
7895144603087
7891060902440
7898506251926
7899083121305
7899869201238
7908040469005
7909438043395
7896094202764
7891266815810
7898662451338
7896116102522
7896013562566
7897476660653
7908169007126
7891224602858
7898456750074
7898581710417
7896927454063
7891224260850
7896422503648
7891150051485
7898955004937
7898588325294
7908671602338
7622300870003
4902505343551
7897256227304
7891010033491
7908083512867
7898588086676
7896380604791
353885006217
7893249665931
7890541923103
7899026459304
17894900530008
7898737630231
7899670810308
78900769
7895155486563
7896004716190
7896041914016
7896004705446
7891027339012
7891024136218
7891266626195
7896004704364
7891045042444
7506195126905
7892509085298
7891224907380
7896641804717
7896444602497
7899527130528
7898273123044
7893299739408
7891106900775
7899069911388
7898185413288
4905524751543
7891301489082
7896647022016
7899706198332
7898936110183
7899069927822
7908013503538
7896326909553
7908083514885
7893299738531
7896112102519
7891224640539
7898270002328
7898497302218
7896640418359
7899670907305
7896852612170
7891485461195
7896279100809
7896033296977
7898610372517
7891317421755
7896444604552
7894494728068
7898542865460
7898656685107
7891150000438
11018384
7909690602415
7891058013394
7891150007369
7896191295294
7896326986004
7908671603779
7891027304799
7896261001138
7896279122153
7899364812175
7900083002836
7896522032727
7908346904057
7897252291002
17891321230197
7899783600360
7896033212212
7896253902337
4894290040411
7891485301217
7899264320671
7899347631052
7898958598082
6980331110163
7898506468768
7898126400346
27898944524648
7896261000834
7896207373732
7899852019123
7908083522101
7897460400319
7896927483131
7899788403034
7891266576667
7891530572852
7896111955673
7897424006649
7898639380524
7891321104804
7891183607963
7908823500086
7908077467562
7896309200516
7896064486309
731509686197
7894222018881
7896112140221
7896317901405
7898671424828
7908168208852
7891530390883
7891027046521
7896380605521
7898925522973
7899850302500
7897779726100
4719861348409
7898198172042
7897595611123
7898516910059
7891024130926
7891182018890
7896004714127
6952786800302
7896279109918
7891010972219
7894916143295
7891239013212
7897840305159
7898610378564
7890265036851
7896004700410
7898360900121
7898970062103
7899640428502
7909438024882
7896852615676
7898595270341
7891530390920
7897473201828
7890282801654
7894346000366
79656007053
7891153010564
7899820803051
7891027133290
7897517903930
7891317004583
7899820804270
7898650621118
7501001170080
3330000226603
5702051025913
7896522022841
7897113900791
7898935462764
7896422514477
7893299741418
7896112427704
3282770201673
7891200012527
7891153121505
7896255766456
7898620612146
7894916512992
7894494553752
7891027094621
7891485308421
7898506723782
7908083529360
7908542612343
6934460669153
7891142153258
7896965253406
5702051024848
6933256643957
7899820805079
7898947407227
7896572011048
7898567791980
7891266845923
7899264305111
7898591457876
4894290296740
7898925879725
7896016807244
7896647067062
7896000617143
7898706940811
7891268102482
7898225527203
7893454410111
7898419476492
7896042010663
7898138781891
7896852619438
7897520154152
0703387008415
7908209802711
7896934401609
7899026401638
4719861346047
7896042044927
7899527199785
7891040148875
070341335406
7899783600445
7899852014739
7898758084648
7898556756693
7896342912056
7896042032870
7896331705669
7898158693129
7898488011228
7891010044992
7897851250479
7894916509244
7891025113867
7891330020546
7898610377864
7899455900828
7894222033440
7891634023953
7891024182970
7896004733432
7898741804642
7899026471740
27897027272070
4381584777865
7894916145749
7896006219552
7896877603061
7896380603138
7898211380355
7896444607034
7896468378248
7898556756747
7898610372623
7898610375310
7898671426051
7899026426504
7896342452736
7898461967993
7894494200601
7898944524989
7898958598099
7898526487428
7899674035417
11094784
7898458578638
7896020162964
7896033240116
7898633984445
7898664975665
7896637026727
7898970341871
7897144601503
7791293290126
7891033525072
7899790933369
7897337716673
7893249940922
7898410313581
7898958060237
7896181914006
7891153113555
7891155018674
7898549360265
7898601577419
7898650621613
7891010099800
7896013532514
7899055273506
650240018183
7898095343552
7898745131782
7891150015968
7899360264060
731509632934
7896251800826
7896658014604
7898410311891
7891033930739
7896033211055
7898265261143
7908458326280
7896036543610
7891010026844
7898481401491
7898283854129
7896025507135
7890000188524
7897185912197
7891027141066
7898369690092
7896142720011
7898272940536
7896438201019
7898078316634
7896211832140
7898567796251
7899751104012
7894494653698
7900083001655
7891150074026
7896965255103
7896013538059
7898687734454
6934460660846
7896261002074
7891268129915
746775097271
630509426454
7896251803155
7896111913833
7896313217371
7899852000411
7892840820060
7897280315626
7897832802970
7896014153473
7896111955635
7896033281201
7899850319447
7898312784878
7891301603730
7898502502459
7894222002767
7891075131606
7897476663647
7908470005545
7896004781761
7896647044100
7898086734055
8902220106185
4894290620927
7896852616970
7890265952878
7896004703282
7891055626801
7898671424262
9788595036888
7908458325467
7892840822316
7892509060714
7891530443374
7898533224863
7896640452469
7891301197925
7891150049192
7899850321495
7896261006553
7899753518077
7891485290801
7896112141617
7896647063026
7898623951150
7896658026577
7908470026090
7909253104790
78924345
7891183026689
7908209809925
7896004734316
7891150061910
7896085862649
7898582682911
7897835700105
7891224860968
7890541720610
7896800009823
7897230305257
7899753536095
7897042008292
7898481401156
7501001394028
7898216360949
7891058021696
7908040427623
7896637017138
7896025528420
7897042005222
7891317016425
7891317452155
7899083126485
6920218903983
4549526603747
17898664973163
7896639616216
7896965214742
7898915764031
7891530582363
7894494192142
9788538095255
7891010611347
7908615012049
7896000627513
4005900669285
7894494481789
7898934189310
6939020441231
7899527138593
7896242507048
736532611192
7899310501924
7896770979126
7899753503240
7908458323937
5702150143006
7891058011413
746775299798
7898608959621
7891058410063
7896637035637
7890541017895
7891033846672
0070341386125
7898079003106
4005808637300
731509535723
6952786802191
7898481400258
7898945746632
7899026442931
7899753501406
7899304806639
7891027082079
7896015591687
7898506257546
7896714257594
7896020619086
0722713013794
7899753504148
7891301259159
7622210619648
7896714219981
7898631550246
7896181911012
7896181919698
6925187884189
7899549201787
7898935491290
7898489521153
7891224480364
7891177008806
7896902207653
7896025539662
7898078315545
7896380605828
7897027293910
7501007454870
7898636171705
7896025521407
7896006266044
7899650111821
7898639380937
7897473201071
7899619920389
7891485234539
7896381399405
7898765330875
7898549344500
7896647046609
7899264389623
7894222043616
7899676806367
7892692814743
7896033241847
7892509053532
7891027291457
7896007545735
7898513842902
7894494728013
7909224546925
7894222021713
7899852024707
7896658015069
7896572020385
7891266774384
7898472258677
7898635411901
7908542627736
4030729003767
7898675504076
78911932
7896523211596
7896004744131
7897595637642
8994710004118
7896004748238
7908077431907
6926168040020
7898416830136
7896423488883
7896033202664
7898521375263
7898412973363
714289139657
7891027066642
7899701871346
3154148500216
7891158101809
7896400504698
7898496354539
7898644470708
7896964621817
7908209806092
7899026452831
7908040416740
7896186000575
7891224861255
7898516938251
7898422168001
7898639380296
7896116106667
027084913163
10074299057851
7896279103121
7897386780595
7894916341301
7894993990904
7908161737038
7909107543270
7898302725331
7622300861261
4005900894779
7898939803099
7897237352803
7898497307244
7898283855515
7899655045787
7908077468781
7891060815917
7896036527900
7898008550909
7894494546310
7896965252331
7898622118356
7898516905796
7896027546804
7895265145305
6106962800673
7896658003172
7898671425672
7899852022697
7896497504151
7898944073579
7891301521768
7892840816940
7893353103718
7896647076354
7898542860137
7909349264711
7897832862318
7896639602806
7897947600850
9788568599082
7898945746106
7896094201194
7896054014987
13154145347538
7891150105621
7899806203516
7891182016773
7898608956859
7891317191658
7908501706137
6931759244534
7898664975818
7896444604354
7898417963154
7891485444273
7896279111652
7899751110259
7899755674528
7899783602579
77891395012202
7896020162766
7896079813381
7896342415687
7898610373903
4894290260192
7730303001000
7899808893173
7896042031996
7899466417537
7899008057320
7891485412326
7898595271133
7896251802141
67894222010375
7891317446383
7899205963851
7896952563334
7891239023556
7899852013817
7898395331808
7908013508632
7891033812820
7908083512188
07898959897283
7899753551159
7899790905793
7896049502406
7899938600542
67894222030755
7891010873233
7899850330022
7897216903231
7898225520365
7898286940850
8429420184077
7885180919372
7896004730363
27908470003644
7897027720041
7896317903652
7898405065129
7899527114078
7891106912754
7896042082813
7898447978265
7891024136348
7898419469982
7899806202205
7896658004896
7898671425207
027084930733
650240019142
7898420971719
7896852625033
7897252260657
7896112426066
7897076906595
7896523210506
0049932622249
7899110608120
7898330226374
7908038605583
7898405063729
7897316801215
7891301489266
7891321043004
7897386787976
7893249058955
7897027201236
7899026459298
7896213300074
7899800066711
7894916141345
7894222003467
7898503183145
7898148302482
7896311709502
6924466310708
7891150007758
7898506457038
7891800359282
7898597484197
7891150038318
7897230303062
7896226102283
7899527143504
7891232519209
7908040433372
7897512902112
7899753555881
7891317047009
7896025536814
7897517930103
7898569765071
7898943564399
5010994717957
7897230302775
7896226500775
7896714290546
7897256244820
7898656685855
7899233767315
7897230306551
7896020611110
7622300991807
7891153087092
7898024830474
7898100400638
7898005714656
7896111901229
7891058019259
7897832868198
7898312599809
7898360902675
7893249174075
7896269900358
7898925879770
7891000107836
7899031534157
7896094200975
7896818207105
7899250615613
7909438039916
7896004731605
7896699009706
7896512936622
17891321068349
7891027120412
7894916141734
7896014189670
7898185416227
27897027202169
7899105904534
8692952004384
7896004720241
7897237363946
7890704806441
7890282800091
7891027134471
7891033473465
7896523210438
7896603803611
7898521370022
7896150107729
7896647010341
7898610378120
7899360216823
7908040415309
7899572810192
7896279102377
7899619920365
7899655006474
4893825019748
7891317044732
7909438024868
7896004711843
7898608959492
7898506454150
7890002020754
9788538094142
7896540777525
7896004742847
7891150041622
7896927471725
7898503183626
7896042083407
6925187887845
7896885202911
7897530100200
7900083002133
630509427956
7898039561707
4007817180099
7898664978512
27084951097
7501006721119
7896497501365
7897011000272
7896422505970
7899420506307
7898760140066
7891150055186
7894298006492
7891058021948
7896444607010
7896509955186
7899808802663
731509991703
7908209803077
7891317455606
7891331018474
3282770139167
6889297711509
7896279112635
7898523727213
3330000261178
7899026440258
7894222020624
7899753559513
9788594728289
7891150043848
7891653011146
7896644738699
0070942005494
7890904101100
4894290628398
7896004768465
7622300823641
7896042034201
7897027224174
7896653709192
8003670877288
7891010702229
7897070103488
7891033718580
0826765090595
7891182997690
7899753509334
7898562350052
7899753507903
7897476600246
7898072213656
7898623959071
4005808729487
7899852027128
7891027148300
7891106906784
7896647046661
609963963591
7896000717559
7899706239349
7899850345897
735201084121
7892840814373
7896212429721
7897876125011
7894494192005
7896777940310
7897256221104
7891058004460
7896000625809
3330000272242
7898002432447
7896054023972
070330163621
8710103874300
7891150102439
7896212680115
7891530389931
630509533305
7896200707633
7896029603826
7897562202552
7899588007258
7899588007265
7908209804807
7891182980135
7899753549705
7896191295348
7896609543726
6934460664660
7896422530675
7898300573415
8002135077058
7506309810386
4894290285577
7898917420614
7898647925786
7896380606979
7909438050355
7896964619722
7896180300152
7898126400353
7891266717534
7896025532038
7896279103688
7898283854600
7898758083474
7899583203747
7896014182107
7896641808609
3154149535125
9788537614723
7899655041741
4005900010704
7898460972943
7896594800316
7896852615201
7897476632148
736532611178
7898698743322
7892509059176
7891024131909
7891321320174
7841764039010
7896025529311
7896004715957
7897595901514
7899527146154
7899930900534
7897101500262
7898945443012
7896211816287
7896212406043
7898312680897
7891317451752
7908134200071
7891485401351
7897476631622
7898945746359
7899655033975
6941690722275
7895155242619
7895858000004
7896132133043
7897476661100
7898588325607
7898352913634
7899264394856
7897013573354
7892840814441
7898666421719
7896020618010
7899026495371
7898532210522
7898395330313
7899852010014
4894290630056
7891060946208
7899653291087
746775174828
7891317003715
7899026401792
7899753553757
8903855085623
7908497414276
7896116109309
7891027359447
7891027348533
7898545646639
7898516928191
7897316805596
7896484190053
17891321051501
7891224347766
7895027511089
7898458703184
7897832859646
7897982204969
7622210570369
7900083003451
7896116110671
7509546061856
7896965250467
7896094201514
7891150095250
7898138782003
7896094200227
7898170657048
7894222027012
731509997835
7896672203091
7896699013512
7899852022413
7896013568544
6934460635110
7898951747036
7896253902177
7896235321545
4894290673930
7891530484346
7897500535599
0070847033318
79656446449
7897500596101
7891058003982
7896331709308
7896111998731
7894900061208
7899026464315
7896640406868
7898360930654
7898970341314
7898280076777
7898945400237
7899207518981
7898647927544
7898916594019
9788538094104
17896012880163
7896317907384
7896594800262
7896737000863
7896015519674
7896647021446
7613032993528
7891108032290
7891317471323
7899360215512
7891027039622
3330000244904
7898516924971
7898567794653
7891150009608
7896965219518
7898283815083
7896484130080
7899852010052
7898697100928
7895800400166
7898447977800
7898008550022
7506309845012
7896075711940
7891253240551
7896000627544
6924466306152
7897252260411
7898664974590
7909883168018
7898158690395
7896033294973
7896658000713
7898623243101
7898698742578
7898216362646
887961009064
7898589684321
7899850340571
4894290629296
7899852013336
7890541923097
7897947604520
7898301051929
7898395333420
7898919411337
7896341130086
7891266626225
7891045040983
7891058017095
7896026301855
7899911207553
7898588086768
4902505368882
7896211825715
6925187876757
7898209180165
7896637035453
7896902286832
7891106916493
7908169048563
7891108038605
7896644726214
6901016785117
7898146825129
7898660593566
7899706133920
7897649766854
7896603899959
93815996484
7891232519223
27084819915
7897316800201
7898395330955
7896094917255
6920218907189
7702626204079
7898002434724
7891485414504
7899613363908
7898503183534
602883876996
7891055810507
7899852025186
7897920702519
7896292242548
7898352914778
7896212414468
7891024037126
7896640414627
6941690703113
7894494192234
7896279129299
7896676410228
7898212282948
7898588329162
7896342405688
7897832865357
7899768070690
7898405064061
7897775672012
7893353105613
7899083127345
7897254127866
7896965253772
7908985909741
6942138903621
7896000719393
7896111973806
7896111992708
8710103803577
4897019235433
7891142144478
7898650625550
7896033201797
7896004703572
7891485404482
7891033914708
887961053890
7891150011953
7897975063801
7899820809602
7899852002989
7891485406073
7896004743851
7899069915515
7790085451646
7897478400998
7897476660059
7899207512354
7896326933237
7898656685374
7898168010596
310119036815
7895155446895
7898458573558
5702051001801
7899652102148
7891321043912
7896885204205
7899674035196
7899207549923
7908209807709
7909253104929
17896230303550
7891055696507
7899768074803
9788557584907
7896094211353
7891142128263
7896647047453
7898588089714
7896112144663
7896523201078
7896033241205
7896685300183
7898447976964
7894916146982
7896181924258
7899753509174
7908209810020
7892509056151
7909224990063
7890269196964
7896839910879
7897027224181
7896044963530
7897947601567
7897698211558
7898534510088
7896952533672
7894222010571
7898225526442
7893299741371
7896025529328
7894916505147
7896033201094
7908458311866
7896235353720
7891317007621
7898223132218
7898588329254
7897789495713
6900701002010
7899790243239
7898610375242
7899547537963
11033325
5702051048219
7891035011870
7898212280203
7891150026865
4005900146991
7897386787938
7908458320516
7899755609445
7896111954737
7891334101265
7891317449575
7898212286724
7501007420240
7898520934386
7896261000186
7898663741513
7891027146771
7909438036380
7909883297367
7898636290147
7898516892768
7896036546826
7898506478088
7896010173055
7896422504430
7908458322091
7897230306513
7896111997178
7896422504898
94554847
7622300867119
7896737014099
7891317126810
7899360220288
7908458324217
545773963270
7909883401955
7899620609501
6920218910578
7896641808623
7891253130315
7896004755458
7908040450812
7898671428062
7898698742660
7896658001512
78945470
7896000614520
7896025508972
7909883022532
7893299744921
7897731150127
7891266845886
7896653702513
7899706133760
7891182036061
7896033221153
7896004752112
7896451912480
7909438040837
8411061794296
7896852611982
079400500205
887961698732
6920897781605
7897920701710
7898555807389
7908458322428
7898933926039
4894290652416
7898312588759
7896799983005
7897517931254
7891051037939
7896548197554
7896004765822
7896380607242
7899753502878
887961643756
6956654632651
7891027081850
7909107660823
7897095042021
885631033586
7899670917403
7899360202345
5010994814007
6928317705347
7898949256045
7898503180236
7898915802139
7892607232952
7908609044247
6851129512035
7898474841587
7898945455213
7890000240451
7908083518685
630509562398
7900083000757
7896004745350
7896326957295
7896644737739
7898945443029
7898447978821
7899706121910
7899755633587
7908040493154
7908458320363
7891321104361
7896799983272
7896222718068
4711161960398
7899592821017
7898101647841
7908785412465
7897753692995
7899069901556
7899852002491
7500435128742
7791293004310
746775043698
7896730900252
7899360263582
7899838812083
7898447006449
194735035328
4048846001382
4005808435678
7896554837987
7898410318135
4005900662033
7891058021535
4894290245700
7891301196645
6991984006024
7899706152105
6920897722509
7896777940228
7898566510551
7898608952967
7896036511770
7899806201031
7892840825218
78928503
7896444610270
7897595603128
7898957474752
630509456406
7899743922129
4894290299673
7891033586417
7909883152857
8710103527398
7898671424750
7896359042494
7896033212427
7898911495243
7891027309626
7622300988067
7891317006921
7892840816810
3000000001103
7896181922247
7896010171372
7898965535452
7898417969347
7891321045961
7896025542587
7891360674597
7896226500669
7898610373910
4005900662026
7891150102491
7896138700607
7891150066038
7501001164706
7898258620681
7891360535225
7891027140885
7908083512881
8690515216915
7891150032224
4894290633705
7894222001371
7896111992883
7896033232487
2000000000183
7898014561050
7899420501708
7899706128810
7899838827520
7908458334018
7896094916197
7432604121875
7898302722439
7891027130831
7891027135997
6973094274272
7891142983480
7893249174037
7896006298298
7896012800805
7891338701300
7891485383930
7899852012735
7891498081410
7896852617557
7899806214604
4005808655052
7899527126064
7896014140541
7896965252409
7894916508537
7897517937812
7899026462694
7896212424016
7899264320794
7898509251312
6933818417026
7894916507981
7896036521533
7898506256945
7506339314304
7891253268568
7896306625688
7899527160471
7896181915027
7899583200838
7896422503655
7896640418373
7897731122063
7898417969408
7896658022371
7896033232371
7896025542570
7897294400042
7896497502287
7899400509274
7896497502454
7898696040362
7896326957196
7896468378293
7896085812880
630509258369
7897832862448
7891142136626
7898951405158
7898225522710
27084798579
7891035501005
7896007510597
7896647029145
7899110632330
7899619906970
7899852003115
7896042080772
7899014963882
7891350040920
7896111994641
7909224578162
7912103000999
7897502216946
7898964630554
7894900550054
7899806212969
7896004709383
7898132989293
7899850326902
7908083520831
7898671428079
7896025526617
7898483150182
7899808834558
746775120856
7899495704356
7896422516587
7894222010922
7891266728219
7896964619500
7898115900895
7891301506802
7890026024813
7893454508429
4005808555260
7908615011400
7898567792901
7891321035870
7897572001435
7896639602875
7896036546727
7897705202715
4902505482106
7898417964571
7898516892751
7898254100088
7898481401057
7891153067230
7891301374241
7896640450922
7896964618589
7899347604575
7896004721835
7896982900918
7899674032416
7898657691190
7897262419939
7891485448936
7896484160025
7899420508417
7898588088984
3330000225750
7891033826858
67897731141165
7896004709635
7891106000925
7896016121333
7897357101459
7899264301595
7891360641162
7909438063195
7899869200675
9788595036758
7898944073296
7896108009310
7898666422518
7899806200621
11013501
7896013529361
7896111926857
7909189373550
7897832859769
7896004776316
7896647008973
7897027210276
7896952563327
7898664976792
4064666309118
4891475728034
7896380605903
7898079001386
7891473015263
7909224916315
7899588004219
7896438201439
7898005713529
7896111992500
3433422406919
731509577686
3330000243846
7891150007741
7896653709628
7898095757540
7898681350018
7896438207813
7899420507373
7898225528958
0722713013961
7891158000966
7896444602763
7898567794615
7891155044079
7896331706253
7898416160035
7898944109087
7898664977904
7891485308339
7894916142083
7898115901762
7899852002361
7896671630058
7897129303012
7897237361461
7898506254767
7891010008451
7899676807494
44701015475
746775194758
5010994895280
7506195126578
7896000715630
7896006245254
7896279129169
7896523207988
7896094207615
7898939752403
7898952577809
7899768808781
79190000
7898947170183
7899852013947
7893249058962
7891360678786
7892840255244
3337875563567
7908083513611
7898447971594
6920897676130
7896042032580
90159312314
7896497502386
7898608956446
630509324910
7896639601458
7896006291787
7897547713851
7898970341208
4894290676283
11043102
7891485299040
7891058002268
7898132847319
7898631550741
3401381716523
7894916206914
7891000053232
7891150088627
7894494502354
7897252260428
7898012492325
7898555211117
7896279128612
746775080730
4894290244802
7896094921320
7899264301878
7898903652968
7897386764755
7891027304423
7896046301019
7501007495712
7898008492599
7891317010201
7899621104968
7899755633563
7899429110161
8011003061303
7896647009888
7898352912811
7896111996973
7897076923530
7899706133418
7891313610375
7896025514744
7896965202503
7899069927181
7891313262802
7899091420377
7891485464394
7898636193493
6920897703041
7891232971786
6925625438806
7909189255436
7891182036047
7894222010618
7896000617736
7891010247584
7896422525466
7898562359338
7891253209233
7896359028511
7896043352618
7891321046883
5010994691554
7898172345301
7898504383247
7896422513227
7898631556019
11023944
7896033204859
7893249930305
4894290653307
7896438205123
7896085868276
7891010880538
7891058003029
7896000615725
7896261405295
7898556755931
7897252260619
27084926965
9786561022552
7899264377101
7894222037967
7898533234541
7898929813008
7899304803744
7897424090006
7894494191848
7896181904830
7896010170351
7891058016616
7898650626236
7894346000373
7891219027437
7898179823239
7898902505562
7891035618598
7908038604593
7896025512689
7896964616875
7891150094840
7896115704109
7892840253042
7896438204898
7897186097121
7908209805903
7899527119660
7891155018643
7896644726207
7890593315277
7898413661368
7891279852215
7909510216440
7896015569679
4005900696793
7896261002081
7898671426037
7898556756273
7891224655595
7891033535002
7899755634065
7891027128845
7899808802601
7891395012159
7890541813923
7898506256204
7891350032277
7891279900404
5702191007985
7896115700033
7891010953720
7899264390179
7894970940007
7899026459649
7899207527426
7899207517182
7898503182735
7899205955368
7893249046877
7506295307372
7899055273841
7891033017270
7891035209000
7899852000480
7896006220503
7899403200109
7891268120554
7896852615645
7891024171318
7908209809574
7896111978672
7899820807998
7896342413089
7891485423339
7898549360050
7897252280358
7896224410731
7898954372884
7896647073582
7896094209176
7900083002454
7898566292150
7898944101371
735201084145
7898904904707
7897947601734
7891182820103
3330000243495
7908083521036
7891182016551
7908209810068
7891317000110
746775043001
7896029602904
7897771305112
7899583203754
7896839922094
7898671425269
7899838876863
7899026468146
7501001310288
7891530670220
3014260278922
7908083515011
7899250610410
7891182018623
7899524405001
7891150011946
6927893041115
7897851250462
7898666422402
7898395335042
7891158092626
7899753531748
6924466310043
7898608950093
7893249991023
7892509054539
7896015590949
7898506257232
7896965247528
7891150029323
7898300570766
7898360920419
4005808185719
7894494752780
7896279114356
7896484110518
7896094920545
7898664974569
7897832862417
7899455903263
7894494192104
7897517903022
4894290271679
11010098
4894290217349
7898207210185
7891350037067
7896004733463
7898506256242
7898657691213
7908459324742
7891634038285
6934460666442
7896015520311
6555772025019
7897517904524
7897476635583
7891268102628
7898048138945
7897982200992
7896004744759
7897158702329
7896342903290
7896647077559
7898478497056
7898935840715
7501078270676
7896111956236
5702157141326
7896444604668
7898617524193
7896448151304
7891182993654
7898632475951
7892509059862
7896699011969
7891010693312
7896000615190
075380778160
7896639603056
7897903304686
7898449829626
7898650621712
7891045006248
7895500726283
7896002911276
7891024114216
7896111996539
7897595604583
7896033241076
6926951812117
7890000022217
7897230304991
7899850338530
7899304809302
7898647924383
656079666120
7908038605552
7898302727342
7899547018622
7896025500372
7898524347939
7896658031885
7899083126584
7897780202594
7899852021065
78977779711106
7896744817423
7898501382373
7896964612136
7896009498022
7898589684161
7891266787285
7891027148522
7892509080262
7898926952861
7891224260904
7899264352658
7898014562897
7899751111331
7898489511888
7899055277788
7890263210079
7898079000150
7909883248529
7898602520902
7898927356279
7896094901926
7896181915034
7899360220233
6934520143425
7898945450065
7890026048192
9788536810027
7891106006316
7896042088907
7898520938834
7891182019842
3282770074734
7896033295154
7891360320142
7891060758061
7894164000647
7896472502288
7898925522287
7899755674542
7894916503631
7898966463679
7908040406185
3282779254854
7891075403109
7896509954554
7898951361478
7898075310864
7908458334025
7891266679368
7899121814022
7896027541212
7894494192043
7897249565093
7894916143851
7896468378149
7896033231206
7897144600929
7898490163342
7897299900349
7898567790624
7898707142979
7898924602928
7896020651017
7896902207059
7897517907266
7898506258338
7894222002828
7898567796459
6950615960098
7891653021046
7894916201810
3014260329822
7896033201025
7896484110068
7897595612311
7898901898252
7897877700071
7896658034251
7899233735864
7898320905845
7896015511111
7898521370916
7908209810006
7898518430296
7891721000423
7909438045627
7893871834699
7896181901730
7899751109888
7898497300801
7891150061576
7896609543047
7908209804715
7891024161982
7896000717252
7898664976341
7891150035089
7891530599200
7891150075405
09159313632
7908448006482
7891010723811
7891530389955
7898302727946
7896112426646
7894900111002
7897780209067
7896647021712
7896548198926
7891142143617
7622300506971
7899788400361
7909438060248
6992641894664
7896007542062
7896647088654
7898417961266
7898506252053
7898490059744
7897517910952
7899753556406
7898994049913
5702051041883
7896018703193
7898157232763
7891150043381
7896132133425
7898125115784
7896927481700
7894916143806
7909438007823
7896309204422
7896033201971
7898312579566
7896230300668
7896647071366
7891033822430
7898101640170
7899706117791
7898448616388
7897256226109
7899788402105
7898605222889
7891112003071
7899808838853
7898258626638
7892840816841
7897779715401
7899583203204
7891301510069
7896306616396
7898300572999
7896647072776
7892840252649
7898095340131
7898566825174
7898589684604
7896800011314
7894916500609
7896964614963
7898417963048
78930384
7898567797494
7891530605888
17500435022566
78961321210191
7896004714769
7898632473193
7891301516276
7899347604636
7897832840699
7898947388908
7897373159039
7891027236595
7899806214635
7899026487284
7897230300030
11028475
7908169006426
7896049502581
7892509086479
7894383154534
7898608951922
7898662451307
7896033233934
7891137003698
7501001303464
7896647077238
7891350039993
7891142165152
7898176580210
7891080000126
9788536824468
7897832863131
6932159606847
4894290679123
7893249333007
7891313612164
7501007413860
7896000614339
7894494194894
7894494624384
7891060836301
7896799953190
7898040920395
7898506250035
7898506453764
7896594831143
7896111942727
7891224983933
7896639663524
8411061552063
7898254100064
7896132100335
7896603802881
7898543383291
7897337705752
7899755630647
630509280339
7891106908290
7890541151261
7891045040686
4005808691746
7896025513495
7898945450027
47957510
7891027308728
7896326920930
7896444602572
7899621104951
9556091114061
8902276701211
7898132980498
7898476328314
7890000022118
7898555800854
4005808239597
7891000023846
4894290230041
7899264390513
7896006218494
7908209808966
7891027048402
7898416830488
7891356098536
7898928257063
7898258621183
7896000719430
7898632474251
7891033893058
7898632475418
7898577234422
7899738900170
7897595604163
070330319936
7898483152537
7899026473683
7899014900269
7896036571613
7891027039615
7899640806102
7896464706311
7899755650249
7896042077789
7898288550354
7898395333116
7891253104811
7898108640050
7898014561142
7898212288698
7894222002309
7898378517236
7891317446963
7908609044766
6934460661218
7891301197956
7898542871256
7896033205078
7897517957018
6939020450653
7891350032703
37897562223596
7899205950196
071603003453
4006381333696
7891153119991
7898158690425
7899655028148
7899768070386
7899527163281
7908470007082
9788536824222
7898419476584
7899575901965
7899264305098
7908209806924
7891024161913
7897500518301
7622300821869
7894916503099
7896094208087
7896927469128
7891009827667
7898639381071
7891150053465
7898906005068
7899069918233
7890282801371
7891268144055
76223008000800
7896111978511
7897877700255
887961814231
7898360937073
602883022850
7896111906521
7891191004600
7899264333411
7891150051478
7908209801905
7891772156346
7896004708539
7894494624025
7891150071254
7896111998076
7908422600903
090159315049
7909690794769
7896380605507
7899852019147
7891150074507
7896014101894
7891055647608
7891691004568
7898608955296
7899455905885
7898926483099
6969024051112
7898506252824
7896525097723
7908785482574
7896251800864
7898430192708
7500435146913
7898300572470
7898664970967
7893249404431
7896964626386
7898662450874
17891321333195
7896443130120
7898994127673
7891075403192
7896014192793
7897464703195
0043917014388
7891150017849
7891008367027
7896653700526
7890026029498
7892692813586
7892840824907
7891027142506
7896326957172
7900083015577
7896292263604
7899455900736
7898417966858
7891027340827
7898078316917
5702051052414
7896548114797
7898951747623
7895265700344
7899026422384
7899527108183
7899852000015
7898650623921
7896849121692
7898300570971
7897779772107
7894916500432
7898448615978
7908209802322
7896036547205
7898395330139
7897252230377
7898582382354
7891024040690
7897252260756
7896044900870
7899753502038
7891027349332
7898549360869
7891317191665
17891321101602
7896609548370
7898650621606
7896111978238
7896676424614
7622210683595
7898939752410
7893249343013
2010060100068
7896207371691
7908236800728
7896523206714
7896676425291
7897517924270
7898419158862
17891321044473
7896132131582
7896342414031
7897042015450
7896094209527
7908448005706
7892010083165
7898962943052
7908803200548
7899838810515
7816931301092
3330000260454
7891055680629
7891485386368
7891150059672
7896497501426
7896037703051
7898258622630
7896965214711
7896331705508
7898132980917
7898506478095
7899753537610
7898260789246
7898932370888
7908497404864
7897076913579
7622210709493
7890541151278
7891142198464
7898632476682
7898170657024
7891485456887
7908083528011
7896207371875
7896641806100
7898138782188
7506195194683
7891224426591
7898225525933
7895426815245
7896094201743
7898662450911
21505874
7899753530864
7896438202375
7899852015248
7899360264008
7898212285819
7897705202586
7891317477608
7891150054516
7896852628782
7897076918819
7892940000164
7897571982452
887961258530
01003829038833
7896094910645
7896132135023
7896033203081
1235665650016
7898647921979
7892840814526
7898664970752
7896676432060
7898300571275
7898741951490
7501006725735
7894494581892
7897042020324
7898666422495
7898595237245
7899509701517
7891010907983
7896004746029
7896965253734
7891321046227
7899264320497
7896771609510
7894383564333
7897918202755
7899653281750
7898589684550
7896036510179
7898506726547
7891360432722
7899110632941
4895138734998
6941690722558
7896653708003
7895265924450
7891150025967
7891321230329
7896874702842
6920388905091
7896181927594
7898741530350
7891182034753
7896108560378
7898142853720
7896641817601
7899091402069
7894494481758
7899547536102
7896964619845
7894222019789
7898518430173
7891134004544
7894222027753
7898588111989
7898650622450
7891027152031
7898504390658
4902505482076
7896020633624
7896036560525
7899663507840
7898639381361
4894290259271
4006381493123
7804950189012
7899026462670
7896013548416
7891058220839
7898587764537
7898636290765
7899527119998
7896839980476
7899783600513
7896852618080
7898115900109
7908209802933
7899706139038
6973094272483
7896112126720
9788568599143
17891321039189
7897517925727
7891027131104
7896150107743
7898405064771
7898411819563
7898588324372
7899572812127
7898060138992
7899031560026
7898225527043
7891024034736
7898671425382
7898622119384
7896885206087
7909883308810
7891142202833
7899026421547
7908209804838
7899095230293
7890026901657
7501073025332
7899755695011
7898588089363
7896226502199
7894222007601
7893454714851
7896331701883
7896200706131
7896472500253
7898258622722
7896000623478
17898488470381
746775194840
3494800300045
7896000615176
7896644715836
7899911202060
731509974706
7891301197192
7898647924246
7896640450762
7896116105844
7899753543840
884851033291
7896982901236
7896132131704
7899527109531
7896658009662
7897609902629
7898566513415
852539003027
7898419568777
7898671424873
7891772156278
7896226502632
7897144956729
7891055145821
7899121830602
7897517903374
6932159609350
7896226105505
4719861347365
7898490057351
7898958400033
7900083019384
090159312819
7908040427715
7896359036004
7896004700427
7890282800701
4894290632487
7891027125578
7896112457220
7898636290659
7896023788796
7898132847531
7896261002555
7896639602851
7908671603649
7896094207608
7898078313725
7898483152063
7896965201001
7898901898672
7896036524541
887961683714
7896261005266
7896042078861
7897237344174
7897655402043
7898008552774
7898014563269
7898279795061
7899706152389
7897571925671
7896676432985
7891027052737
7898562357280
7908083523986
7896181918370
32485115763000
7899783602401
7891158103353
7896004729350
7896251801076
7891266524309
7896064469456
7908077446949
7891356068751
7898474844236
7898623241589
7898671424972
7896497501655
7891360639626
7898647920576
736532611185
7896964622869
7891317041946
7892005011142
7898947386010
3494800520047
7908458306688
7891150013049
57977430
7891356024146
4894290679826
7896132134880
7896309204941
7896714221847
653569682158
6821990812565
7898100264131
7896112102960
7896211833116
7899026426306
7892509075480
7899026415379
7894494000522
7898248392765
7896013548911
7896744849806
7898494998674
8983195162383
7896112110378
731509993790
7898490057214
7894916203548
17892840822047
7896020160168
7899869200583
7898078762042
7891194000036
7909224533314
7899852003696
7899852013015
4005900125293
6952786801668
8710103962328
7898556752374
7891182992589
7898040323820
7898494998377
7891530583933
7896290401626
7898265325227
7898504390627
7896852617564
9556091126323
7895500725576
8003670965527
27891253284173
630509797202
7894494592249
7897013538117
7891010019013
7896010175264
7896093000217
7896311730537
7898258628564
7896000628022
7891266524101
7898610375341
7890026039053
7909883263225
7896317911084
4005808186358
7896448110578
7899470805849
7891150017863
7891106006484
7898945780001
7896497501556
714289112407
7898083109559
7898416839870
7898608954374
7899026468092
7908040491938
7897013586477
7891037003743
7896079819123
7898639380487
7898654050549
7896181913542
7899026464339
7896000627209
7899850321228
7896647002346
7892840824068
7894916507073
7891317450427
7898663335194
7896111945261
7894222010168
7908458322022
7894494688225
7896013508878
7898758083450
7896342905560
7890541043498
2100002021879
6903612145104
7898405067727
7897517921552
8710103992240
7896025512207
7891010246549
7622210561800
7896279111300
7500435118569
7891008121780
7896111944240
7896279103282
7897476659862
7908077446116
7896033211475
7898096330186
7909438007809
7896111992487
7896108560385
7891224287062
7896000717306
7896014191420
7897018510026
7894916140485
7896004737829
4894095163308
4894290656520
17891321062125
7898168006414
7702026149161
7896000625489
7506195196472
7896042078878
7501007454771
7896647005651
7899207534424
7899547538564
7896067293829
7898567750048
7899653780314
0070341705445
7896229974283
7891150070844
7897517906825
7896799983067
7896261000520
7899806948875
7896251800314
7896111985618
7896004730097
7898533223583
7908281314379
7891800332711
7896226101811
8059147059855
7893249926131
7891027055370
7500435125505
7894494554018
7896004768489
7896640434007
7896964618275
7908169010782
7898662450256
7891279131112
746775241742
7898935462740
7896658000034
7891040190942
7896714223834
7898943696878
7896509955117
7899655033838
7898646540713
7898185410249
078257571321
7898932140689
731509992540
6991984006062
5702051035448
5010994954581
7898447973352
7897054517089
7622210858245
7909438045405
3360372058939
3154141194504
7898523202451
7898380411188
7899852010007
7622210857255
7896422502528
7897947600331
7898417965875
7896261005372
7899527113828
7896015500016
7896111973721
7890541000231
7899233776874
7896647077566
17898681351104
7898608952516
7896112151203
7894916141437
6821990812534
7897230304663
7897473203471
7898935462528
7500435136952
4005800038563
7898516939623
7899233783087
7896014169795
7899347631090
7891150038356
7898490058464
7894494424724
7891266717664
7898168005646
7908083523900
7897655400773
7898506257898
7908209809246
7908083521807
7898416830501
6969024051129
7896000714107
7891313604428
7894222021478
7896839908449
7898422752996
8710103626787
7892509106894
7899095238763
7897054514415
7898664630465
7896006237167
7891317008529
7898555807396
7891033937417
7891182016629
7896468378217
7896683200997
7898449393561
7891301602955
7891772150887
7898963620594
7891058022624
7898225522499
7899852013480
7896114301170
010343922976
7890000956598
7909883124014
6934460640770
7896042038735
7896331704969
7896226103020
7899753544953
7894222009278
7891721027246
7896699011099
7898646549396
7898567794448
7506339342567
7891268113013
7898927980740
7898417969217
7892828001528
7896211820826
7899661762401
7896964618572
7892729856203
7891224489848
7898567791836
7891150003880
7896862994372
7896359035342
7898671426884
1016598298476
7894916148634
7897530100521
7898483151738
768836321301
6932159607134
7900083016628
7899850304269
7506195133477
7894993108705
7898946058093
7898258628113
7898480115092
7894222043630
7899014963806
7891266576599
7898589684642
7899701870110
7891142115959
7896033232364
7622202256714
7896111948880
7899658422646
7898503182353
27084928624
0703387008453
7908458306534
7896422517874
7898506468171
6952786891300
7899670808909
3337872420207
4030841212740
7908209807853
7898605221806
7899097925012
7908077453022
7896444603012
7899706138772
7891055139417
7891266728165
7898171290077
4894290656650
7908083517930
7898655576543
7899852003689
7891155002420
7891010099473
7891331014483
7896014124213
7898027870019
7898078317983
9788573981650
7896422509107
7891176117622
7896980455595
7898212287288
7894916142281
7898496353815
7898549340380
7899783600568
7896014149247
7891027049874
7896965253017
7899264391824
7899621108041
7908497415365
7896000627810
7891024174685
7896000627452
7898503182025
7899205955535
7891027046378
7896342900633
7896006246121
7898671424866
7898258620476
7891182870153
7899838824499
7896094917477
7897144601742
7898312923703
7898497308838
7898497303888
7891024032992
7899527102303
7891027148799
4893888160562
7891485408282
7896111999042
7899588000631
7908448005300
7891301520952
7891962000381
7894916141598
7898302727380
887961219531
7898969501156
9788537614686
7897930761940
7899790913262
7892840251642
9786561020657
7894494552526
7898577231452
7891045031493
7896647009918
6920897539541
7892840814069
7891027234027
7896341400103
7890541547927
7891033531516
7898588089769
7891800428926
7897254127637
7899613360150
7909224533543
7891266520110
7896509976815
7896964624894
7898417965813
7891224602872
7898588321999
7894164005628
7894916502177
7898395332997
7891224986361
7891485503376
7891360588641
7892005050325
7896033211277
7896041913019
7896009419270
7898588089523
7891072000011
7897386792048
7896326996539
3349666007921
7897595600967
7899105924693
7899768071239
7898198172080
7898488590655
7896641804724
0070341707067
7909690029618
7808523029504
7898369692799
7891150025622
7898417961136
0040232752162
7896115700453
7896422517171
7898067950085
7891721013522
7896112140467
7897411610095
7896033297554
7899790240634
7898078317853
7898474844250
7908040420624
7908458332977
8710103715757
7896326962053
887961009613
8902220105683
7896014183173
7896321008138
7891321043981
78925526
4005808729494
7891268102048
7891317041434
7896112159100
7897900315043
7908040492720
7891350033748
7898352913627
7896004737058
7891334109018
7898675500320
7506339309928
7896788000034
7898126404061
7896094986275
6902022567025
9786556580548
7896509955056
6903612145098
7896013502630
7896111994955
7896138700386
27897027202138
7891317129958
7898506729418
7898650625208
8993373253208
7896006238553
7898960833591
7898283855522
7896885202928
7896640433666
7898581710448
7898222450849
7898312566528
7896725339609
7898312952970
7897054519014
7896269901195
7896094916678
7896359007325
7896292298101
7897595604842
7891150036741
7899091403738
7898254100125
7896094209633
7899475605338
7898601577471
7791293016641
7908040450874
7899753553429
7896326964620
7898562354425
7898940448609
7898100212798
746775177324
7891150066175
7898662452694
7897517921019
7899026443792
7891155036470
7899753528038
7890904101377
7891182036702
7891317477745
7897322714219
789804820371
7898925522188
7896132134354
7898183794211
7896033231657
4894290674029
7890541822734
7898472895254
7898556755023
7898782820373
7898566290408
7896451915276
7898216366583
7891150078710
7899755612728
7448070304438
7896033204880
7896181907077
4894290679666
7898633986999
7896226108575
7891317000295
7898660593030
7908458336265
7791293995779
7500435106825
7896036548769
7891027137830
7896033212434
7896839908456
7898549375351
7898555805507
7898601577907
6939020402324
7896743803106
7908169004477
7898410319644
7899310502136
6925187882383
7891321101803
7896016801921
27084993813
7897517904845
7897476686837
7896647002605
7896004720517
7899753536057
7896054712708
7891033566136
9788538088097
7899360205384
7896180300244
7896226501390
7897256219965
7898644470692
7899264335699
7899790918526
7896321004246
7891150061583
7892929401494
7896004734064
7908010139310
7899852015576
7896964618374
7899420506666
7898715814066
7891037013629
7899852013329
7909438041520
5010994954505
7891027146474
7896033204941
7896033212090
8902276700993
7896206401351
7896025510623
7896422513104
7891183016321
7896033233774
7896947000752
7896251802103
7899026444300
7891153096414
7908077433093
7891360642923
7898417965301
7896326988596
7896525099208
7891000113608
884851033277
7898941553005
7891360559146
7898650623594
7896647077573
6438158132153
7898925522690
7898169081212
7899386514941
7896000672049
7896000718037
7896075711841
7891485431679
7908040458818
7891150084186
7898647926103
7891268144048
7896647068786
7896382703072
7896885206018
7898707140203
7891033871551
7891142145680
7898562359437
7898417962287
7896964619883
7898610373439
7908236800568
7898185414810
7896181902874
7896443128523
7899572809769
7896226500386
7897517932961
7909189317868
7899527114696
7898100242719
7896858624719
7896181911128
7896852628867
7891530584527
7899852022444
4894290299475
7896253900579
7898048200086
7898903692759
7506295384595
7898567750659
7908209810266
7896000615572
7896025504158
887961009170
7896007200504
7898395334755
7898599217205
7899026423432
7898662450409
7894222021881
7898524349223
7899911210065
7891033522125
7899264344653
7912103044825
7896653703190
7896094201309
7891024179581
7909438043548
7896637031868
7896015516024
8710103433828
783320851025
7909068640520
27084014457
078257686155
7896042077178
7893299740053
7899455901160
7898744786150
7898483152568
7890541863980
7896004727578
7896279128940
7899640804818
17899360222623
7896025527072
7899751102605
7891219017667
7896279129183
7898291211013
6935364090173
7896902216433
7898483152124
7898737630262
7908209809475
17891321110086
746775309923
5702051052479
7894222031200
7897256236498
7909107959576
7891150028159
840646000077
7896658005046
7898300571244
7896647077955
7896887740817
7898490057085
6952786807455
8903855062013
7896326918135
7897771301114
7908209804777
7898603990261
7899753509662
7891033889037
7896548132807
4894290254221
7898458703238
7891183026245
6941690722954
7898506253920
735201084152
7897517932817
7898941911010
7898976443029
7898277710950
7898562351103
6831899012553
7909690485858
7898625791686
735201084299
887961970753
7896212429356
7896380605897
7899264332919
6920388113335
7898506458967
7898516928146
7896033202459
7896964625105
7898741951506
7897316800065
7898481401569
78960033204972
7891106907187
7891183019100
7899753541983
7891027310370
7506295327721
7898301050182
7898944749726
7896112143512
7898538970321
7909438042619
7898447006432
7898125114497
7899207584375
7897595611314
6900000249444
7896637015011
7898946434200
4018674474573
7898129992015
7891150037502
7896523210070
7899755603399
7891191791005
17622300747333
7896444607546
7899706187541
7897054514422
7898417965769
7791293004198
4894290256379
7898566829646
7899588009948
7896111992937
7899091483303
7891317487386
7891027033620
7896033207072
7896207370465
7896779606917
7896647075807
7891137006378
7898458573442
602883022843
7891485405175
7896800010676
7891150045187
7899670809340
7898610379066
7893249332994
7898157615603
7908458332748
7892509077361
7895155933210
7891232492007
7894916146227
9788573980837
7896639600321
7891060018059
7896094211278
7894222018850
7891321110089
7899304806431
7899706119498
7898341430142
6932177469158
7898610379158
7891232135461
7897076915481
7898664630618
11025535
7896226502465
7897517920876
7899572811748
7896191258480
7899026421783
7899640808069
7899783600933
7898489806212
7896359006106
7899527138166
7908083522187
7909068999048
8710103670575
7898248392697
7894916145145
7896004766980
7899572814534
7891080000614
7893093016439
7896400506890
7891331018450
7898639794420
6920897713828
7896226500201
9788573984866
7896200704144
7891224346967
7896647028803
7898955004562
7897460401873
6945838721199
7899753532332
7890541013668
7896212421039
7896279111737
7896311768325
7891530632006
7896479930107
7898903692742
7899363132540
7899788403478
7908458332694
7500435106832
7898566293065
7898610375211
7891150050082
7891106003377
7896849132681
7897517913960
7898566291863
7820259713932
7891134018206
7898422746193
7894494695896
7898447977329
7897027201212
7899706123761
7908077435189
7896279103145
7891150050136
7898610374658
7501001311186
7908077429997
7899753557915
7899852003481
7896036520505
7898749971131
7890541132758
7896927484435
443515192929
7896070601697
7891106915915
7895296253024
17891395012156
7896085862663
7898623953017
7897337716666
27084657975
7899264309232
7899360215369
7896800009892
7898549353199
7896211801252
7891317014940
7898636190737
7898664975306
7891232970222
7891024136232
7897500553234
7891321334065
6952786896152
7896063200692
7896380600069
7897237332300
7897849611084
7899852012865
7898417962508
7898610375396
7891485420611
7898449405936
7908040493253
7899808875278
7898506721382
8718053571447
7898225526992
7896013544296
7898422744939
7899205951285
7896438206083
7448070304094
7896964623811
7896112141662
7897322700748
7898040325299
5678008262598
7898699845322
746775084516
7896297827276
7898916010021
7896279126984
7894494252815
7896044933809
7899621100625
7896004705040
7892840820466
7897042017782
7891150054479
32922837
7898258621091
7896004727448
7898002433505
7898079000136
7899026426368
8891165310354
7899820804737
6985459008040
7896033241090
7896666500130
7899852001883
7897517938260
7908077474294
3330000217540
7898486484161
7899026424678
7891266542068
17896007552785
7897186012315
7896025532557
7897930778139
7891024113783
4891453059600
7898459452128
7898490059706
7896292252103
630509714940
7431229977454
7892692811865
7908458328857
7891530354540
7896006201632
7896771600814
7899753531533
7896044900610
7898483152254
7891530329548
7898567794486
7894494269806
7896800014438
7891530572883
7898585290663
7898148490011
7897216933993
7898632471250
7899495702529
7896004822013
7891033930623
7897018800332
8710103848929
7893249197470
7896025500464
7898417966292
7894993108675
7896230304574
7891027069896
7891331018351
7894916140867
7897930762022
7895144603148
7896075701019
6920218911759
7899653284577
7908785490166
7897386781080
7899658392901
7898101643133
7898405066270
7899572805815
7899706132831
7899026459540
5702051048950
7891224478224
7896112101710
7898419472708
7896779680528
7896852617007
7897464701597
7891721024641
7891033733675
7896083409068
7891317016975
7894494168390
7896114312930
7891360647539
3154145387056
7899898400596
7897684808564
7892953209226
7898300574917
7891224588121
7898283856079
7898216364305
7898671428055
7891182016605
7896027548792
7896400502168
7898483150618
7898907008938
7891027130800
8902220113107
7891395012081
7891027554286
7898185411550
7891266256323
7896444609328
7891317009106
7891317421984
7896444602602
7896509955810
7896464738947
7896191246135
6931388597582
7896422516112
7897322700366
7898002433062
7896497503635
7891134004339
7896644717229
7897851250240
7890541132635
7899768809078
7899753517438
7896004705552
7896004772868
7896165600055
630509239429
636926052597
7891024035085
7891033525225
7896142700044
9788594720344
7899852018195
7891321101797
7896036547243
9788536819648
7891323075287
7896094928046
7898506252213
7896222718679
7898623243118
7898008550176
7896033242127
7896839950127
29846883
7896964614802
7898048204039
7891150056589
7896007546923
7898244720135
7898158691095
33927280
7898258627291
7898300572005
7896799980790
7896004812281
7896085814051
7898298360127
7891027074708
27084951165
7896902213074
7891027140908
7891150037199
4894290296825
7898915764086
7898417964977
7908312127220
7896683200980
7899621100120
4006000068534
7894222007250
7896603879067
7899850310062
7896033231367
7896116113214
7891058005665
7891485411749
7896132132176
4894290633262
7899850340625
7896094921511
7899360264510
7898610370131
7897833700206
7898518430395
7506195163016
4005808811106
7898079003113
4897019237031
7891232492021
7898502544398
7896015516949
7896251801977
7908016652103
7898497305660
7899753534268
7899360264404
7894494190216
4894290271624
7894222000671
5016533646726
7896572012915
7896444614032
7804955001234
7891158103063
7894494583674
7891150103931
7896083401024
7896002915540
7893590110340
7897230306575
7896036524145
7898632476545
7891027005573
7896033211505
7899852014524
7896138606558
7896181918646
7898508120572
7894383294902
7898567792222
7898915802252
7896013511120
7896046703165
2011090150368
7898212288483
7891033864652
7894222010052
7896181922070
7894494200588
7898534510033
7898503180472
7892840819750
7896331703344
7899083119555
7899527173938
4895138748919
7898588323566
7896191264023
7898457746984
7891224717477
7891150008861
9788576610427
7898422749590
7896658033384
7890541543974
7893249212784
7897802719043
7896269900907
4891454718018
7896326957943
7897386787815
7899026473645
7896183313906
7898589682501
847851086056
7890263276969
8880000362931
7898343701530
4894290282262
7898583470203
7898301052841
7891301370892
7506339357493
7891360622741
731509577617
7897476686851
7893249343037
7898157492525
7899852025773
7899850321488
7896111984895
7896342444182
7896014125319
7891313316154
7896647009864
7897249578284
7898741801658
7899360264466
7891142115430
7894494749698
7891721202797
7896800014568
7892840819729
6925352213073
7899755687863
7899838801247
7898265261020
7898935271335
7908371668542
7501006740202
7896372500476
7891000042564
7898662451451
7898412155714
7898662431064
7891027139247
7891910000197
7897144600073
11073093
7896653703244
5010994803025
7500435125314
7899806949810
7896261018860
73013080
7898588089332
17891321334062
7898207210604
7898503183527
7908209801141
7898520938315
7894494187568
7899026480926
7899207582814
7897572006287
7896112126829
7896321020888
7892509059435
7909438043401
7896108008993
7896331708578
7891024131152
7894494711435
7899706137386
7896112121145
7899026495357
7897753693527
4894290240309
7898300574276
7898506726530
8902220109766
7896400506777
7898497308296
17896007549266
7892509075510
7908040487153
17896061995467
7898647928787
7898720566790
7896369163974
7891150075306
7898569765019
300651507775
27084928648
4005808692576
7896658006913
7898936754332
7899527133970
7891485388300
7897731190062
7909224546994
7898696040454
8902220107304
7892840823382
7896132133111
7891027081843
7896484101332
7908010114676
7891033572328
7891153105901
7899026420991
7900083017229
7506078948099
7896380660674
7908615800738
7898562355910
7891317021924
7891530539633
7896603800399
7896004716442
7891106907101
7898671425962
7896004810065
7896647028018
6889297110111
7891360662914
7897185910742
7891010031855
3330000260423
7891027060114
7891360472636
7892680320775
7897780200422
7899753504452
7898108611708
7890541013545
7898588325829
7898283854365
7896132122498
7898489510324
7898964789023
7898064923167
4005800634864
7891058005658
7896112406273
7896647070765
6149330040721
7896025538504
7891485173906
7897947617476
7899264309478
8710103933113
7893249794068
7897595630773
7898225522420
7702425527157
2000000000121
7896025505469
7896016807800
7896927468428
7896111943953
7899097922516
7899838827544
4895138743082
7891027315955
7899753539560
8058664029327
7891033510757
7898660593580
5702051024176
7894494200519
6941690723135
7896472513314
7898149188108
7898932140580
7891024132104
7898509232816
7891150002418
7896000601544
5702051030078
3282779391023
7891024131756
7898589684826
7891027057442
072512196113
7891634017747
7897517907303
7896042082738
7899743921470
7899768808033
7891106907408
6925352213035
7898567795018
7896015593216
7897230304106
7896004718897
7899820801958
7896653709635
7898040323295
7898671424118
7896255713368
7896025502970
7891301191213
7894494668722
7896414306059
7909438009483
7891150080744
7898265325531
7896092002083
7898481401828
7506195153864
7896714225296
7891035010750
7898509251664
7908077453855
7899706164597
7896964622005
7899753555539
4895138780087
7898699845285
7892597340644
7898233004253
4894290271600
7892687812310
7896112406433
7898671425825
7898961836607
7896641805936
7898582291021
7791293025896
7896572026813
7891155062837
7899091424733
7897473206724
7894650940068
7891024174630
7891027108564
7898417963079
7897256220961
7896414349940
7898588325522
7891360559153
7900083021141
7896964620117
7896111912379
5010994800635
7898100211500
7890541715395
7898447978135
7896235321538
7891033913954
7898422168223
7899026449923
7899790243420
7899360218667
7898300574702
7891027119973
7898562352148
7898582683055
7898629561926
7896132100984
7891142153135
7899755648697
17891321104184
7898489806236
7896111994887
7900083019575
884851029072
7896000718242
3282770101119
7898588325348
7893249802220
7908038604753
7506195196687
7891350026610
7891033934034
7898610375426
886112895075
6931759222204
7898125119713
7896009419294
7898505093756
7896964620537
7896714202693
7897473206540
17896061996839
7897832866590
7897947613591
7908077444945
7896000717528
7896672201738
7894916144247
7899676806695
7896061990595
7897947600836
7891142177056
7908077401276
7896004711706
7891027065454
7891360587460
9788532262554
7898302722415
7898945450676
7891182870078
7896181922001
7896902210110
7898662451536
7896207372049
7891150074484
7898212285703
7908169009045
17891321333850
7894916507509
7896980408515
7899806206630
7891266695825
7896206402174
7896451914187
7896025527980
7891530656828
7622210561909
7896326946084
721129053257
7896042063966
7898524632783
7898926572090
7898610375143
7891224789856
7896540789573
7891219023774
7896902212497
7898447974380
7891301371479
7891060679953
7897386785002
4894290263483
7896641802669
7896094915794
7891301515477
7891301196027
7891010964641
7899420506918
7898903221096
7908083520251
7896380603213
7891485418557
7898588324204
6925187876146
7896111921708
7892702711598
7896006201618
7899755676171
7891027139155
8002135088894
7898588086683
7896326957202
7897930761209
7890541720511
7908103765587
7891910021109
7891239003503
7897013536069
7898248392888
7898458571370
7899095260634
7896779670529
7898945030823
7899083121312
7899264353341
7896212469086
7896641803055
7897595617026
746775337650
8903855073132
7896699009300
7897316804964
7898671425320
7891485306762
7898970341635
7897877700231
7909438042152
79656446456
7896181900498
6952786802542
4005808719273
7898562358089
7899420506642
7892953207376
7897517903534
17896007548412
7899026452664
7899658360467
7898970341376
7908046800154
749355833719
7791293005188
7890541017284
7891150034341
7898647928701
7909224537343
7899304808848
7908228805021
7891224986408
7896595570003
7896224410335
7898458571202
7898957474837
6934460634793
7899640804337
7898650623662
7897018510101
7891317000288
7896033202671
6971912072963
7898566290460
7896639603582
7899850320931
7891224112340
7896025537484
7894494624582
7898589684666
7898452173235
7895265739481
7898312590752
7896112117612
7891027145927
7896132135498
7898483150595
7898590440046
7891033922284
7894494546303
7891266541764
7898952577861
8902220108370
7896359035465
7894916508384
7898458570311
7899026462601
619205025451
7896230302266
7891142144362
7896269693052
7899820800937
7898770420059
3337871324476
7898610378632
7890026005096
7908593504093
7897476653181
7891279230402
27897476609519
7890026042640
7898617527873
7501843506399
7894222009438
7908448005416
7896012800836
7898260785705
7898417965806
7899755699545
7891000106983
7898915801910
7898623950504
7899583200050
7899768828697
7898410315059
7899026476523
3213580010117
7896006207757
7891191004594
7891150062504
7898936770943
7896000610607
17896342444165
7896004725574
77949646
7896006217725
078257595709
7899619906956
7896639641706
7908132209540
9788538089353
7891033523900
7897595637260
7898633983578
7899588001591
4711161960060
7899852018270
7891109635216
27084798463
7908038603244
7891150083264
7891027082000
7899055276682
7891317104177
7909107917118
4893888171520
7890541146083
7894222010175
7891224717569
7896212413560
7898225527012
5702051020444
637668100201
7898157301278
7899852016559
7899753505930
8902220120297
7898417963222
7896020159858
887961382884
7896255766487
7896317909241
7897779709103
7899411571086
7898133134784
7898741530411
7896603803123
7891321068342
7898656685121
7899706239318
7891360653806
7897595900807
7899026426337
7908040435963
7896644701945
7798151678454
7891317425838
7908497413798
7899674035349
7896509400013
7898973417849
7898417962768
7897476608488
7898927356583
7898915801477
7898524349933
7898610375266
7899808867433
7896852616727
7897027213260
7899706139052
7896108560422
7896647028896
6924466310180
6920897737503
7896492200003
7896676425314
7894970534008
7891224671472
7897775672029
7891530303005
7896609544464
7898417961044
7898048060017
7896009170065
887961372618
6940076660002
7896033293877
7898302720312
7898533224832
7898588321784
7899783600780
7894916142175
7896004703701
7896094929340
7898506252596
7898567795735
7897386781165
7891027305109
7898504380819
7896014176069
7893249046853
7896211823476
7898933076000
7890541378446
7894222026886
7898483152230
7898300570926
7898588324723
7908209802292
7896927482660
7896013543336
887961058550
7898048200055
7898422167967
7898939803051
7892840818180
7896714241340
7897947616813
7898647928855
7896639603247
7898671423999
9788537633939
7896111953839
7896422507189
7894494687853
7893249665962
7898258627819
4894290240064
7891317029951
2025040239829
7896317908077
7896444600455
7909107543324
7898258628540
656079621716
7908013507390
7898490057009
7897780209647
7891150079533
7896965203302
7897572002593
7898595238228
7891010563202
7899852014821
7898412977491
7899013502013
7908216104402
4005808555321
7898280350143
7898503185026
9786556580487
7899547018653
4905524751536
7897512900125
7899655501160
7896013553076
7896658036828
7898927356354
7898506253968
7892509103121
7899347604674
7897877700453
7891485405786
4894290632500
7891317020453
7891485405496
7896006255000
7898629148790
7899753541112
7898941911850
7899838815466
7908458335794
7898009434598
0798190061009
7899264359114
7898632473650
7896964618213
7899652102353
7990500016683
7894494624612
7898524344792
7894222040080
7896647078266
656079405811
7891266774483
7909253140750
7899850300247
7898919210022
7896798600200
887961219470
6971912073007
7896004765860
7896369126115
7898664972312
7899670907329
7894494670589
7896000623850
7908077448813
7899808881057
7501056348946
7898138781921
656079663594
7899753502403
90159312840
7891800428933
6898446410323
7891150038417
7908040417495
7896800010782
7891360652984
7899091403394
630509797394
7896982901380
7891317015039
7897982202095
7896046700980
7896965254311
7896779660520
7898935840029
7892840824044
7890541000286
9788538076117
7891530397028
7500435020374
7897042013586
7897042016303
7896658004841
6973094271325
8600013012940
7899095201415
3330000260300
7896331704280
7897411602274
7897774011003
7898543384601
9786555165753
7891035913143
7898994127628
7896658018084
7891266524095
7891350000184
7891150037274
7891321041796
7894494729744
7896261002982
7891219020001
7898936049025
746775194680
887961062946
7900083011777
7898646541420
7892509200899
3154147474600
7896448145907
7896647041888
7896004711720
7896116111937
7898074614048
7899852003658
7891691004520
7898520948376
7591083011104
7891772156339
7896647020227
7899264305678
7899621101097
7896094201590
7899753540924
7891772156377
7898556755870
7896637022859
7894383564340
7895858006013
7896355740011
7896462005867
7898506256877
7891150011960
7899527138500
7891182993715
7896964622876
5702051045584
7897476654409
7894916143134
7898605222193
789622518111
7899420507045
731509992755
7896647090107
7506295383130
7891010601188
7896012801734
7896004707211
7896138606503
7898468860495
7899652100595
7891142203410
7890282801500
17894900660309
7891010947453
7893595779559
7897832863018
7896479904924
7898497305363
7891317448653
7894222027708
7896852621585
4894290622914
5457862545135
7891027304539
7791293014968
7896033203005
7896253902191
6952786805505
7898940257256
7898610374115
7898954408064
7899650100870
7899852001814
7908040450171
7896007545162
7892597541041
7908371617571
4005900005991
7899026408173
7898639794864
7891301518485
7900083017489
9556091161201
7898486486820
7896653706917
7896046300012
7899673001499
7891150068926
7890000023467
7891360612650
7896013571407
7909438041872
7896326948958
7899250616863
7895155770655
7896026302036
7898650626243
7899655034088
7909438010694
7891150022294
7990500001368
7791293023335
7891224677191
7896423470703
7898671425504
7898588112061
7896464706953
7898970778523
7899620605183
7898448616289
7899413100130
7891142138415
4005808555253
7891106908306
7896004754840
4005808711178
7891058013189
7898258620988
7896027549560
7909253152869
7908458335893
80935513
7896444603968
7891261261667
7891279276103
7898096330292
7898970725367
7908209804487
7898495605755
7897294400462
7896004761299
7898419156776
7899031534140
7891485368197
7891106906043
7891268116243
7897698222011
7896644703932
7891060953985
7897252291408
00027084929522
7891224663781
7897020203732
7841881033908
7898474841570
7898501384865
7896253903013
7899264343472
7898447970955
7896737201093
7898617523837
7896464705970
7896116108111
7899753536477
7896309200486
7898639380791
7896027546279
7898632470857
7899658396732
7896094904446
7898569382230
7894810620243
7896484110426
7896006257950
7898950234827
7899233740059
7896000615657
7891037169654
7909253140897
7892005050493
7896116105035
7896464707332
7899429107529
7891485386108
746775180201
6972858365485
7896309204040
6931759225786
7898577232015
7894222037936
7898170655280
7898698740536
7894916146371
7898533237696
7898636192342
7899790250428
7898590338015
7891331014537
7791969016005
7898615158819
7898945458719
7898656685275
7909883434762
7892953001332
7506195100295
7891224789887
7890541555601
7891356024627
7898566826409
7891317427351
7895800400210
7896025534681
7898599212736
7891150025639
7898639380043
7899250611127
7898417963246
7899706113243
070341334232
7908470016602
7909224533277
7908346903913
7891313612010
7909253105469
7891266200647
7896647073070
0722713014074
7891232971779
7896042044118
7898283812358
7908497415372
7896685301302
7898698742394
7898146828311
7899755634904
7899820804324
7898157613999
6941690706541
7898970341727
7899852000114
7908169010607
7891010010546
7891485340322
0041333038865
6941690724002
7893249343006
7897659606317
7898671424293
7896326962473
7891219032479
7899706114639
7891035910173
7896004705231
884851011480
7891033932757
37897849609068
7898936049070
7899808802366
7896644711500
7896261005570
7899806207798
7895144206905
7898593050525
7891634023977
7891317007348
7898502541960
7896443127861
7891321331712
7897185957402
7899753538143
7896444605887
7894916144469
7896064490863
7896380660698
7891027342982
7896286615518
7898070053636
7899701870165
7898589682624
7161896045957
7891150013315
4894290629548
7891027005078
7891360674658
7898552003494
7908016676253
7899264389432
7896462002996
6920218909756
7506195147467
7898503183541
070330521841
7894916507516
7898925879282
5702157152452
7898503180380
4894095233445
7898930508139
7908083512744
7898925522805
7893249030265
7897256263574
7908542613319
7891027130688
7897930762954
7290108164787
7891142142290
7898414853199
7899621101080
4897019235648
7891485431655
4005808850983
7898300571534
7898288551771
7898405066393
7908040450027
7898664970493
7891772144831
7899706162692
7899753509150
7896083400218
7896464704416
7896647077320
27084928631
7891360663010
7899788407780
7898447907050
7898945450195
7896033251723
4005808539680
7501006740219
7891301486395
7891224875474
7909438047300
7896641804205
6932159601750
7891301112881
7894222002620
7896111956977
7896484180023
7891360612667
7896025533783
7908077459734
7897076909343
7891058015718
7898527126289
7891232970192
7899871705335
7891060028539
3014260777241
7891772156254
7898040324254
7898617529754
7908458336432
7896885205165
7898412973660
7909438039848
4005900696786
7891150055896
656079490121
7892509064668
7896000617446
7896400597621
7908077458966
7898012490277
7891058003708
7899583200562
7896522030150
7898524341753
7896111907658
7896714230603
7899753554037
7909107701380
7899655045794
7891224483242
7891183027211
7892840814564
7897660300068
7898961836454
7899768819336
6925187872254
7896049528741
7899755653271
7891027049621
7898012490208
7898962676257
7898632474985
7908209804722
4005808231065
7896036526040
7894916144674
7898666420354
7501839199758
7896033202435
7896042088723
7891150038172
7896112122975
7891027084073
7896025539600
7896359035458
7899852004167
7899527137411
7891721200311
7896640452643
7891331014094
7896033270120
7896676416879
7898958400590
887961003406
7896013501237
17891321230746
7908609044209
610059851296
746775306014
7896132135016
7897042019250
7896112156482
7896044900580
7896211806387
7898021635133
7896000628145
7891155027928
78924499
7908458332441
7891530495854
7896083409242
7898664973265
7891485290344
7909438064857
7895500723473
7896094208698
7908083529568
7891150096271
7622210573254
7908689903007
7898556755368
7895155625672
7899069918998
737052074313
7899620911826
7501007480848
7898525587686
7896000614711
7891224347896
7896042029795
7896573380259
7894494190131
7899026468115
7899347601642
7891485384364
7899640425259
7908470026656
7501006743081
7891075302051
7899788402648
3014260794484
7898212288636
7898523201133
7897920701451
7908609044902
7896004734248
7896004709178
7896094922198
7898302727816
17891321220594
7896916782313
7896036533147
7897386781202
7898647929982
7891313604503
7897144600097
7899026442573
7893249054803
7895296446235
7896070601895
7896018702912
7891321332931
3282770201826
7899026453494
8675458875474
7898671425146
8809009345912
8901684605753
7500435181297
4905524751529
7891224483266
7896497501280
7891317037017
7899310586013
7898417961037
7896965253413
47891075403190
7897185913194
7896013557616
7899026414617
7898632475326
7898447974250
7908615090566
17897517909595
7899852010250
7896006220534
4894290256393
7894164009251
7891530570001
7896283001321
7891010246846
7894916142960
802822003609
7896965213257
4894095612912
7891266149519
3760133122303
7898286945053
7898946904741
7899768073387
7898085947579
7890541132680
7898944073234
17899738900733
7909342612090
7891109714478
7899956880780
887961522082
7891530608155
7898928518911
7501843507907
7891027415754
7898955638965
630509611614
7896676428681
7899785507322
7908040468633
7896653705156
7892509060059
7899310581377
7898911495755
7899455900583
7500435107303
7896750404044
7896779610624
7908040467865
9788538090427
7894916140409
0070341350942
7898352912194
7899304806424
5702051024923
7898414852062
7896676407969
11005544
7896111992579
78944732
7891317482510
7897042004904
4894095169379
7896085823510
7896261012653
7898542758564
7897474203340
7896290401763
7897027201076
7896317884647
8710103688518
7898656164121
7899217960008
7908209809758
7891027147099
7898516901095
7896200711401
7909883309305
6920388608473
7897478406068
7897832862554
090159392804
7908209810808
7896647041475
7899527134038
7908038605798
7891360674757
7896025541481
7896004728773
7891010005900
7896509963914
7908077460020
7908209806948
7898566510896
4005808513536
7897930762060
7896025523937
7896653708881
7891023556864
7899690506236
7898608952110
7897424082155
7896714212586
7897930760103
7898950465153
7908652100860
7898610378625
7891024134498
7908209804821
7898441466065
7898632472264
7899753533551
7899852003801
7894222000336
7898522714894
9786555161434
7891055691427
7896025520233
7896609543016
7891150041387
7891182014816
7898916594477
7894494585876
7896230300941
7898687733631
7898945454452
4015630006724
7896311769339
7898302727267
7896036543238
7899850311885
7908077451974
7898589684598
7896557307081
7896927482295
7898222833239
7898417961488
7896964615861
7896006298267
7899753524191
789015705705
7891137006453
7891317015473
7896326976951
7898292889204
7891150061538
7908161704122
7891027292928
7898690180682
7891027147136
7896112159254
7898503183138
7897256264743
7898432536845
7908448005423
7891182016841
7891301489334
7893454208817
7897794900011
7896025519350
7896448111513
5702051021106
7898301059024
7899091425938
7895858017101
7896839910145
7898610376409
7896116532787
7898516926746
7506195172384
7898631551991
7908228806011
6941690723302
7891027139339
7891321038000
7895500722339
7898312581385
7897299900042
7898502539950
7891033923755
0070942005142
7506195197141
7897254101330
7896181904175
7898458571295
7896647027967
7899264311990
7891317439644
7896015556983
7897386789154
7898468503552
7908609044919
7894222031194
7891106916028
7898265261044
7899527120017
7898650626939
7894494113987
7891485419714
7896484160063
7896380603480
7891037619609
7899420506604
4894290226006
7896013539339
7897571921130
7894916140478
7898943566683
7898588113945
7898644470937
27908470002234
7897476660585
7891219016981
7891721023439
7899264320534
7897042013791
7898078314142
7898273128322
7891224865864
7898040322823
7898312948768
7896108009044
7891360544548
7896042081748
7896326912188
7891485373535
7896008932978
7898524349964
7898911309397
7891331010539
7896206400262
7898915802115
7899753556307
7909883191139
7501007495675
7897027216025
7898495605533
7896311775446
7791293027111
7890541728715
7898405067741
7896653709642
7896965258586
7891010937201
7898617521710
7891027005931
7898040323332
7898412971017
7899706110440
7899850314251
7896015522322
7896885205196
7898157617836
7898926999972
7898567794394
7896737000924
7896444609335
7899455901627
7896647072998
6903612145043
7898605222919
7898419152471
7896098813218
7908169002657
7291201115058
7898170783310
7898176580227
7898586630338
7908209801868
7896094902916
7890541049681
7891027067380
7908013507116
7896111996263
7896004722405
7896020618140
7898503183121
7898936440006
7896033221146
7896033270076
7896779604128
4895138756969
7891010718688
7891240002786
7896025515680
7895800817933
7892509054959
7891027146238
7896181916864
7891268106527
7896885209521
7898662451291
7899620911031
7891721202872
7891150075740
7896647009130
7891279916016
7896025540989
7898447970771
7908209810365
7898639301406
7890000956628
11022237
7891317468866
7899828200210
7899852010212
7896004769684
7897517934026
7891075131002
7894916140706
7891058034092
7891150024557
7898300572463
7891485484132
7891008209358
7896096909500
7891033471690
7896771607462
7897013548512
4006381493390
7891224662937
7898516061140
7898595237368
7891010875725
7891239002889
7896012800812
7897042004942
7898483152261
7899097920307
7898395843172
7908448005539
7896444606242
7891224829248
7898955171158
7896033261142
7899838800998
7896018700895
7894222008424
7896116107053
8902220105287
7898945244244
7898506475742
7898928577680
7898447970719
7896380603930
6920897650888
7897595625328
7891463000910
7898944500310
7894810620281
7899095244771
884851033321
7898623241657
7896007544547
7702031988274
7898395330832
7896006214212
7896647037867
7891150029552
7898741950271
7896658010170
17891321331733
7896132130318
7896279100120
7896737000191
7898521378820
7899095204447
7899670905837
7898449825581
7899026424548
7891142201935
7894222022215
7894222009889
7896006211860
7896261004696
6920897708879
7891027114718
7898040923105
7899850336918
7898942324413
7898942324833
7909253129298
7896422514484
7897517921521
7897807422004
7501007455105
7891219017094
7897917000048
7898079001546
7899850333382
7506309813486
7898927356521
7896658003561
7898662450164
7893454309118
027084936933
7891219026201
7897027221005
7899583205888
7899026424395
7897655400025
7891301507571
7896422515559
7893249678931
7896042080833
7896671692902
7896033211581
7896609544853
7898542758236
5702051101549
7891137003643
7896033232388
7898265324503
7896965247429
7898632474909
7894494771996
7896004819921
4006381438551
7898765331179
7891027141639
7897562237813
7891024026403
7898212288643
7899583205895
7891027230043
7896222720429
7899640807222
7898447978111
7896111927663
7908209807129
7898943561930
7896049508217
7898301056900
7899207514419
7898675502058
7891239018354
7891150054943
7896902285545
7897517906672
7908083524679
7891224748730
7896676426380
667524222983
7899031539626
7896191294679
7896523209050
7908448005126
3330000251186
7894916143554
7897947607750
7898458704396
7896004731261
7897779707109
7896004759586
7896036543337
7898468860273
7898927356743
7896603800528
8023277100732
885911155298
7899304805588
7891224630035
7898953714821
7899583201224
7891150039384
7791293022574
7891721028335
7894494540134
7891266179004
7898555805514
7896112123033
7896212641000
7898503186030
7894916510257
7894900113563
7896714223841
7891177083537
7896033231992
7899264342147
7898915802092
7894494592591
7909690297321
7891266774292
3330000260287
7896042069678
7908077460174
7896033204934
7506295396369
7894222029795
7898741950882
7908077403218
7898932370932
6924466311613
7894916144902
4711161961548
7898312569857
7898589684444
7896927459594
7899755675181
1543221065421
7896291309778
7891000023327
7899083123767
7890557699344
7891485307295
7896036547137
7897947611979
7898279799823
7894916145435
7896000613219
7894222019970
7896042069340
7898298360370
7900083015539
7896111945735
4005808229765
7898944749221
7898225526473
7898493362292
7898633980003
7899026487178
4005808552924
7898002435684
7896594800170
7899820801187
7896014812776
7898994297468
7898927355302
170503684
7898280350938
7898039600055
7899852024141
7898283850336
7891153070445
7898101647834
7898633981307
3330000254385
7896444601247
7897042015412
7898179821020
7898650621699
7899026438682
7898562354821
7897256271055
7896116113061
7898610372616
7898955019030
7891027081133
7896033211529
7898417961068
7899806204247
7896111932469
7897386781196
7891027117245
7894222009445
3330000617418
6968332409295
7897562200336
7898417963376
7896111942086
7895858005993
7898947387086
7898943477095
609963963270
7891150056091
9788538047711
7896400507460
7896094209626
7891634614861
7897513907796
7898078759554
7896359042791
7891027009847
7896750403733
37896311709497
7898483151363
7899207513115
3330000236442
7896982903506
7890541728791
7898588327564
7898632476019
7891033925551
641412210474
9788533926752
7899527175901
7896224410373
7891321043646
7890265987924
7892509071628
7899050544106
7898650621217
7908236500345
7896464731238
7898395331976
7898447978708
7898503182728
7899706188067
7898556757249
7908458324422
7841764039041
7891317034979
7898433202565
7896004725772
7897473203600
7908346900608
7897013548529
7899806206234
7501007454795
7891317421595
7899670805946
7899850340465
7897517921095
7898947388007
7891279912209
7899026475489
7899753544809
7891301487163
7897799833499
7899850328609
7897900317160
7896572039660
7896033203159
7891158100406
7898411816456
7898458700503
7898610376393
7899820807172
5010994755126
7841881036992
7896014179213
7891321100578
7891010590260
7899432865577
7896042069029
3330000230297
37897849608078
7892840823054
7898671428765
7908209806863
7898744782558
7891112193086
7897476688541
7894916141420
7506295389927
7896007542345
7898270154478
4015400414759
7891321331354
7898698742417
7898591450709
6920218900609
7898937360068
7896000625465
7896779604722
7898698743223
7891027069933
7891317001476
7897840305401
7898629561742
7900392000103
7894494667046
7501001170301
7898947407128
7897147500257
7897517933012
9788538073420
7891350032680
7898632473414
7895144693224
7896000614063
7896181928829
8429420160583
7898472907025
7896112110583
7898414852550
7896964625853
6908715051116
7898912444424
7899788402907
7892597340781
7899069917281
7899097936612
4005808806430
7898502534061
7898095341039
887961038620
7896075029359
7909438008912
7899360218681
7898064924119
7891224959402
789821138118
7897500529017
7896183313999
7891027152222
7891150020924
7896317906981
7909224285633
78906471
7896093002471
7891360612674
7896224410229
7896380603596
7897517926595
7896444606419
7896111994962
7898413661382
7896965217002
7898567797319
6931759225793
746775194802
7891317003739
7899069913290
7899069918240
7898662450010
7899706117753
7896007551088
7898595239331
7892509071642
7898718330150
7908038605163
7899527149674
7898453437992
7898588080919
4015400584568
7891485385927
7898949584599
7899455905908
7908169003500
7897780201825
7891313617763
7894494136009
7894222022062
7897877700293
7898410314700
7891530460319
7909438043135
7896927456616
7896025538177
7898132989323
7898946291247
7891010096915
7899852024738
7896472502264
7897254129655
7897779693105
7896207372551
7892840264840
7893249095110
7891301322488
7898488470971
7898681350803
7898957474769
7896083400270
7891027295684
7896008909376
3433422408852
7896964620582
7898504383209
7898699840952
7897947600911
7506235549626
27897027202121
7896737000337
7896013501305
7891182980159
7898556850674
7898588324570
7909883225841
7900083002072
7898502534047
7908148562851
7891530464782
7891301371219
7898085947074
7898148293490
7898405063613
7896071025430
7896004705743
7897027218678
7896422507844
7898973417801
7899525202432
7897595602404
726669007364
7894222009605
7896132134286
7891317189648
7896230304383
7898939752434
7908077444785
4894290670472
6971903870363
7896044928225
4894290298065
7891266542075
7898303261067
7891266640511
7898610378113
7894222018966
7909883362584
5010994856014
7891150059047
746775279035
7892940000041
7899783601282
7899779009887
7891010510992
7896603803901
7896261009226
7896094927537
7896112427384
7891027159818
7891027309596
7898959897368
7897473201859
7897832865319
7899360222848
7891000049051
27898944500154
7891158106583
7896042086347
7891219021633
7897517909703
7898662451253
7898903692889
7896641810824
7898102264283
7896004720296
7909438034898
17891321108694
7909438028415
7896982903490
7898225527722
7891116169575
7896112180494
7891024131145
7896033296670
6952525878098
7890541114815
7896647090787
7898158691576
7899364808765
7908209807778
6920897750779
7891530360152
7896714215297
7895155771652
7898699841041
3274878212309
7899364805528
7622210839626
7891301520037
7900083002553
7891153070391
7890904101551
7898623955530
7896181927655
7891024024744
7896964625808
7891024102176
7896800022549
7898170657093
7890001173598
7897807410544
7891183024449
7896548199459
7908169002381
7890026124490
7897849621601
7899026440975
7908040459266
7899783600247
3282779411790
4006000101330
7896111994580
7899852001760
7898933197149
7896033201018
7898405060636
7896009498411
7896448111896
7896014185030
7898115901960
7898002436247
7896852619490
7891033856459
7898588322262
7896540789542
7898105010276
7898379297502
736532021953
7896292251106
7896448198903
7896799953770
7899583200043
7908103718590
7892509063937
7909690448648
7891800332902
7896331705096
7896548140222
7896637023108
7896025533509
7898458573572
7898631550833
7896112419884
7908458333141
7896006201564
7899026483866
7896862912017
7890002967660
7896279109871
7898008554037
7896004703954
7898258624023
7899026415546
7898352914907
650240017841
7898466750859
7891010936914
7898663740738
7898703031147
7896036548486
7898562352858
6920218907233
7845611010436
4895138734967
7891033480623
7896380603237
4894095164732
7891321108697
7897256245926
7891150008854
7894650088807
7896015500115
7896033204743
7898639380395
7899026408272
4606030188129
7891045038690
7896036546710
7897775675020
7899527139903
731509673609
7891219029028
7896042090764
7891058001599
7891142144287
7896004709826
27897027201223
7897280301490
4894290271617
7891010020156
7897478401063
7891182999427
7896004742946
7894650014028
721003142507
7899838854441
7898662436793
7908209800120
4894095149111
7896255763172
7896342411122
7896484110525
7898169080123
7891150035539
7891253104750
7898417969156
7896006200994
7891027308230
7896181904922
7897027218227
7896033231305
7898906887114
7899026486454
7501001287078
7894916500289
7896004701257
7896317901719
7896624203544
7898292886302
7908289801024
7898569762674
8300252524210
5702191025521
7899026495982
7898489511031
7891317008826
7894222010144
7899650100894
7891350000016
7898300571664
7898947144139
7899091484102
6952786802566
7896111994665
7898549347969
7896331701371
7891010253530
7897832862509
7898656683301
7894494585906
7908209802650
7898631551502
7896111996324
7895155772772
7896640414436
7896603805059
7898741809982
7898483151646
7899440955253
7896965211758
7891317011444
7891317002558
7896006248910
7896603846724
7894222027210
7898631554701
7896644728805
7891313612409
7896852625255
5702051056771
7897322709420
7896006230281
7898578924216
7891634017914
7896699013598
17898613211025
7898660593306
7898503180335
7898411813127
5702051044617
7891000108550
7896000623881
7899670806240
7899852021904
887961027716
7898994297437
7898395333062
7893353104623
7898577234439
7898024398813
7702045538571
7896444605894
070330423183
012742012784
7898126405846
300651418477
6926168014168
7898671425559
7899069918226
3760133124437
7899790225105
7908458316625
7908458335879
7897835700310
7899753531939
7896647007778
17891321101473
4894290009425
7898474844793
7908652103175
7896261005587
7897476625782
7908040449595
7899264399752
731509993554
7896024402820
7899852003146
7891485353049
6941690723197
7908040449670
27898944525188
7448070231673
7891485462284
7896658038938
7891313588254
6933311287645
6925625422652
7896000615565
7897779749109
7898671424774
7898966463303
7908470004876
4005900807861
7896033293778
7899806207828
2010050529138
7898506256211
7896020610533
027084657968
7892840814458
7896448166902
7898549358064
7896800009038
7898078315774
9786556173252
7506295338833
7909438039862
7897252261203
7890000011198
7897424081943
7898504927359
7900083002812
7891158106552
6920243110042
7899095230330
7896025505254
7896013503859
7890541543936
7899083119524
4894290240316
7908324404302
7898417963116
7896714221458
7896679226833
7896737000429
7891224673391
7898490059690
7891038353106
7896243101863
7891150052437
7896927482059
7899527138753
7908660200620
7896000622501
7896007551118
6924466310524
7898942198878
7898209180202
7898503183022
7896004715179
7896013562924
8456465164184
7908077453893
7898461518980
7898483152162
7897595601780
7898520934300
7898656684681
3401360195349
7891027309183
7896737011012
0619205021446
7894222020358
6932159606182
735201084213
7899852022963
7896472500161
7891017014752
7894383009988
7896000660978
7896007541973
7896525092261
7897476659848
7898706180224
7898216364527
7898973417825
7899621104562
7898648240352
7899753536118
7908216112896
7896033261395
7896523200965
7898698744664
7896033292603
6932159601781
7899806204124
7896484130127
7899850302517
6920897748578
7891360635567
11017714
7891010959296
7897386791737
7891033893096
630509863938
7891075010239
7898562354449
7896509955483
7891033852987
3433422403765
7896042033754
4894290629784
7898296950047
7898906005181
7896094907812
7891106916547
7896004713250
7702031416098
7896007200313
7895155933173
7898588322460
7898012492059
6925625411465
7896342909919
7896033211567
7891356001680
7896013502951
7896448110486
7894494553769
7891150036758
7897280315671
7899083127215
7899753531472
7896111902707
7898681350193
7898656683295
7501001169039
7896094200104
7899620605626
7804320148397
7896015516055
7891155062738
7896004761152
766124300579
887961585919
7891040118649
7891158100383
7899852002934
7896212429646
7890732316233
7898549375313
7892840824396
7898012490918
3414206000592
6942138919561
7891268400700
7893871831605
7896497502003
7896666500137
7897252268103
7896647023082
7896380603077
7898054320365
7891634556406
7899808877692
7894494200489
7890263276945
7896644715706
7891301262135
7898671424767
7891142115935
7898608951021
7891485462468
7897840309447
7891058002985
7891153003740
7898005717046
7896150015826
7896014185023
8411061711774
7896094211728
7898100243143
7891313842707
7897027221180
7898453437541
7898579482586
7891219012518
7898040321321
7898683860010
7896326904749
7891301193507
4894290250155
7898352913221
7896622300993
4894290626752
7891232135430
7891317476588
7891317427320
7896647023303
7891395012180
7897779665102
7897230303802
7898588113846
6973094274289
7891024009086
7898008492674
7899026401808
7898939183726
746775236793
7891182992596
7896916710385
7899852003405
7897476632001
7899050544410
7899572806621
7841764031113
7898637227999
040232941139
7891266626072
7896965253741
7896020161721
7908209802261
7891530351334
7896138603830
7898632475012
7909253138924
7896004728650
7891279856022
7898493364487
7898610372579
7891224489909
7891200011322
7891033522132
7897698212180
3282779391580
7898549363044
7898524347007
7898005718401
7896000622921
7896641803925
7896004705972
6926978158267
7896480653927
7891350044959
6851129512394
7898422753085
7896472513284
7896004728865
7908148562868
7896200704250
7896676404241
7896965253765
7896007200412
7899640425037
7896290402159
4894290674128
7896800014452
7898265325616
7896444606334
7898935271076
52202995
7897571924124
7908236800384
7891301028984
7896750404112
7898417968623
7898447970641
7899852023595
7909438038889
7896191226205
6952372733168
78938960
7622202309106
7891027118907
7891360644323
7896070601055
7896000677075
7891058003234
7896111987223
7898639380098
6942138930320
7891000107843
7894916372770
7898903703011
7898588089660
7896422505789
7896226504742
7896637025232
7909438042558
7896317910315
7894298080003
7899911201391
7898283856178
7908458333219
7896639601854
070330364691
7909107661028
7891150044173
7891027108533
7896902203457
7898671428949
7898965666644
746775332730
7898503183909
7891224628803
7896025505476
7899026467750
7899852020426
7896061996887
7896112409137
7899852002996
7898636190546
7506309834146
7899097926019
7896025519602
7896255766012
7898622702906
7898555808515
7891317013608
7896000650252
7896737020021
7908169009120
7897840309461
7899755667773
7896013521983
7898101640019
7898395331129
7891182996068
7896676422290
7891150050143
7899706112666
7898430195006
7909438028422
7898168001167
7896014187638
7898587766401
7897930763876
7908024913708
7908458320677
7895155397661
7427122253979
7896525094821
7898664976709
7891024186244
7896000614346
7896004720265
7891027305420
7896004810041
7896508200034
650240012747
7908458320424
7898915932195
4005900116901
7894970850009
9786555240016
7896640452766
7898671429526
7909224533505
7845614149096
7896653709512
7898417962089
7891634336404
7896839910350
7908077460242
4895138779630
7896261009073
7897947617773
7908236576050
7898944524149
7896326960066
7896771606083
7896036573013
7909107660809
7899653779622
4894290268709
027084674675
7891150001015
5000456021258
7899091423231
7898961050850
7893353610827
7898503180410
7891027322953
7898664976198
7909883232252
7896000625472
7898650622078
5702051103994
7899207534899
7896342452965
7896033203340
7893249054797
7891485410872
7896380605477
7891485508562
7898632475739
7896965258081
7891485444006
7891045040334
7891106908801
7899753504629
7908077448530
7898312775432
7892940000034
7897832831161
7898184464281
7898695063454
7898555805620
7897237354944
7896212429011
7897517917715
4005900715821
7897252260404
884851033413
9786556170961
5702150152176
7899852001562
7895528555124
7891485410957
7896000713223
7898216360925
7898639380722
7898942090189
7894494692048
7899069917618
7898588111958
7899864417115
7894494654992
7897256243939
7897900314374
4894290300065
6924466303342
7898917420874
7898917593813
7896006228547
7899583202016
7896026300216
7896112128915
7898300574870
7891027105556
7891158038860
3337872409417
7894916147118
7896015568214
7898632476125
7908704504134
7899264304978
7896004726199
7898542871249
731509992809
7894222004204
7896111900253
7500435128933
7898610376355
7896207372353
6982002002050
7898126407543
7899527141135
7891321064092
4893782037021
7894916143103
9786556580661
7908209807624
7899852020433
7896016802607
7891485455866
7896042061498
4006000019338
7891150054622
7897595602527
7898075314657
7891000282816
7891150022348
7900083002041
7896444609632
7899455910537
4606030188099
7896020618225
7899768074520
7896226109251
630509324934
7898927017248
7896025539518
7898560610172
7898913756816
7896965214308
7899207528553
7891010007263
7891150007437
7896422520201
6934460635158
7896497502263
7898225522024
5456212155079
7896279112888
7898157616242
7891037003767
7898524347014
7896952533658
7899755648789
7896025538658
7898631556842
0789888134129
7891150099548
7898078317938
7896714270180
7892509092753
7891027140
7891027050665
4005808555284
7908083512249
650240006364
00078900000298
7898352912293
9786556581811
7898927980245
7908169002411
4894290028136
6932159606250
6988264210264
7896862980047
7891224655700
7896094208537
4894290239952
7896269693236
7896852612583
9788561486662
7896112141280
7898522714832
7898562354050
7899779010036
7898500811713
27897027293914
7896036547823
7898925879862
7891010566821
7897144600240
7899898404501
7890269193123
7898504381953
7896671692896
7896885205172
7898506251438
7891321035863
7908040493246
7891485506513
7896224410113
8710103873143
7894222021720
885631033616
7909342530561
7898631557191
7898481400166
7899364804316
7896927456081
7898582683253
7896004810225
7898526487411
7896036577011
7896927459785
7898258628069
7899621107556
7891150088450
7891313202808
7898646540034
7908077400453
7896004715834
7891266597747
7898565063324
7891027309077
7891268119008
7898012491410
7896279109888
7891317031275
7897930764538
11009566
656079419733
7896033202268
7891350000108
7896004705989
7898960813852
8003670915775
7898216368037
7899753535111
7893299739767
7898903703202
6930861367520
7896317907346
7896007552856
17891321230500
6933256643964
7898506254842
7891058016609
7891530132100
7908458326532
7899850345354
7896964619685
7896000614285
7893249167114
7896033296526
7898132989453
7896006207276
7894222009902
7896311767601
27084994544
6920768823359
7891027049638
7891317013820
7908077452131
7506295353898
090159150206
7898212282061
7702045539011
7891301301551
7896658006760
7891485444082
7899095236509
7894222000947
7896025524866
7896902215740
7896033211703
7896594803010
7896004707570
7898671424255
7896033232500
7908040420297
7898646541567
7897517913052
7896111999264
7891150038189
4005808561162
7891224986231
7891035910043
7899753527499
7891317489533
7899984589983
7909438035673
7896012800416
7898925522713
7896637023856
78938625
7891150033887
7897517904814
9788533925861
7896359013814
7898024395331
7899753503219
7899304806233
7896046704001
7898532210614
7893299901560
7894222010687
7898610376003
7891150083097
7896927468640
7896595572359
4064666435459
7891301373817
7896603805028
7898650621590
7908209804944
3330000255078
11064930
7896472502882
6148600040720
7891360482147
7896261014701
7908209805415
78600010
7894494592669
7896013540724
6291107892580
7892509201247
4005900294739
7898656161663
7898934966454
7891530476174
7891025107880
073796711320
7897294405962
7891000301067
7891027141837
7896025534599
7896033251648
7891150012714
7896207371738
7898555805576
7898591459474
7899264359657
7896042010458
7896359028603
7898417965387
7896502894284
7899806203066
7897473200814
7898283855164
7899808894156
7891153003207
7896422504553
7908066400020
7891485416676
7895265928380
7891033534708
7891024039168
4894290633019
7896964620735
7899768818810
71603065703
7898589684185
6939020450929
7896657836511
7898555809048
7891321108543
7899091404674
7908458320646
070942003322
7896013546245
7896714273426
7899563267684
7898506259434
7896484101257
7899808865293
7899527158775
7908497414863
7898671424903
7898280076531
7896331704983
7896004790596
7896292253100
7908470000205
87852677
7894164001132
7894916501934
7898509250605
7908458326259
7896033233767
7898970341390
7898945782692
7897947616790
7898623950870
7899621103459
7898312763613
7898549375283
6934460612142
7896181913306
7899753533568
7891224486564
7897476633053
7900083001150
7896111996799
7898632475494
7899755650331
7898225525315
7898078313978
7898212280661
7897478420996
7899360215505
7894494594410
7894900011203
7894222019826
7896279114103
7896799980943
7896771600760
7897517920678
7896342912247
7909690467083
7908458304561
7891150053625
7896885202980
7898904869815
7896094918856
7908077434830
7908038602995
7890688160973
7891182992565
7898521371739
7896181914457
7896007546329
7891317009267
7896013568575
7896472513130
7896658033162
7891150024168
7898925522263
7896359017553
7896964615762
7898132987701
9788573383492
887961072136
7891040144266
7897517920753
7898472905793
7899527119172
7909549207525
7891360613763
27084862713
7898599212743
7899753540108
7897256236627
1789751791733
8983195162376
7896557308132
7899026472259
7890541543998
731509974522
7891027150716
7896359009169
7896927463522
7898302727960
7899852009971
7908077460235
7898417966278
7898948029190
7899753532202
7891182994088
7898608952585
7899207523077
7898412973608
7898417963321
7891025112655
7909690965534
7898952577540
7898506457809
7896085864278
7898490057313
7909253145724
7899083124351
7897013570438
7891027319366
7896114301217
7898302727977
7894222020495
7896212642755
7898395333024
7891150087286
7890541863997
7891182996655
3616305827265
7891313611983
7896000622679
7908040416825
8902220105928
7896006261308
7896016105166
6560790002003
7898503182124
7898064923594
7893454103914
6851129512370
887961009125
7896110008650
7896484101431
7909438013718
7891350040005
6924466309238
7896497501860
4894290259264
7898146823385
37897476614817
7892509103367
7908414468047
7899264302134
8902220105171
7891266541900
7896382700750
3701129800102
7896111906477
7896226102450
3326240006099
7890282801340
7897517921507
7909438059723
7896799983173
7891721277450
7891106910163
7891485437763
7899653200126
7908040416719
3330000247394
7896279129015
7896111943960
7898745130075
7890541728661
6972118190154
731509992007
7896020691716
7897476643991
7898633382623
7899621105309
7895155014049
7891027057589
70898549758314
7896647063262
500045602561
7899744089272
7896114312787
7891182032452
7891182017039
7896609543078
07898770420035
7899850328463
7898476324064
7909690794646
99106393
7898395331280
7894916512251
7898132989330
7897832830355
7897586811228
7893299743030
7898946433173
7908209805439
7899026445512
7897027202318
7896181907220
7908660200712
7894916142939
7896000627445
3401399458835
7622300990268
7891027309473
7891360612681
7898601574609
7896207372612
7899420506390
7896200702089
7898502516906
7896150107712
7891027333072
7896014101221
7897799802464
7891182020879
7898301050656
7899753500898
7898646546852
7896004820910
7898212284331
7894494300547
7896422504683
7896004706856
7898622117717
7891118013708
7897517912505
7897322709833
7909690368991
731509974607
7892509063289
7898623951099
7899026449671
7891485455682
7896331703191
7898647925847
7891653011122
7891183015522
7501001169152
618231254743
7891321025093
7898943569967
7897930760479
7898105010412
7898647920354
7898395333314
7898258622364
7896009179150
7896647011515
7898595237436
3574660474596
7898939242058
7896714215976
7891266698857
7894222027234
7897517916756
7896902204850
7899808825815
6932159606168
630509322909
7898468470939
7908542612619
630509328932
7895800412787
7896658022104
7506309882505
7896671601799
7891027293918
6932159609398
7899676812122
7896014174003
7899420506611
7896382703126
7899753517889
7899768074889
7896331703924
7896852627938
7898468857389
7891033913145
7891485401320
7897547713363
7896653707822
7899753501109
7898157300790
7891268400304
7891331014117
7890002455648
7898919411122
7896326962480
7899466419302
7891027343033
789660386731
7899670911234
7899207550653
7908497414603
7891027047924
630509248902
7896064486125
7892576120038
7896094922365
7622300802219
4895138785211
7899806935356
7891033933303
7891321098363
7898567796534
7891266565081
7896852616208
7897042013425
7896042032290
7898396960120
7896013502852
7896042006123
7896020518140
7899753536491
7891219029608
7896004789842
7896464731245
7891183016307
7898525586726
7896004775043
7896013543022
7891033515493
7899706138673
6851129512424
7898157616266
7896036544433
884851033215
7908209809123
7896676419269
75082864
7896150002550
7891150102422
7908209808881
9788536805900
7896004705736
7894916143868
7898417962348
7896647077115
8720689014069
7896230304543
7898939752243
67897731141202
7891485407490
7891530359958
7908512702784
11021841
7908458322466
7908077460426
78934139
7892509077095
7898447907319
7899621107976
7899755633600
7899852001500
7896800011420
7891106000895
7891010504700
7891800627985
7897947619548
7898212280944
7896033241106
7896042070384
7896444211446
7898671424064
7898067951280
4260085521425
7891027128357
027084085020
7896111996423
7896226500157
7891485418274
7891183024586
7890557502491
7899403203629
7897476672014
7891010793289
7898516898999
7899706111874
7898523200051
7908458304547
7893526071749
5702051042330
7898617527910
7898944524545
7896111943946
7898225527098
7909549205699
7898352914921
7894916515290
78930452
7898039601038
7909224533307
7896982901670
7893595779542
7898960330342
7908542617614
7898132847012
7894222010342
7898432536876
7899069918165
7896423438727
7896573380228
7896004722108
7896036576526
7896094201293
7896023705304
7896964622883
6920218906793
6925625440847
7891182995375
7891530598388
7897517923204
7898556752510
7898474841075
7899360200259
7896181927693
021105653403
300651481198
7896448121000
7892840824983
7896000714640
7896523206486
7891360573197
7898610379165
7898945782647
7891045043489
7897517903626
7896000610072
4894290264855
7896033201490
7896852616000
7899386511919
4895138789240
7892509068338
7892840820480
7897771202206
7899755646334
78902114
7897027220992
3330000243570
2112345178165
7891010805968
7908209810228
619659135676
7896484110532
7896049508712
7896261007239
7506295359326
7898639793690
4005900929365
7898573294529
3330000260515
7899621109642
7893249237091
7896253902306
7899850334204
7898452173228
9788537667040
7891024112090
7898012491953
7894222002637
7896927483834
7898633987798
7896024413826
17894900503002
7899095203846
7891142143464
78932555
7892953000182
7895800151426
7891024036921
7500435158312
7894222027524
7896016808999
7897054517041
7898245980231
7500435199070
7896400597782
7891317003210
7896206400057
7893249046778
9555684606921
7892692810219
7894222010755
714289128552
7898303262699
7898312590837
7898935271533
7896006254720
7896004703602
7896647007556
7898411974484
7899014963844
7891485349127
6920218906267
7891150036406
7891182990240
7891485403171
7896750404129
7885180930360
7908040416733
7891150022270
7897027203544
7899640802517
7896422511933
7898639063359
0070942003308
6939020449336
7891027047023
7896679233879
7898639380609
7899653281620
7908458305384
7894222009926
7898671425283
7891485468095
7898301058843
7896110002248
7898419466325
7898965666736
7893249528915
4895138785198
7898671424699
6920218907615
7896497501624
7899640807345
4015630065936
885911290364
7892597867387
7896180300275
7909107668690
7896025524484
7898657691237
7899653224542
7898483152056
7896033270021
6920232057662
7899753550091
7908040492607
7898524349230
746775379216
7898903692612
7898937360143
7891027061555
4894290253330
5010994955458
6926168036337
7896111994870
7898951282698
7899525658192
7899706132077
7891224933044
7896200704137
7891058020927
630509505241
5702051034519
7897512900576
7506309882499
7898300574313
7908542612589
6932159607462
7891279726103
7894916506847
7898661780781
7898506722211
7891505388815
7898567791362
7898642532019
7899788410452
7891027398859
7899575901835
7896002915564
7896094916166
7891155036340
7702018019410
630509387342
7891224506606
7899304801238
7891253209783
7891224089390
4893888173814
7893249197487
7896451911582
7897013568725
7899706190480
7896862918064
7896484120104
7896111956434
7892509058049
7891266769700
7891485418632
7891485503321
7841764064524
7908083527106
7897517937881
7894916141666
7896644703925
7899852021041
7896292241442
7896572000547
7896355700732
7896033211376
7898935271083
7891010040017
7897230304762
7898567799993
7891058006365
7908770604240
7892509058841
7908523029566
7898939072600
7899701870189
7891150075276
7896004703688
7898919447435
7898955004968
7896097607351
7898216360420
7896181911517
7897517913861
7898921545068
7896033290289
7898970341840
7899820807042
9786556581194
7899852000329
7898486472342
7896044995777
746775194505
7908083513499
7896014191291
7896839980148
887961046687
7898115901779
7899264361735
7896852618059
7898283856109
7896004731582
7896070601062
0300652439259
7896207372469
7893249167244
7891151031141
17898633985043
7891224141203
7896026300414
7891200009107
7897771203104
7891158099922
7898488010788
7898631550413
7898662451901
7908083512287
7896644736176
7908209806986
7899455903546
27896309204938
7898597484203
7891219032226
7897840305166
7896000628008
7891340303714
7891027314262
7898495605922
4905524756111
7899753517421
7898078316177
7899938600535
7891317134303
7908040467919
7891060758139
7908040449632
7908420116871
7894222018867
7898360981953
7891010036478
7898959897085
7890026023069
7896594801108
7891024010846
3282779237055
7897460401415
7897655401206
7891317038403
7891112228719
7896036522639
7898675504892
7899753540962
7896548199435
7899026480902
7908448000022
6920897779701
7898556754798
7898505090625
7896235353713
9788573988642
7899824401178
7898149189921
7898698742806
7899788401801
7891142205537
7891360613626
7898148299010
4902506042293
7898504389010
7898595270709
7898466740447
7896251804718
7898566518755
7898125115562
4064666306148
7891266769724
7896025526099
7897294406884
7898954526102
7899706179669
7896647078273
7896641808456
7891025114901
7892840818487
7898650626601
7896414306097
7896658038068
7896025536845
7897849621540
7898416830471
7891182007887
7896639641720
7898506456406
7891224628674
7898419164429
7891027115791
7891317002879
7899529000188
7898458579116
7897386792697
7899653224580
7898927563028
7896326912393
7891266626188
7897571982476
7896512944436
7896964617599
7898662450904
7896902210226
7899095220928
7896000615329
7908040486958
7891027065911
7896015519834
7896023719004
7891058022525
7891060990089
7896885204212
7890265939190
7896251801533
7896132134118
7896094200296
9788537667033
7899026462595
0070341707159
7898416447228
7896000623683
5702051027191
7622300736521
7897832866712
7899026419858
27898944500482
3282770101669
7891317137557
7896033232609
7896111913093
7898935462047
7896112120940
7891150034389
7897447202417
7908417506180
7898579487215
7899852021171
887961234510
7896000711687
7908083513956
7891033899678
5702051043337
7898660593047
7896026300391
653569188124
7896380606474
7898205134056
7898945453431
7890265936496
7896422517423
7894916503815
7897595634160
7896965209915
7899360263995
7500435140157
7899360221520
7891360472728
3330000224647
7893454706313
7898078311325
7899440955956
7896877601494
7899621104586
7908083512966
7897186028545
7898664970592
7896015560034
8903908000764
7896152324438
7898650622146
7896964622272
7898395330283
7898706940842
7896472503537
7898300571060
7891530588464
7909438045993
7891360472735
7891530384165
7896111955499
7898639381170
7908448006468
7896422507011
7898556757072
7899706110365
7899898404495
7898483151356
7896094920637
7899852014500
6973442150012
049932653434
7891010953003
7896965212922
7896000650672
7898417962058
7908010135862
7908458306695
7791293999470
7899706119528
7891321220597
7898578920553
7894494127793
7898078314081
7896191283130
7897947601420
7896279104326
7896609546154
7891530581175
7896111978634
7909438018928
7896185998514
714289117815
00382903883370
7891027121853
7896902285569
7898631557153
7897655405297
6941690723166
7898457744942
7896042079967
7896512963598
7893694006662
7896042068237
714289112346
7908040403313
7896235350002
7899069906797
7891530572869
7897517903572
7899026408371
7898906005648
7896641804106
7898647925892
7896085813467
5915320040726
010343885301
7896468378262
7896000650634
7896902212602
7891027127107
7896023765353
7896609543092
7898944524811
7896033232210
7509546065465
7896331701531
27897027202145
7897832845427
7501001203344
7891033933990
7896006254706
7891301194023
7897464700026
7899205966593
7891361270705
381519022821
7891153032184
7896004818412
7896241232637
7896525043959
7898562358218
7898904869853
7898302722156
7899360216809
7898639380210
7896013506256
27897027202312
7891114029925
7894222009865
7898924769065
7899527149483
7908077433116
7894298035850
7891055317303
7896786900312
7894298065291
7897144600530
7897517905828
7891224351817
7899790234961
7891321045244
7898587766807
7895800910580
7898610377345
7897572020023
7891150073999
7890541555632
7506195126967
7898185410300
7896235353874
7896647005859
8710103873051
7898352914945
7898101640163
7898610373224
7899621109055
7909342399069
7909883365141
650240028700
7891530621901
7896004803463
7896112402787
7897930760226
7894916142427
7898942324611
7891150060807
7895800420003
7896279111324
7891027156541
7622202256721
7896013548492
7896070607057
7898483152117
7898947170015
7896033231503
645719650193
358200030267
7909690336327
7894916146388
4894130917736
7891279910403
7894494151576
7908040427685
17896061995474
7890541378477
7896964617018
7891279900503
7893454510514
7897517930646
7896326988435
7892509057936
7890541043504
7895155205287
7891317436339
7896211876946
7908040425988
7891075130043
7896181921325
7896181902997
7891058006433
7890311856792
7894494624223
7890541759702
7896183311728
7896839908715
7897528806077
7898595237290
7899026400610
7898951747029
7899233739640
7899706133753
7909224546406
7896115700491
7896004713649
7897751901624
7895155386023
7891485418021
7899432822129
7899264342079
7898300571497
7898411815732
7896609544426
7898157618963
7898911309366
7896640435998
7890133980125
7896014189427
7891027318215
7908077449391
630509320387
041333665832
7897337702300
194735139002
7896414306028
7891485404680
7897373158734
7908040493420
0070341706763
7891024130919
7891027534721
7891058003517
7898289786134
7908615025889
7896241278505
7896007542680
7893249197579
7896181916451
7898506259502
7896033281171
7891027309138
0619205881361
7896699009454
7900083017502
7896213300104
7898108640104
7898932140818
7898074610132
7898302727922
7890000022347
7892607221253
7896909603281
7898422167264
7894916502689
7891027057817
7908228803393
37895800400228
7896025536432
7898212285215
7899364800448
7892840820152
7891232032289
17898633983575
6920544620202
7896226102528
7896798603775
7898395333727
7898472905243
7898566822937
7898929260949
7898258623996
4894290293985
7896261403529
7896004725550
7893736010404
7899753549767
7899264344813
7908169009663
7892840814434
7898490057696
7896000610058
7898927356507
4007817527139
7897143012693
7896132132992
7896770979263
7891177083520
7897517930042
7898225522383
7899852023090
7898483152032
7891027232160
4019338604282
7891350032444
7897517930035
7897595614384
7897572004009
7898410319637
7898601576061
7898966230806
7891150006058
7898225526879
7909224263129
7898283813171
7891027142155
7891118014774
650240017889
7894916143516
7896015530372
7896033240161
7891239021705
7896112125358
7896799929836
7897517901882
7898567791485
194735055937
7896009178689
7908422601481
7898588113778
7898662430463
7897042019359
7897137903797
7898671422633
7898567791928
7896090400041
7898591453403
7897653549146
7896647028544
7898079000143
7897256219958
7896744812107
7891321220399
637293292814
7890541547675
7898248392918
7898294071850
7896927468411
7891150013223
7891108032641
7898352912507
7506195126868
7898970522133
7898302722019
7898970341260
7896079819383
7897464703089
7891321035672
7908083520954
7896641810190
7898506258383
7896033298018
4894290676238
7899360222831
7899706146937
7898939752045
7896472504961
7893249084725
746775290238
7890541547644
010343902244
7891317024505
7897237302471
7891027040352
7898100241606
8429420063884
7898555802889
7896885204175
7896422519489
7899850332590
7891150021785
7897216900124
7891219025600
7896222720283
3352818716008
7896422526012
7896042036625
7898078761526
7897517906450
7898085944677
7898675500146
7899621103732
731509991932
8791165380275
7896714214399
25887884
7891182013604
7896261014527
7896699010061
7898567796886
7891060855777
7898683860423
7898184464366
7896000713308
7896004706252
7890541923073
7897840301519
7898964630738
7899527101320
7899658327101
7501001169022
7891240051722
7891142111838
27084887327
7891266827370
7891395009005
7898903925703
746775241766
7896444614049
7899838819693
7890732316325
7909253105476
7896009499067
7908209805330
7908324400847
7896647021767
7898157617652
7896965202305
7891033930548
9788538097693
7894494553813
7897230303512
7898610377222
7896132135351
7898216367955
7890000023450
7896902208841
7891530441394
7898417962317
7891253104873
7892509074681
887961699036
7896006216568
7899613364066
7892597341788
7448070303516
7895296288026
4895138785259
7899850900553
7898523201638
7896326988633
7891523340765
7898566510902
7894494129742
7909438039893
7897076910585
7891000440339
7896269620560
7898542316160
7896011707426
7898312593654
7899864415685
7891027120962
7899706239431
7898422746100
7898927356019
7899753509471
7896025534476
6941690703267
7894916142878
7896000614407
17891321230265
4894290244178
7896098805510
7908169016432
6908715046204
9788573984705
7896004703497
7898927355401
6932159606670
7898449820050
7896181926696
7898588325485
7896251800185
7891051037625
7896644716055
6952786812787
7898631550529
7896451909008
7891224829354
6924466300228
7896965211352
7898664632117
11023968
7898115901724
7899026462717
7899264305135
7891530442551
7899207533267
42398004
7896033211840
7893249926186
7899026466104
7896181911616
7898119103711
7898567792031
7897517920920
7899852000145
7896341400110
7899852001364
7909189348374
7890000224314
7897144904034
7896111992753
7897386750680
7898419465458
7896211806363
7898447973970
7899083119586
4894290219862
7891150017689
7899820800289
8411061784273
7896200704359
7891055670521
7899852026930
7893249197081
7896111904046
7891027324360
7892005010398
7898078316702
7899621105019
7896839980254
7898302727397
7898739650817
7896004729275
7898543380634
7896001282667
7898556850650
7898958598808
7894222010885
7899207512217
8010410156916
7898212286991
7896214000010
7898573294291
7908077448790
7896269900068
7891027081928
7896033231282
7898225525896
7899264377231
0070341370841
7891317421687
6920897731419
7896013536895
7898258625822
7899670805359
7892687812303
7894494688287
7898765331193
7501001169091
7891027234874
7896369164742
7897975083892
7898506255054
6920218906946
7899640806362
4005900860507
7896007552788
7909224551196
7908823500093
7500435114479
7898551862672
71603065710
7891224983834
7897840309416
7898520948840
7896004738659
7896964618923
7909690602408
7896112136675
7898157617690
7891058021603
7896000622518
7896640434410
7890002967608
7896852616710
7896414349858
4006381333931
7898562352780
7898312576749
7891313604688
7891024111093
7894222007786
7891155041207
7896004759722
7896033232562
7898589682440
7898634479803
7898965666057
7908083512447
7891253130292
090159312574
7898915802191
7893249182988
7899838899671
7898663110265
7897517912017
7898589684369
7896000617019
7891321220269
7896042077451
7896207371714
7912103073566
4005900241801
7891027124380
7893566667775
7895144605685
7896658007019
7896779650682
7898944524996
7896000718068
7891360650164
7897802719116
7896639671345
7898184464304
7891266565005
7898939752120
7891317024444
7898910451349
7896025532632
7899264302707
7898671427737
7891112027022
7898129992039
7898521375591
3337872411014
7896112401223
7891027234782
7891182840323
7895155704537
7896852616185
7891485420543
7891106912808
7898919411269
7891027288334
7622210533005
0813236022278
7898360919925
7898945458306
178986960405
7896000614476
6925625405471
7891485384319
7896094916876
7891266866751
7891321310076
7898412972830
7898432536913
7898606742843
071603101203
7896261005259
7891150082786
7896885202720
7898588322484
7896042006826
7891232139469
6941690703120
7896006216995
7161896048385
7891317191740
7908346900974
7896572011031
7899026426344
7898014560329
7896111954287
7890892236266
7898352912224
7897230304021
7896952533627
7891045013628
7896321013644
7898664977911
7908083513598
7891033926084
7898945746960
7898610376072
7622210885777
7898503183619
7899655041758
7506195127520
7896672201905
7898258627994
7896181925811
7898671424231
7898671428031
7898591450662
7897256296386
7909510216365
7890541183873
7891301301575
7896279102438
6924466309719
7896000713391
7898639380968
7899864416965
7909342595133
7908038600434
7896658006883
7897386764397
7702035833792
7896422515399
7899069918912
7896261016309
7898301053282
7898312775579
7891010931537
7898503180168
17891321035174
0618341019225
7899755641490
7897230301983
7899360204776
7898542750537
7896112403562
7899753503875
7891360495598
7892509061773
7896779630479
7891321046050
7894383637105
7896965220002
7896111996775
7898144121360
4894095510270
7891530302374
7896015526030
7897042019328
7898447975493
7891027119140
7899264342116
7899706137928
7897832843478
7898932140979
7891040001408
7896902210998
7898405060551
7908040487061
7895858016241
7896006217626
7898637071189
6920897771637
7896026300223
8003670877042
4894290287601
7896191215339
7909690293767
7896114300364
7897832888585
7896025514515
7897095041987
7896111922101
7898948893296
7898212287455
7892509079969
7896862993245
7900083016604
7896111902868
7898302727571
7896033211437
7795304000148
7896548198865
7908759402676
7899640809059
0030768039042
7898545641054
7896438201606
7891321035856
7896111993040
7891224883202
7896004721323
7898647924222
7898132989316
7898631550185
4894290681423
7899026424524
7896025524989
7897252260558
7898664978925
7898926381166
7898417969439
7908371694466
7908671601171
7896027538786
7899676808088
887961258493
7892840820190
7896094922181
885911524704
7898958400333
7899869500843
78913783
7891313612065
7891530557835
7896980456578
7896013502517
7899852020594
7896004709185
7896075709954
7909253108859
7898555809789
7908077448561
7896111944387
7896952515654
7891360495574
7898212285345
00321802000
7898646542618
7899753553726
7891027331344
7890541025081
7896180300534
7896472502721
7898926483112
7896444605801
3401361353625
7891182036009
7898567792147
7898664976648
7899031590917
7896279103893
7899522304825
7896444614445
7891224861019
7898152640037
7898623951082
7896251802387
7896509955308
7896006212287
7896010175196
7896683201222
7898410312683
7898039566481
7896798600040
7896132134064
6991984006055
7898671425733
7898300570902
9788537653678
7891010720230
7891240010521
6930751305823
7896279102445
7899364800165
0041333050812
7898601578430
7898934336813
7896464702856
7899304806196
7899783600735
4894095222913
7908010117042
7898657691336
7896111992401
7898608954527
7891317443382
7898636194179
7908458327898
6978707070012
7891027305659
7898927356477
7891313612560
7898283856581
7896317905618
7908083513451
7896020618874
3605532612768
7891721028113
7897789496826
7896523210940
7897848714076
7898126407796
7891150055957
7897517903541
7896025542631
7899026418868
7899755698968
7908040493284
7909438008653
7891010031435
7908289900291
7891224818716
7891182840095
7896181909262
656079408157
7896004707051
7897144661074
7898549375238
7898650625116
7896827004016
7891317013622
7899420508516
7896422506298
7896843921762
7898944075924
4894290282248
0602883749054
7897386788461
7891098038456
7890541720467
7896191218033
7898610370490
7899779014744
7896609550946
7896444603241
6941690722916
7898903652951
7896251804862
7909690386865
7896020161370
7896422509145
7891027016999
9788533932210
7908083522262
7891224789863
7894222042626
7896036114636
7896243100941
7897322702087
7894494187858
7896111956939
7896255762915
7898506253944
7898283851821
7897230301990
7897476628578
887961678734
7896115700262
7896033231152
7506339342611
7891106006446
7896380603145
7898932140801
7898662450683
6921497163334
7506195147450
7891485291211
7891027301323
7891301604645
7896004778129
070330364677
7891150047358
7500435158077
7880011607909
7898623951525
7898312584928
7908209801455
7896111992715
7899753531960
7894916501705
746775180317
4894290653031
7896676400175
7898265324626
7898919412358
7898945780032
7896013540748
7896279104319
6925187886787
7891321320075
7791293032474
7896054021886
7897013553097
7898225526183
7898467260470
7898623240360
7899360205605
7899676810111
7896800010737
7898418036123
070330524347
7898157301681
7896033212953
7898562358164
7898074611511
7898078318546
7891279901111
7898280076586
7898322522682
1000000111583
7896004713991
7891027752804
7898417964083
7898901898047
7898126405839
7899026464278
7898918062820
7898352913214
7898927980085
6924466312177
7908013507444
7898647928879
7897256248026
7898567791263
4005900662064
7894222019925
7896033251778
7892509103909
7891266491397
7899342912613
7891106910958
7899850357494
7891317458850
7891150006690
7900083001662
7897095042113
7896033204538
887961585698
7891301377433
802822003357
7897771305815
7891010689070
7899069917274
7896115704680
7891321230749
7890704811056
887961914054
7890541114792
7894916509343
7896211814146
7909224554821
7894494581847
7909438027029
7897186008172
7897386738015
7899783602555
0043917331010
7908458303588
7896644716413
7891142115447
7896027524031
7896015524111
7896479930879
7896326957585
7896013563594
7899233612035
7899663514336
7891530451461
7890541132642
7908277400345
7892840815257
7896647077993
7895800151570
7891485259884
7898312579405
7897771202701
7897214700023
7892840814779
7896042058504
7898589684390
6934460634199
7898639380746
7899653739527
7898907206013
7891150079175
7896737014013
7892509104166
7896414306110
7898939082654
7896044997269
7898591450648
7898623244320
7891800647341
7896111900338
7896042069715
7898549359818
7896862960087
7896904689587
78918337
7896965214605
7896181927570
3014260279257
7896548133064
7899455900699
4005900111104
7899753556246
7891266058095
7896230300231
7890732316219
7896004817507
7896027541175
7891317009083
7897027206293
7897230304687
7897731145000
7506309882512
7891112086562
7898516899026
7898587775465
7898927355883
7896380605972
7898723630757
7895265739368
7898075318259
7896852615867
7897280346651
7898698741830
7896116108500
7908497404932
7898395331310
021200701726
90159810636
7898927356903
7898549359757
7898078316962
7898924603826
6921615433059
7896779676217
6941690723296
7501007495729
7897252210249
721129057415
7894222002590
7897500558642
7898970341505
7896714232959
7896468378316
7898468503743
7898599217144
7891721022272
7896036544419
7897476631998
7899026424425
4902505355776
7896641812293
7900083016635
7898588114027
7908083524358
7908216104389
7982009110115
7898524349414
7891331010515
7896714260921
7898506258413
7900083012071
7898503186009
7891024037485
7899026483507
7896523223674
7898623959125
7896033252010
7896658028083
7897851250387
7891033930791
7908169016418
7891024136157
7896036527535
7899264396317
7898615150356
7908209807754
7908458317653
7898225524943
7891317010263
7896033293969
7897832849081
7898079000488
7896658014918
7898516928160
7891033777358
7896714200361
7898629149025
7896852611968
6920897739590
7896639603346
7896326911044
7899820800791
7896004725802
7909253139105
789515543830
9788537636992
7891010974916
7891027105280
7896024413819
7908470009673
7908439801553
7896085840036
7908497413422
4005900694362
80183372
7501009224174
7899264332735
7899360215567
7896112400561
7896647026571
7899871600975
7896000713407
7896444609618
7891530446115
7898405065969
7894916500708
7891027234478
7891317101985
7899069908258
7909253153286
7896006234548
7899753509631
7898581089285
80181408
7896007202096
7898518430197
7899304808831
7896094210639
7896573380327
7896497502324
7897076907417
7891528112534
7891060804027
7891301196133
7898567796428
6924466304738
7898312599922
7898322522798
7898472897081
7896111942734
7896111954904
7897294404446
7896049526150
7893871820678
7899527163274
7898506250073
7897322705712
7898518430333
7898060138091
7891027049515
7898503185125
7891033777327
7898447904165
7891330020119
7909438033648
7891027873288
7899455903447
7896331701975
7896025524033
7898563360333
7899820819571
7897947601673
7898588089721
7899768072670
7898964630356
7896049508675
7891027334734
7891268103953
7899788406523
7896000610188
4008500018118
7899820805086
7896006241003
7898132989378
7898419156745
7891301193415
6930140200104
7908040459396
7896255765466
7898132987657
7896004707921
7909690336341
7896647079614
7890541884305
7909253105414
7891027233464
7896067203958
7908448002668
7898078316931
7908209809000
7896523207919
7891010256968
3349666007792
7896818201356
7891530595134
7896191261343
7899547553499
7891010692292
7898312589350
7891485364151
7896902212251
7898472890136
7895800307823
7891058006259
4894290203229
7896279102346
070330533066
7891055626702
7898300574856
7896025536852
7897779777102
7898525586771
7891361270583
7898562358188
7908279901543
7898567797784
3330000244218
7891485355746
0070942306805
7896615113333
7898639380135
7896497501525
7891266564916
7891010814977
7894494635649
7896027557879
7899852021935
7891331850203
7890541884251
7896226502205
4898290260404
7894383699202
3330000255139
7896004718828
7891027304836
7896042010977
7891027295578
7896111994856
7897237348844
6889297711400
737684740273
7899753500928
7899753505343
7897252265652
731509991895
7899527138883
7896013564805
3282770101034
7896212379866
7899640425808
7899753502106
7891153014401
7890541590497
7891051037618
7896653703206
7896639683515
7896637026901
7896640431280
7899852024004
7896041936292
7898588325300
7899783600797
7897476607412
7897779696106
7899753534510
7891033530960
719346154420
7898037080323
7894916501422
6925187875705
7898506259373
4905524675931
7898560610165
7896342916634
7899753550206
7891033534302
27084819908
7891106001038
7891027111182
6934460662215
7896952530602
7897337710930
7898566782446
7898955004975
7898934595463
7898524348509
7898765080244
7891321036556
3401329447809
7891033524174
7892702710744
00222225003
7891253208618
4912992014025
7896181903024
7899676807555
7898449820845
7896658006395
7891150106352
7898632474923
7894222009643
7891232492090
7897517924058
7890337655454
7898589684376
7898212286557
7897411602359
7898225524332
7897698235103
7895144603223
7898040329464
7897476657868
7896004705545
7891150043831
7891317191696
7908561334912
7893454100104
7897316804810
7898538970413
887961274301
7899788404086
7898014565263
7898504388020
7893249030487
7891182996600
7897571921147
3154140407025
9788538041566
7898078313695
7898218272332
7891321060919
7896000713117
7899621102612
7896094918603
7894494729980
7896079811387
7898024393184
9788594720825
7898048030065
7898504381120
7896235353706
7899640801312
7899026462618
7899852000169
7897446000182
7891040002344
7892509104661
7898374650357
7909224294284
7896222720290
7898499249672
7909224546895
7891317454302
7896251800321
7891224583805
7899304803690
7899264396348
7898636290628
7896111901205
4894290253941
7898927356576
11077732
6851127612973
746775181369
5702051032096
7896226102139
7896965253871
7898258627307
7899850333894
7908209810280
7894916141277
7896000612199
7891253207949
7896965253826
7898749971100
7908497400507
7896639603599
7896714228389
7898352914747
7891360615330
7897517928599
7896004755212
7899783601909
4015630008568
7898639380517
7896015520298
7899026407626
7899753538990
7898994297482
7896004703275
7898671425085
7896013572695
667524222082
7896326996065
7891321044247
7898483151479
7891142144072
7897027218951
7898312579764
892456000150
7898595237405
7791293038254
7898301058508
7899753544977
7898964630233
7896472500925
7896004006284
7897214700061
7890541049698
630509360994
7891010256746
7896462006253
7897027218463
7896025500563
7896852612002
7896094210370
7896342452286
6920232057785
7896111950357
17891321230760
7898291211020
7893299741401
7898952577465
7908066400099
7908040450157
7898671425726
7891239022139
7899852026466
7891033471928
7908652100792
7898237857381
7506309846217
7898405062210
7891360572305
7898916594064
7899420503962
7897530100774
7896036548646
7908228805991
17896770979888
7896111996805
7896200713009
7896083409150
887961027907
7898078750483
7891104193087
7896261009660
7898417961235
6976337625817
7896885204281
7896114312879
7899506132918
7899753504667
7891027111854
9556091114108
7898948648483
7909107963627
12742700032
7898132988845
7898588324709
7896006205685
88866007586
7896036575246
7891530108075
7895144296906
7898002432713
7908040449564
7896902211780
7899956836039
7891158106897
7893249174082
6932159607332
7892597338795
7898549369497
7622210674395
7891772144824
7908169028527
7896292255104
7894222010939
7896269901072
7898647923065
7898283854877
7898542866474
7894222033778
7891224483167
7899455904314
8411061782828
7897595615916
7898927415785
7896004704142
7898970325697
7899850305327
7898906376397
7899806911350
7891721013447
7896438203914
7908040416795
8594012363533
7898647490208
7896653709499
7896261000858
7896111992449
7501006717259
7891224628797
7897495208294
7898067951143
7898658622452
7899014900252
7891150080751
7896033232579
7899026426511
7896683200171
7891317452339
7896000627650
7893621703794
7896964615977
7891024116012
7896640415068
7891027141134
7898508010019
7899420507472
7896036520642
7896964622142
7898932136385
7896594804635
7898168007213
7899788400606
7899706119689
7898633980157
7908458322077
7898610372456
8712581572242
7896112402442
11008477
7908458333714
3282770206074
7891224640553
7898474840566
4039784604292
7897779847102
4005900399861
7898935462160
7897517917401
7899808830598
746775191429
7898126403187
7896422506489
7897042020331
7891321100394
7896472501700
4894095140897
7899026464957
7898005718425
7898417961365
7891055685020
7909883418021
7896647084212
7898412977316
7896013500599
7908040486910
7896255767071
7897947614482
7896251800444
7500435137577
7891321230886
7891356071645
7896235320449
7896885204267
27898944524556
6220426003506
4894290285201
7896094917972
7896230304567
7897386770633
7896111987261
0070341705759
7897185910179
7898698740864
7899850341103
7908458305629
7896000615664
7896241238158
7899753535753
7898588323924
746775174866
4005808919833
7891035012037
7896279128629
7898970341406
7891530413773
7899026421400
7898647920811
7897889100708
7898650625772
7894222021300
7898650623945
7899360202420
7896036516225
7506195157302
7892840194017
7909342561886
7891317436148
7898466757131
7900083021127
4894095235203
7896181918998
7898078313886
7891177081014
7898502730340
7896658001185
7896018697409
7898943562845
7894494000546
7899347604582
7898419476577
7896094904385
7897237311954
7899755646075
4005900860491
7898200990015
7897386100430
070330731745
6920897702112
7896132134026
7896200706803
7898422166229
7896033296151
7896026120500
9788532293121
7890282800022
7899620608726
7896006297840
7896014188208
7898698744985
7891317452650
7897013536045
7896964622555
7898211381192
7898405067758
4902505355769
7896448184005
27084801125
7896235321514
7908040420426
7891010973483
17891321320171
7896448199702
7899753539324
7894916143875
7898417964052
7894222029764
7891027147211
7896108008238
7898932100812
7891027113049
7908084700676
7891106905992
7896279109857
7899753537559
7896523201344
7896013544142
7896006290322
7898623244122
4894290244192
5702051025869
7891360646419
7891301515453
7891224835980
6934460631068
7898698741649
7896049508125
7896326988534
7896044900887
7896007510412
7898934595579
7896644713801
7899852020198
6931759237451
7898664633022
7897143001819
7894916500111
7899026460027
6912345678940
7897473205772
7896554857992
7896226501178
7896020164272
7754111013871
7896497501174
7909189380763
7891485417994
7896639602813
7898549357166
7890541636577
7896251804404
7896509955100
7898605222940
7909438032054
7898200993016
7898302727564
7891027359362
7891321060636
7896647073902
7898183793948
3330000260539
4902505355783
7898447978074
7909883402136
7896226502823
7894222003894
7898949256052
7899083121787
7896041997750
7908083512300
7896004792286
7891150025936
7896111926970
7896000610553
7896462006550
7896902205635
7891027105518
7898671424781
7891150106383
7899008076918
7898468851516
7897517913403
7892840814496
27084926958
7891027132293
78938809
7891182050166
7896382706431
887961052992
6941690704059
7891224933150
7891334101272
7893249030470
7899768825689
7909438030104
7895155703806
3154147471609
7896015519773
7898664973425
7898079003021
4902505370724
7891800662153
7896342437955
7900083017434
7898925522201
7890541146366
7898185410492
7897840305746
746775167141
7898639692559
7896965253673
7897357101213
7898555805644
7896644701921
7890265074808
7898639380692
7909224530320
4005808968787
7896042081311
7899753509679
7891153096452
7909224533291
7897476686769
7896042057330
7899820801620
7899788403560
7899753505558
7899055276774
6952786803549
7898608952530
7896033201322
7891224486410
7896094921993
7896255763066
6953365383162
7894916140515
7899026471801
7898185410638
7896380603220
7898447970979
7899640806126
7894494190421
7897230303680
7899207523190
7896033241564
7908077449407
7898538295912
7898945782685
7898157616815
7896014172351
7896132135344
7896181924876
7898588088977
7891266695887
7900083019582
7908083517787
7501001244255
7899753534220
7908324404494
7896083404315
7899850300353
7891024139325
7896020633860
7898447975912
7898524345096
7898588323962
7896326957004
7891360668428
8902220109049
7898599216635
7897698221069
7909510216686
7908083522040
6952786808230
7899676806473
6972683510692
11069249
7908040437530
735201081038
7898157616297
7896014175734
7896094917330
7894916143011
7897256275862
7898086995029
7898927422479
7898638342363
7896279111638
7896006213017
7898750360085
7908458322404
8902220120334
7898587763479
7891045043144
7896046702656
7896004723211
7897476652917
7898650623518
7899583200357
7891024136799
7896025525450
7896111954690
4711161960244
7897113901293
7898646542038
7899233770254
7896255702966
7891058001285
7898657690681
7891114008869
7908040449878
7899620605237
7897252210157
7892953208526
7899655010679
7908060114497
8902100545882
7908209807914
7891266774476
7896212469468
7897517918286
7898591455643
7893249927435
4064666306155
4894130917644
7896112126119
7891485385231
7891224894314
0602883540583
7896000660961
7896800010881
7898301053800
7898650621330
7898075315302
7896116112132
5702051017499
7898623956162
7898549354622
7896261403512
7897572005440
7898623898905
7899753502229
7896658015724
7898449824300
7899583202412
7891301492143
7891045040884
7891224602810
7891321045268
7897237316096
7891224744671
7791293034966
7896004787725
7898497307411
7898949409779
7898417963390
7898741805854
7908346904040
7896472506897
7899753544465
7899527158638
7908209802520
7891027143466
7898490059683
7898944524156
7896004708447
7898610378878
7897316800225
7898217632380
7896671601065
4894290205063
7899083119449
7896737500325
7898248392642
7897512900095
7898350670089
7908077447427
7894494200595
7506339305104
7896326914618
7908083520411
7896699010610
7897572000254
7898924027257
7891224970384
7896004772264
7898279790387
7899026462588
7896342900626
7896024402769
7896222717962
7896006239109
7897517917029
7899026482012
7897530101153
7898458573503
7908346900707
7909510216464
7897230304281
7891058005566
7898502502473
7891045008174
7899753504865
7896004709161
7898661192379
78923454
7909438028477
7896111972038
7899755654261
7891360495550
7898283851579
7891232971694
7898417961440
7898417969453
7890000255530
7896557305247
7898661680272
78928671
7891033402205
7896658002922
6934460635127
7898021630411
7894916142588
7898258628120
7899495702826
7908169007379
78257574018
7898658624944
4894290271594
7890265936489
7898506257966
746775315603
746775366834
7891027120924
7897947601819
7898661780309
7898904556814
7898935271489
7897230302591
7898212285987
4894290256966
7896658000959
7898927017460
7899217910652
7896464731382
7891024158609
7896025515789
7891108030210
7896255766548
7898288550071
7896067221839
7908209802384
7891150018778
7896025519701
7896112456162
7897476600239
7909342534460
7896033202237
7891224860982
0000078924260
7891266815865
7894383777337
7898947386058
7898494998803
6925187875736
7898430191206
7908209807549
7702018000906
7898567799412
7898556756082
7899621105866
7897799802563
7899852014036
7908060114480
4895138782296
7899527131297
13154145347552
746775167042
7896000615411
7898283853412
4006381105347
7896115700194
7909883434717
7897337706490
7896013502968
7896090122417
7896112419716
7899026440210
6934460645744
7899755616252
7891024134375
7890541636775
7896036521601
7891142115508
7898212280135
7891530629334
78999091410552
630509761678
7899852010069
4005808910328
7898504393895
7908422601443
7500435004541
7896025514799
7898566292426
7899852002538
7897237324374
7908077432010
7896004713731
7896004715964
7898380411195
7896380600649
7898667533473
7908458320639
7891485465124
11017721
7896380606511
7897252264402
4894290679819
7896235353300
7896422507134
7893299906091
7891317001506
7899753534589
7899808852927
746775055943
9788573984088
7896269900013
7908458305377
7891153029078
7506195166772
7702626204062
7891350040876
7896647028339
7899264376418
7896042071213
7908077400101
4894290205056
7898483530328
7897779740106
9788576618881
4894290299697
7894916206853
7501007455112
7891058007201
7893299742040
7898301057372
7898503186047
7896000614261
8435507663229
7897386781752
4005808267378
7891331010508
4894290036483
7896132134057
7891037169555
7891224744831
7897386781042
7898608959195
7899850302654
7897185910773
7896111996348
3282770101089
7891027141097
7891027340612
7891317125639
7896025506237
7898942324390
7898422167424
7894494195792
5901832063223
7891027129378
7891266626065
7891182035965
7894222000664
7898631551441
7898312606286
7898157611414
7891033761104
17891321101800
7891301110054
7896036521113
7891313604039
7898002434557
7896964617568
7891150039933
7894222037769
17891321051068
7891150028128
7899360216090
7899755687856
7891313298801
4894290680075
7896013544029
7898620402570
7899233356564
7891224089406
7898724573022
7896639675268
7899026408241
7896279114028
7896641805943
7896902214866
6935291626711
7899806213799
7890000318792
7891040155927
7896640434373
8718483100910
7890265987894
7899310581360
5010994824747
7896007201358
7897517928094
3351500980802
7898532210621
7899097920253
7896112146124
7896085868290
7896150015734
7896004710846
7896214002083
7899706113144
7899842234079
7896647013328
7891035618338
7899852023175
7909690495932
7896699007436
39325365
7899031569913
7896004705330
7898650622382
7898608959164
7896020164135
7896025512177
7899753557595
8710103806912
7896226500379
7891224582204
7891150041394
7909224554814
7898447976933
7891485416942
7891027132323
7897517901066
7891024174012
7898490058198
7897216903545
7891142204882
7896033295772
7899471640616
7898936770837
7899640809097
7896292807129
7898417963437
7898587775229
7899026433502
7898650621552
7896326956977
7897517924843
7898395333949
7896641810510
7896138606442
7896093002167
7891321310038
7898556753869
4895138762458
7892509070409
7896964620360
7892840816780
7896004767130
7891321103470
7898413661351
7898903925680
7896111900321
7896422502412
7898968070219
7908013503767
7899788400996
17891200015150
7890000318822
7897424082148
7898079001416
7899852021195
7896000713414
7896181909798
7891150050105
7908470002469
7891000436776
7891234050335
7896094920606
7891150019546
7898483152131
7899264377910
6932159610882
7898714760807
7899527138180
630509365739
7898283855270
7898506253524
7898646542175
7896027542707
6851129512448
7896800011277
7896033231077
7896644716208
0789888134884
7898157614538
7898148293810
7908448005652
7899898400053
7909438007748
7896342412310
7898939752038
7890019459455
7891027029098
7896116112507
7897386752899
7890541043733
7891530383960
7898417969422
7908169010737
7898569763602
7891010040000
6920218905888
7899706138918
7896006216476
7896004705385
7891027059682
746775007621
7896243101153
7892840818395
7890541151827
6985902408248
7899806205077
7898632471243
7897930761247
7898506258352
7896111997406
7896111919163
7898506469727
7894494272035
7896641810619
7898179821495
4005900559500
7898650623815
7898412977279
656079408225
7891010014865
7891151039710
7891240000423
7896222718419
7899026401822
7899852000039
7899751100649
3494800020035
7899766005335
7894494564307
7896800010720
6952786802856
731509991451
7899852015637
7897947619524
7898927420215
6934460664035
17500435132531
7896033251785
7896242501718
7896852615669
7896111996782
7899670905851
7893198300280
6506079862050
7891239009123
7896033202862
7898925881377
7891485414818
7891317033156
7894222022079
7895296449533
7896180302064
7896193217010
7891485338152
6925352213233
7891155001775
7894222010007
7898549353564
7896647078426
7891317420840
7899852000183
7898007757248
4005900850881
7899706111409
7899364804996
7897920702601
7899583202368
7899455903508
7899318970166
7896111994566
7898282400136
7896010170429
7897517906344
7899852002705
7891010256388
7898538005382
7898939082562
7896002911269
7896251804183
6942772700587
7891224861088
619659066994
7899838810508
7501007455099
7897775692010
7896852619025
7896261020276
7897256250036
7896181913061
7898994127680
7897256231608
7897186069357
7909438030074
7896679224143
7896094918047
7898075311854
7891027120597
7891150026582
7898944524132
4894290287557
7899753520315
7896484180139
7897316806142
7898567795711
7898506252817
7791293021904
7899735393463
7896212644704
7898100268184
7896006298564
7896004711973
7898945746304
7891224486328
7898179822478
7909224530566
7896004701172
7898513472383
7898623959088
7896014185214
7896468378279
7897254127903
7897517901059
7898283852866
7908077431914
7908040481328
7898952577137
7898957474578
7894970000022
7899529000805
7898132847364
7896000713476
7896877602569
7909690485834
7896000718365
7898671423029
7898520949267
7899403200284
027084843750
7897476677163
6898446410422
7896007510986
7898671427584
7909107927681
7895500745048
7898566826379
7896181913580
7896261402614
7896683200850
7896658020735
7891142142887
7898929491749
7898527127606
602883022805
7896852615232
7898587271905
7898662451895
7899527134861
7897705203231
7894222043647
732013301194
7898300572395
7501007455235
7896658000539
7898064925499
7908169007225
7899026475687
7908040420327
7896033280211
6968332407314
7899264302813
7891224506125
7891360582595
7894916143431
7896036571422
7896572014087
7896422510288
7898417964069
7898419463225
7898741950530
33921718
7891301600845
7898588089431
7896658003226
6941690723104
7899790234954
17891321103613
7896111954775
7891350037401
7896292291317
7791293017396
7896331703139
7898209182398
7899527143795
7501007455037
7897517914691
7898447974298
3330000263226
7898506250844
7897237311404
6920232057914
7897595603173
7898170655259
7895144408118
7898660596383
7899790918014
7899800058648
8983195162390
7891301513893
6941690723975
7890026026626
7896004805368
7896235321507
4895138780094
7891313612034
7896115704826
7896852618974
7908077447434
7898168000450
7896000650078
6941073697848
7891027075552
7891313847559
6930249946910
7896000624888
7897230304502
7894494727610
7896004743417
746775194864
7897517937034
7891027538934
7896380603152
7896004759920
7908083513208
7896422507066
7908689919190
713708700119
7896094922532
7898503189864
7909690336426
7896422513852
7898905356567
7898516929174
9788557584655
7795320050011
7899304803911
7891530336522
7898646540133
7896647020722
7891024028100
7897476616780
7898555804203
7898964630745
7899706119795
4006381333627
7896033201810
7891150030770
7896206401887
7898102264276
7898741950264
7894222037059
7898934594138
7891321101476
7897877700217
6931759211772
7898012491434
7898524341715
7898184464335
75062613
7891060773200
7899091424221
7501006710403
7898587273800
7892840819637
7896025527096
7891010029708
7898417962676
7896279100854
7898405061176
7898925522270
7897386780632
7898216290161
7898258627185
7896026300254
7896326908945
7898562355620
7897386788492
7898417962027
7891301486272
7896112113577
7897054514729
6941690722763
7899653781137
7896111986660
7891010096441
7891106915885
7898588324129
7892509061902
7896965255134
4894290026224
7898300574962
7891800348392
7896115702631
7891150106376
7897840301472
7897655401800
7898538295882
7500435000406
7896444604262
7892840822804
4894290631169
7891317481643
7896226500164
7898647924345
7896050704028
7896111977446
7898933076888
6934460601825
7892840814366
7894916146401
7909224578179
7898671427812
7891530569821
7898932140627
7891027147419
7896085868085
7892840821197
7896112113430
714289139251
746775241292
7899264301793
7896000714152
7891010255909
7896647072134
7896658005732
7897835702277
78997029003335
7896004722153
7896094927858
7896311769315
7898934595562
7896380605910
7898184464359
7898588088953
7896206401757
7896000622624
7908040425735
7896007547609
7898301056351
887961908954
7908010116977
7791293026732
7897517937782
7898650621620
7896000627384
7896885202317
7898341430272
7898483151165
3331430890723
7908353610095
6973094271387
7896200704182
7891142180773
7898562355927
7898647923102
7891158042423
7896026300520
7892840266844
7896033202480
7898920041240
7899640428496
7899788404130
7899788407575
7909342131454
7898663741377
7896647024881
7899871601002
7899755656425
7891033486212
7896548198797
7909690466949
7898947387093
7896009498244
7899572801992
17895800414269
7898396960441
7898580191606
7898300572586
7897832850179
7898155025115
7898322523009
7899527139750
7897832857505
7898211382717
7897129300776
7894494154997
7897517912048
7898184464427
7891104191526
7896013506324
7891224486465
7891075030091
7898588321494
7891266774322
7898148290772
7898502540055
7891266626232
7899852002644
7908470024263
7899304802358
7897517937461
7908905401089
7897256274391
7896226500171
7898945443425
7891027133917
7896009171062
7896380603107
7896699013574
7896927483100
7908077453220
7908083523818
17896007552846
7896235319641
7899640804993
7896242503590
7898211382045
7891350038347
7896000714701
7891317422011
7896279111645
7896309200493
7895155486587
5702051025616
7894222010748
7896444614025
887961795158
7898965438333
17896061995917
7897851250172
7899852019345
7891027154158
7891200013272
7896132134095
6932159608438
7891112135574
7891360582083
7896007544196
7896010175103
7898720566448
7898958598846
7897256299776
7898724570632
7899621105644
7899455900071
7908458332458
7891350032376
9788573984408
7898617521772
7899083121763
5702051041906
7892687813300
7897571991140
7891045043434
7899527130474
7908077451813
7891150061859
17891321037932
7891358395114
7896027551990
7891023554211
7891106909495
7898133137334
920897737992
7898932140870
7908083520794
3330000244331
7896004721095
6920218908162
7894900093070
7896033207171
0027185501276
7897832840859
7896015568702
7898588087406
7891485397104
7898647921122
7896658015168
7896000716842
7891395012166
7896464738664
7894222021263
7895155014094
7898941911867
7891317448714
7896094210110
7899755650058
7909438047201
7899205964032
7891142156211
7891150038271
7898360233953
8903855082813
7896004708744
7897547710522
7891317191757
7891301286483
7896132134873
7896112401438
7898449791457
7899205916581
7897779728104
7894916145121
7897517909659
7898506258574
7898664976228
7891266815742
7909438043425
7908458324446
7891142129178
7896964622128
7898931897737
7891317473402
7896026171465
7898040323301
7898639380807
6920897918162
7891150074491
731509687750
7891360655299
7896251802295
7898671428758
7896927482738
7898172860217
7896000724588
7896027540802
7898012491977
7896000614032
7897464700217
7899529000959
7908497413828
3326240011802
7899026464391
7899347601420
3274870453359
7891301518041
7898503182070
6920218971326
7899661747569
7896722207178
7896042010779
7899621103466
7908077432072
7891055635209
7891321333723
7622300852597
7893249149523
7897595900081
0606529140144
7891232517465
7896326978429
3330000230280
7898422167257
7891772156247
7898964630790
7891045029094
7899852000466
7909224916360
7896964622258
7891485429201
7894970934006
7898956683179
7908209802681
7896326911532
7891150036413
7898198172134
5702051103956
6953222115059
7899852020457
7894916149167
7899753502205
7896164073690
7896000677013
7898283857465
7898503182193
7898932140931
7899105904763
7899753513362
7891010892753
7909224342190
7891142128812
7908083512683
0030768112585
7896422546775
7909438060026
7899527113408
7892840824105
7908209808416
746775302405
7896085840067
7896004708041
7891150037335
7898504390665
7896444605870
7897042007172
7898288551375
7899850309974
7897753698140
746775268916
4894290293954
6920218904553
7894494546389
7891301196430
7898610373880
7898657691879
7898664973395
7899850326971
7897230302805
7899788405656
7896965216302
7506339342628
7896013539322
8905689251038
6941690704769
27084967265
7896111988565
7897237311732
7897169239326
7898283853771
9781450876247
7896230304598
6972267404522
5388814481884
5702051030085
7898664976808
7898961074283
7891224480258
7896015591526
7891023556833
7896111945254
7896902286795
7897517904456
7898417961549
7908010139358
7896014153435
7894494780219
7896639601656
7909253130362
9788543223308
7897698202228
7898170658519
7896112401377
7897917001052
7890541552204
7899026423114
7892011030861
7898481573495
7896699011877
7896931415517
7908458321377
7896111957615
012546011112
5702051024091
4894095141351
7899621107419
7891150041646
7898570573191
5413787002795
9788538098157
7896020682233
7891224048182
7622210683472
746775050641
7891142205964
7897316805114
9999999999992
7898083109504
7898395332973
7622202288913
7891485408350
7898049794355
7896326912287
7896020160298
7896331705058
7898506726486
7899852019826
7898532210539
7890265036202
7896044900122
7891721023743
7899527126040
7899852014753
7896036541210
7896025524668
7898671427980
7899755644798
7891266774285
7891106908214
7896000625397
5702051010575
7891109486238
7503002942543
7891219016905
7896000622662
7898222832829
7898945458313
7791293127767
7898671425511
7891027537395
7897840301502
7908083519903
7896676431582
7898125115654
7909883232177
7891321066874
7908353609679
7898225525681
7893299906404
841850010173
7897595633705
4894290652966
7894222020983
667524277709
6932159606267
7898412973639
7898501193245
7896444606020
7896181900863
7896438874442
7898486488091
7891317005054
7898939803082
7899400522099
884851011367
7909883329549
7897027201083
7898932370949
6926950260254
7898951747012
7896800011598
7503002900420
7891055687123
7898115901731
5903719644860
7896658049569
7896191218323
7893249990989
7899753506302
2010011702693
7891155056584
7899105902950
7908040433518
7898301058515
7908077462628
7898588089356
7899790239638
7898301056986
7899850340649
7891058006402
7899755649199
7891000018460
7899026423428
7898588081220
7898603991145
7899806204100
7898352914099
7898458571158
7896647089675
7909883234034
7891530474514
7897252263009
7896952500254
7896326998113
7891266524316
7896025500402
7898067615793
4005808239573
7898258626393
7898957474851
7899871705250
7891634333960
7898119103926
7896036572054
17891321064617
7891142143075
7891027331153
7899026479548
9556091132645
7891485383442
17891150074023
7899304806752
7896714291895
7896004715704
7896235353737
7897254130453
7896004701684
7898312604329
7909883270063
7896484130288
7891150037489
88866022367
7898903652401
7891027070342
7896033221061
4006000058931
7897322701523
7891266728127
7894222027531
7896112197478
7892509062251
7896444609502
7898636192809
070942004183
7896000650276
7896839935155
9788538089742
7896647028698
7896858617261
7908103765549
7894916143141
7892509067546
7899753527772
7897779690104
7896181909149
7896640437817
7891721000300
7896000627308
7891033938971
7896004705873
7891321332887
7899790922479
7898918067405
887961051612
7896451912541
7899264333077
78921481
7891035500008
7894222022222
7896279117173
7894494422478
7896444603814
7898639381699
7897386763161
7896004707624
7891060990119
7898132847579
7896033283717
7891253254141
7896000615534
7896400506692
7898007752298
7908077452940
7891317152208
7898741804635
7909883097837
8429420075443
6934460631525
7622202303579
7894494000560
7896014125401
7897386734482
7897840305425
7899850326674
7896000717337
7896004737522
7896004759791
7898741804017
7898497307794
7899055279645
7894494230097
7896004739137
7891279508068
7896004737836
7897103542123
7908132220200
7896191227028
7897659673012
7898422747916
7891721100048
7891485415488
7899815711163
7500435151467
9788557584662
7897144600523
7896033202022
7898410319934
7891027007683
7897595634177
1235665650003
7897322700809
7896036573068
7909253154320
7895717009063
7898562354760
7896132135405
7895155615444
7898506251568
7898662450324
7891313203805
7891027120269
7899640807178
7899820812770
7908458303595
7897252260718
3330000244430
7908077444761
7898100265664
7899091408429
7899420508486
7897917001342
7898007676235
7894222031156
0637293043089
7899069917571
7897013517112
7898100044115
7897216925042
7897832859820
8411061071809
11030294
7894494422072
7899095203037
7898185414209
7891321333761
7896033290456
7891117047865
7899583203075
6925352211154
3282779236867
7897877700149
7896111977521
7896042084374
7896380605491
7894222037912
7895155489823
7791293006390
7891024064313
7899672915544
7896111906507
7898698742738
7896013562634
7899310586037
7896658036835
7898567795759
7891024181072
7898646549495
887961184211
7896116112545
079400052926
7898617524186
7898623952690
7899806214291
7899304801566
7898623244405
7899658392840
7894494759055
7899850334594
7897386742043
7896444609496
7898405067567
7896207373756
7898915934106
7908652100372
7908040429696
3352817607307
7909224537237
6920897250880
7897254129099
7899783600896
6925187875743
5702051036544
7898652370878
7897595624642
17891321333171
7899652102025
7891150105645
7908512700568
7899790225556
7896025523036
7898546004117
7897476651200
7898662450232
7896036543313
7506195126912
7896042070797
7898939752021
7894916506625
7891360502050
7898562359857
7897169210813
7896023727948
7898947387253
7890541547910
7896042061900
7501007420158
7897517932442
7890541748140
7896094201613
7898225523908
7896902204942
7896000711175
7899808871812
7896025505575
7891317498054
7448070229199
7891301376931
7908083521944
7898542871157
7899264377095
7898905885845
7898506250066
7898567750666
7909253105384
7891360650997
7896211827825
7896025528345
7899838882345
7891045013130
7898940174331
7898926483204
7898955019023
7899753534305
7909253153255
7896094208018
7896671693862
7899852018904
7897731140401
7896603800535
7898405068663
609963963294
7899852001579
7791293990651
7896255715003
7891331010348
7891182020084
7898157300936
7899527134694
7899360217707
7899413113093
7898414851577
887961206210
7899820812855
7899588009979
7896033201353
7891024184506
7891224366880
7896609546147
7891350032673
7891485508555
7898639381286
7898671425276
7908083524075
7899026471795
7899850315333
7891024073001
7894916144230
7896004711799
7896365308126
7897000101010
7898913195219
7896012878156
7898040921088
7898542860045
7891317472139
7896023704833
7894916146999
7908083522972
7896033231381
7897517903367
7894222027203
7898923324081
7898671425566
7898662451871
3330000572397
7896640450793
7898681350445
7898946058277
7899820812671
7896004783024
7909690409366
7891219031793
7899386513876
7899850315081
7897620001905
7896000610966
7896269900761
7896181907657
4894290244796
7896448111124
7891000011300
7896009498275
7908759402713
7891150025394
6931759216531
7896341130796
4006381566032
7891150006171
7898168007039
7898555802308
7896004715759
7896862918675
7896647028551
7896033233811
7898927355562
7896639615165
5010994805838
7894916503594
7896523209258
7897406120011
4006381118743
7896020160113
7898225528217
7898647920569
7898944073418
7899091424191
7899207517090
7898506722655
7896326988985
7896750404051
7898265324299
7908209810686
7898300572838
7899360200242
7894290244772
7891150034785
7898079003120
7898283815076
7891485388263
7896181915928
7896036517284
7891301371523
6941690723043
7896342452255
7897252266406
7908169035105
8710103436348
7898265325562
7896382700583
7891301602146
7898447006326
7898567750260
7503486011940
7899751109871
7896004718118
7891182870030
7896067221778
630509316458
7896311760794
6936876801257
7898524349247
7899783602586
7898503183015
7810540115507
7898567794431
7891035033001
7898502503517
7894916143400
7898074614147
7891321045220
8692952002779
7897595604750
5906735232028
7897230303420
7891010505134
7892509071604
7898608953230
7891024110508
7891033516063
7896714222417
7898687734447
7898935270604
7896116860415
4894290257239
3349668515653
7908209810426
6924466306466
7891150094475
7896663332717
7898567750697
7896021906635
7896183309978
7896075700197
7898509232069
7622300842468
887961662832
7506339396201
27897849621520
7894222041711
7896042070902
7894970000473
7899753539300
090159109259
7896082900139
7896004769714
7908458320462
7896448183107
7909438011462
7898562355163
7898395333802
3616303393069
27891155017602
7891027981907
7891155003915
7898076752403
4894130917583
7895800854075
7898910451615
7891485404321
7899360222824
7898936661012
637293039167
7896033201407
7899852017532
7896311764778
793573964427
7896108008948
7896965251846
7898928257070
7899360264480
7891321041338
7898283855959
7899768075343
7891530374227
7891800662139
7896572013530
7896004731063
7893454137025
5903719642392
7896647007341
7898567794608
7908083512584
731509993578
7894222020365
7896181928669
7896444606273
7898567790471
887961801057
7896075710103
7899808882658
7899783601176
7891142113160
7891027129613
7898664973104
7898503183305
7899753532950
6920897722820
7899264327458
7909690403395
7896230301665
7896000627438
7898119176807
7898590651183
7891172172106
7898938592802
7900083011241
7908077449049
7896033201476
7896212425549
7897476656199
7898664975283
7896033231275
7891027056421
7898671424576
9788557584716
7898562357228
7896326911570
7896004710860
7894222027456
7891219032233
7899233756975
7898944500884
7908346900011
7909342632050
7897517909031
7897237394490
7896007550159
7898946058031
7896004719085
7897947617681
7908542607721
7891224112326
7898566292068
7898009430132
7898048211587
7898198176279
7891224038299
7899755667148
7891055626603
7891114047721
8710103561934
650240012884
7898352914754
7791293005010
7898312586793
7899083126638
7896261006850
7898534511078
7898944075238
4894290286420
7891301110566
5702051048196
7890541221636
7891027066574
7894916503747
7892509065436
7896015519094
7896509955087
7896699001229
7896885204021
7898647922266
7897186031095
7897849608077
7898291214304
7891027120092
7896004708669
7898040324261
7891224673384
7891027178796
7894494690136
7899360202055
7896013508885
7896181905080
7898447971907
7898903652173
7898288550316
7896041959239
11019688
7898640229171
7908077401818
7898447907357
7908169004996
7899706179973
7891027091156
7896004730042
7990500015303
7897840305975
6924466302468
7897642730135
7898258622616
7891150013735
7896044900085
7896020618959
7898378035853
7891634011042
7897876125042
7506195126875
7891530280054
7702018348053
7898157301230
7898632476002
88300105304
7896004700229
7702018884063
7896952530596
7898940257850
5010993640522
7894916142632
7898300574221
7899706162043
7908458306527
7891485464271
7896647077757
7897889102610
7896132121019
7899806209068
7898556756860
7898595238129
7894916146449
7897476615417
7898101640484
7891721013010
7897386750710
7896714218205
7898125115319
7891266058071
3507460113006
7908236800995
7908209811560
7897513907802
7896004714837
7891530415296
7899026406872
7899706188951
7899264314052
7898506255023
6506079633230
7890269194168
7898302727748
7891321043691
7898225529641
7891183013214
7898300571688
7899806211474
7898932370901
7891268102611
7896033203074
7891027048945
7908083529445
7896033212403
7895265742382
7899755617488
7899788400132
6943258621570
7894222021195
7899527108152
7896050502402
7896007512317
7898639382443
7894900019841
3330000225606
7896800014520
67894222030090
4894095233315
7896064469579
6932159610578
090159312017
7896213306793
7897254136950
5010994537074
7898506256433
6925187880136
7899026426214
7891266626201
7899898402743
7898567797104
7899095204072
7891027305888
7898148294121
7891321310212
7897185939187
97453789
7891027129293
7897230301976
7898650622122
7898660590619
7898300570193
7891150025950
7896025539808
7898610521120
7899670900443
7899755644439
7909107927728
6941690722411
7896083411306
7898608951915
7896070600249
7891317473648
7899753552248
1789696461676
7896006290537
7891224663866
7899264374230
7909438028460
7896342444168
7890387181354
7896002911245
7898589684222
7895265700375
7897042016419
7899026437678
7899583200913
7899095222267
7891027146153
7898212287400
7909253125009
3330000279524
6924466301812
7891150007512
7896004710419
7896033204033
7897917000208
7891033535026
7898671425160
7897230306841
735201084107
7898447973826
7898947388885
7896380606566
7899753501604
7891485385262
7896004793825
7898395331839
3326240005122
7891224677313
7895800002940
7891224986422
7896112123347
7908077460440
7896010100884
7894916141383
7891010256708
7798040462157
7898312569581
7899852002897
7898948960172
0070341707395
7898126403491
11094005
7891024113905
7897042020744
0667526907840
7898660593290
7896111949627
7898012491496
7899850354059
7891301196652
7891266717596
7898258624474
7896230303775
7896964620520
7898524349971
7891182880107
7908823500062
7898560663482
7896083400263
7891224986262
7896230301320
7897322700083
7897476687513
7896261004009
7891224047420
7896798600279
7899852013312
7891800205893
7893353038973
7897476662329
7891150083516
07894900329834
7896150001652
7899572809783
6821990812541
7896355700503
7898417965547
7896033232227
4894290676894
7896098810347
7891010099503
7898671424682
7898741803478
1956490510224
7894970540009
7896033231909
7899621105552
7891158103285
7898032594016
7891485310325
7896090700431
7899753541709
7896342453269
7896444604736
7896603846717
7898556755375
7892509089913
7798140253341
9788573981728
7896448194509
7898623952430
7898647990005
7899026440296
7896647005705
9880131790480
7891155000914
7896965253499
7897832846103
7891027142513
7891266787278
7909438008752
7899264318258
7899706113267
7896311760879
7896261403499
7899755657422
7891321320068
7891317472054
7891350048599
7898095344689
7899095245143
7908448003917
7899640802883
7891000112946
7891266728097
7898265324572
7898925879299
8429420177284
7896230300224
7899918921018
7899790225082
7891027179694
5010994979867
6932159609176
7896004707389
7896004728506
7891033471829
7896255762465
7898286945015
7898395334670
7891224956845
7898405061206
7908209804753
7896422515689
4895138764230
7897562200503
7891027308469
7896676442144
7898417966346
7898656684674
7896000614087
7501078270737
7898943565303
7891224038312
7898591457869
7896226102092
7896624001713
7896150107767
7896200706018
7898168731194
7898301056801
7898503180175
887961053753
7894222018928
7898416839252
7898617740142
7891035010712
731509535594
7891485380359
7896647028797
7898405065990
7891150085640
7896018700345
7896438201828
7891010031632
7894916141550
7900083011869
7898671425481
7899779001140
7898125114008
7896004701226
7891721020506
7898956544562
7896054024306
7908040410199
7500435106597
7897947619555
7896261001718
7899755643012
7894494637735
7896115702020
7898957474561
7896026171366
7896132131599
7898533237818
7896009176869
7897731147509
7891485420192
7898395330979
7891530360190
7896952531289
7897659683684
7899755630623
7898417961150
7894916516082
7897832861663
7898647920231
7896180302095
7898587760522
7899026438545
7899706114738
7894494593611
7908077444778
7908458326778
17891321331726
7506295380306
746775205683
7896004713861
7891317000653
7898422749606
7891313610382
7908083513185
3330000615476
7895800400227
7891000086131
7897252260817
7891027059873
7896292251298
7897562201579
7898590337957
7899083127413
7896042080857
7894222009704
7896326911563
7899360213747
070330198739
7898447907012
7897476643518
7891024114148
7896015593209
7897386776994
7893249155357
7899026400894
7896647055045
7899806201734
7891224717538
7894900502053
667524277723
7891301371387
7891027318345
7891317152215
7898148646388
7898414850242
7898549367738
7899852024790
7899852027814
7891317008772
7898915802627
7896965211772
7899753541419
7899768808088
3355991002319
746775194659
7891232135416
7897042015825
7909349264698
7894494599606
7896004709857
7896380604784
7898412977545
7899820802153
7506339314311
887961585858
7891150053724
7890311856754
7891266576759
7891150067912
7896523208534
7898074617759
7896079811486
7896637023764
7894916148245
7896839928201
7896326988473
7897851220687
7898664973135
7908497405021
7898138782232
7899640810413
7509546076522
7897230302751
7898078762448
7896007543021
7896212469093
7896235353119
7896637033978
7909510216433
7899706197687
7896380604821
7898647921504
7898521370275
7899069926115
7897256271048
7898341430180
7899097920246
7908169039851
7894383009964
7908040492799
7896326978443
6932159609367
637293292746
7898312923727
7909224990032
7897517920449
630509413676
7898549362528
7891027133474
7896380606504
7896637033480
7899014925941
7890541706225
6920218900166
7896085866067
7891155065579
7896737021028
7891219030659
7891360625797
7898919089116
7899455903881
7909883232054
7891027306182
7897322706030
7899207550141
7898915764130
7896025509634
7896311761692
7896042089539
7896326988572
7891191790008
7891024110300
7898184464373
7899824400942
7891224748754
630509562435
7898588110692
7909253153576
7899527109357
7896964616882
7891266565128
7891485491857
7898603990469
7896033261135
0070341386163
7891155045236
7894916144261
7896699011457
7899455900613
7891153028958
7896852619469
4005808628117
7898089300189
7897500587048
7894916146234
7898215151722
7899026449916
7898405060629
7896004712642
7899753506258
7896044900856
7896112191919
7908685690116
7890541759658
7898589682327
7894916203517
7898504394076
7898452492299
7899455902693
7897775664024
7899304803713
7791293025018
7898943477286
7896036521502
7898994297475
7900083002102
4894095168105
7891350031584
7891485407162
7908040401081
7899360206572
7891010033521
7896331702583
7891010500832
6932159614880
7899572808694
7897337704120
7899026419179
7908169009205
4005900715838
7898460930387
7896640418946
7896085863172
7898258625983
7898319422445
7896049502437
8768550733244
7898144121650
7899852000718
7896640436186
7896647041949
7891027151959
7891485389208
667523430495
7899852020808
7896658005091
7896380603923
7891350045673
7891055805800
7898302725362
7896640419073
7898428601236
27084950991
7899706111430
7894494194313
7891530453359
7896965250047
30768000943
7891176117936
7891027309022
7896309204910
7898588323825
9788533934450
7891317003111
7897571924322
7896000717368
7898490057252
7891530289927
7891040216116
7908077431716
7896111992722
381519022876
7898422168063
7896965216210
7898198172233
7898588325546
7890263212226
7891653010316
7896317900217
7898610376362
6932159603945
7899026461895
7894494730146
7896000614797
7501086475100
7896226101736
6920898852694
7891266179028
7896965208901
3330000260508
7891268144109
7896111907665
7896000627766
7897476647845
7892840818401
7891142143037
7899264302578
7896108560460
7899753542829
7891253203224
7908458320547
7899653202045
7892687812358
7896114312886
7899670902911
7896026301701
7896061953156
7896132134071
7896230304581
7898302722088
2900003056807
7896036520130
7898917420768
7892021501016
7898395331426
9788536809281
7897256293620
7908458335848
7891266256378
7896647041406
7894222020006
7897013553103
7891150005495
7898567797258
7908077434823
7892509066372
17896007550057
731509992694
7897473207158
7908470008898
4894290996107
7896004705101
6952786802818
7899475605895
7909107660847
650240012921
7891360678762
7909224546413
7897517909581
7899620605343
7896132134903
7896132120425
7898395332171
3504105035471
7891321034194
7898913756335
7898955019368
7898588089196
27084926972
7898503182513
7896070602403
7896965253864
7898286940577
7896657836559
7896422524476
7898350882918
7899806204810
7896523210001
7898955004579
6903612145012
6940091961139
7896750404006
7891991015462
7896251801564
7896213305437
7899026421193
7897780208398
7899852000190
7896422517034
11100249
7891027141271
7899360264343
7896964619913
7501065910325
7890265898695
7896423465563
746775113643
7896472511808
7891010013356
7908077447373
7891024132654
7898312781457
7898002433147
7898286940669
7908169002831
7908823500024
7898322520572
7891058226718
7891530355493
7898717402018
7896004709871
7899820801316
7899852013367
7896255718233
7894298051058
7896004711935
7898005719828
7890541804839
7899806204261
7896007544592
7899852003733
7898647926127
7891033925599
7898664631639
7899755630920
7898601574630
7899852024950
7893249927459
7890026016917
7896342435869
7891266576582
7891313612317
7909438045191
7899658326678
7908704502529
7891010925543
7898593050075
7894916140393
7891224630028
7898567798651
7897042005833
7899360205810
6889297711318
7891027070519
7893249866314
7898312570846
7891027140687
7899753558813
7892953206942
7896422505963
7891040144532
7896964625549
7899360205568
7896033241472
7898040323325
7899653201987
7899806212945
7891033558049
7896964620605
7896094928763
7898960330380
7891331008178
7898632473285
17891321330828
7900083017427
7898646542670
7891356002229
7897144600172
7898943477002
7908209805545
7898632473612
3016661137181
7908785412342
7622210887658
7891268107326
6973094271349
7898283852101
9788557584778
7897252216401
7898915802337
7896085864308
7891027132613
7898650625871
7890688161215
7896015519292
7898416834691
7896269901898
6952786801538
7897447203339
7896206407636
6937147252044
7891104195067
7896083473021
7898949409915
7898953714838
7896000714121
11014010
7899547018523
7898944524415
7896422507073
7898957474653
7897316801239
7891027141172
7891360653592
7894916501163
7896112480877
7897779680105
7908371626122
7896240201245
7899527113132
7898571630213
7899820813531
7896965211468
7897294403692
7891058260071
7908542617560
7898172860231
7898302727519
7898449087385
7898085945049
7899850319690
00221529001
7891027343026
7891058016067
7898664970714
7500435116268
7891721300028
7891000011195
887961207651
7899621109888
7898647927865
5012874212286
7891142181046
7897169204041
7896658000843
8675458870813
7890541884435
7896342452491
7898448616340
7891350040159
5010994895228
071603001480
7898484044923
7898927423315
33924983
7898646540027
7897807410728
7891035910951
7896004729244
7896676410365
7898125112288
7898468861010
7895858014971
7501065922724
7896326955079
7898495607179
7898566293072
7896982904732
7899753502083
7899083127208
7896422515641
7898312566580
7899264306750
7899768822305
7891253260319
7897517938093
7896180300183
7894383280851
7897771200301
7897659673111
7899420505652
7899790910827
8431754340616
8710103683568
7897705203095
7891000073100
7891253284179
7896010170467
7908501703013
6972858365232
7898664973173
7899055273827
7891485416690
7908209808454
9788573383515
4894290203243
7896839980452
7899527108138
7908161700391
7896380606481
7898002433420
7899753504858
7896380606351
7898506254118
7908458320660
7891530582806
7896004706283
7897042016877
7896111976845
7898222820604
746775241780
7896033204446
7897849621595
7898160200032
7897690112723
7897322703053
7909068852893
3337871320362
7898533227161
7896230301825
7898312579320
7898360970698
7899026479463
6920218971319
7899970401190
7896004746586
7896369163745
7898132989262
7898506250455
7908161726674
6941690723852
4894290278319
7890263210116
6932159601774
7909438051130
7898302724228
7898447970078
78924222
7890593315284
7890541748294
7891301372179
7898647925779
7891035912405
7898588326246
7898417966261
7890904101056
7894494188275
7891485394929
7898412973547
7894494653162
353885490252
7909438009315
7896965201421
7899753541495
7893299742606
7896004790657
7898048010012
7908324408775
7896111987209
7500435014199
7896326988091
6932159607356
7899852023571
7898312948683
7500435158374
7897027201137
7896033201926
7898639380265
7899304804604
7899850338103
7896839928010
7896015520533
7896737000122
7898265325340
7898646546784
7891224748716
4015000090711
7898623243132
7896964627451
7896036548561
7891150061033
7898040920517
7896181908906
7896744802900
4260747720746
7893249058894
7896013547808
7896094930254
7897947601536
7898079003144
7891301602344
6976337638602
7891313612430
7897237309838
7898283814475
7898915290011
7899640801084
7891058008642
7896422505109
7896000704702
7891485384098
7891010894856
7896000615473
7895155383411
7899790242935
27891253284159
7896033211857
7891010256463
7898430190995
7897930760806
7899527125678
7899621109505
7500435128957
7892840814724
7897411600034
5702051024169
7891321045558
7891317024277
7891033515516
7896206400996
6956798488374
7899753509259
7891182036412
7891142129147
7892576121011
7896303600565
1000000106619
7897775667018
7898144121698
17891321108700
7896085868337
7891010713904
7896222720757
7898064989804
7891360495543
7896380600397
17891321038045
6851129512455
7896004739663
7898352912132
7908458336012
7897832858830
7899572806874
7899790913279
7896025500112
7897595625304
7897832863827
7896279112048
7899850340663
7908040492652
7898903692735
7891150051898
7898538970208
7898490059676
7898258626416
7898012491670
78257556021
7891334101067
731509995534
7908346901155
7896200706186
7898440163040
7501009225027
7896007545759
7896640433376
7898502519846
7898412973967
7894494575457
7891155074106
7898258626720
7897424006663
7622300505813
7896639604145
7898078318164
7908470014776
7891153096377
7898520937332
7891395012098
0043917002781
7896242122487
7909438045221
7891317000912
7897476627908
7891010582913
7891010989309
7896111992425
7896658002700
7896927426213
7896094211308
7791293035215
7898524348479
7896279102483
7896004816562
7891279952212
090159319528
7896014170975
7899850309844
884851033208
7894494135989
7899360263971
0070942303194
7896033202442
7896111927656
7896647002766
7891182036634
7896112104407
7894164003761
7896852612163
7898312947747
7899850333498
7896422510141
7895800303313
7896010175622
7896965217101
7898970341253
7898608952912
7891224040070
7896497504106
7897476683829
7891027294663
7892509061056
7899527113798
7891721202889
7898646542397
7896224410137
4894290629128
7897517909222
7891027308827
7891150060289
7898610370339
7897572004511
7899783600094
7899852013008
17896342905833
637293169055
7899850310895
7891060950663
6932159604614
7898503182186
6934460629485
7896002925587
7897322701912
7899055273681
7898312592978
7795323001270
7898447977725
7891473014693
7891321330623
7899790501391
7896964618015
7894916502245
2009050090267
7896965252294
7894222010601
7898032594092
6831899012591
7908038605545
7891024032817
7702045538373
7891530423352
7898911494178
7898930508924
7891033913077
7891155017608
7898040328368
7899753551265
7899110598087
7908040493123
731509997798
7896049508132
887961053012
7897586811457
7898008554075
6934460645430
7898395333734
7899320355142
7898185410621
7896965216227
7896010175202
7899621105569
7893249182995
7898501381512
7898302727908
7898966463105
7908240822648
7898647925991
7897835700099
7891027141059
7896679233138
7898646541413
6931759220606
7899753550213
7908448003016
7891040090921
7896852616192
7899018412546
7899620608832
7898587774352
17891321098902
7896004006239
7891137006316
6931759218405
7899852022284
7891106006378
7896658004346
7898639690777
7891321036952
7896342461837
7898906376403
7896025542006
7898216365166
7899250612124
7896858633568
7896181928706
7899790253221
7908209804814
7896342408405
7898935840012
7898933781768
7898040329259
6932159606120
7891158104725
7896132131506
6946438681340
7896207372599
7898506729333
7899429110543
6941690703236
7891313612089
7891350048193
7896658007996
7898472891652
7899670903017
7896033211086
7899640808847
7899706145190
7896094999350
7894494152788
7791293032146
7898157616228
7891150094895
7896965216005
4713195032614
7891150081086
7891360623090
7896800010010
4005808257706
6973094271998
630509556281
7891224829361
7896025519626
7892840253547
7896359028580
746775181345
7891224789603
7896750403610
7899753534237
7909883345273
7896042082882
7898706180866
7899970401213
7898968070301
7896902288959
7896744850758
7897322701066
7891266695788
6920897701184
7892509054911
3474370505040
7897252215701
7897512900088
9788533925274
7897373145260
746775290375
7908077402419
7896326911075
7898588321722
7896644716147
7896548165577
7908083512324
7896111900291
7898352913917
7898483150588
7898549367769
7898656682175
7897299900677
7891150070301
7898639380357
7898260784678
7899466425426
7896676427837
7896622304090
7899852018409
7897386740971
7898610370551
7908236800629
7894164010479
17896061996600
7896008909390
7896013535522
7899640808243
7898506252046
7898078313688
7896004787343
7897832846127
7898506253678
7899755666424
7891106904537
7899069912378
7898631550451
7898223132041
7891024171295
7894222020372
7896852611999
7898588323467
7896010170382
7891010941901
7896509955094
8710103602217
7898556850582
7898741950233
7896331708844
7891800386776
7891027147426
17896061996358
735201084268
7891182036351
7896181920854
8955155811259
7898937360099
7891360542322
7896036520710
7896026173018
7898650621682
8439627653061
7908077460280
7898970965824
6991984006031
7891027396008
7899264313512
7896004767062
7898289140493
7891485460792
7898567791904
7908040468664
7897595624611
7898325580221
7908077431839
7897512900903
7791293018829
7898447006289
7896714203836
4005808694914
7899640801169
7894494688195
7897476676654
7891027093402
7891266640504
7896033201711
7899806214239
7898281098327
7897473201378
7898312606248
7898637224820
7894222003092
78918344
7898567793830
7899753531977
7899788403188
7891024026670
7891317044756
7898588326826
7896013504733
746775097752
7898555805552
7898322521548
7899547535693
7899900700706
7891150037403
7896083405558
7890541544025
7898927420031
7908470031391
7898724573145
7899871705236
7898608953551
7891485295028
7898417969224
4008976681717
7898149187286
7899753539911
7898395843202
7891153066486
7896013513964
7896004762227
7898360936083
7891232135454
7891142982698
7898021639261
7896637609388
7899788400095
7896779611157
7894916501248
7896036576243
7899753500409
7896347148726
7899621105354
7891182993692
79082161104402
7896658014192
7893249023892
7898126402258
7898418036130
7896229945047
7891023556956
7898918203445
7896181919247
7891027234553
656079416084
6934460635141
7891040137596
7896004725017
7896181924166
7897169241190
7899852022208
7908497413781
7896015519261
7899620608986
7899217914032
7896015525002
7895265739351
887961234640
7908823500079
7897186028613
7899069917519
7899583200647
7898412974070
7896085833113
7898542759769
7612412700077
7896743803403
7898741530510
7896006201403
27896309204921
7896523200606
7898549359788
7891109714515
7891485406370
7898447971587
7896927468503
7896004705804
6925187872131
7898078314623
731509992311
7897779732101
7898549753814
7898555809796
7891058006501
7897517904838
7899790242980
7898064924324
7908169028541
4005900942975
7896818202506
7896044963554
7896191260216
7896676431636
7899588009986
7896132134378
7898158174055
5702050000492
731509685527
7895296258036
7890541543905
7894916144698
6920218908940
7890541013613
7898212283310
7898662451420
7908376801579
746775241308
4894290268716
7896771609381
7898944856011
7891182039246
7891485405601
7896027530995
7898448615954
070330423480
7894222032054
7897476654218
7898596081236
7908040493031
7891182036559
7898447978524
7908024931740
7908458324392
7898960330311
7894222043289
7896033261012
7896004757933
7891010096908
7898417962133
7898265325135
7899105904749
746775180263
7896279109895
7896342449972
7908209810105
7897478402633
7897771307116
11007111
070330100664
7898029551046
7896326957189
7891000142202
7897517904807
7898502511529
7891182860024
7898940953387
7898698742387
57897731140000
7891361728206
7898481401101
7896033241441
7897595634221
7898405069486
7908040477024
7896359036028
7909438042589
7500435125758
7891232971120
7899852009261
7894993986808
7896207372100
7898580196267
7909438047249
7896014191383
27084602746
17898664975655
7791293990576
7897877705939
7898955019016
7891150029392
7908458320097
80183426
7896212429653
7896359026487
7897316805060
7898301056511
7891317473679
7898265324497
7891530272608
9788555584633
7891033512614
7891158027567
7896440600527
4894290677921
7896965254304
7896207373466
7894383412160
7891134001802
7896000714138
7897337711081
7897731140043
7898524980792
7896094200876
7890195100097
7896025539792
7896640430030
7898002434700
7898422164614
7898549360234
7891027070656
7898948960967
7896331702606
7896966333336
887961359626
7891721104848
3330000223497
7908077468873
7898481400777
7896641800023
7899583201101
7908240503264
7891321045060
4894095615296
4894290620729
7897230303611
7898698745081
7894494195891
7894970000015
7891150055889
7896852615638
7897076917744
7898258626003
7898513495641
7898580192368
746775346034
7899250610175
7891024158975
7896380606009
7898125116095
7896572020361
17896061996617
7897476664385
6924466302154
7896311766956
7909883176310
7896658038693
17896007551085
7899850334068
7891191001159
7896111999288
7897230304236
27084882513
7891395012142
7898944073067
7896230303737
7896658032110
7898948893005
7890541822567
7896004705378
1512101461547
7897076910882
7909883167547
7896676416909
7898965666958
7892509099066
731509535709
7908376800893
7896112406259
7899783601961
7509546022567
7897660203475
7891530275425
7896279109796
7896316101424
7896326911440
7892953209103
40151748
645719650049
9786561020770
7894494424755
7894494153228
7896112160298
7891485470692
7899026432482
7908470009024
7891268117165
7896799982756
736532824844
7896497503826
7900083002492
7896111947906
7897299900103
7896342400911
7622210887894
7894222020051
7898958400132
070341071854
7898943563828
7896647028636
7897595605498
7898078318539
7891721202261
7898291214083
7898503182544
7898927980368
7899527101481
7897129304279
7899026416284
7896094930438
7898714760456
7894494183669
7896013552680
7896007544523
7891268105919
736532611109
6934460664851
7896342916313
7891045012904
4005900547170
7894222042640
7896000661012
7896007201259
7896965250597
7898417962423
7891360677222
7896006210771
7896647073223
7899652101080
7898765331155
4894290268662
7891033913206
7898225525124
7897144602138
7896094915527
7891106904773
7899652100731
7896094208780
7891027313517
7896004737881
7891150043428
7891321043134
7898929018083
7899852019130
7898292888740
17891321044831
7896422514460
7890541221254
7896000610584
7896444602015
7896647004302
7891317014254
7898101645885
7896540792757
7896472520534
7898078319888
7896075707158
7896132134866
7899527101092
7896422504980
1235665650009
7506339391305
75063115
4894290628268
4006381105279
7896025523913
7897832860789
7896041381993
7898671421063
7898910916022
7894916149181
7896111992265
7908497413545
7896852618042
7898395843134
7896965203449
7898549349802
6920897287695
7898520934256
7898945746298
7896042027616
7908448005577
7896112140306
027084929539
7908040437592
027084706123
7898411971704
7897917000796
7894916325769
7891350045246
7893522203102
7896000660657
7894222008677
7898481401514
7899820801873
7908077451431
7909690448655
9556091161249
7896952563280
7898360917808
7899400524451
7897930761674
7891027310172
7899364808796
7896637022989
7891024114223
609963963348
7896448198606
7896472502615
7899264344851
7899670900504
7898079003694
7891530565151
7899706187930
7899852003207
7891530448140
7891317020507
7898588325478
7897900317627
7891150061064
4894290678591
7896771606281
11033349
7891350048186
7896444603036
7896497501341
7899026401754
7899026423879
7899753531854
7896306612862
7891360454311
8903855078557
7891033534722
7896111992968
7899026400634
7896004706320
7896369164735
7896013564843
7896331701234
7908209802230
7895717005133
7896422503990
7896644701976
7896438205079
7898924603819
7895155447359
7891027001223
7899852020341
7898132847043
7898258622685
7898283810373
7891106906944
7897424006816
7899852027838
5010993649488
58757079
7898671424132
7897779719102
7896116100092
7899783602593
7908040417488
7896279112482
7891301489891
7896013503712
6926950261183
7891027145538
7897876125028
7897129303043
7908083514977
7909438032061
609963964055
7898048003045
7897517933005
7897230304458
7898671428024
7898555802926
7898168380019
7897042004966
7897076911421
7898925522089
7896699012041
7896094904156
7898707145024
7898588089479
7897027200161
7896744841602
7896658005053
7891321035382
7896422518710
7898312775418
7899207551162
7899808871577
7900083018752
7909438045986
86806584241
7898961930015
7898738761033
6925187876023
7890311856761
7908770619008
7899583205796
7894494192418
7898929260963
7899583200319
7896004708133
7908593504109
7898941911843
7897517927325
7891153047102
7898085944684
7909438033655
78923423
7891317421557
7891150036727
7898647929272
7891033936533
7891182830126
7896737000832
7898945458498
7897517925499
4006381401166
7893454101736
7898283814031
7898617520980
7898312889771
630509319282
5010994687946
7896006260004
7898662452502
7898422749583
7897144600509
7898930770307
7898225520136
17894900660330
7899026419537
7898947170497
7891010096502
090159890614
7897917001908
7909107660946
4005900137319
7898301057532
7898516939647
7893249567198
7897424006823
7898300571220
7898567792055
7898942324512
7908040432849
7898283851142
7891010039097
7897446000458
7896916710576
7896004822563
7898521371685
7896472505524
7891027149789
7899706171410
7891239025901
7898582682850
7898909333373
7891182995856
7896771600555
7898639381378
7896111996485
7908458320387
7909438041506
7897186006116
7891027126209
7891027390426
7982663596607
7896658003530
7891224983919
7896438873919
7899793400448
6925625428005
7896111950326
7896927472869
7898623951709
7898448616142
300410100742
7891301486197
7892509072854
7896014174010
9788573981292
7896112165538
7899864415661
7909438000688
7898670940572
7894916144872
7898040324940
7897424080359
7898601574685
7896509945576
7898906453319
7898610370667
6932159606823
6934460664554
7891072000059
7891150062528
7896671692100
7896927475051
7898100242900
7896000622686
7898664970738
7898932140894
7899676807371
7899753534497
7896639641584
7896800011253
7908422601153
7898301051561
7897473206922
7898563360012
7897780200361
7891027055059
7891033930562
7896004756431
7899583204591
7899850333368
7899753502168
7897877700170
7896279128926
7898527127293
012742012685
7891224986217
7896342413119
7894222009544
7896004716329
7898656685138
7896472502271
7908209809949
7896181907572
7898937322622
7908236576036
7898758084532
7896007551309
7897512904383
7899026424364
7500435231558
7892840818630
7896830500307
7899768074827
7909438007724
7622210573346
7896647029992
7909189289554
7896000722676
7898158690760
7897076909282
79656549652
7894222018973
7894494136108
7891485465148
7896744846713
7896111992609
7891150074002
7891224717590
7891317448677
7896422506519
7899026450912
7896033232142
7896180300510
7898960330397
7899753530925
7899788400910
746775306250
6925187871257
7890000022040
7899205965008
7898412977644
7898945780018
7896342450442
7894222030128
6941690723845
7898744782497
7909438041483
7891150042483
4894290631466
7899753504353
7908458322343
7891426311275
7896818246647
7898567790792
7897042009848
7892840816773
630509554973
7896965211727
7899850337281
7896497509491
7896230304291
7909883386818
7896012878491
7896004729824
7891317009595
7896331704792
7898079000433
7891058021580
7898126407727
7894494128066
7891360660170
7898509250360
7896098811481
7898662450386
7890541146304
7891485455729
7898078318058
7898671422176
7895155446154
7897832840491
7908077468798
17896673193336
7896191283123
7898960330366
7898405067086
7791293004204
7898567799467
7898039563664
7898639382146
7908161717986
7891530644061
7894916143479
7501007454948
7896639638294
7896025519657
7897512901849
7896444601995
7810540165502
7896111997192
7896653709659
7899527174157
7908346900660
7897753699604
7896142700037
7896251804756
7896111900222
7896927460033
7896902288942
7897217404072
7899753541570
7900083002447
4006381333641
7891027118532
7898662452915
27898549378653
5702051018380
899466418909
7898417963307
7899850312493
7898927420048
7896200707626
7898074617742
7908077460013
7896108009792
7896658020988
1000000020021
6926168002196
7896422506229
7891182035927
7897256222569
7895155774257
7896557308798
7898029557246
7899753505572
7896020691754
7898945244190
7891027229764
7896013539155
7899820800432
7896640434205
7891173078957
7896025503090
7893249046891
7895265700368
0741527445973
7891040137961
7891155019169
7894494554049
7896200704038
7509546679525
7897517907433
7898646540980
7899621100373
7908470016237
7898506478620
7899527159147
7896572020279
7908458332519
7898610373927
7898100272884
7891224478231
7899852021638
7892840814601
7897337705806
7896006212317
7899187014190
7896235353126
7896657818616
7898636290192
7898132980726
090159312949
7892680331603
7891530267475
8710103770893
7899852024660
7892840272340
7896004768472
7891321045152
7908077452537
6941690722251
7896548160619
7899233783179
7908040493147
7898497305714
7898183793894
7896852616697
8902276700238
7898944073593
7896007200399
7891033480920
7899455907315
7899956836015
7898556850612
7899824400911
3701129810705
7898300571824
7899360214904
7899110610949
7898369690108
7898216367726
7898664630496
7898943596116
7891317452933
7899474209605
7899753535890
7891040302321
7891182996907
7891219013041
7898927356200
7898472262582
7897386791645
7897476604916
7899852014845
7896444614728
7898595237252
9788555584695
178986960404
7896422507967
7501001156190
7898452508518
7892840814816
7894494592560
7896111900192
7891182990219
7898083108682
7908007500062
7891058004422
7896094918610
7898503183510
7891142115768
7896009142406
7896269900334
7896111984819
7898078314203
7899824400928
11009580
7822456325994
7898944110137
7896016802294
7896004704135
7898504741153
7891024158708
7899820807264
7908040420464
7896007546916
7896033232470
7899583202306
7891150046474
5010994708276
7899264399691
0722713014104
7896414306103
7898212286540
7896115704581
6934460660808
6934460629447
7891027007058
7896326950432
7896033203371
7898157233326
7896676422337
7898547026156
7896484102087
6506079861954
7891268130065
7896014153428
7896000624864
7896033290449
7891317461089
7896317907025
7898503180571
7891224861262
7896523210889
4007817334096
7891634017815
7898504394083
7899755633631
7898031312697
7898943696939
7891037145955
7899658392857
7899753517391
7890000018524
7908458326334
7894222027463
7891530581441
7896326962497
7898157301407
7897230304243
7897322700564
7501007420219
7899095264199
7899783600520
7899788401016
4894290265982
7891027033545
7892840215217
7891224506071
7893249679068
7896006220589
7702045538618
7898532708395
7891301514517
7898064034801
7898958598464
7899095222236
7908458322596
7896001281448
7891279990634
7908371667538
7898506455621
7899026473676
7898452173297
7898581711186
7896111999301
7896699010047
7897500592363
7891321035832
7893353614818
746775194666
7898518430401
7898258624429
7898549362573
7896004761695
7891317014155
7896658017582
7898078317488
5000456028561
7891055539217
7908040406130
7898556752398
7898447979170
9788555501944
7891027004361
7891158101021
7896112172192
7896523201641
7897789424966
7898007677188
7909438067186
7896594800187
7891182039789
6920897703577
7899806947946
7896380604876
7506195196694
7896952563310
7890541063670
7898902505586
7896522030143
7896200704281
7891721029981
609963963607
7897476627731
7898185410706
7898925522652
7898944524385
7899026452671
7899984402275
7898955019627
7896448185705
7898185416678
7898566291498
7896647068878
78914964
6941024810685
7893556677696
7896229906239
7898567790587
7891395022363
7898962932193
7896637016056
7898911495670
7894916142564
7898639691958
721129054766
7892840814342
7897500529024
7891182992626
7898623243408
7899207529741
7908077458041
7899706162067
7896000677082
4894290996206
7897476606330
7894916148917
7891106006460
7894383180502
0802822003647
7898300572258
7898506258567
732013082055
7896085862168
7894494635717
7896211827696
7896261000124
7899753536194
7896676410723
7896326958131
7898650621811
7898903925321
7908040449434
650607862050
7896525011095
7899069915522
7898945562041
7898494999923
7898758083597
5010994745585
7898055421818
7897013561276
7898911689659
7892840247041
7896098810330
8901148243651
7896042083018
7891058005047
7899753527574
7896647082263
7896927457255
7896444606280
7798151677860
7896269901997
7896658028922
7899621104937
7891027066918
7899233789263
7898632473018
7898225522901
6906588231512
7897143013720
7891142112026
78933354
7908077460051
7908209808270
7891010255022
7896916782337
7908083512362
7896927442763
7501073025349
7891224347728
7897572000810
7898378035877
7896800009724
7891158106965
7898342912906
7897832862523
7898555802025
7896261404823
7896965211369
7898610373514
7899069905967
7896042055206
7891027241919
7897595636508
7894970736419
7896000627629
7898588087208
7891485408244
7896111997031
11078876
7791293022536
7892509048989
7897572000803
7898157302060
7893299741364
7891106003384
7897027213925
6831399012577
7896653709604
7891360572336
7896000715685
7896788000126
7898031310327
7908660200002
7896647077733
7896000615442
7899820811889
731509991444
0667526907864
7894383387376
7908216131637
7898096577697
7908083520756
7898417963147
7891058020088
7898953165241
7898928518898
7894187000020
7898415760182
8411061727935
7896779651344
3574660548075
7896049504721
7898666422471
7898915801279
7898911495045
7899069927815
7896033212816
7891395035059
7898225524424
7891088016747
7899026410237
7891317472337
7891027113186
7898506469406
7891033881352
7897185915129
7900083017472
7896422505208
33921056
2010070110262
7893871820302
7896359018949
7896980461077
7898741530367
7898639380326
7898916594057
7891000283288
7898968221017
7897517905811
7898322521654
021105769302
7898631551496
7896025510067
7898448616357
021105401301
7908169032685
7896004810638
7894916145527
7896251802424
7896509974163
7897595628237
7898283814482
7898947170176
7899055273834
7899674030559
1385518039612
7893249926124
7754111532037
7898506255627
7898647920330
7899527159475
7891058022181
7896355740028
7893353041393
7894222042404
7896033201889
7908040420433
7898698744725
7897517917364
7896644736039
7898567798774
47891150089332
7898021635508
7898503185323
27084816587
7891040001231
7898664973302
7908458329205
7899753524214
7896342914241
7891153100050
7892509071536
7898588325447
7908882203850
7909194005712
7898647923010
7891224818624
7898012491502
7896342412464
7896714215501
714289116566
6980268615076
7894494695360
7896641805912
9786586059700
17899360244762
7896779628360
7899621104982
7891360669777
7898422742577
7908040461290
7891219030239
7896699011983
7898608956644
887961918717
7896422507530
7899820809251
78936867
7898012491960
7791293884592
7891266787223
7896311777747
7896342412389
7896111992395
7896112119210
4895185617268
7899440955055
7898915801422
7891027142896
7896025527171
7898588326680
7896006222675
7899304808459
7898919089130
7892840234348
7891721030031
7891142116000
7898458571950
7896025539624
7898724571417
7896094904675
7898563369183
7899755657408
7898915934090
7891177083513
7897517933401
7891150063945
7896004718859
7899455905915
7891027359195
7894916202916
7897076910479
7908169007089
7899264376395
7891027231248
7898906450295
7893249990897
7448070230607
7899852019376
7896046700669
7908236800742
7898254100033
7896036520635
7898506469390
7898664976723
7896010173079
7896902286894
7898488011860
7898487860582
9786555006674
7896004724782
7890263212837
7891010800543
7898623956711
7909107543300
7891033926367
7891027342654
7896200704205
7896013502906
7899264307931
7898929260314
887961526912
7891356041686
7898567794677
7898664973449
7899850315036
9788533926196
4895138774864
7898105010405
7896279129305
7898549368506
619659000424
7899658363802
7896004711218
7898503185040
7898582382132
7898650621514
7897517928421
7908077460181
7899753503288
17891321045159
7893299741715
7897256261995
7891334101029
7898549368520
7891485406585
7898300572098
7909690361787
7897832863889
7894222021225
7898419552851
7897018510019
7908077400132
7898562356351
7898078316474
7891301513886
7897230303123
7908040420358
7896647022443
7896637025225
7898945782609
7895155488567
7896111948873
7891010780197
7896013535713
7898505091349
7899852024059
9788538067603
7898642531463
7897731110121
7898225527142
7909224805381
7909438042435
7891027118556
7896025504356
7897655401688
7896007544585
7899495703632
7898040322816
7896000713278
7897771300810
3607342291973
7896041380293
7899852002194
7895858011857
7898497308111
7896639600055
1274201280
7702018860166
6953365386095
7898502733594
7896779607693
7896000719447
7896111901212
7898623244399
7896108560415
7899661778280
7896033202381
7896261014497
7891268119107
8411061701041
7908038605538
7908439800150
7896908220441
7908448005645
7896839928041
7898664973159
4005808213351
7891224628766
7891027727598
7898012490352
7897042021383
3330000588527
7898212286946
7908209805149
6952388297012
7897595635914
7898902274031
7898911689536
7896422503150
7898380411041
7897473201712
7898523201942
7899055272585
7896015528959
7891010884901
0622607535149
7891024170922
7898132989118
7897256253716
7891033500987
7899706130592
7909690403401
7898258620353
7891268145403
7898639380029
7891027294304
7891317463069
7908909600938
7898506253760
6851129512202
7897504216968
7894222000954
27897027202213
7891010581800
7896006201717
7896016806247
7896212478859
7898943477996
7896737500332
8791165380305
7894494252846
7896112174929
7896658003875
7898599217229
7891010248284
27084928754
7898007676051
7898115901755
7898460973063
7897476686530
7908083512386
7898588089394
7899753541105
7899583200371
7896444604460
7899085698188
4894290654694
7896006207269
7899527149858
7896014187959
7897930762701
7896714260020
7894222010779
7891321045848
7898283854259
7899620606807
7891027137823
7891334101081
7898476321469
7891485383961
7893249237046
8710103872818
7908542607653
7898417965431
7897476612652
7896226101699
650240017926
8710103825593
17891321043537
7896771605277
7899264360035
7908470007280
7898280076609
746775258580
7891150022362
7891104393104
7909690495918
7898671423012
78600027
7894222009452
7897478402862
7891027349868
7898966099038
37897849613546
746775306045
7891027240974
7898419476591
637293040538
7590002028506
7896023716850
7898587764971
7891530582691
7891191001142
7899069912910
7909253145960
7897571924711
7897476662305
7899768078405
7896422505246
7899527108107
7891108032689
7891010248406
7896111992593
2010000010860
7891530541766
070341336502
7891027128296
7896054023002
7891150030787
7898927980726
6952786802740
7892597336098
75058845
7899620605602
7898636192403
7899852003726
8902220113251
7898951405011
7896042083261
6968492858902
7897832863841
7898699845278
7898503182179
7897659698275
7506195137123
7891027304805
7898939752113
070330524378
7899583200555
7891224517091
7891224671489
7896013547631
7896422530088
7898330226039
7898420978510
7893095784985
7898650621743
7899768818773
7891060025996
7891150064201
7896641813627
7895155290290
7896094906099
4902505511233
6924466304707
7891027000837
7898549350006
7899095244146
7896004721019
7899852014708
7896004727493
7895027511096
7898364586031
7899495703809
8903855086583
7897256275008
7896085863950
4719861349376
4894290270979
7896200704113
7898422746094
7891027290986
7899455903935
8902220108417
7891330017140
4894290296832
7899768064736
7898623951174
7897337702386
7897547712908
7897774008003
7896014137152
5702051041869
7891232492199
7891360320159
7897530101092
746775322434
7896965211796
37897849608030
7891088007714
7896594801191
7898461964107
7898395334366
7891530269257
7898966463488
7900083019971
7896020661054
090159311331
7898312576725
7908209807235
7896230303898
6210581021606
7896647009109
7898949253686
7891301195969
7909438011417
7899820800593
7896191261350
7908083526024
7898283857656
5702051010506
7896094901933
6901016785070
7622300860905
7890645892152
7891158050060
7898513472376
7898599213498
7896637023092
7896013535683
7793100111143
7896181905691
7890541953643
7900083019889
7880011891063
7506295396406
7898555802018
7898765330813
7899755656548
7896181906209
7899264333398
7898671424910
7891721020933
7908448004686
7896025583979
7898610374153
7898132989354
7896004730103
7896771606076
7898148649358
7898168014112
7908040433679
7898212282535
7898953484670
746775080341
7897833700503
7898171780158
7898501193191
7898566829622
7898723630740
7899753541488
7896025519633
7898503182322
7897076918840
0722713014050
079656552072
7891253104859
7891485455743
7896964619678
7897252212205
7891317004897
7898632475401
7501001168988
2010060100082
7899026466098
7622210839640
7898610377888
7899852014531
7891010255947
6952786803532
7896000660664
7891010030438
7893522071633
7896342904877
7898342912586
7898943560612
7898943596871
7908470018279
887961797565
7899871701061
7891691083112
7897595620729
0602883283268
7891150008977
7896964622906
17891395008968
7896112154389
7896025511699
7899852024769
6952372739795
7899838876856
7896309230216
7891721028595
8902220105539
7896964618480
7890732316479
3326240005115
7890541547736
7500435118583
7896006214755
7894298013315
7896744843507
7897917001328
7891150033917
7896512937988
7898360920983
7896509954974
7891027357122
7897252215152
630509365869
7898524344518
7898915801026
7897424006564
7898312566559
7891045038386
7891153003221
7896083400027
7896326910184
7897832804639
7908558401085
7896497502072
7908040460910
7891301110573
7899009790974
7897386780588
7898932140559
7898671421469
7896000722669
731509992779
7896714203829
7898970341611
7896000617644
7897237352773
6924466300235
7890282800688
7891224486571
887961054972
7891150017344
8429420145757
7898395333598
9788536822891
7891027091149
7896006202738
7898039566610
7891301032554
7898225529566
7891301112867
7896012879795
7908209801417
7895800300381
7897042019342
7897254101323
7898664973111
7899069926092
7891150053748
7896965203630
7898906450837
7899850345378
7891010917715
7899753558905
7896251800581
7898138782010
7896181901037
7896033231053
7898483533787
7891010960421
7898911689390
7898562356368
7897256225805
7899264326833
7908040429689
7892607221703
7898542759479
7896438873766
7898503183329
7898925522850
7898549341875
7896927483810
619205021378
7896641802843
7899527113712
7891721026478
043917100029
7896641813405
7898623951273
7896025516793
7898589682778
7896111976968
7891182995368
7898506457045
7899768825696
7896004701134
7898132982270
7898664976594
7898639791214
4894290653932
6920218908988
7896016104985
7896261012639
7899850314527
7908209802254
7898138781662
7891183015973
7896025516595
7896042066295
7896004703510
7896025514911
7898158691071
7898302727717
7898632473407
7898662451628
7891313608853
7891224660643
7898906451766
7898945443036
7891027233204
7896286614870
4008976464525
7896042077123
7891027116705
7896885202898
7890541759689
6925187871714
7898940658138
7896036575826
7897595601612
7896012800423
7898741530343
7795320000856
27084216332
6931759244183
7898258622814
7898158497055
7899600502495
7895858005436
7897476653037
7891301025129
7891485408299
7896000631718
7898503182247
7898927420321
7899753504988
7896083409235
7898588089202
7897512900019
7899850332866
7891027120122
7897547712502
7908071334778
7896331706574
7897849611060
7896033203012
7898610377413
7891150010185
7896982901397
7897517917067
7891027395315
7891485374495
7898958400163
887961650136
7896658000041
7899575700292
7898610372432
7898132986407
7899744050975
7896111954447
7898369690733
7890541884114
7896359007950
7448070231512
7898002432706
7898695064680
746775205775
7896025504615
7892509065788
7898481400852
7899655033098
7891010925659
7896423419283
7898518430074
7896462005706
7897530100187
7898915801408
7896779670659
7899026483842
7908420111067
7891150037588
7899653780758
7899495702512
7908458320103
7896326910689
7891350040029
3574661103365
7896108560330
7896640431242
7898587760584
7896042048215
7892509069168
6958402811585
7896006298014
7898012491236
7898466740430
7898503180076
7898543390916
7898447976742
7898951282193
7898967919014
7896004712734
7891317038038
7896013506317
5907996099139
7891033494583
7891485480523
6934460667227
4894290263476
7891033506040
7896672204142
7898516910677
7909224530542
7908209802926
7894494000515
7896603800580
7898300574344
6920218910585
7897771301312
7898502501353
7898588326949
7899014972884
7909438041827
7891008123128
7898513846979
7891313612393
7896111953693
7898274670257
7898758082323
7898466740829
7896658026362
7898595237498
7896036548110
7897920706722
7898170655068
7898405068649
7909690293873
7899806204421
7894494190209
7898707140142
7896317906233
7899806911305
7898943596314
7891360641711
7908040468787
7899783601213
04133300104
7896261005747
7891010919061
9556091161256
7891313604640
7898495603812
7908209805996
7896331703306
7908236800643
7891321035177
7896014140497
7896965216319
7890026903163
7898416834806
7899921401453
7899621105330
7896014183241
7899304800827
7891051029583
7898547026026
7896523209210
67897731141158
7898506252060
7890541151858
7891485464356
7896904668001
7898233931665
3282770140705
7892840820312
7891224640584
7894494564291
7895155856878
7908077447366
7896927481878
7898927414047
7898483151295
17891321320256
27898994452478
7894494540721
7500435231510
7898417966742
7896222720306
7896020617846
7896111987186
7896422510431
7896964615946
6932159608520
7896004722726
7899304806622
7898503182537
8002135052451
7896798603287
7891219026843
7897230302508
714289139633
7891055145067
7896027546033
7896111957776
7896025513549
7896111917466
7891360645504
7896006290520
7899621101059
7898040325008
7891150055032
746775097400
7898072200472
7899083119203
7899429107888
7891182993685
9788533934009
7891027293833
7896111945773
7899547018691
7898915290271
7898662450263
090159313649
7896000623690
7908458326266
7893249941066
7898945443432
7898555805651
7898960813487
7896007541393
7899653741490
7899207525361
7896771608209
7501006710397
6973094271370
7891224095407
7896380605071
7908040450881
7909438007816
7896261002098
7896111992289
7891010813079
7898588326703
7896222716460
7908046800253
7891142125118
7896004760063
7899091402076
7899852009988
7891010879761
7899806213393
7896181914549
7898506252220
7898490057580
7899207528324
7896004726946
7891024036983
7899753534619
7898466740812
7892840200145
7898741950202
7896438206472
7896241232132
7898650626212
7899674027504
7899783602296
7896004743400
7896006203100
7891033484775
7897386781509
7908542612312
7891142206145
7898944073609
7899850328791
7898502549607
6202108010033
6988268483503
7894494482052
630509324897
7591083017830
7899663514367
7891033718689
7908458317127
7896033202008
7899806908039
7899706133395
7909438042640
7898225524486
7893249167091
7890000956604
7891024034941
7898765331315
7891060825404
7908040493451
7896042098685
7899264377118
6920388472227
7898550830412
7896042040592
7899852000886
4894290674999
7891350041194
650240028694
7896292280618
7896112104360
7791293012056
7896321014825
7896965202336
7892509079853
7897027200185
7897876104474
7896965211321
4895138734981
7898452232437
7898502543056
7898037080019
7896200704526
7898581086185
7896982901519
7898481401217
7897947613652
7898222833123
7891150081055
7897386781110
7899850302784
7899852024134
7890026901664
7891142111784
7896020164142
7898468503507
7896523202532
7891024038536
7897595603456
7898664630885
7899360215871
7896111992357
630509758364
7891360599357
630509397846
667526961347
7898566518731
7892729832320
7899753551340
887961931075
7894222030753
7898417964113
7891270845551
7891010035334
7896004793818
6932159606212
7898506471027
7896004710471
7891224883264
7898562351394
7891485404727
7898549351799
7893249301747
7896326914830
7891224660667
7891112193093
2010050529114
7896927460071
7898265324701
7895155093013
4893881171527
7896046382308
7898650625710
7899790225464
7908209808669
7899852020815
7898286945008
8903855082035
7896965212106
7898647923140
7897840301533
7898048204022
7891027525606
7896658001994
7896013514817
7898610375969
7898588326307
7896083409297
7898525586870
7891060758054
7908083512485
382903204786
7897655401916
7899852013473
7899753552255
7896036522738
7891360645313
7891058017149
7891279796014
7897947601277
7896852611036
7898903991579
7896444602093
7891313612379
7891721016219
7891360652991
7893353302012
7898288550101
7896132128605
7893249084732
7899264379112
7898608950338
7896952533665
17908289900342
7898556752381
7898545647889
7897256274049
7909438035758
7896004749747
7896006298618
7896027536386
7897571917096
7896094201842
7896016805127
7898745130136
0011509031334
7899852024684
7896112129301
7896042073521
7899808871614
7896497502447
7898503180182
7898417961556
7896622304700
7891024114346
7891027071745
7896004703596
7898903991531
7891024123201
7895296228022
7891024114537
7898927413156
7896004707914
7896033231473
7898008554259
7908169042752
7908011005171
7896222718617
6932159614996
7894970944005
7896862910709
8411061804988
7891334101289
7898911494635
7898575562831
7899852024165
7896468378231
7893249197067
7899706130912
7898566516218
4005808572175
7908458320370
7800702402750
6925187872230
7896422501651
7908248100182
7896004704975
7896211814573
7898144120431
7897013542404
7897186003344
7896004714714
7891266717565
7896015516079
7898286940584
8428235025322
7897731122094
7896033299619
7897144600936
7898566291955
7898633382616
746775366872
7899653780277
7896603803079
7899753539690
7891106001373
7899753557199
7896044999553
7896181902737
7896639661476
7909068824838
7896033231602
7897386790365
7896484120043
7897775667025
7897698209333
7890541552228
7891485406417
7899876602288
7891150008809
7898395330443
7898925598169
7899264390575
7898414852529
7898937322547
4895138781022
7891361266210
7896326966464
7899031504211
7898542751411
7896269900075
6931759220804
7896033201698
7896004707686
7896180300503
7899753538136
7908077452070
7897185917666
7896380606139
7898556756952
3330000210329
7896317903713
7898126402876
7898932140986
7908066400037
7899620614208
7896226102535
7892840821098
7432459167745
7891150048577
7900083002621
11094456
7896422505253
7890000168250
7891027065430
7909690467076
7899621103718
7896112403616
7897042012800
7896737016024
9786561021661
7896904694789
6934460661249
7896108510410
7896927468992
7898911494963
7891150033948
7896414311114
7898945458191
7896111901182
7898417962669
7897877700491
7900083008098
7898273123099
7899670808350
7896014180707
7898138781792
7899753549774
17891321330996
7894494593949
4260747723235
7891317009434
7891350044881
7891317153038
7896279126762
7897832846165
6934460661652
7908394103112
7896497501518
4711161960145
7898258622227
7908353610965
7896279126939
6934460661164
7506195172636
7896015530150
7908209805569
7897476632667
7896683200041
7896641805479
7896075760443
6932159606632
7896018702783
7898910451592
7899949059797
7891301486173
0699073710925
7898915801248
7896852615720
7891112291003
7899670906674
7899753543895
7899852019048
7896000615497
7896444602114
7896927484275
7899653739251
7891530599415
7896009498626
7791293035581
7898225527173
7909224578186
7892840817763
7891268101010
7898265261013
7897877700781
7898664976693
7890260430289
7898588088939
7899621105682
7908007901142
7892840814403
7896212687343
7898562354555
7898444061557
7891279508020
7896212479818
7891027319601
7898265324312
070330515406
7892828001511
7891232972011
7894222001883
7897900314213
7908209801165
887961206722
7899674035561
7892840814571
7908040433556
7908209809222
7896112123675
7892509065856
7898562357969
7897586800062
4005900940759
7898935462757
7898567797227
7898613211028
7810120010093
7894494187919
7898650622177
7891194000067
7891150059016
7898939803075
7891360677154
7896007551323
7898915801163
7898283854730
7896004730370
7501009225003
7898468855477
7899653221732
7898417965288
7897424081387
7896111994894
7898610378618
7899783601428
7898447971464
7891045043229
7908458321360
4005808773565
7898502543834
7894222007595
7897476665900
746775213251
7891150002142
7896181911722
7898566291900
7892597867219
7899852017501
7896658000010
7908609044339
7894222005102
7896009498282
7898132989163
7891224347872
7898343707044
7896042089454
7898610377956
7897322706931
7899753503783
3345160620147
6920232057716
7894494690167
3337872418587
7896211832287
7896952530152
7899852026497
7896839980049
7896414306042
7899547536164
7899233783155
7898212288650
7898422745547
35847309558032
7898132989408
7899788405212
17891321331993
7891027033774
7896183313821
7899091411207
7899658301491
7908040476898
17898220988815
7891010973476
7898281098334
7501007454832
7896150002574
7899838814773
7891530597398
01178984831525
7891321331729
7798140251958
7896004724683
027084638981
7896111900215
7898903652340
90159312857
7898330223021
7898100181926
7894222043623
7893595779528
7891317121280
7898516900722
7898158691323
7899869200651
7900083013245
7891027118549
7896025508934
7897849609081
7898179820917
7896180300558
7908077459703
7898637229177
7891150053632
7899850321341
7892840820084
7898211381185
7896658001741
7897013534195
7897757714082
7908228804512
7896226101507
7896132135504
7897020203961
7899753551234
7896036543733
7896042069012
7896181927587
7896964616851
7898968070226
7896000614223
4894290252890
7890541547873
7891321035405
7896004716633
6937897612167
7891040149292
7908770602505
7896400517186
7896025519121
7897832862776
7891317031015
7898567791737
7898527127682
7899768039819
7897230303406
7891317448844
7896902209824
7622300830083
7898721350145
7898360900145
7896098809846
7897237361317
7891800341997
7898534511146
7898608958761
7891055621028
4015400151746
7908458332724
6932159610394
5010994711986
7898300570889
7898585290854
7896637026222
7908083520374
7899069927297
7908785412403
7898225526169
0000078924277
6925187885667
7891027146849
7896647070932
7908458322039
7891027049706
7896253901880
7896676401776
7899620913066
7898582683468
7900083016550
7898300574511
7896004748900
7890541106568
7891634017822
7896075711797
7891027014247
7898938890083
7896644704755
7898587774437
7909690354611
7896132134132
7896036521014
7898632473483
6932159605512
7899031517426
7891024134429
7891033500956
7896007546770
7891182022743
7896015591410
7896269900693
7896512911926
7891155034513
4894290281685
4895138719377
7899753549729
7893353104630
7896025536869
7898039566467
7896230301344
4005900004789
7898741805724
7896111956816
7898283857670
7896098900109
7908458321964
4008976681953
7899069927143
7896999355435
7898595270280
7891224861095
7896036516652
7896004755557
7896380606535
7898589684932
7899547505160
7896033204545
884851033307
7892509068390
7896033204651
7899753534565
7896111994320
7896025529335
7896658003080
7898577231711
7898567791270
7896523207780
7899207523206
7898698740307
7896111942710
7896980408492
7891301193408
7896004738949
17898220984237
7896251800116
7896098812587
7899753551937
7896044900849
7891075131019
7898610375488
7898925522232
7908083524709
7896116109262
7896647073308
7898960121155
7899207534660
7896036572528
7891253284155
7896094209008
7898172860200
7912202096121
7891317421618
7898636172665
7896004745176
090159310235
7908038604487
7896444603555
7896641816864
7899850311243
7891008218923
7899850337656
811426900030
7891321100462
7896326914649
630509710447
7896025524934
7897476665924
7898452490936
7898647921924
7896647002773
7896224410724
7891485453909
7896009498459
7897322705729
7898588326789
7908209808430
7908448001401
7896111992548
7898951599536
7896462000862
7908040449793
7891485414801
7891027149093
7891150029293
7898468860235
7891027136833
7897476610504
7898523201997
7896036548172
37895800412788
7892840254940
7841764239045
7896004713021
7896964617469
7896111900307
7896040706216
7891485420499
7897779811103
11045762
4894290244888
7891024172537
7896018710498
7891360629597
7897930763951
7896187800730
7898581060130
7891530590016
7899755616245
7896369163738
6970110476399
7891485405816
6920243188829
7891530397547
7891704750307
7898664973432
7898002434939
7898681320479
7891017002056
7891106905916
7891634025056
7896025539990
7891027293642
7898490058020
6934460631549
7909690354581
7897424082179
8902276701358
7908013601081
7898656684704
7897947616820
7890541590480
7891158103339
7896014149162
630509710621
7896644716130
7891009864624
7897517913984
7891010580636
6922946030047
7894383638805
7896359017515
7898541105048
4894290670274
7891027745554
7891721270406
7898550830450
7891191001128
7896094203280
7908077446505
7896965212304
7891008533729
7898671422190
7896497501983
7909438045375
7898064920661
7896380605699
7896025539679
7891485447892
7899806204827
7897374170001
7501001168971
7897848728004
7896033211734
7894222021744
7891224907021
7899575706508
7908209804845
7898312589398
7898656681291
3494800020042
7891224986224
7896839980193
7898534511450
7899753537405
7896150018513
3330000244485
7898078314838
7506105601577
7896798601788
746775205904
7891266824034
00010100001000
0070942004817
7896054026836
7899658394363
7891266541641
7896522031188
7891027340636
7896380607341
7897517926588
7897476628592
7894494618178
7895155289652
7897517903459
4894290252258
7896342452248
7897832860628
7898258626409
7892828001603
6920218904096
7896079813398
7908083529520
7898078317150
7896007200863
7896112149736
7896737020038
7899753551111
7896006255956
7898369690061
7908083519781
7891182032377
7897386791768
7898945458672
7908083522149
7891301117275
7908077460990
7891266845848
7896359028528
7908240822716
7896042033945
7899026462649
7908040477000
7896342451593
7898617527125
7896112149415
7897256244301
7896042034850
735201084053
7894916142304
7896036576120
7896818207129
7898588112085
7909883168537
7898078316818
7898994979807
7898968070356
7899852024837
7891321333945
7896020156314
7909068681660
7898516929204
7898943477941
7891224347650
7898964200405
7898658622506
7896902207110
7894222008165
7896025522060
7894494624780
4719861343657
7896116107657
7896647073056
7897609900724
7898706182037
7899026493162
7897757714068
7898005716582
7898639690982
887961263824
5010994895181
7892509089715
7891301516764
7898040321765
7891112003026
7908040482677
7898549369473
3330000254965
7896261402799
7898939752052
7899008057016
7898632473124
11019831
7896443131158
7899674035462
7891058019839
0609963220755
7891313612225
7896617214007
7896548198902
7908542617591
7896025515130
7899026443679
7890541017550
7896000624222
7898610373026
7896982903803
7898639300645
7898330224875
7896000711854
13154140176119
7896004706597
7896033240222
7891301518010
7898925235132
7896112189107
6900000042830
7898946433043
7898270153594
7891321332016
7897254172149
7891321034774
7896000622839
3337872414053
7891485420178
6438158677296
7908671600181
4006381333658
7898411974453
7899653223149
7894222008158
746775273859
7891010009205
7865188623242
7896707343006
7898707148124
7898952421867
8058664029501
7908040492515
7891033568161
7898008552835
7898639063366
3337872411717
7892509081641
7891027178789
7895265739382
887961662351
887961931068
7891317031107
6932159608933
7896025523432
7908209804586
4902505322761
7622210570079
7896014124244
7897185967128
7899470805061
7898650626625
4005808719266
7896067240533
7896006210788
7898258620452
9788555502071
7898509994479
7899527133932
7898483151776
7891485455880
7898549333269
7894222033457
7896015511210
7896800010683
7908083513437
7891035912832
7898588089783
7898312588919
7896251804442
7908010118001
17891321104948
7896033231954
7908077459956
7908470000250
7891027127527
7898589684901
9788573981957
7898523201195
24585934
7898623954267
7898650621637
7896331704297
7891772150436
7896965250061
6913468910788
7896009172304
7896212479573
7896007547647
7899663514343
7891317000042
7892680550141
7896004703312
7897230302607
7898516929600
6932159608858
7898096310782
7891010689292
7891027145750
7898646542953
7899621102667
7897517929299
7891153077895
7896013514633
7894916512565
6913286203710
7891321036068
7898417964564
7896181900160
7898588326284
6438158218673
7891010590239
7899026419216
7898646541512
7891183026832
7896403756018
7898662435208
7891177883526
7894916146876
7891037013575
7899852025117
7899788400286
7891485406561
7909690794752
7896042038773
8902220109810
7891485196264
7891301196119
7896036548127
7898647922822
9788594725950
7891010504649
7898078762271
7891108033044
7891000460214
7890557722202
7896044960072
4894290681447
7891182995412
6920388773102
7898619830568
7891106909426
7891317412548
7898556754316
7898930508351
7896714236223
7908542617577
7896212420612
7896964621800
7897337712897
7909690466833
746775045678
7909253123661
6952786896046
7500435137300
7898632470130
7509546043449
7899583200678
7899753533421
7898283851616
7890557699504
7897076911827
7891321320259
7899755664925
630509761821
7891317036751
7891224582075
7896699023795
7898395333901
7899852022215
79090682539427
7896004730301
7897512900385
7896484190060
7898960813883
7506309861777
7897158717699
7899852002217
7891010249915
7899768068680
7900083015386
7908324405101
746775337506
7908083522491
7891060830422
7909253146493
7899753501932
7898657691718
7891040089970
7899026422377
7899970402883
887961071313
0070942003469
7896965209007
0722713013411
7898532210645
7899753534855
7891024131060
7892509058117
7791293995571
7899026426375
7898490059515
72900772
7899790924121
7898523200730
7896525043201
7891027304874
7891321044506
7896033212328
7896112102946
7897144602411
7896852630686
7896658038716
7896025500204
4046504230617
7896902212527
7899753541150
7899850333092
7896964626911
7908038604586
7908324404814
7891321038413
0070341705995
7894916145596
7891027057169
7891027127534
6924466309948
7898656682267
7791293027067
7896025539709
7896326926024
7897500545055
7899850304627
7891485388287
7896014193561
7896306618291
7898681320776
7702045538588
7891253284148
7896094208735
7899527130481
7892953003831
7896004713168
7890541715418
7892509103213
7895800201299
7896609545591
7899026483729
7897027200031
7896000615695
7622210857071
7908458332571
7898623955059
7896965203616
7897230304700
7898395333291
7898549353052
7896380605750
7896448110073
7891530247613
7896849138539
7898962892909
7899706149679
7891158103384
7898698745395
7909438007878
7891530278471
7898132982409
7898671423258
7891150017665
7909690029601
7896014191437
7898447006425
7898751690044
7898646541659
7891317412708
7896115703577
7896098811498
7898472891034
9788555502064
7891266541924
7899207550882
7896647028957
7896094901810
5010994708313
7896965252416
7890265733156
7897947617506
7891279116027
7896448179902
7898945458344
7898524347021
7891027319755
7898671426990
7899706133371
7891033517428
7891800348385
7896444603142
7898524348639
7891239023532
7896033201179
7897054517218
7899429109134
7896004818603
7891224655625
6295125003263
7891321034002
7891155000877
7896036570081
7896676416787
7908077446512
7891266774247
7892840818210
7896251800987
7898273123105
7890541547590
7897848704275
7898225524035
7898497308005
7898516929198
7898663335248
7899956836022
7899850340670
7896006220954
7899083119357
6972038411483
7896004705095
7891153002903
7896852618721
7891321103364
4894290213716
4905524733907
7893249794044
7891268100303
7898321350163
7896111942826
7896111906880
7899217960077
7909883248468
7891142203090
7909438009872
4006381333894
7891530334634
7896112409144
7891317175542
6925187882390
7896609544488
7898078318034
7896609543757
7897186012377
7896036575628
078257574292
7506195126820
7898157610776
7896852618769
7896640460013
7891182031561
7897144600028
7898658622582
7500435181747
5702051018458
7898525587709
7899527133994
7897775676010
7898506255542
7891037006270
7896658025327
5702051027702
7896033201292
7898449821835
7891150083554
17891321060633
7898125116170
7898393162589
7898506720361
6934460629492
9788594721457
7891253214251
7896858624924
7891301195952
9786526105733
7896679233855
7908040406123
7891027059675
7898582683260
7891033535033
7891058001261
7898623954564
7896111999189
7895155485986
7900083002607
7896004713595
7895265923620
7908671602215
7896342900619
7898650621996
7898300571992
7896283001291
7900083002577
0618341019188
7908077446741
7898452506293
4512345678906
7891182014649
7899014950561
7896033204316
7898212288087
7896641812880
7898447973550
7896004747002
7897571994325
6920232057723
7899250618577
3014260326715
7891691096518
7896000711694
7896042030500
7899310590669
7899640425761
7899753505541
731509991673
7891010248376
7898656683592
7898944075177
7897385001332
4894290246394
7896641803178
7898562353084
7899620608849
7891037009295
7898283853856
7896422513142
7898447970962
7898637935023
7899869202372
7892840815110
7899739256177
7908209807297
7898125112196
7893353611312
7908077452520
7898503186184
609963225361
7898566291924
6934460627320
7891266541665
7506078948075
7891182991858
7896916710347
7896380605965
7897237347021
7898048003021
7891000282236
7897237311923
7897779713100
7899205943310
7896317901801
7896004746388
7898260780533
7896029602928
7891266564992
7896206402518
7891027118488
7896523207810
7898085947142
7896054023484
7897476632742
7896111900178
7890541923011
7897595605887
7898179822119
7900083010442
7899527112760
7908169042745
7898639305749
7896116103307
7890265331185
7896641810763
7891183011951
842942006388
7898646540737
4005808309498
7898925881117
7896020618126
7891530561276
7891253202418
7896004731629
7896658024672
7891010875749
7898422751753
7899527108145
78998516926739
7891033484768
7891313084206
7895155630386
7896460395175
7899820800340
7891150029750
7896111947760
7898079442493
7891266824010
7899753531892
7896714200231
7897775675013
7898506254897
7899852003122
7896004700632
4902505343544
7891027351441
7500435112147
7898970341185
7899820803884
7908346900721
7500435209069
7891485350345
7896548133613
7908458320394
7897982202743
0070341334973
7898588325249
7896033221191
7898330228002
7899529000195
7899788407261
7897256244585
7897835702239
7899751111003
7893249665917
7897322710433
7898360913572
7908040403337
7898523202048
7899640805051
7898360920877
7891183030167
7894222033235
7893454113210
6926168002356
7896025521278
7896111996614
7898312906782
7898506464128
7908083524754
6932159605321
7908458304882
887961009071
7899753530895
7896115702013
7891150037427
7898322240401
7891027082123
7898524347908
7898587900195
7898590653705
7899820813074
7898489511017
7898483150274
8712581628871
7909510216426
7891530561320
7896004705477
7896317901382
7891360652656
7896472502196
7899250604839
6952786893014
7890026901077
7898564122336
7897476628554
7908209807662
714289117808
7896422506496
7899386516341
4711161960084
7898391070374
7898040323318
7899753544885
7898312571324
17898415880368
7896013553021
7898610379141
7891142982582
7896014187706
7891150042780
7898944524644
7896647078648
746775180256
7898197415584
7892509071352
7891172172304
7891224818723
7896033202244
7896714220017
7622300862466
7899621101073
7896637029032
7896640437855
7896952531265
7899527140169
7896111992616
7896779676118
7899583202979
17891321332884
7891027065881
7898664976235
7893249174136
7899527130726
7896641806056
7908458335978
7896181920670
7909107959156
7898666420408
7896094201507
630509652136
7898012492219
7891027152024
7891361535026
7898707140210
8411061034989
7899852023564
7899768013840
7899790245066
7895528555285
7908209807877
7894222010229
7897832857475
7898216361311
7898647924208
7898664970929
7891058003289
7899527112234
7897252215107
5702051052476
6986935963631
6913286123032
7891321066669
7891182991827
7897169204027
7897316801079
7891150096219
7891035024252
630509541010
7896094916746
7896326996805
5702051033673
7891350040036
7899753544212
7899850335447
7908704511040
7896965256049
7897930775800
7892840820503
7899527119196
4005900516923
7899091424467
7896006215936
7898930508047
7898945458320
7896342446421
7898945456692
7896609548387
7898395331242
7899783601473
7898965666002
7898183794020
7896800009984
7896261000711
7898588324563
8710103874294
7891010248215
7896326910504
7898452178285
7908077458973
7891317000134
7891027910815
7792629002826
7891150038424
7896770979928
7898283856567
7896004006277
7896000650085
7897230302577
7898283853443
7898283855256
7896253900159
7898074612006
7898447978333
7898549375467
7898516905789
7898549375498
7896251804848
8888645303784
7893249404448
7896036548189
11033271
7896572013516
7896927457828
7896006242796
7898502543940
7908458326136
746775073145
7896422505703
7896026303194
7897517905712
7896013557111
7897476600260
7894346000137
7891027340452
7898664975863
7896658008450
7908458320455
7896714208565
7896952577386
4005900602220
7897042007011
7894916146104
7899572810383
7908013600725
7501001283841
7896042078915
7891027130671
6932623563706
7897930761698
7898417969187
7896750404037
7899652102117
7897249563198
7841764039027
7893454136981
7896640406400
7896097600017
7896014191406
7899095222113
7898460972912
7896326957578
7897186014081
7896115700941
7898258620667
7899455900460
7891142143082
7896676431575
7896964617476
7898664975788
7896658000614
7908458306633
7898664976211
3337875597449
7898417963345
7898906376380
6934460664011
7896094909281
7896965209052
7897989000595
7891191002200
4894290677945
6900006240216
6958902005026
7891142142719
7897129302756
7896575102453
7908169029074
7791293020297
7898599213443
609963964048
7896085863035
7896647021835
7891010959678
7898453416188
7898288552068
7897835702161
7894222029641
7891010963743
7894222037004
7894222009827
6931759261067
7896007200351
7891055654002
7899480325733
6932159606090
4895138779159
7899753557786
7501006739022
7891350036695
6889396911244
7898610377895
6831899012522
4005900005625
7899753555003
7909438010618
7908458313143
7899474299279
7896342900954
7899783601886
7897876108113
7898660599971
7896927484244
7897020207907
7891027158422
7896015517670
7898417964915
7897572000322
7896013511656
7896019602105
7894222003764
7896036560570
7898944524552
7899360205599
9788557584914
7896000624413
7891150039957
7898222831730
7899083121770
7896085868313
010343885325
7896647072820
7909332351923
7899026425088
7891331018436
7898157612541
7893353200615
3330000238330
56014522031
7898546726163
7891224506354
7896000714145
7896647043752
7897947600799
7898605222186
6925187876818
7899492814843
7896743804400
7898939752137
7898283851876
7853998416018
7898906452572
7898942324215
7896673193261
7896235353133
7896251802073
7899527109586
3330000228379
5010994716639
7897595605115
7506195126929
7896094919648
7896181905615
7891027059385
7896964613874
7896000625380
7896083409167
7898466742021
7899838861173
7899850312219
7898587762984
7908083513376
7898380411034
7891033718696
7898608956651
7897386791874
7899264389258
7898524346826
7891024174210
6220174048002
7898911495465
4894290285553
7898632470024
7898663332445
7891000109236
7891800332650
7896418820261
7908040416757
6952821413436
7894916512060
7896342450275
7898925522140
7899264300659
7896676409697
17896004006908
7891027081980
7908542612541
7897595602046
7891313612546
5908630040722
5013405667483
7890541043856
7898547241061
7896714230160
7896111929278
7896115700026
7896617233107
7896548161746
7896964620148
0722713013916
7896004720432
7896750404143
7893454505312
7891027126148
7898631556750
7899097920291
7899753557267
6950615960074
7897476613017
7702045539196
7896020610045
7897186078847
746775377038
7896042034461
7891020240360
7896380607235
7899522304887
7890557699511
7891035010743
7896042021867
7898582382378
7896006244004
7899527108862
7898903925420
3330000255283
7891010248123
7896862918057
7896852610428
7891027146818
7908909600044
7896647031957
7896771608933
7898567795636
7909253148077
7899701871117
7891008121582
7890541000262
6295125036506
7891224047475
7291201115072
7896004705996
4711577000060
7896965212403
7897042012329
7896112138358
7890265878758
7898481400180
7908414468030
7898927415754
7896647073063
7898417962096
7896800009175
7897595603494
7899026442306
7501006721362
7908458326099
7896852625323
6924466306213
7896112196082
7896207372346
7909107671539
7898029551244
7895800400159
7896004758121
7896224410342
4971850089872
8718483133666
7891150043091
7891027308339
17908542629188
7896644701952
7891224900510
7894494300523
7899026421790
7896448195209
7898352912279
7891321058879
5702051048776
7896369162397
7891182039529
7896004713830
7898506251056
7896094916241
75048105
7500435020404
70330424067
7899527199693
7899788401252
7898417961471
7897595639783
7891010946982
7896497501273
78933613
7702018325719
7891033949694
7896111927038
7908209802582
7909690293866
609963963300
7909438030043
7909883415792
7899095264182
78929340
7897322702377
4894290231895
7891017014189
7908077434618
7891027229757
8903855061993
070330152168
7898100861880
7898935271168
7891027291488
7891321024508
7896799982664
7899264309294
9788555502606
4894290283993
3360372100515
7898405069493
7899869202327
7501006717280
7896016801082
7896777946527
7908216110199
7891024135365
7898312604367
7894494727924
7898277713333
7896472502110
7897517909239
7896422507257
7891350043082
7896036524138
7898170657130
7891224907229
7891317001100
7896497501815
7898566825167
7896150107873
7897254130736
5702051032362
7898970341802
7896132134422
7896341400172
7898502543810
7891530466168
7891266787261
7898503180359
7896444605825
7896206425890
7896020618027
7898312569468
7892509077552
7899527122660
7899455904543
7896658000256
8002135111363
7896181924173
7899779010869
7898258620858
7501006745054
7898671422121
7899701875276
7896771609398
7898422745721
7908077448714
7898671428000
7891027145903
7899755613282
7897316805688
7896279102414
7896653708089
7898506255092
7896033203111
7897840309454
7896094931459
7891045005432
9788533929593
7899474291846
7622300861919
6924466311798
7896000627568
7898632470628
7896112181613
7894222033464
7896111950937
7899187014114
6831899012560
7896002915458
7891301518003
7904523120203
6922946030320
7896422524452
7896484130271
7898360980581
7898650621170
7896083400683
382908200035
7891158101687
7908077452803
887961225037
7896025515697
3326240002602
7897629206035
7896255766081
17895800448110
7898504386279
7897216901725
7898758082354
7898132982263
6932159606137
7891350044874
7896094904002
7891224894307
7896116113054
7898412977743
7909224530313
7891200000227
7896111953655
7899755654438
7891153162409
7891027309015
7896641804441
7908010135831
7891224105762
7898222833307
7898312951607
7898632473377
7891035990076
7896033212205
7896647011782
7896075758259
78933514
7891266695863
7894494623639
7896525099420
7890000011686
7891321310052
7898932140368
7899360215086
7898903925734
7899495703083
7899852021881
7898300572197
7898312906799
7898911309571
7908077452469
7896010171396
7896033204705
7898300571879
7898523200181
6934766408623
7891040216109
7982505257277
7896001260740
7896185984029
7622300862299
7897095041970
7896025531499
7897386743361
7896676408218
7899820812992
7908458305407
7891234567895
7896033211772
7892509093682
7897840300468
7891317448783
7898169080116
7899264376838
7899621109499
7909438007335
9786556173269
7899621105545
7891182995849
7898503186153
7896779620692
7891485423292
7892509200790
7896640410506
7898589682808
7899055273735
7896609549179
7898566292129
7899670809272
7909253145533
7896004708652
070820188
7798040462164
7897572006331
7891051036185
7896000715623
7891224478293
7898417962522
7898527127859
7899455906042
7898610371428
7898520948352
7898490058150
7899250614197
7899527158584
6925625412271
7891027310585
7891024160923
7891027308018
7894222005096
7896042086330
7896092000027
7896342453115
7899470807409
7897832863049
7898258623972
7896647079751
7898526487435
7898586630024
7898078761601
7898245980163
7891033932771
7908346904002
731509680492
7891027234560
7896839980742
887961457483
7894494752841
7898741530435
4005900662057
7897517957049
7894494690686
7896637023610
7900083008333
7899527113606
7892840814038
714289105119
7891027130848
7908077444822
7899018413246
7891301507274
630509559237
7909690293910
7896047400018
7891051038974
7899949003714
7896885204229
6973094271417
7891142153166
7894916206891
7898707142337
7896025515000
789841588036
7894916203524
7896326963241
7899640808106
7898637224035
7898447979453
7898009439418
7897517904012
7898002432423
7891182820011
7891150061040
7896640450809
7909883096519
3330000244300
7891010891107
4005900957726
7506195108130
714289105584
7891200008056
7896044999614
7899852013916
7896852622285
7909253105421
7908083518784
7896004801209
7899783600506
7900083011258
7897386781424
7897520154145
7896326977286
11065326
7896342916641
7898666422488
7899658369217
7896111917732
7898601576191
7898903925901
7899527116195
7899753539355
7899755673194
7898647921948
7896025541917
7898662452922
4894290633057
7908209805880
7896931800252
7898671422091
7896004731681
7896443127762
7897386743378
7896025536784
7500435158343
7891045166508
7896033212359
7896033241762
7896440641728
7897832875493
7896342413669
7898567750611
7891150027541
7908040493345
7897386780601
7896004714820
7898168006391
7891268116359
7896004703831
6931759211796
7896008992798
7898591459771
7899621101349
7509546077222
7898414850600
7899026452657
7897664700000
7897249563365
7896609550496
7899026460324
7899420501579
7898449829800
7899264352818
37897849609075
7894916515689
7896111998984
7899026487321
7896644715843
7893353604710
7898952577120
7898152668079
5702051018519
7896359014163
7899850349338
7892702711604
7899304804192
7899364808703
7896111997680
7908077466985
7899670902850
7896800009311
7897411602441
7891033922277
7898126404092
7898302720329
7897500519070
7898449393684
7898966463266
746775380717
7898012492004
7898927420253
7891301263064
3137370205029
650240020506
4005800083594
7894222010793
7898927420017
7898591450624
6920218908407
7891266689541
7891058004217
7896422504409
7896255716819
7896644739672
7891027075460
7891033495092
7891321044834
7899852003177
7896004720692
7898483150298
7891530594809
7891601655873
7898913756250
7891060951295
7898915801699
7897460401392
7898919980062
7899207512842
7896000650603
7501001287290
7898663741476
7791293033471
7897779664105
7898417965752
7898078314524
7897254130552
3701129805329
7896111943939
7897595639066
7899753551395
6920897731518
7891266564909
7891142157447
7896211814733
7891634631806
7897337708166
00382903883325
7898664973203
4894095141368
7897476687681
7898538293109
7898671420059
7898945458528
7899753504902
7896004759708
7899655032909
7898970341246
7896226102788
7896108009259
7896000611680
7898542759653
7898915934212
609963963317
7896111907672
7896025524828
7896647028353
17891321103255
6939020449855
7896595410019
7896800009007
7899233340884
7908209805118
7894222021690
7896484140133
7896927481885
7892863615063
7896004773339
7899572814398
8902220114241
7896042080864
7898610378595
7891106908320
7897386738060
7891142982834
7891142142771
7891360667407
7891313902807
7909438010649
7896862910624
7909438042596
6925625417597
7897386773795
3760133123515
7790085472252
7896025516519
7891150068537
7896647088500
7896658039195
7899779015604
7891150039155
7899069928751
7896115704321
7898422746124
7891010877934
7891010892746
7896116113085
7898503180496
7891024114568
7891017000113
7891485387198
7898639380388
7896799952360
7899806215175
7899264364699
7897500555733
7908083518722
7896111994528
7896004716183
7897705202753
3014260806705
7896279126977
7899790252095
7899755618898
7908077458683
6889297110135
7891224818617
630509525850
7896000712837
6920897650161
6952786801897
7896036545324
7891485341077
7893299741562
7909438010632
7890541662248
7898588325669
7891155040262
7897930777736
7908040461337
7896014169948
7896150001409
7908209804869
00721711000
7896111913642
887961585940
7895800815571
7891317445935
7898949409519
7791293040394
11102199
7896006283355
7899264302837
7891150049628
7891691028052
7894916146425
7896042080796
7899753543147
7896112125563
7898610378557
700512248821
7891279990719
7896207372445
7898265325180
078257574346
7898040920524
7897386787822
5000456028530
7891183013382
7898919411047
746775180294
7891055621509
7896331702828
70330191686
7898525586702
7899264321418
7896004730400
3355991002999
4897019232067
4894095512052
7896000614483
6952786805000
6924372697603
7891772148976
7896877601371
7894916503570
7899640808786
7896557305926
7891150030725
7891106904414
7891224592548
7896902212558
7896342451975
7898157614651
7894222010878
7896326920220
7899820805499
7791293051123
7896512911858
7900083018776
7891058022549
7896448167107
7898125115890
7898520948918
7891048038048
7896027533200
7899655033166
7908448001623
7898911495939
7896230301283
7899779009924
7899911207584
353885007252
4894290029843
7908038605576
7896212422616
7891182019774
7898589682471
7896016806421
7896653702537
6260412576126
7890026033839
3760080930556
9788538097785
7899621105859
7891150103917
7897042016297
7896422507301
7897054517195
7908497415358
7897843100218
7896261002371
7894222005430
7896964621572
7891530443435
7892691918855
7899706239370
7899207550745
7898567797012
7892597589906
7909438045252
7891027179915
7896336008543
7897517937751
7898179823482
7897517903008
7909883263362
7896380603497
7899466416691
7899621100182
7896269901980
7898608950956
7898664974576
7896212422951
7896183305826
7898945782654
9788537618691
7896750404082
7898040325565
7898198173063
7896647026847
7898741802044
7896771609541
7896033254304
7897478403388
7898581060123
7898198172363
7896647008324
5702051036162
7899755617471
7898002432171
7897517901073
7898075310031
4894290255051
7896112145776
7896279104043
7896647031964
7898506457052
4894095168112
7898060137544
7898610370612
7897779748102
7899653781120
7891010046842
300658950123
7898395333192
7891224486458
7891027538804
7899670907299
7908458332717
7899420507052
7897424082223
7898506250189
7896033202275
7898216365135
6920897737541
7898903692971
7909438052526
7896025527195
7891173023223
7897779614100
7899753543901
7891027137694
7896572028985
7896026301848
7898925522430
7899852003665
17894900681045
7899658378134
7896115701061
7898588328479
7891321045374
7896658029318
7896737000313
7896261000285
7896964617360
7898939560695
7894494593925
7898567750208
7899095240162
7896036541159
7908169030520
7891027294328
7896006245803
7897517934330
7896000615503
7909883260538
7891317451813
7898524346987
7898223132006
7899583200241
7891321332962
7890704823431
0010341339640
7897900313049
7898412972199
7899790234930
17891321104771
7895099704914
7898716450331
7791293027050
7899026428332
7506195156285
7898497302591
7896279113700
7891027309411
7897779608109
7899026414525
7897476609980
7896448197203
7899755649359
7896230301832
7892840824808
7896573379116
7891010780302
7896326950197
7898395330108
7898542751824
7899420506499
7898575780204
7896714230733
7908077401795
78917156
7893249711614
7898225524288
7897500563165
7898556755016
7899621107389
3414200552011
7894916205818
7894222000657
7896226109824
7896422514392
7898014560077
7898078315682
7898631554756
7898555805538
7898902110858
7899751108799
7899871607608
7896676410471
7896422504843
7896063200661
7896775364415
7896025534407
7896025539648
7897386792710
7894916140713
7897705200070
7896004795041
7899264365474
731509996555
7795646571023
7899620605435
7896036546833
7898417961419
7891266815919
039800017260
7898225526961
7898932488262
7891010952976
7891037145351
7896000614186
7898947162898
7898549345637
4015400550440
7896637030014
7896075760405
7898506258581
7898662450294
4902505358081
7908040427708
7896013546504
7898302722293
6920897702198
7891058005535
7896007541577
4894290246479
7896658026652
7898312781419
7898405065440
7899852022499
5010994654849
7898917420737
887961686173
6920897722233
7890541759719
7891142143976
7898300572241
7894916143424
7895155604851
7898072212482
7891027048211
7896004757612
7896448110288
7897386792703
0027084680232
7898587764957
7891356003486
7891224986330
7891182032827
7897013534225
4895138781039
7899360222800
7899768828673
11022220
7891150046337
7899706198349
12742012920
7899026415475
7896036543214
7898656685435
7899852000831
9598290036003
884851033253
887961909005
7898138781969
7909107671485
7896207370915
735201084060
7896798600330
7898588322422
7898588326888
7899264391695
7899871705847
7908346900981
7908077460433
7898921545754
7891150197800
7898074616189
7898936769473
7898343701523
7896094918139
7897572006294
7899852015972
7891010953713
7894494728037
7891155062844
7896261005761
7891530604539
7891268148350
090159368588
7891232140106
7891266728226
7898449086227
7899850329033
7899755695004
7898547240309
7899640807994
7896023737435
7165516628629
7890541106452
7896021904051
7898961258041
7899753550534
7898079006770
7899026421240
7908169009052
7891040361380
7896181909323
3507461895666
7898932140016
7896644715812
7891182031097
7899619906949
7898656681635
7891530561573
7896283000898
7897256246923
7898534510743
6940350806263
4006381493307
7891027142414
7896013537250
7899360204677
7896004742564
7908077446925
7909107701243
7897572001794
7891224582051
746775323028
17896007548368
076660008625
6931759211802
7501001103934
7891010814953
7896004733876
7896422504720
7898167335003
7908077459987
2010060000115
7891150091436
7506295325987
7891109486214
7892840819279
7898258623903
7894650937860
7897322700649
7891112146174
7891010502195
7891356067389
7896033221115
7898419576079
7898905356246
78934771
7909438011370
7891155038191
7897144600134
7898589682419
7898692793149
7896004787701
7897775670025
7898346531554
7896484130370
7898483151486
7908209810709
6889297711356
7891266684621
7891360669799
7891027108526
7896647021781
7895800214909
7899105903933
7891239003343
7898027870156
7899207528485
7909438043418
7896380603060
17891321332969
7896380605873
7898352914587
7891027318109
7896448198705
7898483152049
7899583202320
7896004710235
7896639600307
7891040137497
7896509955551
7899753527567
7899095245631
6861990812615
8902100563374
7898303263122
7898300570643
7896006277415
7896000614049
7909438023663
7899588007364
4823121120008
4905524748864
7896685300855
7898422752743
7909438042688
7898610377215
7899753530727
7896509955353
7896004715087
7899026459274
7898588081053
7891530559723
7896672201691
7891060010176
6933256605115
7891150002401
123451194
7900083019599
7894916503129
7897947604353
7896042058366
3330000258239
7896075757474
6913286003860
5000456096638
7893249030180
093815995067
7891153096261
7891350040906
7896020691761
7896033212069
7891253260975
9788538094784
7896279100953
7892840814755
7899250612162
7506195167288
7896111959312
7891317000226
4006381105316
7896443129889
7898617740227
7899806949513
7892840227548
7896663335930
7896132135399
7898078313718
7896132131308
7899850332620
7899091481538
7896422515405
7899640808809
7908010135725
012742011299
7891035910180
7908040427661
7898562351462
7897517904173
7791293008127
7893871821569
7899572810567
7898549358125
7897571925749
7897027200949
7899850345927
7909224537220
7894494692239
7898005716629
731509996548
7898610375563
7896083410026
7898488010740
7891150000421
7896261017788
7898412973097
7891182990196
7896484110075
5702051054975
7896181920328
7898248392949
7898944073395
7896290402418
7899527142699
6952786802207
7896181913832
4902505368912
7896557310074
7898301057358
7899095239401
7891010926960
7899588012269
7898944073210
7899069903116
7899676807326
7897571921062
7896980456615
7896965208925
7897780202563
7899768859585
7891317000608
7899820811568
6920218909466
7891033812844
7896255717526
7896116107640
7899233705355
6933890356473
7896004718798
7899790225433
7898671422978
3014260274399
7897595619518
7898566510148
4005900547187
7891331850265
7892509072816
7896102200027
7896647009048
7896862910556
7894222010724
7899753534275
4713195039606
0049932622195
7896714221380
27084977301
11072018
87313277
7894222002583
7898416834004
7891027969493
7898549345699
7898662450041
7899783601022
7898417961303
7896042059532
7506195137130
7899852017471
7898216368976
7898008552163
7898258627451
7899264310634
7899852003078
7890541552198
7891182996624
7893249197463
7896000627858
7898225524585
2000000021102
7891485465025
7891313610061
7896852628805
7898405060568
7898552003050
7893249567884
7891024160916
7896647010273
7896279109840
6934460663991
7891024028834
7899026464131
7898265325173
7898610373019
7891106913904
7898008550350
7898926483181
7897386781226
7896110700038
3348900156128
7896042063324
7896341130772
7897076913531
7899095220171
7894494441349
7898417962355
7898656685428
7896306612831
7891058004101
6889998112704
7899941200074
7896771606175
7891119004699
7896036575031
7898560666865
7896644715720
7897530100040
7896222718037
6925187865058
7898330222277
7898932140436
6941690703441
7891027059941
7891000259160
7896852615270
7898671422220
7898486476708
7891150009783
7891024114513
7891058005467
7891266845862
7896342413706
7896509955063
6925625434730
7891142145703
7891024115909
7896292000186
7896885209514
7896009400254
7896965202008
7891027396701
7898312889795
7897684808755
7894222021034
7898360922079
7899753500980
7898490058280
7898608951878
7909107926097
7899871705359
7891027359218
7899658360412
7896685301272
7896226500492
7899083119180
7898715810822
7891253261057
7892840816001
9788573987515
6932159608544
7891317420833
7899753531632
070341338568
7898453438456
7896004749037
7898312588933
7891150034952
3350080210262
7896033293709
7896025501041
7891000076323
7896150107736
7506295369509
7891027293758
7896042010441
7892509053518
7897186005461
7891485438944
7896342410354
7891317025830
7896094901322
7898468856603
7909883365127
7896006244066
7898146827826
7898970341413
6920897618161
7891183010008
7896112144755
7896902221000
7898078316863
7898925522324
7908458329267
7891150046412
7891279911110
7891360542315
7896400502618
7908281314386
7891024031865
7899970400216
7896042061788
4894290627438
7896111976821
7897252260701
7891183023626
7891150008946
7908040476874
7896279114394
7899364804309
6920218906113
7896658028311
7894916144360
7899264302172
7898741950219
7896572010065
7898258620759
7899852023212
7894222032023
7898947170626
7908169033811
7896326905562
7898265325371
7908040422567
7898958400316
7898623241688
7899440955048
7891321043127
7899852003825
33921356
7891485431174
7896839935162
7898503182773
7898945746168
7509546676425
7891150025646
75063108
7896000627612
7896004701189
7896025513464
11063575
7891268129908
7897779717405
7897572000032
7896230303553
7898125115432
7897027202219
7899753506241
7894222020723
7896094999503
7895155500818
7896036548882
7891027248055
7908077468859
7898132847050
7896255711005
7896033221085
7896647032466
7506195133460
7891317002077
7898549750011
887961713824
7896852619568
7897517904166
7897595901064
7896382705298
7898211383738
7908212117499
7899364807768
7898960813425
6932159603976
7893946096380
7896044998808
7899620617162
7898925255093
7897630519957
4015630980864
7898158691170
7898596916309
7899806204322
17894993000839
7897517938307
7898958598471
7896647020999
7899026408422
7908169009274
7898605222926
7896000713445
7898646544827
7898623244382
7896676410389
7908040429726
7899768077590
7897500590048
7896422511964
7896852618998
7891058004668
4894290264565
7899583200784
7896013501831
7896025512320
7897045600936
7898698744695
8902220107939
7896380603053
7908077456030
7892509072380
7891313610184
7896024402776
7899852022116
7891268144024
7898079442431
7896647022023
7898488010337
7891224260928
7908083523313
7896033212380
7500435142137
7894916500760
7898549360029
7898608953674
7896422526418
7891485382971
7896183313807
7896326920947
7897254107295
7897517937041
7898146828953
7898646541192
7899026460669
6920897702150
7897299901810
7898698744701
7896033205269
7891395008961
7896000623867
7898502543766
7909438043487
7896965210133
7898265325203
6932159608537
7897517931070
7896025527201
7894222019901
3454090003088
7891058414306
7896181900122
7898927356057
7896018702950
7896036520116
7899264391763
7898288550767
7898646541628
7795323001263
7899755666479
7896241231630
7899755658733
7898014562279
667524578776
7896179850019
7891266524088
7897460401323
7898936049131
7892840814465
7898080990051
7899264336238
78921900
7891075302402
7893454411217
7892840822439
7898258627741
7897076908773
7896548111987
7898671424712
4015400151715
630509710492
7894916142625
7897698203867
7898664632827
7896033201384
7896132100175
7898040924195
7897900314602
7909690029137
6920218910356
7896497503550
7898391072668
7891033935598
7896212479474
7622210567567
656079418125
049932653892
7896902205239
7896054028342
7890310130015
7896497502027
7896000660985
7908785412373
7898588326925
7894494125096
7896235353317
7896438203457
7897595600851
7897779818102
7899621110280
7895155396954
7891027139063
7896033211444
7891485417970
7898419468657
7891150107687
7899676806787
7908083517169
7898608954619
7898588112849
7908020506997
7898662451031
7896253900289
7898588325386
7899670807506
7891530095238
7898569761448
4894290270344
7896026300575
7898521370107
7898970341093
7899621102681
7899788402945
27898944500888
7898258620773
7898132982393
7908312127176
7891027050818
7898608956194
7891182992558
7899026436336
7897832845458
887961377019
7891027128364
7896771606243
9786556582894
3700608326331
7891301116629
7891027294342
6920218907240
7899852000053
7622300842208
7897237390591
7899018443137
7896049502567
4894290626646
6851129512653
7891027005313
7891024172230
7899621108300
7908040481335
7898264820730
7898932099925
7899621102711
78930353
7890267024559
7891058003586
7898633983585
7897779812100
012546673099
11032656
7896006214939
7897042005864
7896000613394
7896013501343
7908169028923
7896523228365
3337875583589
7891317434434
7896075709190
7899095200531
7899751110853
7891177081076
7899471634424
7896004767833
7896448146300
7891485498429
7896033211543
7899527144082
7898391072514
7898265324275
4894290676887
7896010177114
7897076923912
7896512937926
7891317473709
6913286123025
7898724572612
6920897450884
7898447976780
7896422507738
7899850336932
7896183317119
7891317488727
7898625791631
7908083512843
7890026029733
11017738
7891118011971
7891721044229
7899026400955
7898589682747
7891060999501
7891266629370
7896326947777
7896647007235
7896279129268
7896798601962
7898283814505
7898466744636
887961303315
7896014140602
7898481401279
7891800332681
4711161960251
7891027079277
7898115900994
7896336007829
7897076923806
7891334517110
7891224865871
6952786802214
2008069233122
7899583200111
7898939082609
630509320752
7899850338066
7891058009533
6931759245715
7896443131745
7908458304530
6925187885650
7891150037205
7896132133104
7891027105563
00322266000
7622300736569
7892840822774
7894298065369
7896211832331
7897256246787
7898312763637
7899095202559
3282779310741
7891027116736
7899264308037
7898417961228
17896007552013
7895155288457
7892509081610
8902220107915
7896444605863
7891058017446
7891266689411
7898486477101
7893299742330
7893454107813
7898542757949
887961022742
7899527106141
7898664970868
7896004751641
7909883386634
7899264350715
4891453059006
7898903692445
7893858905060
7908236800667
7908615025797
7896830000661
7899026442290
7896226502434
7897530100552
7898902666119
7891155036593
7908458324361
7896839910343
7898468850793
0618341019164
7894916502955
7898516892744
7909438044712
7898957474783
7702045539219
7896001223516
7896229900725
7891350044904
7896448195100
7896279106580
7501006745078
7500435130790
7891058006372
7896026300261
7898587764926
7891485410933
7896077077280
7898079000327
8710103872245
7891027333034
7897252263207
7897517909017
7898125112387
7891224517077
7898258627437
7908209807501
7891027140861
7896671601072
6934460660891
7896798601498
7897517908966
7909843083160
7896279128605
7898064924072
9788538084174
17896011707447
7897249543527
7908148512917
7899753558165
7899753536804
9788568599693
7891191001098
7896326986806
5702051017383
17896011707515
7896444600363
6931759217705
7897386788416
4912992014049
076660008649
27084816648
3326240019228
7898633982557
7890541185150
887961376777
7891232492106
7898675509194
7896016808135
7899026464971
7890265083398
7898481400340
7897476651125
7891772150467
7898639301307
7898944075245
7897840305173
7897027216032
7896036543627
7894494000638
7896799983609
7898503180205
7890000022170
7896714229812
7908040468763
7896000713469
7896800009410
7899850307260
7891010890292
7896094210288
7896839923725
7896261403482
7891266866768
7896000615633
7897169201453
7898927413378
7897158724840
7898671425399
7896380606665
7891153820309
7898941898892
7896094902923
7897476610528
7896004749648
7896015528997
7896033201872
7896004721248
7896025524552
7897230304977
7899264350258
7898211382809
7896112126515
7896422515580
6925187883755
6932159603488
7898468473312
7899653291018
7892840817336
7899026496880
7894222009896
7891485380113
7896800011857
7896653708300
7898947920016
7899527178810
7894222032108
7909253146424
7896235319665
7898327452618
7898588329186
7899852014760
7896000714671
7891485418007
7891027069872
7891485510435
714289120518
7890541590466
7898666420583
7898671423272
7896111992951
7896448111162
7896658034206
7899788403027
7898556754309
7898212287004
7898588324341
7898639380463
7898002432881
7899207583590
7898181588669
7891350042221
7899850323277
6926168014137
6952786807400
7891027305536
7898562352063
667526866499
7891173023247
7895144203089
7891027309046
7899233776324
7898295330086
7894222037998
7898581710370
7897230302232
7898647923799
6924466306084
7898970341215
7908439806879
7898720566455
7897386778035
7899753532158
7909883000875
7891224575138
7896382706653
17897517909410
7898380411652
7897517934347
090159312130
7898422749613
7896004703268
7898569761431
7898503183152
7898395332812
789815802122
7896013521976
4971850091509
719346552868
7898322240432
7898664973142
7898675505042
7896006215677
4894290262813
7891317481636
7891033930760
7908077467593
7898919484072
7898610375419
7891530267451
7896269901959
7898925522591
70652405
7898765331285
6932159609374
7892680331597
7896111955116
7908077435868
7896185989819
7898741802068
7899264302639
7898646542281
7896014185009
887961219036
7891106914116
7891224366897
731509993493
7896033211369
7896311710331
7898417963697
7898502736885
7891008118926
7898503183664
7898571141511
7898012493995
7891033925575
7896033241410
7898947387246
3330000225583
7898452232109
7894494200625
7894916143035
7896132119054
7898903991050
7898447970733
7891142136596
7896000650696
7896070605336
7896025538849
7898920399570
7894916512558
7896191260025
7908040459020
7891150007352
7908040481526
7898222833185
7896852616963
7896230304673
7896422506267
7891150035065
7897833700046
27084950984
7896290402401
7891033013258
7898198176118
7896269901386
7898258623170
7896839980216
7898064924409
7898588325560
7898549331760
7898632476705
7899753544397
7908470004814
67894222029322
7896572013547
7898157611018
7896251802219
7897947611429
7899207550639
7896046702663
7896222720078
7896647077429
7899207523688
746775043865
7896852628003
8902220109681
7896317913750
7896033241373
7897832866576
7896111992258
7894494288975
7898610374528
7899852003672
736532611147
6924466306022
7908083522347
7908209809352
6934460645782
7899069911548
7908281319015
7891232032210
7891150055681
6931759217439
7897299900240
7908209808256
7898490059713
7899852000473
7898416830907
7899475601125
7898610370902
7896261000704
7898951747418
7899706122030
7896000677136
7896641800580
7898666420477
7899753502519
7896043352595
7896798603782
7898927470869
7908542607677
7898075311144
7896000713261
7898283851920
7896326908167
7899779010029
7894494689000
7896658005923
7891530656552
7897144600646
7898414851904
7891134007477
7898636191673
7894222003085
7898927356255
17891321107529
7896049506718
7899820801293
1016598298469
7896004711676
7896830500475
7898411971278
7891279891115
7894916145565
7896317910292
7898417965691
7896036548141
7894494592478
7892840226015
7891058011499
7898452508969
7899588007968
7898417964731
7891027141035
7897655401909
7898506255498
7909438035093
7896279109826
4912992011956
7896557301744
7899714001099
7891033803576
4006000101255
7895155219390
7890265803385
7896311005079
7909189360062
7899852021683
7898965666491
7898646542267
7898589684802
6941690707678
7891321330630
7891150043213
7896004755427
7897256293880
7899788406776
7894222020068
7896025531987
7891008198027
7896548134542
7899621100721
7899753534725
7896007513314
7899026400672
7899233749885
7899918922558
7894916142526
7702045539127
7899852025759
7908209809536
7896279101189
2010070110248
7898917420652
7891485406059
7896369164766
6920895750696
7894222041353
7894222033303
7898212284591
7891010959654
7891317457181
4894290675781
7908209805675
7791293027074
043917008028
7891268102345
7891224598021
7898330229351
7891224861071
7891268402148
7891182980043
7892509051637
7891268044171
7891321041949
7891010987787
7896639655475
7622300991739
7896775314557
7898497306841
7908615000244
7891106006729
4006381333665
5702051043689
7622210857293
7890002348780
7898502516524
7908209810761
7896800009830
7896714225890
6932159608445
7896033202312
070330415447
7896033201520
7896094906051
7899753556666
7909438007830
27908470004870
7896000677143
7909438042602
7897835700525
7891142982407
6920897765599
7898138782256
17894900500001
7896004716480
7896858630000
7898957474608
7898291210573
7899852010038
7894494200502
7896309222099
7899852001715
7899026466128
7898502516937
7898940257416
6932159605048
7899429110260
7891150013100
7908673902474
7898906005105
7898935462238
7891027071851
7896663332687
7897386788393
9592290036001
7898418037533
4005900903273
7897476686226
17898681350794
7896647051191
7898133131059
7898490058211
7898503182032
656079419634
7908458317332
7898513472369
7899083124375
7897386735847
7896042065823
7898582380015
7891035012044
7894494081446
7891634038193
7896639660011
7896111992388
7899360200297
7898488470315
7895155448509
7891033718658
731509992816
7891182870016
7898179821297
7898741802006
7898405063910
7898707145741
7898960330328
6934460618052
7896548114612
7896094902749
7898915802177
7896444605740
4005808813803
4005808817405
7898698741045
7891224478255
7896641802119
7899640427987
17896004006236
5248521558548
7891150026742
7896112132066
7891150054448
7896326950296
7908704511071
7022017815005
7897144602459
7899310586068
3330000244089
7898185413783
7891350040883
7896647005736
7896902289642
7898096577239
7899264332537
7898125110727
7899110627169
7891008197020
7898417962928
7899852014470
7894298042414
7896800022747
7622202281488
7892940410253
3499320008341
7896181921288
7500435106580
7898300572029
7897252260800
7896438202368
7896676441871
070330364806
7896212479931
7898268963457
7896036510834
7894494540196
7898185413714
7898671424248
6939020440067
7896683200393
7895800151389
7899788401764
7897280314544
17896007553690
7898040320942
7891176113044
7898132989347
7896572041939
4894290298089
7908458303618
7896094210318
7908209805644
7896251803834
7896094211131
7896000715616
7908228803911
7898265324435
7891150036734
7908083512560
7896212425556
7896771600432
731509723786
7898449820784
7899706114677
7908077460938
731509998276
7899852015613
7898535968857
3330000251094
7898911494628
7898964630752
7898608952134
7897237357419
7896115705502
7891266774377
7896852610435
7896004729947
7898133138898
7898623240834
7896111992777
7897144602312
7897660217328
7898930508320
7908040463324
7898288550712
17891321044299
7898963620600
4902505482021
7896004723334
746775302382
7898417969415
7899026419162
7899768811316
619205194423
7891058487096
7899871600340
7898917420379
7898100243211
7891027120276
7622300860899
7503002900253
7898148646500
7896647029039
7897256244332
7891010012335
7898483152186
5702051101402
7890541923127
7909107963948
7892509059046
7896111907689
7896241232255
7898588113563
7899850306096
7891027069681
7896111908471
7897256262725
7891150021655
7899806974423
731509995763
7896251801557
7896033232555
7896317900811
7896094916937
7896036548776
7898660590442
8411061948903
6952525869607
7896033251730
7896042042947
7896658014567
7898449826472
7899779009931
6920232057761
7891266679344
7898032595075
7898422742874
6941690722671
7896112406631
7898664976358
7891027127985
7898312589312
7896042082820
3330000617395
6952786806038
7896952563259
7891279892211
7890026031934
7506195155356
7896572043063
7898618040142
7891027241032
630509280230
3337872411731
7898301058690
7896004765815
7898179823017
11019848
7898636290109
6898446421107
27084951110
7896326926697
7899621102469
7908169007362
7896046702878
7897013582783
7896279103916
6954525205003
7898342912890
7896800009441
4005900163875
7898007677157
4894290262479
42176763
7896644736305
7898078313985
7896885204090
7898500811096
7506195126844
7891000081785
7896279109901
7891485406431
7896046300302
7898976443012
7896033201841
7893454510217
4893993110018
7896222718365
7898283851166
7908013503392
7898932140474
7891024160718
7896004743998
7891182025584
7896647028773
7898283856543
7908458324491
746775290207
7896033261036
7891224347667
7892840252748
7897460400357
7899207534448
7898934596491
7898707141750
7891150023888
7898212288230
7898549370837
7908083513994
7899083127321
7908615805306
7899207517144
7899744002684
7896444602893
7899808862872
27084837506
7896013543015
7898636171644
7898447979040
7908083520084
7896699013550
7898320905050
7896279129336
7908083527892
7891024027325
7909690336600
7896046706005
7898460973032
7899026401105
7899233763508
7702018835232
7891150036376
6924010302012
7899583201606
7898416833762
650240017902
7894494592607
7895027511560
4005900929358
7890732316509
7908083515097
7897664169319
7896000615718
7891150046054
7908458320356
7899264394863
7506195126035
7791293023649
7896572039684
7898587760560
7899264377170
7908704504400
7898952577687
7896965213301
7898274454468
7896207371660
7898947407302
7898960330434
7908077446765
7908458321971
7891182016421
7894916512015
7891485462321
7896042081281
8903855061207
7891183024272
7896750404099
7891321048511
7896714203157
7898932140115
7890541063663
7899304806660
7899640425273
7899808861752
7897802719406
731509998634
7898002434403
7896000611772
7898543380597
7899095244092
4894290267245
7898115900178
7899640425044
4895138788564
7899264309430
7908497404734
7898258620056
7891055620823
7896010171266
7898588325645
7896326911303
7891060025934
7898945443043
7909438009537
7896111900161
7897027204206
7898506254996
7897027215981
7896000615688
7899852002545
090159319351
7896112416443
7892509104128
7898608959898
7891027397760
7896311769070
7891266541771
2009120000110
7897731190901
7896033212335
7898542871188
7898741951247
884851028976
6925187868196
7891301194009
8692952056642
9788594721266
7908470610312
7896014191444
7891106909631
7909224502839
7897144600219
7898283855003
7898610379134
7896083400744
7897655401510
7898506258932
7899264350470
7896046714000
7896020156307
7896964616639
7899768070072
7891150021662
7891485398255
7898283854617
7896046713164
7890541662255
7896004714639
7896497502348
7909107963504
7897230301730
7896230302112
7898283853733
7891055539309
7894222043654
7891150028418
7898632473087
7899600502631
7898632474886
6920218906649
7909883308728
6952786806021
7896952533689
7896226109282
7893249046792
7899026413672
8902276701198
7897530100538
7891027013158
7891721008368
7898542860076
7899871600203
7896025528239
7908209809321
7896572034603
7897571921185
7898237855547
7896004710532
7898506478743
7898447979286
7899783600803
7898946823066
4897019235556
7890282801333
7891150029309
7506195129869
7897476644981
7891150031821
7896326933510
7899790253603
7891313287201
7891317448745
7899852002583
7898675500450
7897595900715
7899808861738
7506195172629
630509533282
7891150052727
7898447907326
7898481570821
7908470007389
7899676809573
7896006211587
7897595619303
7898940448074
7899755653257
7896111977606
7891313604435
7891772159248
7891360623106
7896422506595
7896279110037
7897659606768
7898588321289
7899783602333
7908083513000
7891360684190
7909224530580
78944725
7896887740589
7891317191733
7896112427049
7896094916555
7896472502738
7897185972030
7900083008340
7891027069902
7892953003299
7896094915053
7891027129712
33268576
7896251801991
7896150025436
7891027305802
6920218900814
7894916144445
7896639603612
7896380606528
7897517901868
7898273128285
7891360587507
7909107543461
7896438204775
7899790913668
7908161712356
7891301374883
7908084700188
7899205959458
7891317129972
7892086931209
7899026468153
7898903692414
7908077459789
7893249665955
7897595609519
7892840816636
7899788403553
735201084275
7896025525368
7898970341062
7899640428205
7896112401230
7891055671528
7892509071673
7896191277733
7896309204217
4894290287489
7899869200026
7897249565000
7904523120173
7891360653387
7898657691251
7891224959396
7891232970017
7896042083162
17891321101923
7909253146943
7898581710615
7896036575314
7891301506086
7898623956797
7908209807020
7892953208175
7894298065260
078257564200
7896085868320
7896423469837
7891530383939
7908470009338
7898222813330
7897054516037
6953198741696
7898184464298
7908239716804
7891224861118
7908458326211
7891027158224
7791293991283
7898483151462
7891321332917
7896326946121
7898105010351
7894494592539
7891150002470
7891182993661
7896799982350
7898405064023
7899620617179
7897437230093
7898248398774
7891033862979
7896965256810
7908236576081
7898395333451
7890541106582
7791293003085
667524223003
7892595338870
7908083519941
7896849138577
6932159602238
7591165880567
7891224602834
7891360655534
7898503182117
887961973594
7899026425941
7897027212782
7908216112902
381519183362
7899026422896
7898209182084
7896603805172
7896000613233
6952786891089
7896014190706
7899790924138
7891024115992
7891109714492
7896744890600
7500435197021
887961803624
7898930508221
7896261008991
7898760140073
7899091423255
7622300786748
789792070027
7899107746022
7891027304829
731509602883
7891027065904
7898125115685
4895138781015
7898656685619
7896658004308
7898422751739
67897731141189
7896013513032
7891150015197
7900083015737
6972267405383
7908209809390
17894900509806
7896006227601
7891058018573
7899655040386
7891058011437
7898534511443
7897917000031
7898911689802
7506295338901
6958402811622
7896015518639
7894222019918
7899583202597
7909438047195
7891268102505
7891027145002
7896082900504
7894222002798
7898671423005
7891800001754
7895144295664
7891266617858
7896000614179
7896094905092
7898671427966
7891151039697
7898549357135
45176500
7898902505142
7899613359994
7908448005409
7897503216952
5702051043764
5702051036551
7896000627780
7891150015043
7896306625671
7891142143341
7898631551595
789131712958
7898934595531
7898125117221
7908209808843
7898951285200
7894298035843
7896647077245
6952786801491
7890541884244
7898481400661
7897655402036
7898567794493
7898581080503
7896647011553
7896206401283
7896779675616
4007817334355
7897386768135
7899753534596
7891010971571
7891182900072
7899753513294
7898096319303
7891530291623
7896472500420
7622210641939
7891035618352
7898447977732
7898563360821
8993373253048
7891008114126
7506105601560
7896964621251
7897595638618
8023277101630
7900083007909
7899026480940
7896663322473
7899360267047
7899898402736
7896965253857
7908512703019
7898158691941
7899755687061
7897780013480
7893300522111
7898944524842
7896468378132
7891058002558
7891317472122
6908791500805
7896548169995
7896839980841
7897158718443
7898458578027
7899852024806
7905040437585
7891317412920
78929241
7891155054801
7898970341109
7891142145536
6932159608469
7897386773801
7896522021417
7899808891377
7891010933869
6925187891903
7897947620247
7898595238372
7908209807563
7891253207376
7891360677246
7896004011660
7898915801675
7898608953650
027084578546
7898395330412
7909883143411
630509482047
7898352912217
7898516913814
7899655033852
7898125117269
7896658033421
7891360484622
7892509084628
7894970680002
7908470601792
7896000615343
7896013548461
7891530629310
7899640809868
7896025500419
7898567795117
7898185414049
7909690495789
7898078311301
11005599
7891224347698
7908236572717
7891691083211
7891027304386
7896279110099
4005808840533
7896422513920
7896779606245
7898589684178
7891150032323
7896075707110
7897659664935
7898283815304
7899095201378
7891027178871
7898975719125
7899706175005
7899806201840
7899850306904
7898393840036
7909690336457
7891033017287
7908077453039
7897512900491
7890541884169
7891060906127
7893249301617
9788594728951
7898422746148
7895155629434
7896033204767
7898527127828
7896000615596
8002135046030
7891033913053
7894494692017
7899310590065
7896509955322
7891317002541
7899753524412
7891150029385
7898472900118
7896036548721
7891721023484
7896269900037
7897476664545
7897517926182
7898506251063
8710103989318
7891224602797
7897947620230
7908615090689
072512196120
7908083525980
7908038600571
4015630088072
7898650626267
6942138902556
7898952577380
7896479930886
7899658378714
7908083523061
8902220105553
7898306210239
7890263277249
9788573985313
7899386501095
7891035912818
7891024042229
7891530399930
7898570560856
7899364805283
4005900328465
7899790501445
7896800009212
7898300571077
7896015517779
7896132134910
7908785482697
7899852021676
4894290278296
7894494130328
7890541032911
7891182019323
4894290629302
7896042083414
7896000650641
7896004705866
7896640452773
7899655033647
7909438045436
7896653709475
7899475613401
7892509061223
7896637022521
7898549363297
6946438681357
7896004706153
7896094208766
7891224861101
7897832833349
7894222018959
7891150018785
7898958119157
7899702900250
7893454714745
7891033931064
7898343701196
7890541547682
7896094917989
59669210
746775054144
7890000023150
7891025114178
7908169042721
7898671424675
7908452311091
7898447977572
7893249679075
7897237311428
7896006220527
7898212286809
7896202520575
7897386791751
7896043360194
7896279110013
7896653704524
7896647041895
7891321331255
7896007551095
887961795318
3330000064861
7897144601565
7896116105004
884851017567
7897848781047
7891150029262
887961056358
7891321332665
7896647017128
7898567790389
7899755650669
7896448110554
7898706180262
6926641031392
7898497307695
7896115703669
7896292286320
7896852615195
7897386781417
7897042005840
7896380602940
7897256239239
4005900849854
7896714205823
7896004756318
7891142982384
7898623951532
7898741530497
887961801231
7899755677789
7896279111263
7899620606142
7899360218179
7891024114292
7896676408355
7898506251551
7899026463974
7500435239417
7891027179601
7899800066674
7898952577403
7898212288247
7896036521625
7897547709106
7898395332584
7891027071028
7894494128073
7898502739428
7894494152771
7898506478200
7896444604385
7896000614773
7908394102634
7898447977596
7898636290185
7896641807237
7899014900283
7899670810025
7897840300376
7894494424731
7898422749620
7898258626645
7897571981844
7896094917507
7896000625250
7908542625893
7891317498757
7896112159131
7898538007539
7908497415068
7908077446819
7899621103220
7898964200283
4005808555291
7896200704151
7891182031424
7908448001227
6934460664004
7898079000082
7898412970393
7898533939880
7890026038681
7898138781761
5702051101846
7891485465216
7897476607405
7899360222718
7908759403796
7896647031285
7896033203036
7896004713274
7898639301291
7898933214051
7908077434373
7908209801981
7896326941973
7896042034256
7898650625895
7897947600409
7897517925321
7898588329063
7891033534371
7896965219105
7897424003150
7896647082249
7908240501161
7898283810750
7896342453047
7896061951428
7896644736503
7898078317969
7898650622351
7908083522309
7891317016432
7898960813869
7897512902235
7898566292198
7896226500065
78961321268851
6924730733738
7891485381028
7909438045276
7909107660922
7908704510982
7898312579788
7899706111416
7899783600810
7891266815902
7898181584555
7891266815858
7891058001612
7899026421776
7898527127217
7891350038323
7622210561848
7891027279974
7891321069813
7899779008378
7908038603473
7896472501694
7897237310902
7898125111755
7899014972846
7896637026291
7892840267049
7891721022166
7899620608535
7896004754031
7898525586917
7899547537970
7896800009908
7896004730059
7896771608247
7896183313715
7891150041554
7891142136985
7896075701040
7896181905769
7897779704108
7897947600577
7898533225419
7898509232663
7899527137824
7908077435936
7891033534623
7891232517410
7896112408130
7890026028040
7898671425412
7899706120326
7899527136292
7892840822880
7896523201740
7898179821877
6941690712887
7898516905833
8902276701334
7899601752622
7891150044562
7891027308087
7908458333127
7898523200303
7897659612547
8003670877295
4894290633415
7899753549965
7898929166586
7891301509933
7898647927650
7897840300437
7896497503901
7899264309416
7898932099086
7898417961525
27084816143
9788536822358
731509792539
7891150051966
7899658377663
7898994297451
7896013527763
3330000243945
887961044614
7896006214601
7908209805972
17891321047061
6889297110616
7896004817590
7896771607486
7898312579368
7898453437510
7898506451968
7891027115890
7909690386841
7897517905491
7899026418339
7890541000224
17891321110185
7898447974335
7896181909507
7891112156937
7891158100208
7899755611134
7898379222702
7898639694041
7898414853182
7899653781366
7898060099996
7899753541167
7896094908673
7896075711988
7896422504942
7898623244337
7898417968869
7896647021439
7898495605908
7896342902880
7891360320135
7898312581422
8692952005053
746775194734
7897930763067
7898543384625
887961027648
7896014101832
7894222009735
6932159610424
7899264350418
7896013548409
7891530267857
7891360497844
7891024130940
7891183015997
7897517910044
7898183794228
7908281310838
7895528555117
7891224983872
7899233340075
6942138902570
7898225527296
7890541378439
7622300793692
7898078316733
7891024021590
27084816112
7896444602848
7896637017190
7897947612488
7898933781706
7899091410514
7891035621222
7896326958124
7908083524594
7896033204491
7908077434854
7898503183671
7895144292342
7898452490912
4902505357428
7896025528123
7896902205765
7908040476911
4894290262462
7896026300315
7897237387317
7896261009677
7895296124034
7896699009409
7896839980483
6941898917268
7897920701796
7898021634525
887961223316
7898503180601
7898919603183
7896799983098
7898927423322
7898698745388
7897230306827
7908209808171
7908209809161
7899650111852
7896111995006
7898932136200
7898968221048
7908077444877
7896004010465
7899091402830
746775379223
13103002
7896916782306
7898364584969
7891219024252
7896033201414
7891266698352
7895110176072
7896112191933
7899050557465
7891224707195
7899806208023
7898525585040
7896042086361
7896006211808
7897947620186
7898144124439
3330000244416
7896261002562
7898950234872
7899031574498
7908038600748
7896513200821
7896326901410
7898555801912
7891356025570
7898405065068
75029173
6938294614327
7899852015422
7897373145215
8710103524199
7898502738711
3014260298142
7897659676259
7898636191444
78931626
7898657691817
7891027132583
7891219030642
7891350034073
7897386788386
7898639380456
2009120000127
7909690403470
7908040486989
4005900889737
7899753557205
6920232057839
00122410001
7501009224099
7896326958681
7897571991119
7899621104364
7896852618332
7891182990189
7898157230653
7896647073018
7896006270072
7891040086603
6300933486631
7898405063644
7898591459979
7908458336449
7891150002135
7896830500468
7898646541697
7896015516048
7896279113120
7896111955598
7898951285484
7908439800389
7897595620507
7891485420208
7897476614700
7898521375638
7897013557200
7891106903943
7897744504863
7899207583378
7896609542941
7897020204005
7898906376632
7891150056565
7894383871004
7891530330681
7896862993009
7891350036718
7899014922469
7891150100053
7891321036181
7891530655814
7894916507608
7898132847333
7898610370674
7896014164745
7898588322613
7891183013900
7894916500821
7896098804902
7898603990643
7899850304276
7896004721842
8902220106192
7891360622772
7896342452941
7899205925026
7895296262040
7898503185019
7897849603522
7896207370984
746775214050
6932159606083
7896800009977
7891317498306
7894916201469
7896326957929
7896033201063
7500435142267
7896014124305
7896212422777
7896112401452
7898300574924
012742012586
7896497502911
7897054515313
7896637030007
7891301486364
7506339391312
7896771605956
7896644704731
7897042015948
7897185917611
7891150067394
7896509955292
7898078316627
7898562355170
8710103871361
7891317472764
7896006268666
7898749971117
7896004747880
7896042089508
7898647920750
7896326948941
7896999355084
7891360200321
653569963721
7891150003187
7896015590932
7896444603418
7898588326802
7898945450201
7899808840078
78922716
7896036516126
7898707140234
7898632476101
7897517905866
17891321333768
7892692814859
7896000717283
7899670802334
7898587764889
7898567794684
7896004703626
7898509233561
7896010173062
7899852014067
7891266492424
7899753536699
7898563360838
7898970162599
7891134003790
7908040420419
7896279126786
7899105904756
7895155430535
6898446424047
7896647068922
7909068802157
7893566567175
7894494525919
7896965256827
7899026431348
7896714228969
7899788409289
7896230303690
7898911495267
7896902211612
7898671422442
5702191025538
7896326912256
7506339391329
7898132847302
7896409700213
7896015593148
7891027156176
7898072213564
7500435132718
7891360629375
7898567791379
7898632474893
7891182995825
7898008550183
7908169024901
7891025102090
7896112160519
7891150017924
7896094924635
7897517930059
7898903991517
7898168731965
7899790921496
7899806211504
7898078318430
7899527123940
7891027308957
7898012491663
7895800440797
5010994757496
7891721008405
7898562370623
7898919412389
656079419528
7896010175004
7891027393748
7891182993739
7897322709451
7895265145282
7898582380053
7898447978791
7898940174201
7891239006849
7899264304633
7899753530307
7899527136308
7898012491717
7898658622643
7896033204675
27084798531
7896422513272
7898417964038
8710103871415
7896858626805
7898420971658
7891027143954
7896010170443
7897530100965
7891027149468
7896306625350
7895155856939
7891024028018
7890541555564
7897042020218
4894290291820
7908148566149
7891232173012
7898632473384
7891010033415
6939020450912
7891266564923
7891321104118
7896020162063
7898906376755
7899600502327
7896025500228
7896422503617
7896033208055
7896004716626
7909438043258
746775036942
7898478494369
7898501193252
7899701872190
7891182034838
7896261000216
7909224546970
7894222009858
7891530441295
7896007510993
7898956625162
7894916503587
7896422527491
7501001287207
7896132131766
7894916501842
7898503183220
6932031920177
7893249665948
4894290675217
7899083124368
7896004768212
7898617522281
7896200706193
7894494252839
7898953484236
7891040216154
78918351
049932672237
7891176117578
7898666422051
6898446426300
7898948648414
7898916010052
7891027156930
7893249054827
7896279113106
7896292245730
847851086209
7892953000144
7891182032230
7897386791898
7897807422059
3330000245437
7891321045497
7891485410513
8710103871781
7898502543742
8903855085135
746775279042
6932159606175
7897076911766
7898647927568
7894916147736
7891266689619
7898352915065
7891360645320
7898542751404
7909438032078
7896025505247
7898319427143
7909883232221
7896094208513
079400103147
7898148297979
630509365753
7898483150663
7891224983957
7896036521243
7897731170002
7896342416165
7898656684711
7899621100298
7900083019414
7896290401749
7896800014537
7896000722652
7896380606443
7899470808314
7891058019792
7898588110739
7894916144223
7896326960073
7891010882594
7896025526037
7896637029155
7909107671607
7899619915859
7894494564109
7896422507394
7898405062159
7897572000063
7896004701998
7894900020007
7899753519203
7898078761731
7896018700925
7890265331437
7896132130721
7891317421403
7896007546336
7891106913089
887961379136
7896226101743
7509546010366
7898021633061
7893454209920
7898447977671
7898468860266
7896210500545
7899640428182
746775194765
7894494190681
7896006208648
4894290285225
7898588110067
90159391104
7896647007723
7898095757564
7898330226015
7894494190445
7891224717613
8710103530985
7890541013682
7896000660862
7896699011358
7908240819464
7896647014219
7908615060965
7896111947685
7899806207378
7896359018932
7500435154284
7898126409608
7897698237275
7899583200982
6934460664530
7898341430838
37908215502101
7898562356375
9788536824208
78924451
7891301486814
7898158692658
7898610375358
7899097910445
7898024397915
7899621100571
7896006215943
7896326920206
7896111957653
7909438012964
7896000614360
7899790244984
7898265324664
7891317015121
7791293004068
7896033233835
7899588009214
7898395332591
7893249987453
7896046701086
7891033519330
7891268107609
5010994794286
7898430194849
7897780208275
7896033204729
7898216360734
7898623244344
7908040481366
7891224834297
7898935462023
7895296109017
17898696040482
7898581711223
7898432530386
7891279206025
7898994007647
7892597348459
7898146826140
7896673193360
7896658011412
7893249301594
7898458571448
7898632473643
7896183844882
7894916146852
7894494690709
7896111941454
7897476612270
7896887740008
7896472503506
7891153850191
7894916509992
7898138781884
7896063200708
7909438045245
7896438201392
7896586814963
7896004762203
7898280072441
7891153073101
7896422503129
7891060830446
7898955000182
7898660593023
7896006219811
7893454312514
6971760277428
7897659683721
7898662451611
3701129802663
7899850307796
7898610370421
7891033500932
7896676402827
7898525586719
7899264377873
4015630981960
7896070601543
7890704806519
043917996929
7899788400613
5016003181306
7896292253162
7899753536125
7896799980875
7897771300919
7891000259856
7891027117078
7899455902839
7891266728066
9788568599006
7896065860559
7896839935148
7891350045680
7898664976167
7898951405769
7899026416277
7897129300707
7898008550701
7909438043340
7891530606274
7898906005204
7896010170498
7896015520281
7894222042657
7895800313664
7898447977589
3616303393052
7896004721149
7897460401071
7893454213118
7898032594504
7898503182094
7896004723167
6932159614859
7896181900405
7891321041307
7898639380586
6952786802061
7509546661353
7899527130467
7890541864031
7891232519568
8429420095366
7891150008984
7898595237382
7899264302806
7899753531793
7898302724037
746775011154
7896094999480
7896058516104
7898474841594
7891772156261
7894916508131
7891182880176
7896042054445
7891024135068
7908169041144
7896027545951
7891033485574
7896033201124
7900083012248
7899527133246
7898543380603
7898943477194
7896230301139
7909690297307
7896036541227
7891010014827
7896317903409
3701129804193
7899026464254
7896014193530
7899110639759
7899744007757
7896111992524
7898941898403
6932159603457
7891317004606
7898555808577
7896041379051
7893522203140
7898562350045
7897476663623
7897779751102
079400052919
7898049794874
4894290298058
7898506251940
7898650622009
4894290633040
7898302727953
840646000992
7891027129682
7896033201483
7908040450928
010343922952
7898925522843
7891060951158
7898138781655
7898523201171
7896326956915
6920232057624
7898919411061
7897917000741
7897256253921
7898934336103
7898948960196
7896049509948
7501007420363
7898662451413
7891317003630
7893454213019
7909883345778
7898957474479
7898417961013
7891361099641
7898447975479
7891150091429
7891150102361
7897249565130
7896321011299
7891485460778
7898955668306
7896673193322
7891530354564
7891024037881
7896004703343
7891253209745
7894494550669
7896025538382
5702051010629
7896036576236
7899527123322
7908296000434
7909438045214
7891058022822
7898925522812
6958741932088
7896000714718
7897930762053
7898157238017
7897731122056
7899069928225
7892692810554
7908209805743
7891024136317
7891721000911
0040232896743
7896036533123
7899527197040
6932159605338
6920897468162
7891219029721
7896013502982
7896647070376
7899207516727
7898322342242
7908458324378
7896025514959
7897214700542
7891321104941
7908209805934
7891137003810
7897835700204
7896676442076
6920218904362
7896737008135
7896132131698
7897517909741
7898950234896
7898312593579
7891951041227
7791293034973
7891150037434
7891224483150
7891331014513
9788533932203
7891027532727
7897930762770
7898265324084
7898506255139
7898146820865
7898601577914
8003670376354
7897517903947
7891027005191
7898631550642
7898503182766
7791293022437
7908169008321
7898157616273
7897249572053
7891182850025
7898300571701
7899527140244
7891360645436
1789132122055
6972497851707
7896033231121
7896676408515
7899264374308
7891317003491
7899753541938
7898660599872
7898925598442
7898506467839
7892509062886
7898258622425
7898555805705
7908394107196
7891317031169
7891321230503
7896025521827
7896037701507
650240019135
7896185909411
7908038604432
7896964617551
7899207523725
7891232173005
4894290217332
7899572806546
7898502739022
6932159606809
7896033201056
7908209806887
7908083515172
4007817180587
7899620614345
7890541547897
7896714227269
7896033211413
7898495603843
7898417962140
736532438065
7896523201313
7896026300247
7898608955081
7898488590075
7898549357449
7899026424579
7890541146380
7899850302494
630509316502
656079890952
7891313611990
7891268116250
7896111978450
7891027309398
7891313612300
7896111947814
732013900038
7896683200034
7899583205581
7899753533193
7891321064122
7897144600554
7898008550305
7891321025062
4895138779692
602883999619
7891268101744
7896004709598
4894290623317
7896964620803
746775337605
7894916509510
7899806920345
7894494111426
7896015521028
7896647028056
7896572041854
7891360308256
7894222009919
7899264302677
7898610370476
7896342450459
7890310161231
7891027294397
7899753557625
17896007552211
7896444600950
7897832862745
7898115901984
7908209808553
7896637024525
7898212285475
7894494442520
7896111954812
7896647080535
4894290653277
7897027272076
8903855073095
7897517926854
7896902401334
7897876108120
7899621107082
7899753535821
7897447202141
7891027070717
7898212283327
7894222010649
7896021628018
7899783602173
7908346900455
7898595270174
7891112146129
7896004711713
6939020450769
7897424081394
7891485445140
7891317008932
7895155120474
7896000615459
7891112146167
7891317025564
7891530564345
7897464702792
7891027108076
7894916142120
7894916512442
7893249926179
7891224983971
7897474200097
6952033002527
7891530595080
7899026475403
7891721000355
7896137112845
7891224986415
39800014009
7898481400654
9788538018674
7899768825726
7891266629356
4008976681731
7896033231107
7896369164773
7897517908638
7891027152239
7896964616844
7891058006426
7894916140348
7898083109542
7896094208520
7898610376027
7896964618237
7897517906573
7908040432832
7896029600863
7898303260671
7896212479863
7897237324091
7892509201681
7899838813694
6932159608964
7897254129433
7908083515134
7896771602115
7898925522799
7891224628711
7891051007178
7891182980029
7896852618783
7909690336433
7896075757375
7622300850586
7891485484095
4894095231748
7898435824499
7898639300652
7898506251117
7899670809555
7892509055574
7899613363892
7899527117543
7891224789580
7896509955032
7899838898551
731509993592
7898330225056
7501009222736
7896004723341
7891024136201
7891321332139
7891010248314
7891033853960
7898064924263
7892953208281
7893249940915
7899091402526
7899026495968
7893249711607
7891150015975
735201084022
7897042019281
7897113900029
7891485401580
6920218903969
7891027151973
7897832842297
7896000601339
17896012879969
78925472
7898647920163
7899850333962
7898504380987
7896230300156
7899869201269
7501303484151
7891010895525
7891485393441
7891153067247
7895265924511
7891150021686
27084540789
7899806200263
7896317901917
7891075131477
7896111954492
7897571915931
7891317004255
7896025536395
7891182019996
7898589684284
7891023509273
7896444602121
7898623952133
7891137003728
7891360403166
7898542755846
7898225522741
7898562351417
7896033251808
6936298912289
7896181908975
7898549362566
7891027411497
7897386752172
7897322704494
7898302727885
7898943477958
7899233705126
8439627652675
7896033212441
7908458306664
7506309889382
7899413115271
4894290213679
7891027348373
7891360472742
7892692814750
7896042080802
7898664976785
7898009437636
7899621105224
7896331706277
7899768064705
7891224588077
7896464704836
7896013502937
7898412973721
7898174485005
7898941774172
7896212429028
7896965215251
17891321330637
7891010517403
7897534810969
731509991925
7896033201469
7898497307428
7898603660089
7896639602073
7893299742590
7896422500500
7898506255474
7898644470975
7899753543949
6948791153557
7896075760528
7898078318119
7898646549891
7891317002794
7891321104798
7891027309206
7890265935819
27084545982
7896658020025
0079656546248
7897917001311
7894494000577
7896036547809
7891142144447
7898474844243
7891485230043
7891317435462
7896438873704
7891033718597
7899768817875
7892840822378
7896200707640
6932159605468
7899364808789
7898608954305
010343907539
7898371083066
7896852611012
7891350032758
7897779738103
7898273128292
7898623950030
7896000713506
7894222037905
7896033263979
6908794414017
7896000624420
78933249333014
7896033241793
746775180157
4893888187286
7897027200178
7898171283116
7891027125752
7896965255110
7896658010057
7891321102268
7898632476170
17896007549686
7898424966827
7898664970639
7898430191923
7908040437875
7891000040898
7909253153057
7898707140166
7899455904420
7896036540046
7896111913079
7896111977941
7896609542934
7898132846992
7898650622016
7891530582257
731509668087
7894222002200
7898671422794
7899026419100
714289112247
7900083001037
7891142205551
7890541864000
7896004784304
7898516939630
7898474840535
7899527118717
7896042057552
7899264304992
7891027111021
7898132983635
7891772150412
7898294620850
7908038604524
7908334505143
7896020162360
7898939803198
7898718330600
7891317044770
7898132989286
7899911200974
7896033232289
7909438047218
7896004729770
7891058020071
896036544426
7896114300302
7896637609395
6815610900572
7891301513138
7896240200200
7891317456559
3360377027619
7897054517201
7898911494277
7899806201154
7894494541131
17891321332938
9212815013361
7896027531688
7898664973258
7896111954850
7908038603596
7896750404068
7908209810341
7899455908626
7896509955070
7898632472790
7898549354943
11033332
7899850319713
7898698742608
7900083008081
5010994788957
7896261404816
7896000717511
17896061996884
7899026426221
7900083017496
7899706184946
7896000623461
7891182997683
90159312000
7898549348980
7897476659626
7891150017382
7896108008986
7898951285521
5702051041852
7890904101506
7898212287066
7898302722149
7894993108262
7896026300186
7898919602391
7896009490231
7895144695679
7896904668391
7896965255011
7896004759838
7898040323837
7896006212157
7898179821846
4005808309481
7795320008845
7898608958679
7899474209827
7899583202955
7896004742083
7898632472776
714289139510
7899785526934
7908458322480
7891401015457
7891224983827
7896002925563
7898591454561
3326240018634
17891395012095
7895155856410
7896004711751
7896279102391
7891027294458
7898322522385
7898157616754
7891224834266
630509292202
7898935840913
7908010134858
7898570573627
7898417969323
7896025500457
7893595770112
7896033233996
7898943477118
7899026426351
7894916145459
7898945746311
7908228802945
7897517903497
17891173021790
7891010952549
7908040459372
7897660219339
4912992011949
7898300571930
7899788400149
7908083524310
7896641809149
7899808838860
7897517919924
7896025513952
7897473205246
7894494000614
7896658028090
7898225524455
7891951040879
7896641806568
27084926996
7899808894163
6902554150115
7896020153832
7890541864116
7898940257713
7898938592680
7899650100641
7909690297291
7891027127060
7899026414546
7896952531272
7898433340557
8429420116528
7895144161266
7898927413026
6925187886831
7891224307357
7899026449695
7896004714011
7897517919689
7891361351565
7896448110929
7891224883271
7891530471384
7898608952929
7899620616431
9788573985771
7898555805729
7896292001237
7908077460259
7898662450287
7898644471521
7891027308285
7898915802344
7899360204929
7891024038703
7891040001286
7908040458689
7891301198359
7898258626706
7898599216239
7899026421134
7896224410212
7898216364510
5016003770005
7898258620735
7898416839900
7898912444448
7890026901718
7896342461820
7898671424149
7899753524399
8429420242241
7896094905719
7891182036023
7891321230398
7895296194013
7898599213504
7892509066174
7896093002150
7898405064009
7898040923310
7896965253505
7891313611358
7897256263418
7898008550718
7891033494736
7891301111600
7891523516733
7908458332649
7898410312270
7899753545523
7898506256044
7891055141625
7896025534605
7894222007564
7896029603871
7896342906154
8903855076393
9965556612279
7898920399105
7898258620896
7896006261803
7898458572179
7899026438606
7896000614292
7896422530736
637295888541
7908785465034
7896965256490
7896094917699
7896771608957
7791293290102
7896843920529
7898960813777
3401381463359
7899850333801
7908470007020
070330526082
7896743804509
7898587774291
7892840255947
887961531480
7896004710761
6953365382349
090159892007
7896004737713
7896685301494
7899753502526
7891266845787
7891150014145
7898132847040
7891268148275
7899779001157
7896036575048
7897698209159
7908077435875
7896523228396
6972683510616
7898960030839
4894290626387
7896111978191
7898663111781
7898657699882
7899701871261
7891485462635
7898524349490
7898125117238
6900000229729
7896331702620
7898503182551
7896640450915
7891024114636
7898179822461
7891182840231
7891182993708
7896000627162
7894494616013
7891075010130
7898300572715
7892005006148
7899360265371
7896916721107
7896800009502
7898927355470
7908134200255
7896342437160
7896000614674
7898687734522
78923416
2010010001162
7899852014487
7909189362509
7896484110419
7896013502944
7898486477729
7896800009588
7891317459055
7896006222767
7898647923300
17891321102265
7896676422269
7896952531173
7891350037104
7898502513332
7896369162021
7898417962515
7898657691220
7896044600572
7896007546596
7891279013043
7898656685190
7899264359916
7896006220510
7898636171712
7898516909855
7898716452151
7898152668055
4894290270955
67897256225036
737684740259
746775306298
7891224483204
7891485401849
9788538097457
7899095203686
7891321034415
7908077453770
7898158690432
7896042063751
7896714205182
7900083011821
7896359029068
7897930761681
7908209809659
7898647921931
7897572003934
7908040429702
7891027070182
7896111994979
7899527126552
7891232135904
7898352912538
7899014950646
7896744801200
7898958598259
7896862926014
7891317009052
7896438201583
7908458335992
7898947170633
7898074610019
7897547708208
7896004715827
3574660360271
4894290631688
7894298035652
4894290263674
7898014560688
7899621105361
27898944524983
4007817128299
7908346901162
7898671424897
4893888187293
7897517911324
7897595601179
7899706149099
7896181907497
7896181918899
7898970162803
7899014918523
7898412977132
7899753517766
7899187014091
7894164000418
7896042061412
7898516930385
7908077460914
7891150047280
7896025526129
7896036576519
7908458324477
7897725900011
7908542626289
7897517904418
7896025513600
7891301193682
7896700410415
7896714250038
7896013504382
7898078316955
7899014972860
4005900029386
065541380950
7891150017672
7501001287283
7896484102636
7898447907302
7897424006625
7898225525506
4005808642571
7899026457829
7908169038861
7898417961945
070501812921
7896033211710
7896444606204
7896181914037
731509791136
7896025531956
7896852613047
7896006200604
7896212420100
7896026301381
7898417962164
7908046801113
7908040476768
7908458326471
7909224342169
7893595770129
7891010610265
887961652598
7896004778921
7896448111452
073796245283
7898302727700
7892680335083
7898468503514
7891150043084
7896852612187
7896931802241
6941690723272
7891023545172
7891317124465
7896025539655
7890000210904
8411061823514
7896321023476
7909224263167
7899753555522
650240017896
7899527137435
7899930900848
7899706117630
3414206001896
7896235355021
7896098805350
4894290635136
7896444600356
4005900565822
7897840305609
7800000026832
7891106916233
7897042007271
7899850315012
4894290676771
6934460666169
7898138781846
27898944500352
6920218906892
887961274295
5702051024183
7896026301909
7897252291156
7896083403028
7891485457044
7506195133491
7896964617575
7894916504072
7897835700129
731509974584
7506195147436
7894222007823
7899850340632
746775316204
7899852013510
7891027143695
7897143012631
9556091161195
7891027132453
7891401014764
7891027308186
7891317125455
7899850331524
7898321350170
7897947611153
7891317015510
7898578923868
7898503183336
7896000706096
7898223132304
7891530569029
7896609544266
7898927423285
7791293001005
7896020160311
7909438038919
7891010936297
7896111947876
7897386740964
7896004709642
7908077435226
7898915801323
7896004726151
7908470009963
7897256233558
17896007551733
3337872412363
7896033231466
7898947170442
7896094200074
7896014179466
7891317485320
7891033481507
0070341335703
7908083518203
7894913000430
7899495703090
7898350670027
6934460631020
7891530319426
7897237352056
7894222009414
7896181905950
7891224296989
7896111957899
7891153044392
7899753504230
7899753506722
7899852001913
7908169035921
7899095201255
7891485397128
6925187880099
6942138950113
7897517917616
4005900904614
4005808327355
7891224628704
7896653706924
7622300773465
7899753553399
7899869202310
7893249991092
7891485401818
7893249095196
7894222009285
7908458324200
7897230302157
7891268402001
7898330223045
7909438035703
7897476687667
7896111927021
7795320008807
7896013501930
7896771606717
7891027105013
7898647928749
7898595270099
7897517903732
7891150043107
7896112123026
7898021635577
7894650012826
012546619592
7891027340469
7896112409106
6920897749384
7908334509615
7891150029538
7891027231446
070330804647
7891033718665
7898078316603
7896006216520
7898417963901
7897386715467
7898489511024
7896132133524
7908414431515
7899155353207
7899470807744
7899753550442
7908236800391
630509280254
7897020203695
7898413661474
7896016806414
7899026400740
7908077459925
7896647028179
7892840819996
7899755624301
7896033212083
7898588323849
27908470005563
7622300802172
7880011872475
7898504383421
7899852024080
7896033211420
8002135112018
746775170981
7897562223595
7898288550019
7898496352085
7891137006491
7896112127437
7898555807068
7891010714802
3504105028510
6931759220590
7891268103106
7896000614070
7897230303710
7897299900851
7898933076628
7896111976920
7892509093644
4894290636423
7909438009247
7891118013685
7897316805886
7899264378962
1000000106664
7891035618147
7896111997161
7896359003884
7896102200317
7897705201015
7894222008011
7897144602367
7791293991276
7896671693107
7891268102604
7896085862731
6920218900029
7896012800669
7899653741773
7896004701264
746775241285
7896090101368
7897076918857
746775205805
7898565656564
7908439805490
8903855081298
7894494000485
7891142204318
7898911495922
7891027128760
7898632475029
7891224575121
27084887303
7891058001865
7896000625762
7896497501358
7891182016438
7891182991834
7899527120475
7908040427852
746775297411
7891058797041
7891150046436
7898446561161
7891060984927
7899583205864
7896647009833
7896115701535
7899850335072
7898958598785
7899753559025
7898636190898
4894290230027
7899838806051
7899852020792
731509994803
7891104195609
7908013506850
7896658005602
7897595625274
7896647078433
7908209802285
7891317447991
7896744847604
7898452173211
7899264390186
7891321063286
7897386799757
7908169032678
78924895
7897517926618
8411061719374
7896422507219
7896050709085
7896251804916
7899310502389
7897256229049
7896222717931
7896839922322
7897807425456
7896033201964
7908077446772
4894290254207
7506078972001
887961240580
7896000706836
7891321043370
7897990199639
7908148565647
7898447975899
7896116110312
7890732316226
7898915290028
7899527196456
7899470802961
7908209809307
7896004707563
7891313266152
7898555805699
7898468855422
7891027114565
7891153098319
7896000705914
7898929307651
7898934595524
3330000243464
7891301602191
7891033471942
7909438013916
7892840223441
885911155342
7893621788753
7896658033971
884851014788
7896779650620
7898587774413
7896279104654
7891182050098
7896230301917
7896639638287
7896714227771
7908209809260
7897840300369
3014260279264
7908077446109
7897094203259
7896033204965
7896229960156
7898595270686
7896025526310
7908083520879
7892509094177
7891142203878
7898300570810
7893249567181
7896094904323
7896557307579
7896279111331
7898945453790
7896714227788
7898663741551
7908458305438
7898567795315
7891173023209
7899026423381
7897237331877
17898681350442
7896004716510
6920895618170
7896015516086
7898048001515
7898623952942
7891317448738
7896111919637
7891055680728
7896438207837
7890026027104
7891142181022
7898312241791
7898352914013
7894164000425
7898503180199
7891058159054
7899852024202
7891150002098
7896885205141
7891331010621
7892509201131
7896699010429
7506309872520
7896025538856
7898258622210
4894290653444
7899788400101
4897019237475
7891360651000
7896637017077
7892840820626
7897517924072
7896007551330
7898698741632
7891010256517
7898588088991
7891321035146
7895155808167
7908077471088
7908458332601
7891485414115
731509993455
7894916142311
7899014978053
7896012801871
7891027179489
7898008550220
7899527125456
7891485420512
7898631555852
7898430190704
7898216360215
7891317427337
7896251802585
7891027069803
7891033500949
7891361585465
7897444303605
7891317443955
7896004713045
7898417961518
8692952056628
7891106910712
7899527149247
7891150039551
7894222027951
7899264313796
7899852027678
7891150017498
7896006201601
8675458878161
7898549369442
7891800648539
5901869019613
7898952577557
7899850307420
7896676421897
7898460973049
892456000716
7896658038327
7898911494611
7896025538368
7899095204027
8411061558423
8411061738016
5025232559909
7891058003951
6934460661171
7891040120000
7899753539461
7891182039666
9788506076903
7896342452958
7898671424422
7891158028526
7891317445232
7899706152143
7908038603008
7899850315050
7891485186548
7896653702483
7898312948775
7899413115905
7896181911715
7896013544098
17898613180079
7894916500685
7896641804663
7898096577048
7894222036274
7898947407234
7896111996997
7896094210585
7896572013097
7898940174041
7897500560706
7891027292638
7896013550747
3474372207003
7896637029926
7896647077092
7898488010795
7897571922069
7899386502290
7894222033198
7896000650689
7896033203302
7898343701219
7896046713133
7908458306589
7899621100267
7896523208510
7896637037433
7894222007267
7891191003672
7891317100926
7891317001667
7896018700918
4006381493369
7898698740949
7898312948706
7899753538006
7895265921596
7896852618776
9786556580265
7898300573798
7908077402792
7896004703299
7891035990106
7891176312126
7896094207370
7896183313692
7908169008284
7896025528048
7898474845097
7894222010564
7897144600196
7894494423871
7896658018121
714289105263
7891317017392
7893299906145
7891150002111
5413787003792
7899652100250
8429420064270
7898296950085
798411974491
7896033261043
7448070230621
7897595608383
7891530463037
7898521374754
7891150026049
7891401015051
7896004700649
7898562619203
7899783601978
7899650103406
7500435106573
7899852024110
9788538089995
7896150024675
7896737000344
7896326940624
7891224907045
7899527146161
7898903991951
7896070605305
7791293000053
7898300571251
7894222006536
7891142200433
7898300574641
7899400563849
7898932140528
7896472516377
7897256241942
7899207550691
7897517917579
7891224663842
7897256252856
7908040481502
7896422501965
7896033232463
7896013563815
7896014169801
7898744785108
7894222043593
7891142205902
7896013550839
7898617522250
7898671428017
0070341705964
7506339314236
7896004729985
6908715060156
7894222007496
7891485396251
7891010588823
7506295316558
7898960813807
7891321024256
7896036560587
7898513472352
7896042082523
4015400636373
7896025529472
7891268100815
7896111994764
7896261006898
7896279117142
7891142143648
7896444618252
7891137006576
7891321220535
7898417969170
0000078925346
7891045043441
5702051034304
4006381333634
7898265325500
7890263226742
7896000627155
7897775692027
7896025502871
7899701870004
00449421970001
7896185924513
7898568442980
7896025541450
7896013525530
7891155667704
7899751108911
7908209806054
3330000244133
7501007455174
11072812
7896014125364
7899026452473
7891182013727
7891317044794
7896902285552
7897530100545
7891360589310
7791293990613
731509992014
7896683201123
7896094924673
7896004703428
7896111998779
047400179660
7896380606115
7896523200637
7897054517416
7898449822603
027084476378
6260412557927
7891485414511
7894222010328
17896342480866
7899091410316
7896444618092
3330000260553
7896004011448
7898452508549
7891485466848
7908040400015
7898562356115
7899706164610
7896083411818
7891530453649
7898101640132
7898610370360
7898915801262
17891321320065
7895027511072
7890557722172
7898944500358
7890541146397
7898146825280
7891027139254
7899652101318
7896004710792
887961109894
7908083512621
7891027070663
7891485462192
7899527120406
7891024110348
7891027349660
7898912444615
0619205881910
7702018332199
746775174330
7908439800372
7898481400234
7896181916826
7891530360169
7897447201090
7896094209718
7898503180403
7500435142274
4005900590510
7891027149772
7894494149696
7897517904203
7897076912275
7898481400357
7897316805381
0027185501269
887961384154
7896094917323
7894494081910
7896014140732
7891112290952
7897027204190
7893959127005
7898582683048
7898681350155
7898968453098
7891027149826
7891334510876
7896007546251
7909883097851
7908077436193
7899852001623
7899360219152
7896422513760
7898043443501
7909253146288
7891800341935
7896641807732
7891150019027
7899547503647
7896641811616
7908414407732
6924466305933
7896033212342
7898631554664
090159315087
7898924658215
7899655034071
7898283854211
7896183317003
7896279126960
7898286540104
7891224296996
7909438025964
7891150103672
7891313612003
7894916146135
7896640454500
746775306274
7896006205081
7898939752205
7891485401467
7896033221221
7897848725317
7891224861033
7896004754833
7894164008896
7896586816776
7898945563888
7899527108879
7899911201452
7899838801261
5010994895129
7896000713995
7891027039493
7896964625099
7897930761568
7895155500559
7908209810167
7897595605313
7896000711182
7896653709505
7896112425175
7896033201452
7891024123218
7896132133517
7897877703089
7898588323900
7898912444837
7899026442474
7898588113792
7896326932506
7899264317312
7899264317435
650240018725
7898549752114
7896042081441
7899753534671
7898656683998
7898300572890
7702045538632
7898468861577
7896181906322
7895265924504
7898513533213
7898393840043
3401343696245
7896279103442
7896637035460
6920218907790
7892509081870
7898506255177
5010994952082
7898646549426
746775097233
7899621104944
7891321320099
7898132980610
746775176396
7898283815182
7899026480957
7891040001255
7908458322084
7898014561180
6930897618160
7898040920432
7898447976568
7897322701769
7896010174144
7896380604760
789888134907
1201901000048
7890593315253
7896004708768
7896207372605
7896342436224
7896523210278
7899640425563
7899524404875
7898647920446
7891268400229
7898506470716
7897832840453
7908083512904
7899850328272
7896004771199
7898391071692
7896181900689
7898005713536
7891027048334
7898502544404
7891350045260
4719861348980
7893299742583
7908040476560
6941690723289
7896422504225
7896083400324
7898662451659
7896111913000
7894222003047
7898417963123
7891150033924
7898552004040
7908077445980
7908497404697
7896639641560
7896004743080
7898650625109
7891060830460
7891040105427
7891106005616
7891033586691
7896111921722
7899850345361
7899364804323
7908346900127
7899360265302
7898283854204
7908209808546
7899850340472
7898405061091
7892509104586
7896042048550
7899706113182
7896647077153
7891108030500
7891150028135
746775346317
7898172860071
746775097257
7896777936528
7896279114387
7898486487667
7908458328741
27896037703055
7898265324565
7898009439838
7891027308247
7898599215836
7898908868456
7891350033397
7894494295362
7899984590026
7898617522243
7896444603319
7897230304182
7894916502313
7896007546282
7894222010670
7896637023771
7898666422525
9788543101958
7896054023835
7899083123378
7899360217509
7896112141679
7898610376041
7898911494581
7896380605743
7899655010921
7894222000817
7891301196553
7890026048239
7899753557793
7896317903812
7899852000107
7898698740055
6920218971333
7899852016917
7894222009650
7896014164486
7898132989248
7897947616721
6920897708862
7899806948929
7891691083228
7896800009205
7896965251839
7896094906648
7503002900451
7898414851737
7899852015231
7896000717603
7896000717290
6925187869254
7893299901065
7908497404987
719346135313
746775311155
7898149189969
7897249579038
7899652100496
7622300989705
7894222010045
7897256274056
7894900556056
7908040449700
7896009170041
7898417969194
887961813180
7891010521448
4005900007322
7899547529845
7899527130535
7898125113643
7898538006662
8411061341803
7908615800561
7891232970024
7898040325664
7897930760431
7896641803871
7896658004902
7891321038048
4894290252395
7896422501972